date,geography,geography code,Tenure of household: Total: All households,Tenure of household: Owned,Tenure of household: Owned: Owns outright,Tenure of household: Owned: Owns with a mortgage or loan,Tenure of household: Shared ownership,Tenure of household: Shared ownership: Shared ownership,Tenure of household: Social rented,Tenure of household: Social rented: Rents from council or Local Authority,Tenure of household: Social rented: Other social rented,Tenure of household: Private rented,Tenure of household: Private rented: Private landlord or letting agency,Tenure of household: Private rented: Other private rented,Tenure of household: Lives rent free,Tenure of household: Owns with a mortgage or loan or shared ownership,Tenure of household: Private rented or lives rent free
2021,Astley Bridge,E05000650,5961,4259,2272,1987,9,9,814,502,312,870,748,122,9,1996,879
2021,Bradshaw,E05000651,4953,3896,2382,1514,14,14,663,365,298,375,300,75,5,1528,380
2021,Breightmet,E05000652,6013,3272,1801,1471,7,7,2070,1311,759,645,543,102,19,1478,664
2021,Bromley Cross,E05000653,5964,4914,2702,2212,26,26,261,113,148,761,668,93,2,2238,763
2021,Crompton (Bolton),E05000654,6749,3265,1716,1549,17,17,1683,853,830,1757,1562,195,27,1566,1784
2021,Farnworth (Bolton),E05000655,6681,3129,1500,1629,46,46,2072,1230,842,1417,1249,168,17,1675,1434
2021,Great Lever,E05000656,5766,2326,1255,1071,31,31,1685,795,890,1697,1500,197,27,1102,1724
2021,Halliwell,E05000657,6184,1913,1121,792,20,20,2329,1146,1183,1890,1736,154,32,812,1922
2021,Harper Green,E05000658,5437,3063,1452,1611,39,39,1534,1032,502,777,694,83,24,1650,801
2021,Heaton and Lostock,E05000659,5395,4567,2769,1798,13,13,178,49,129,636,545,91,1,1811,637
2021,Horwich and Blackrod,E05000660,6464,4473,2144,2329,30,30,763,362,401,1193,1057,136,5,2359,1198
2021,Horwich North East,E05000661,5693,3902,2197,1705,18,18,951,454,497,813,725,88,9,1723,822
2021,Hulton,E05000662,5880,3789,2051,1738,43,43,984,381,603,1051,872,179,13,1781,1064
2021,Kearsley,E05000663,6577,4116,2090,2026,32,32,1253,644,609,1157,1041,116,19,2058,1176
2021,Little Lever and Darcy Lever,E05000664,5602,4074,2249,1825,28,28,770,384,386,719,604,115,11,1853,730
2021,Rumworth,E05000665,5822,2577,1779,798,25,25,1580,854,726,1607,1376,231,33,823,1640
2021,Smithills,E05000666,6025,4096,2147,1949,11,11,924,589,335,980,863,117,14,1960,994
2021,Tonge with the Haulgh,E05000667,5840,2750,1450,1300,17,17,1549,802,747,1510,1361,149,14,1317,1524
2021,Westhoughton North and Chew Moor,E05000668,6195,4677,2454,2223,47,47,565,246,319,904,800,104,2,2270,906
2021,Westhoughton South,E05000669,5600,4028,1944,2084,21,21,931,430,501,613,533,80,7,2105,620
2021,Alexandra (Oldham),E05000719,4799,1741,859,882,12,12,2058,903,1155,960,849,111,28,894,988
2021,Chadderton Central,E05000720,4536,3096,1614,1482,22,22,736,321,415,666,564,102,16,1504,682
2021,Chadderton North,E05000721,4502,3080,1560,1520,18,18,722,335,387,674,584,90,8,1538,682
2021,Chadderton South,E05000722,4849,2930,1455,1475,30,30,966,429,537,904,790,114,19,1505,923
2021,Coldhurst,E05000723,4322,1571,684,887,10,10,1839,715,1124,882,742,140,20,897,902
2021,Crompton (Oldham),E05000724,4589,3502,2071,1431,16,16,463,255,208,606,507,99,2,1447,608
2021,Failsworth East,E05000725,4704,3085,1645,1440,2,2,728,302,426,883,774,109,6,1442,889
2021,Failsworth West,E05000726,4789,2978,1500,1478,10,10,899,292,607,897,803,94,5,1488,902
2021,Hollinwood,E05000727,4798,2037,1041,996,7,7,1834,432,1402,909,815,94,11,1003,920
2021,Medlock Vale,E05000728,5013,2507,1165,1342,29,29,1404,323,1081,1052,902,150,21,1371,1073
2021,Royton North,E05000729,4444,3176,1801,1375,33,33,731,357,374,501,414,87,3,1408,504
2021,Royton South,E05000730,4827,3460,1820,1640,15,15,589,180,409,760,645,115,3,1655,763
2021,Saddleworth North,E05000731,4254,3396,1904,1492,10,10,276,100,176,571,471,100,1,1502,572
2021,Saddleworth South,E05000732,4429,3533,2102,1431,22,22,326,108,218,548,476,72,0,1453,548
2021,Saddleworth West and Lees,E05000733,4875,3655,1912,1743,16,16,411,131,280,792,692,100,1,1759,793
2021,St James' (Oldham),E05000734,4887,2668,1155,1513,31,31,1338,672,666,844,738,106,6,1544,850
2021,St Mary's (Oldham),E05000735,4705,2106,1211,895,50,50,1383,562,821,1153,977,176,13,945,1166
2021,Shaw (Oldham),E05000736,4504,2792,1458,1334,25,25,804,303,501,878,774,104,5,1359,883
2021,Waterhead,E05000737,5185,2834,1247,1587,35,35,1178,537,641,1122,988,134,16,1622,1138
2021,Werneth,E05000738,4121,2085,1182,903,18,18,1066,313,753,896,748,148,56,921,952
2021,Bramhall North,E05000779,5288,4493,2549,1944,43,43,216,49,167,535,475,60,1,1987,536
2021,Bramhall South and Woodford,E05000780,5212,4726,2703,2023,17,17,142,87,55,324,261,63,3,2040,327
2021,Bredbury and Woodley,E05000781,6027,4570,2398,2172,112,112,623,370,253,718,625,93,4,2284,722
2021,Bredbury Green and Romiley,E05000782,6320,4388,2537,1851,40,40,1254,583,671,630,539,91,8,1891,638
2021,Brinnington and Central,E05000783,8679,2484,1026,1458,290,290,4017,2832,1185,1871,1767,104,17,1748,1888
2021,Cheadle and Gatley,E05000784,6385,5093,2648,2445,25,25,461,297,164,804,691,113,2,2470,806
2021,Cheadle Hulme North,E05000785,5852,4399,2263,2136,26,26,779,407,372,641,567,74,7,2162,648
2021,Cheadle Hulme South,E05000786,5858,4613,2409,2204,47,47,454,256,198,741,665,76,3,2251,744
2021,Davenport and Cale Green,E05000787,6642,3813,1526,2287,81,81,1510,1002,508,1227,1124,103,11,2368,1238
2021,Edgeley and Cheadle Heath,E05000788,6359,3916,1646,2270,64,64,1002,627,375,1371,1256,115,6,2334,1377
2021,Hazel Grove,E05000789,6066,4767,2647,2120,63,63,396,272,124,839,734,105,1,2183,840
2021,Heald Green,E05000790,4998,4212,2269,1943,34,34,236,108,128,515,409,106,1,1977,516
2021,Heatons North,E05000791,5944,4307,2152,2155,69,69,521,252,269,1045,959,86,2,2224,1047
2021,Heatons South,E05000792,6007,4610,2374,2236,39,39,452,253,199,903,790,113,3,2275,906
2021,Manor (Stockport),E05000793,6228,4129,1875,2254,122,122,880,387,493,1092,954,138,5,2376,1097
2021,Marple North,E05000794,5194,4527,2663,1864,16,16,239,127,112,412,357,55,0,1880,412
2021,Marple South and High Lane,E05000795,5305,4267,2555,1712,65,65,474,312,162,496,421,75,3,1777,499
2021,Offerton,E05000796,5933,4132,2157,1975,93,93,1141,635,506,559,484,75,8,2068,567
2021,Reddish North,E05000797,6673,4018,1876,2142,81,81,975,559,416,1596,1493,103,3,2223,1599
2021,Reddish South,E05000798,6133,4104,1955,2149,44,44,827,415,412,1155,1035,120,3,2193,1158
2021,Stepping Hill,E05000799,5541,4458,2271,2187,118,118,254,50,204,710,630,80,1,2305,711
2021,Ashton Hurst,E05000800,4757,2959,1727,1232,8,8,1168,413,755,617,546,71,5,1240,622
2021,Ashton St Michael's,E05000801,5314,2922,1418,1504,16,16,886,281,605,1481,1358,123,9,1520,1490
2021,Ashton Waterloo,E05000802,4870,2921,1544,1377,21,21,1210,345,865,715,613,102,3,1398,718
2021,Audenshaw,E05000803,5373,3841,1862,1979,10,10,786,187,599,735,632,103,1,1989,736
2021,Denton North East,E05000804,5070,3294,1791,1503,15,15,645,197,448,1109,988,121,7,1518,1116
2021,Denton South,E05000805,5114,2722,1473,1249,35,35,1827,360,1467,523,458,65,7,1284,530
2021,Denton West,E05000806,5046,4063,2189,1874,8,8,326,58,268,649,547,102,0,1882,649
2021,Droylsden East,E05000807,5362,3311,1643,1668,27,27,904,213,691,1113,977,136,7,1695,1120
2021,Droylsden West,E05000808,4794,3275,1692,1583,13,13,532,143,389,972,900,72,2,1596,974
2021,Dukinfield,E05000809,5537,2965,1415,1550,8,8,1567,440,1127,984,881,103,13,1558,997
2021,Dukinfield Stalybridge,E05000810,5171,3121,1726,1395,26,26,1149,351,798,870,749,121,5,1421,875
2021,Hyde Godley,E05000811,5458,3075,1249,1826,22,22,1440,334,1106,918,813,105,3,1848,921
2021,Hyde Newton,E05000812,6534,3916,1629,2287,18,18,1542,482,1060,1051,945,106,7,2305,1058
2021,Hyde Werneth,E05000813,4773,3464,1840,1624,21,21,425,82,343,862,761,101,1,1645,863
2021,Longdendale,E05000814,4661,2737,1414,1323,21,21,1249,312,937,649,566,83,5,1344,654
2021,Mossley,E05000815,5172,3405,1595,1810,10,10,747,225,522,1006,900,106,4,1820,1010
2021,St Peter's (Tameside),E05000816,6216,2113,1009,1104,17,17,2448,424,2024,1635,1495,140,3,1121,1638
2021,Stalybridge North,E05000817,5537,3018,1450,1568,20,20,1632,493,1139,855,724,131,12,1588,867
2021,Stalybridge South,E05000818,4762,3399,1697,1702,5,5,640,214,426,713,636,77,5,1707,718
2021,Altrincham,E05000819,5607,3693,1705,1988,27,27,528,188,340,1357,1257,100,2,2015,1359
2021,Ashton upon Mersey,E05000820,4330,3223,1630,1593,32,32,354,99,255,719,662,57,2,1625,721
2021,Bowdon,E05000821,3738,2854,1618,1236,17,17,386,111,275,480,394,86,1,1253,481
2021,Broadheath (Trafford),E05000822,5572,4094,1804,2290,64,64,544,165,379,869,790,79,1,2354,870
2021,Brooklands (Trafford),E05000823,4202,3408,1785,1623,3,3,223,78,145,566,506,60,2,1626,568
2021,Bucklow-St Martins,E05000824,4186,2188,1109,1079,44,44,1474,227,1247,475,419,56,5,1123,480
2021,Clifford,E05000825,5207,2018,1048,970,45,45,1731,438,1293,1400,1310,90,13,1015,1413
2021,Davyhulme East,E05000826,3987,3077,1558,1519,36,36,449,175,274,422,361,61,3,1555,425
2021,Davyhulme West,E05000827,4106,3341,1763,1578,37,37,443,194,249,282,225,57,3,1615,285
2021,Flixton,E05000828,4604,3714,1949,1765,37,37,460,146,314,393,335,58,0,1802,393
2021,Gorse Hill (Trafford),E05000829,5065,2992,1248,1744,38,38,1127,345,782,905,806,99,3,1782,908
2021,Hale Barns,E05000830,3819,3130,1750,1380,5,5,346,70,276,335,280,55,3,1385,338
2021,Hale Central,E05000831,4177,3260,1564,1696,10,10,156,48,108,750,675,75,1,1706,751
2021,Longford (Trafford),E05000832,5149,2951,1469,1482,32,32,1021,307,714,1141,1046,95,4,1514,1145
2021,Priory (Trafford),E05000833,5027,3084,1426,1658,32,32,474,126,348,1436,1341,95,1,1690,1437
2021,St Mary's (Trafford),E05000834,4814,3124,1659,1465,35,35,1260,215,1045,391,331,60,4,1500,395
2021,Sale Moor,E05000835,4397,2989,1419,1570,10,10,779,357,422,614,553,61,5,1580,619
2021,Stretford,E05000836,4669,2919,1308,1611,25,25,1044,342,702,678,616,62,3,1636,681
2021,Timperley,E05000837,4384,3975,2092,1883,22,22,69,17,52,318,273,45,0,1905,318
2021,Urmston,E05000838,4909,3465,1693,1772,74,74,561,128,433,805,732,73,4,1846,809
2021,Village (Trafford),E05000839,4322,2887,1554,1333,26,26,995,294,701,408,341,67,6,1359,414
2021,Abram,E05000840,6560,3931,1905,2026,24,24,1178,894,284,1414,1267,147,13,2050,1427
2021,Ashton (Wigan),E05000841,4968,3914,2138,1776,13,13,262,232,30,771,670,101,8,1789,779
2021,Aspull New Springs Whelley,E05000842,5548,4119,2347,1772,7,7,793,642,151,617,518,99,12,1779,629
2021,Astley Mosley Common,E05000843,5515,4353,2057,2296,108,108,488,435,53,557,482,75,9,2404,566
2021,Atherleigh,E05000844,5415,3445,1717,1728,12,12,913,762,151,1035,918,117,10,1740,1045
2021,Atherton,E05000845,6896,3944,2003,1941,22,22,1889,1720,169,1003,893,110,38,1963,1041
2021,Bryn (Wigan),E05000846,4987,3411,1943,1468,12,12,939,896,43,606,511,95,19,1480,625
2021,Douglas,E05000847,5837,2956,1412,1544,17,17,1499,1270,229,1341,1237,104,24,1561,1365
2021,Golborne and Lowton West,E05000848,5356,3446,1711,1735,38,38,964,812,152,898,789,109,10,1773,908
2021,Hindley,E05000849,5862,3478,1750,1728,9,9,1370,1166,204,990,865,125,15,1737,1005
2021,Hindley Green,E05000850,4834,3953,2125,1828,11,11,396,319,77,471,404,67,3,1839,474
2021,Ince,E05000851,5763,2442,1194,1248,15,15,2133,1738,395,1138,1015,123,35,1263,1173
2021,Leigh East,E05000852,5813,3562,1792,1770,34,34,933,733,200,1277,1161,116,7,1804,1284
2021,Leigh South,E05000853,6402,4129,2207,1922,35,35,1213,980,233,1009,880,129,16,1957,1025
2021,Leigh West,E05000854,7325,3908,1886,2022,66,66,1303,956,347,2031,1859,172,17,2088,2048
2021,Lowton East,E05000855,5900,4763,2414,2349,58,58,438,291,147,633,536,97,8,2407,641
2021,Orrell,E05000856,5308,4336,2327,2009,19,19,420,390,30,529,442,87,4,2028,533
2021,Pemberton,E05000857,6032,2978,1472,1506,11,11,2109,1889,220,896,775,121,38,1517,934
2021,Shevington with Lower Ground,E05000858,5086,4283,2500,1783,14,14,281,235,46,500,421,79,8,1797,508
2021,Standish with Langtree,E05000859,5965,4822,2413,2409,51,51,491,385,106,594,512,82,7,2460,601
2021,Tyldesley (Wigan),E05000860,6195,4076,2048,2028,35,35,997,914,83,1073,931,142,14,2063,1087
2021,Wigan Central,E05000861,5725,3353,1918,1435,11,11,1118,854,264,1226,1112,114,17,1446,1243
2021,Wigan West,E05000862,5977,3657,1964,1693,7,7,1056,751,305,1225,1076,149,32,1700,1257
2021,Winstanley (Wigan),E05000863,4615,4263,2104,2159,8,8,49,29,20,295,234,61,0,2167,295
2021,Worsley Mesnes,E05000864,5222,3456,1865,1591,17,17,1104,791,313,633,535,98,12,1608,645
2021,Allerton and Hunts Cross,E05000886,6436,4953,2595,2358,23,23,713,143,570,747,654,93,0,2381,747
2021,Anfield,E05000887,6484,2582,1518,1064,19,19,1589,197,1392,2279,2139,140,15,1083,2294
2021,Belle Vale (Liverpool),E05000888,6873,3319,1731,1588,197,197,2706,410,2296,643,536,107,8,1785,651
2021,Central (Liverpool),E05000889,7203,1253,647,606,35,35,1095,158,937,4817,4597,220,3,641,4820
2021,Childwall,E05000890,5170,4329,2301,2028,11,11,354,87,267,473,392,81,3,2039,476
2021,Church (Liverpool),E05000891,5666,4603,2532,2071,34,34,169,28,141,857,765,92,3,2105,860
2021,Clubmoor,E05000892,6648,3125,1650,1475,28,28,2661,668,1993,827,691,136,7,1503,834
2021,County,E05000893,6351,2495,1450,1045,16,16,1598,194,1404,2230,2069,161,12,1061,2242
2021,Cressington,E05000894,6420,4470,2282,2188,60,60,944,143,801,942,860,82,4,2248,946
2021,Croxteth,E05000895,5990,3512,1689,1823,50,50,1555,321,1234,865,774,91,8,1873,873
2021,Everton (Liverpool),E05000896,7821,1964,1053,911,68,68,4255,720,3535,1521,1394,127,13,979,1534
2021,Fazakerley,E05000897,6851,4181,2014,2167,41,41,1092,215,877,1533,1353,180,4,2208,1537
2021,Greenbank,E05000898,5659,2085,1082,1003,23,23,1102,64,1038,2447,2320,127,2,1026,2449
2021,Kensington and Fairfield,E05000899,7114,1831,1060,771,38,38,2088,323,1765,3139,2906,233,18,809,3157
2021,Kirkdale,E05000900,8603,2373,1315,1058,59,59,3630,736,2894,2527,2391,136,14,1117,2541
2021,Knotty Ash,E05000901,6150,3575,1847,1728,33,33,1630,351,1279,908,801,107,4,1761,912
2021,Mossley Hill,E05000902,5298,3973,2154,1819,14,14,509,48,461,802,709,93,0,1833,802
2021,Norris Green,E05000903,7879,3084,1291,1793,16,16,3616,834,2782,1153,1049,104,10,1809,1163
2021,Old Swan,E05000904,7095,3591,1894,1697,23,23,1382,201,1181,2088,1936,152,11,1720,2099
2021,Picton,E05000905,7434,1934,1006,928,41,41,2437,328,2109,2995,2830,165,27,969,3022
2021,Princes Park (Liverpool),E05000906,8243,1199,603,596,97,97,4602,633,3969,2329,2168,161,16,693,2345
2021,Riverside (Liverpool),E05000907,11423,2531,1191,1340,120,120,3256,545,2711,5492,5258,234,24,1460,5516
2021,St Michael's (Liverpool),E05000908,6281,2909,1352,1557,67,67,1179,76,1103,2126,1990,136,0,1624,2126
2021,Speke-Garston,E05000909,9347,3625,1557,2068,55,55,4003,792,3211,1658,1499,159,6,2123,1664
2021,Tuebrook and Stoneycroft,E05000910,7036,3092,1751,1341,26,26,1250,160,1090,2651,2475,176,17,1367,2668
2021,Warbreck (Liverpool),E05000911,6531,3869,1992,1877,77,77,952,181,771,1629,1509,120,4,1954,1633
2021,Wavertree,E05000912,6303,3801,1912,1889,41,41,937,125,812,1522,1387,135,2,1930,1524
2021,West Derby,E05000913,5963,4467,2463,2004,22,22,675,110,565,799,670,129,0,2026,799
2021,Woolton,E05000914,6150,4554,2686,1868,29,29,766,77,689,799,690,109,2,1897,801
2021,Yew Tree,E05000915,7070,3760,1771,1989,17,17,2017,491,1526,1269,1138,131,7,2006,1276
2021,Ainsdale,E05000932,5514,4317,2734,1583,50,50,590,170,420,557,469,88,0,1633,557
2021,Birkdale,E05000933,5444,4153,2247,1906,13,13,287,63,224,990,885,105,1,1919,991
2021,Blundellsands,E05000934,4990,3967,2360,1607,9,9,216,32,184,798,680,118,0,1616,798
2021,Cambridge,E05000935,6379,3814,2682,1132,59,59,720,92,628,1782,1631,151,4,1191,1786
2021,Church (Sefton),E05000936,5745,2885,1431,1454,37,37,1140,242,898,1682,1564,118,1,1491,1683
2021,Derby (Sefton),E05000937,5712,2526,1289,1237,22,22,1735,354,1381,1426,1275,151,3,1259,1429
2021,Duke's,E05000938,7276,3589,2499,1090,102,102,496,30,466,3089,2907,182,0,1192,3089
2021,Ford,E05000939,5592,3003,1497,1506,30,30,1786,599,1187,769,680,89,4,1536,773
2021,Harington,E05000940,4843,4339,2842,1497,18,18,142,23,119,344,271,73,0,1515,344
2021,Kew (Sefton),E05000941,5852,3754,1939,1815,130,130,463,40,423,1504,1337,167,1,1945,1505
2021,Linacre (Sefton),E05000942,6462,1761,939,822,39,39,2899,572,2327,1752,1621,131,11,861,1763
2021,Litherland,E05000943,5407,2983,1420,1563,81,81,1254,212,1042,1088,1001,87,1,1644,1089
2021,Manor (Sefton),E05000944,5379,3973,2275,1698,19,19,947,329,618,436,364,72,4,1717,440
2021,Meols,E05000945,5291,4472,2683,1789,13,13,174,42,132,632,535,97,0,1802,632
2021,Molyneux,E05000946,5151,4318,2316,2002,13,13,301,69,232,518,405,113,1,2015,519
2021,Netherton and Orrell,E05000947,5320,3354,1589,1765,28,28,1315,427,888,619,533,86,4,1793,623
2021,Norwood,E05000948,6086,4244,2044,2200,33,33,470,67,403,1339,1192,147,0,2233,1339
2021,Park (Sefton),E05000949,5093,4429,2595,1834,19,19,221,54,167,424,354,70,0,1853,424
2021,Ravenmeols,E05000950,5273,4387,2743,1644,21,21,212,51,161,652,556,96,1,1665,653
2021,St Oswald (Sefton),E05000951,5103,2664,1433,1231,45,45,1686,572,1114,701,620,81,7,1276,708
2021,Sudell,E05000952,5632,4672,2679,1993,51,51,356,71,285,553,469,84,0,2044,553
2021,Victoria (Sefton),E05000953,5524,4386,2190,2196,13,13,325,47,278,798,678,120,2,2209,800
2021,Bebington,E05000954,6536,4847,2641,2206,45,45,809,187,622,832,702,130,3,2251,835
2021,Bidston and St James,E05000955,7061,2523,1155,1368,39,39,3128,1051,2077,1359,1264,95,12,1407,1371
2021,Birkenhead and Tranmere,E05000956,8059,2441,1189,1252,103,103,2661,421,2240,2850,2656,194,4,1355,2854
2021,Bromborough,E05000957,7403,4572,2130,2442,65,65,1321,269,1052,1441,1253,188,4,2507,1445
2021,Clatterbridge,E05000958,5876,5075,3071,2004,20,20,195,38,157,585,500,85,1,2024,586
2021,Claughton,E05000959,6474,4200,2241,1959,30,30,925,239,686,1313,1206,107,6,1989,1319
2021,Eastham,E05000960,6019,4758,2623,2135,38,38,564,168,396,657,554,103,2,2173,659
2021,"Greasby, Frankby and Irby",E05000961,6188,5431,3242,2189,38,38,223,51,172,496,402,94,0,2227,496
2021,Heswall,E05000962,5827,5097,3216,1881,19,19,199,35,164,510,432,78,2,1900,512
2021,Hoylake and Meols,E05000963,5725,4509,2683,1826,9,9,239,45,194,968,870,98,0,1835,968
2021,Leasowe and Moreton East,E05000964,6543,3799,1975,1824,25,25,1770,532,1238,941,839,102,8,1849,949
2021,Liscard,E05000965,6989,4089,2094,1995,12,12,735,108,627,2150,1986,164,3,2007,2153
2021,Moreton West and Saughall Massie,E05000966,6239,4800,2668,2132,27,27,600,203,397,810,674,136,2,2159,812
2021,New Brighton,E05000967,6913,4272,2251,2021,41,41,650,75,575,1950,1775,175,0,2062,1950
2021,Oxton,E05000968,6667,4518,2607,1911,46,46,496,65,431,1604,1453,151,3,1957,1607
2021,Pensby and Thingwall,E05000969,5842,4692,2726,1966,18,18,582,136,446,550,454,96,0,1984,550
2021,Prenton,E05000970,6246,4548,2344,2204,28,28,627,188,439,1025,928,97,18,2232,1043
2021,Rock Ferry,E05000971,6899,2594,1291,1303,109,109,2147,597,1550,2043,1904,139,6,1412,2049
2021,Seacombe,E05000972,6700,2738,1346,1392,75,75,1648,369,1279,2235,2129,106,4,1467,2239
2021,Upton (Wirral),E05000973,7251,4191,2256,1935,44,44,1855,693,1162,1150,991,159,11,1979,1161
2021,Wallasey,E05000974,6293,4989,2898,2091,31,31,305,59,246,965,853,112,3,2122,968
2021,West Kirby and Thurstaston,E05000975,5506,4432,2685,1747,27,27,384,78,306,662,575,87,1,1774,663
2021,Central (Barnsley),E05000976,5705,2824,1539,1285,21,21,742,423,319,2106,1984,122,12,1306,2118
2021,Cudworth,E05000977,4929,3198,1561,1637,5,5,789,683,106,925,811,114,12,1642,937
2021,Darfield,E05000978,4784,2967,1693,1274,27,27,857,637,220,923,809,114,10,1301,933
2021,Darton East,E05000979,5022,3731,1907,1824,6,6,637,535,102,641,552,89,7,1830,648
2021,Darton West,E05000980,4919,3682,2028,1654,39,39,629,513,116,555,460,95,14,1693,569
2021,Dearne North,E05000981,5311,2688,1419,1269,31,31,1384,820,564,1199,1103,96,9,1300,1208
2021,Dearne South,E05000982,5335,3366,1633,1733,7,7,879,744,135,1067,938,129,16,1740,1083
2021,Dodworth,E05000983,4704,3545,2058,1487,6,6,659,569,90,478,409,69,16,1493,494
2021,Hoyland Milton,E05000984,5397,3294,1659,1635,29,29,1143,949,194,918,807,111,13,1664,931
2021,Kingstone,E05000985,5273,2405,1174,1231,54,54,1068,719,349,1713,1582,131,33,1285,1746
2021,Monk Bretton,E05000986,5255,3056,1662,1394,7,7,1545,1270,275,627,486,141,20,1401,647
2021,North East,E05000987,5766,3575,1784,1791,18,18,1098,817,281,1054,917,137,21,1809,1075
2021,Old Town (Barnsley),E05000988,4792,3123,1609,1514,15,15,681,501,180,959,838,121,14,1529,973
2021,Penistone East,E05000989,5006,3877,2267,1610,28,28,540,442,98,552,450,102,9,1638,561
2021,Penistone West,E05000990,5699,4312,2257,2055,33,33,672,471,201,677,552,125,5,2088,682
2021,Rockingham,E05000991,5004,3255,1813,1442,40,40,1003,899,104,688,584,104,18,1482,706
2021,Royston,E05000992,4913,3285,1692,1593,60,60,921,732,189,634,537,97,13,1653,647
2021,St Helens (Barnsley),E05000993,4695,2224,1133,1091,27,27,1961,1664,297,458,389,69,25,1118,483
2021,Stairfoot,E05000994,5578,3133,1709,1424,25,25,1618,1276,342,789,707,82,13,1449,802
2021,Wombwell,E05000995,5568,3267,1535,1732,30,30,1161,923,238,1090,959,131,20,1762,1110
2021,Worsbrough,E05000996,4399,2545,1487,1058,14,14,1308,1185,123,519,423,96,13,1072,532
2021,Birtley,E05001067,3689,2240,1165,1075,40,40,852,675,177,556,495,61,1,1115,557
2021,Blaydon,E05001068,4469,2479,1075,1404,26,26,1270,1051,219,692,596,96,2,1430,694
2021,Bridges,E05001069,4060,1437,585,852,10,10,989,835,154,1606,1500,106,18,862,1624
2021,Chowdene,E05001071,4026,2375,1304,1071,4,4,1256,1119,137,380,323,57,11,1075,391
2021,Crawcrook and Greenside,E05001072,4138,3145,1695,1450,25,25,390,328,62,577,496,81,1,1475,578
2021,Deckham,E05001073,4305,1787,965,822,14,14,1653,879,774,839,779,60,12,836,851
2021,Dunston and Teams,E05001074,4183,1766,733,1033,29,29,1426,1063,363,955,868,87,7,1062,962
2021,Dunston Hill and Whickham East,E05001075,3860,3017,1655,1362,7,7,425,343,82,411,340,71,0,1369,411
2021,Felling,E05001076,4105,1394,681,713,9,9,2043,1489,554,652,578,74,7,722,659
2021,High Fell,E05001077,4015,1709,881,828,7,7,1854,1683,171,433,362,71,12,835,445
2021,Lamesley,E05001078,4398,2658,1306,1352,23,23,1343,1077,266,371,305,66,3,1375,374
2021,Lobley Hill and Bensham,E05001079,4596,2264,1141,1123,10,10,1320,911,409,992,901,91,10,1133,1002
2021,Low Fell,E05001080,3770,2986,1574,1412,38,38,222,131,91,524,466,58,0,1450,524
2021,Pelaw and Heworth,E05001081,3946,2360,1164,1196,9,9,952,871,81,622,542,80,3,1205,625
2021,"Ryton, Crookhill and Stella",E05001082,3926,2768,1420,1348,10,10,762,537,225,385,327,58,1,1358,386
2021,Saltwell,E05001083,4157,1910,885,1025,26,26,597,322,275,1607,1486,121,17,1051,1624
2021,Wardley and Leam Lane,E05001084,3536,2283,1274,1009,3,3,917,647,270,330,263,67,3,1012,333
2021,Whickham North,E05001085,3667,2355,1379,976,9,9,714,544,170,584,521,63,5,985,589
2021,Whickham South and Sunniside,E05001086,3671,2986,1792,1194,8,8,272,193,79,403,345,58,2,1202,405
2021,Windy Nook and Whitehills,E05001087,4370,2252,1245,1007,16,16,1577,1297,280,522,452,70,3,1023,525
2021,Winlaton and High Spen,E05001088,3928,2856,1677,1179,3,3,596,507,89,472,391,81,1,1182,473
2021,Battle Hill,E05001115,4986,3224,1755,1469,39,39,1121,980,141,595,500,95,7,1508,602
2021,Benton,E05001116,4769,3338,1734,1604,4,4,854,621,233,572,496,76,1,1608,573
2021,Camperdown,E05001117,4910,2937,1373,1564,54,54,1380,1041,339,533,439,94,6,1618,539
2021,Chirton,E05001118,5378,2271,1130,1141,16,16,1819,1507,312,1263,1122,141,9,1157,1272
2021,Collingwood,E05001119,4982,3144,1651,1493,9,9,1206,1072,134,620,533,87,3,1502,623
2021,Cullercoats,E05001120,4262,3405,2027,1378,8,8,467,372,95,381,297,84,1,1386,382
2021,Howdon,E05001121,5165,2303,1036,1267,24,24,2026,1595,431,805,707,98,7,1291,812
2021,Killingworth,E05001122,5166,3639,1696,1943,46,46,898,569,329,577,499,78,6,1989,583
2021,Longbenton,E05001123,5262,2808,1178,1630,22,22,1750,1290,460,676,607,69,6,1652,682
2021,Monkseaton North,E05001124,3752,3165,1742,1423,22,22,213,98,115,350,310,40,2,1445,352
2021,Monkseaton South,E05001125,4304,3209,1688,1521,11,11,568,514,54,515,423,92,1,1532,516
2021,Northumberland,E05001126,4212,2984,1446,1538,36,36,762,543,219,428,339,89,2,1574,430
2021,Preston (North Tyneside),E05001127,3863,2911,1624,1287,10,10,257,168,89,684,604,80,1,1297,685
2021,Riverside (North Tyneside),E05001128,6050,2246,1017,1229,37,37,2286,1202,1084,1475,1358,117,6,1266,1481
2021,St Mary's (North Tyneside),E05001129,3758,3460,2091,1369,3,3,64,46,18,231,173,58,0,1372,231
2021,Tynemouth,E05001130,5233,3332,1837,1495,22,22,796,228,568,1081,981,100,2,1517,1083
2021,Valley (North Tyneside),E05001131,5996,3822,1352,2470,73,73,1292,1019,273,809,688,121,0,2543,809
2021,Wallsend,E05001132,5341,2670,1296,1374,18,18,1022,547,475,1627,1453,174,4,1392,1631
2021,Weetslade,E05001133,4769,3475,1941,1534,26,26,750,558,192,516,418,98,2,1560,518
2021,Whitley Bay,E05001134,4071,2927,1424,1503,23,23,231,99,132,888,809,79,2,1526,890
2021,Beacon and Bents,E05001135,4118,2044,1123,921,27,27,1131,899,232,912,788,124,4,948,916
2021,Bede (South Tyneside),E05001136,3403,1589,805,784,5,5,1508,1407,101,300,259,41,1,789,301
2021,Biddick and All Saints,E05001137,4107,1596,779,817,11,11,1877,1665,212,617,542,75,6,828,623
2021,Boldon Colliery,E05001138,4152,2588,1339,1249,4,4,1053,833,220,505,428,77,2,1253,507
2021,Cleadon and East Boldon,E05001139,3631,3307,2023,1284,10,10,108,65,43,206,153,53,0,1294,206
2021,Cleadon Park,E05001140,3422,1748,952,796,25,25,1407,776,631,240,189,51,2,821,242
2021,Fellgate and Hedworth,E05001141,3335,1901,1074,827,10,10,1154,1016,138,268,226,42,2,837,270
2021,Harton,E05001142,3658,2214,1284,930,20,20,1110,687,423,312,248,64,2,950,314
2021,Hebburn North,E05001143,4200,2175,874,1301,21,21,1340,859,481,660,580,80,4,1322,664
2021,Hebburn South,E05001144,4209,2747,1214,1533,16,16,1091,1008,83,347,296,51,8,1549,355
2021,Horsley Hill,E05001145,3915,2413,1378,1035,90,90,1029,883,146,378,322,56,5,1125,383
2021,Monkton,E05001146,3908,2285,1182,1103,8,8,1062,863,199,545,460,85,8,1111,553
2021,Primrose (South Tyneside),E05001147,3537,1525,769,756,2,2,1612,1459,153,388,346,42,10,758,398
2021,Simonside and Rekendyke,E05001148,4445,1761,890,871,12,12,1784,1008,776,882,767,115,6,883,888
2021,Westoe,E05001149,3831,2542,1429,1113,40,40,485,212,273,764,676,88,0,1153,764
2021,West Park (South Tyneside),E05001150,3451,2019,1141,878,7,7,372,228,144,1053,934,119,0,885,1053
2021,Whitburn and Marsden,E05001151,3308,2223,1242,981,12,12,804,655,149,268,202,66,1,993,269
2021,Whiteleas,E05001152,3657,1974,1002,972,18,18,1286,1197,89,377,324,53,2,990,379
2021,Barnes (Sunderland),E05001153,4537,3274,1824,1450,8,8,487,151,336,766,653,113,2,1458,768
2021,Castle (Sunderland),E05001154,4726,2257,1160,1097,7,7,1854,818,1036,601,538,63,7,1104,608
2021,Copt Hill,E05001155,5299,3388,1770,1618,27,27,1202,488,714,680,601,79,2,1645,682
2021,Doxford,E05001156,4420,3034,1581,1453,58,58,915,308,607,412,351,61,1,1511,413
2021,Fulwell,E05001157,4836,4254,2518,1736,16,16,104,16,88,462,370,92,0,1752,462
2021,Hendon (Sunderland),E05001158,5412,1678,936,742,10,10,1976,672,1304,1745,1615,130,3,752,1748
2021,Hetton,E05001159,5476,3202,1683,1519,23,23,1517,689,828,732,629,103,2,1542,734
2021,Houghton,E05001160,5821,3900,1810,2090,24,24,1222,530,692,675,593,82,0,2114,675
2021,Millfield (Sunderland),E05001161,4452,2282,1198,1084,9,9,602,203,399,1552,1413,139,7,1093,1559
2021,Pallion,E05001162,4796,2315,1142,1173,50,50,1665,674,991,765,669,96,1,1223,766
2021,Redhill (Sunderland),E05001163,5058,2043,1071,972,4,4,2311,1053,1258,700,632,68,0,976,700
2021,Ryhope,E05001164,4968,3016,1424,1592,6,6,1316,540,776,628,538,90,2,1598,630
2021,St Anne's,E05001165,4556,2355,1157,1198,5,5,1666,786,880,528,440,88,2,1203,530
2021,St Chad's,E05001166,4460,2503,1466,1037,6,6,1457,595,862,491,413,78,3,1043,494
2021,St Michael's (Sunderland),E05001167,4663,3066,1810,1256,15,15,696,262,434,885,785,100,1,1271,886
2021,St Peter's (Sunderland),E05001168,4757,3074,1890,1184,47,47,713,208,505,922,805,117,1,1231,923
2021,Sandhill,E05001169,4918,2182,1196,986,9,9,2197,1040,1157,529,449,80,1,995,530
2021,Shiney Row,E05001170,5347,3528,1850,1678,3,3,1177,488,689,639,521,118,0,1681,639
2021,Silksworth,E05001171,4579,2753,1633,1120,14,14,1264,391,873,547,471,76,1,1134,548
2021,Southwick (Sunderland),E05001172,5077,2104,1162,942,51,51,2004,809,1195,907,800,107,11,993,918
2021,Washington Central,E05001173,4919,2996,1703,1293,20,20,1286,622,664,617,539,78,0,1313,617
2021,Washington East,E05001174,4889,3214,1648,1566,16,16,1116,510,606,543,466,77,0,1582,543
2021,Washington North,E05001175,4855,2238,1235,1003,5,5,1861,973,888,750,663,87,1,1008,751
2021,Washington South,E05001176,4401,3062,1706,1356,29,29,842,405,437,465,395,70,3,1385,468
2021,Washington West,E05001177,4961,3275,1739,1536,19,19,1103,531,572,560,480,80,4,1555,564
2021,Bablake,E05001218,6987,5342,2898,2444,24,24,616,218,398,997,839,158,8,2468,1005
2021,Binley and Willenhall,E05001219,7568,4128,2167,1961,26,26,2431,908,1523,969,852,117,14,1987,983
2021,Cheylesmore,E05001220,6838,4387,2469,1918,17,17,778,221,557,1650,1496,154,6,1935,1656
2021,Earlsdon,E05001221,6201,4927,2861,2066,13,13,222,50,172,1036,917,119,3,2079,1039
2021,Foleshill,E05001222,7448,2798,1443,1355,62,62,1854,439,1415,2718,2464,254,16,1417,2734
2021,Henley,E05001223,8586,4304,2159,2145,115,115,2533,929,1604,1595,1401,194,39,2260,1634
2021,Holbrook,E05001224,7148,4487,2154,2333,67,67,901,271,630,1687,1511,176,6,2400,1693
2021,Longford (Coventry),E05001225,8250,4493,2183,2310,88,88,1784,571,1213,1875,1686,189,10,2398,1885
2021,Lower Stoke,E05001226,8929,5120,2219,2901,68,68,1362,462,900,2366,2179,187,13,2969,2379
2021,Radford (Coventry),E05001227,7888,3723,1823,1900,30,30,1345,483,862,2773,2561,212,17,1930,2790
2021,St Michael's (Coventry),E05001228,8772,1825,1059,766,43,43,2482,613,1869,4395,4122,273,27,809,4422
2021,Sherbourne,E05001229,7469,4574,2379,2195,133,133,839,250,589,1906,1745,161,17,2328,1923
2021,Upper Stoke,E05001230,7717,4081,2132,1949,21,21,1166,429,737,2440,2281,159,9,1970,2449
2021,Wainbody,E05001231,4687,3892,2366,1526,23,23,141,45,96,628,536,92,3,1549,631
2021,Westwood,E05001232,8032,4404,2187,2217,66,66,1873,527,1346,1676,1529,147,13,2283,1689
2021,Whoberley,E05001233,6865,4435,2351,2084,23,23,448,119,329,1955,1771,184,4,2107,1959
2021,Woodlands (Coventry),E05001234,7941,5426,2968,2458,55,55,1269,477,792,1188,1052,136,3,2513,1191
2021,Wyken,E05001235,6812,4715,2459,2256,33,33,725,232,493,1335,1190,145,4,2289,1339
2021,Amblecote,E05001236,5555,4331,2286,2045,45,45,503,384,119,670,595,75,6,2090,676
2021,Belle Vale (Dudley),E05001237,6208,3907,2069,1838,26,26,1392,1112,280,861,762,99,22,1864,883
2021,Brierley Hill,E05001238,6747,3186,1540,1646,15,15,2166,1733,433,1350,1223,127,30,1661,1380
2021,Brockmoor and Pensnett,E05001239,6052,3393,1724,1669,43,43,1761,1570,191,825,739,86,30,1712,855
2021,Castle and Priory,E05001240,6379,3634,1735,1899,48,48,1751,1422,329,928,833,95,18,1947,946
2021,Coseley East,E05001241,5721,3409,1914,1495,22,22,1563,1192,371,706,605,101,21,1517,727
2021,Cradley and Wollescote,E05001242,5769,3702,2000,1702,25,25,977,777,200,1047,931,116,18,1727,1065
2021,Gornal,E05001243,5895,4118,2456,1662,20,20,1201,948,253,535,436,99,21,1682,556
2021,Halesowen North,E05001244,5567,3967,2049,1918,34,34,676,449,227,882,770,112,8,1952,890
2021,Halesowen South,E05001245,5267,4336,2605,1731,5,5,347,234,113,574,483,91,5,1736,579
2021,Hayley Green and Cradley South,E05001246,4902,3746,2125,1621,10,10,713,593,120,422,365,57,11,1631,433
2021,Kingswinford North and Wall Heath,E05001247,5179,4407,2800,1607,10,10,302,277,25,452,380,72,8,1617,460
2021,Kingswinford South,E05001248,5333,4384,2665,1719,8,8,447,430,17,485,420,65,9,1727,494
2021,Lye and Stourbridge North,E05001249,5379,3238,1809,1429,75,75,1128,856,272,921,790,131,17,1504,938
2021,"Netherton, Woodside and St Andrews",E05001250,6038,3324,1852,1472,11,11,1454,1254,200,1206,1089,117,43,1483,1249
2021,Norton (Dudley),E05001251,5098,4142,2519,1623,9,9,547,475,72,387,323,64,13,1632,400
2021,Pedmore and Stourbridge East,E05001252,5321,4028,2518,1510,6,6,657,620,37,623,555,68,7,1516,630
2021,Quarry Bank and Dudley Wood,E05001253,5647,3656,1920,1736,25,25,1197,1077,120,748,641,107,21,1761,769
2021,St James's (Dudley),E05001254,6357,3142,1787,1355,56,56,2036,1400,636,1093,970,123,30,1411,1123
2021,St Thomas's (Dudley),E05001255,6091,2891,1457,1434,19,19,1688,1385,303,1445,1333,112,48,1453,1493
2021,Sedgley (Dudley),E05001256,5065,3869,2402,1467,18,18,710,577,133,461,382,79,7,1485,468
2021,Upper Gornal and Woodsetton,E05001257,5780,3700,2088,1612,60,60,1364,1100,264,641,545,96,15,1672,656
2021,Wollaston and Stourbridge Town,E05001258,6252,4234,2357,1877,15,15,996,912,84,987,860,127,20,1892,1007
2021,Wordsley,E05001259,5475,4314,2456,1858,11,11,447,383,64,692,614,78,11,1869,703
2021,Abbey (Sandwell),E05001260,5137,2998,1516,1482,26,26,466,420,46,1637,1515,122,10,1508,1647
2021,Blackheath (Sandwell),E05001261,5149,3082,1646,1436,28,28,1351,1052,299,670,569,101,18,1464,688
2021,Bristnall,E05001262,4765,2992,1601,1391,8,8,1106,1006,100,639,553,86,20,1399,659
2021,Charlemont with Grove Vale,E05001263,5120,3303,1992,1311,19,19,960,876,84,819,727,92,19,1330,838
2021,Cradley Heath and Old Hill,E05001264,6242,3267,1674,1593,38,38,1776,1483,293,1110,1030,80,51,1631,1161
2021,Friar Park,E05001265,4957,2590,1349,1241,17,17,1836,1750,86,479,420,59,35,1258,514
2021,Great Barr with Yew Tree,E05001266,5121,3399,1732,1667,26,26,884,630,254,804,719,85,8,1693,812
2021,Great Bridge,E05001267,5457,2715,1185,1530,17,17,1683,1536,147,1013,922,91,29,1547,1042
2021,Greets Green and Lyng,E05001268,5248,2301,1132,1169,50,50,1862,1339,523,1009,885,124,26,1219,1035
2021,Hateley Heath,E05001269,5575,2688,1326,1362,8,8,1894,1562,332,955,855,100,30,1370,985
2021,Langley,E05001270,5871,3054,1480,1574,26,26,1643,1431,212,1108,1000,108,40,1600,1148
2021,Newton (Sandwell),E05001271,4855,3453,1935,1518,2,2,642,554,88,749,679,70,9,1520,758
2021,Old Warley,E05001272,5118,3497,1869,1628,61,61,844,718,126,690,595,95,26,1689,716
2021,Oldbury,E05001273,5860,3175,1398,1777,20,20,1089,724,365,1562,1447,115,14,1797,1576
2021,Princes End,E05001274,5612,2440,1334,1106,22,22,2461,2049,412,657,593,64,32,1128,689
2021,Rowley (Sandwell),E05001275,5481,3309,1672,1637,24,24,1355,1140,215,763,703,60,30,1661,793
2021,St Pauls (Sandwell),E05001276,5019,2618,1311,1307,25,25,942,556,386,1395,1214,181,39,1332,1434
2021,Smethwick,E05001277,5342,2459,1278,1181,27,27,1607,1234,373,1194,1035,159,55,1208,1249
2021,Soho and Victoria,E05001278,6277,2226,1049,1177,34,34,1982,1211,771,1960,1785,175,75,1211,2035
2021,Tipton Green,E05001279,6006,2934,1319,1615,49,49,1928,1412,516,1048,940,108,47,1664,1095
2021,Tividale,E05001280,5082,3147,1638,1509,17,17,1154,1088,66,737,656,81,27,1526,764
2021,Wednesbury North,E05001281,5007,2678,1380,1298,10,10,1398,1126,272,901,823,78,20,1308,921
2021,Wednesbury South,E05001282,5898,3192,1676,1516,42,42,1705,1152,553,931,780,151,28,1558,959
2021,West Bromwich Central,E05001283,6036,2487,1433,1054,32,32,2041,1245,796,1405,1265,140,71,1086,1476
2021,Bickenhill,E05001284,5319,3760,1930,1830,60,60,764,461,303,727,645,82,8,1890,735
2021,Blythe,E05001285,6531,4982,2316,2666,158,158,348,108,240,1039,949,90,4,2824,1043
2021,Castle Bromwich,E05001286,4777,3914,2249,1665,51,51,424,109,315,388,331,57,0,1716,388
2021,Chelmsley Wood,E05001287,5824,2397,1186,1211,28,28,2657,2138,519,728,665,63,14,1239,742
2021,Dorridge and Hockley Heath,E05001288,4466,3829,2198,1631,31,31,193,133,60,411,350,61,2,1662,413
2021,Elmdon,E05001289,5118,3891,2112,1779,13,13,405,326,79,806,715,91,3,1792,809
2021,Kingshurst and Fordbridge,E05001290,5517,2708,1309,1399,36,36,2021,1696,325,741,667,74,11,1435,752
2021,Knowle (Solihull),E05001291,4668,3877,2354,1523,30,30,270,125,145,482,418,64,9,1553,491
2021,Lyndon,E05001292,5627,4209,2089,2120,30,30,645,555,90,739,657,82,4,2150,743
2021,Meriden (Solihull),E05001293,5241,4217,2423,1794,35,35,411,228,183,572,474,98,6,1829,578
2021,Olton,E05001294,5204,3946,2250,1696,23,23,447,284,163,783,706,77,5,1719,788
2021,St Alphege,E05001295,5332,4620,2811,1809,15,15,113,26,87,584,540,44,0,1824,584
2021,Shirley East,E05001296,4774,3764,2042,1722,18,18,433,291,142,554,492,62,5,1740,559
2021,Shirley South (Solihull),E05001297,5042,3976,2187,1789,18,18,461,350,111,582,506,76,5,1807,587
2021,Shirley West,E05001298,5536,4218,2116,2102,72,72,484,254,230,757,677,80,5,2174,762
2021,Silhill,E05001299,5281,3764,2215,1549,66,66,443,293,150,1001,930,71,7,1615,1008
2021,Smith's Wood,E05001300,5221,2561,1266,1295,28,28,2012,1525,487,600,525,75,20,1323,620
2021,Aldridge Central and South,E05001301,5990,4529,2659,1870,14,14,815,299,516,629,526,103,3,1884,632
2021,Aldridge North and Walsall Wood,E05001302,5599,4035,2254,1781,34,34,847,356,491,674,558,116,9,1815,683
2021,Bentley and Darlaston North,E05001303,5447,2654,1437,1217,28,28,1880,687,1193,876,772,104,9,1245,885
2021,Birchills Leamore,E05001304,6329,2455,1251,1204,26,26,2576,435,2141,1266,1168,98,6,1230,1272
2021,Blakenall,E05001305,5729,2475,1096,1379,31,31,2172,968,1204,1040,958,82,11,1410,1051
2021,Bloxwich East,E05001306,5387,2725,1498,1227,10,10,1928,843,1085,716,630,86,8,1237,724
2021,Bloxwich West,E05001307,5655,3143,1786,1357,15,15,1727,718,1009,760,641,119,10,1372,770
2021,Brownhills,E05001308,5594,3468,1787,1681,65,65,1448,514,934,603,510,93,10,1746,613
2021,Darlaston South,E05001309,6604,2935,1372,1563,27,27,2432,921,1511,1194,1084,110,16,1590,1210
2021,Paddock,E05001310,4732,3810,2202,1608,12,12,191,28,163,719,618,101,0,1620,719
2021,Palfrey,E05001311,5307,2823,1480,1343,24,24,1189,308,881,1260,1138,122,11,1367,1271
2021,Pelsall,E05001312,4892,3629,2189,1440,16,16,696,239,457,545,474,71,6,1456,551
2021,Pheasey Park Farm,E05001313,4694,3950,2086,1864,28,28,192,56,136,524,455,69,0,1892,524
2021,Pleck,E05001314,5533,2523,1395,1128,14,14,1387,481,906,1585,1429,156,24,1142,1609
2021,Rushall-Shelfield,E05001315,5186,3410,1718,1692,46,46,1064,388,676,658,560,98,8,1738,666
2021,St Matthew's (Walsall),E05001316,7079,2755,1546,1209,51,51,2365,354,2011,1896,1735,161,12,1260,1908
2021,Short Heath,E05001317,4994,3488,2123,1365,16,16,840,396,444,643,579,64,7,1381,650
2021,Streetly,E05001318,5548,4948,2856,2092,14,14,128,55,73,457,398,59,1,2106,458
2021,Willenhall North,E05001319,5049,3431,1896,1535,39,39,969,442,527,604,530,74,6,1574,610
2021,Willenhall South,E05001320,6882,3404,1666,1738,48,48,1730,751,979,1687,1560,127,13,1786,1700
2021,Bilston East,E05001321,6331,2681,1282,1399,21,21,2328,1823,505,1268,1153,115,33,1420,1301
2021,Bilston North,E05001322,4924,2951,1694,1257,6,6,1201,1056,145,740,639,101,26,1263,766
2021,Blakenhall,E05001323,4267,2366,1493,873,14,14,617,212,405,1262,1092,170,8,887,1270
2021,Bushbury North,E05001324,5026,3308,1808,1500,16,16,1108,956,152,582,517,65,12,1516,594
2021,Bushbury South and Low Hill,E05001325,6605,2717,1102,1615,35,35,2599,1930,669,1236,1120,116,18,1650,1254
2021,East Park,E05001326,5267,2376,1339,1037,22,22,2029,1596,433,809,743,66,31,1059,840
2021,Ettingshall,E05001327,6226,2881,1276,1605,21,21,1910,1458,452,1385,1260,125,29,1626,1414
2021,Fallings Park,E05001328,4782,2837,1459,1378,16,16,1322,1200,122,584,500,84,23,1394,607
2021,Graiseley,E05001329,5328,2432,1334,1098,24,24,1224,626,598,1620,1492,128,28,1122,1648
2021,Heath Town,E05001330,6036,1833,943,890,36,36,2695,1978,717,1455,1299,156,17,926,1472
2021,Merry Hill,E05001331,5167,3441,1881,1560,23,23,1083,921,162,600,520,80,20,1583,620
2021,Oxley,E05001332,5113,2921,1427,1494,43,43,1366,1100,266,759,683,76,24,1537,783
2021,Park (Wolverhampton),E05001333,5467,2670,1548,1122,21,21,747,278,469,2010,1855,155,19,1143,2029
2021,Penn,E05001334,4981,4098,2347,1751,8,8,221,115,106,649,560,89,5,1759,654
2021,St Peter's (Wolverhampton),E05001335,4962,1431,720,711,44,44,1765,800,965,1703,1582,121,19,755,1722
2021,Spring Vale,E05001336,4978,3146,1773,1373,15,15,1099,976,123,697,612,85,21,1388,718
2021,Tettenhall Regis,E05001337,5048,3880,2151,1729,16,16,412,315,97,724,657,67,16,1745,740
2021,Tettenhall Wightwick,E05001338,4844,3588,2218,1370,44,44,535,487,48,665,580,85,12,1414,677
2021,Wednesfield North,E05001339,4881,3207,1861,1346,4,4,1109,1011,98,540,459,81,21,1350,561
2021,Wednesfield South,E05001340,4909,3050,1689,1361,18,18,1108,922,186,719,602,117,14,1379,733
2021,Baildon,E05001341,7222,5537,3068,2469,25,25,693,310,383,958,799,159,9,2494,967
2021,Bingley,E05001342,8277,5853,3201,2652,35,35,810,294,516,1573,1412,161,6,2687,1579
2021,Bingley Rural,E05001343,8350,6297,3344,2953,27,27,773,234,539,1249,1068,181,4,2980,1253
2021,Bolton and Undercliffe,E05001344,6649,4267,2078,2189,42,42,672,225,447,1666,1434,232,2,2231,1668
2021,Bowling and Barkerend,E05001345,7712,3237,1651,1586,23,23,1891,580,1311,2550,2288,262,11,1609,2561
2021,Bradford Moor,E05001346,5899,3251,1810,1441,15,15,1033,415,618,1587,1354,233,13,1456,1600
2021,City (Bradford),E05001347,8214,2276,1489,787,28,28,1421,347,1074,4458,4154,304,31,815,4489
2021,Clayton and Fairweather Green,E05001348,6636,4115,1963,2152,44,44,1024,414,610,1452,1293,159,1,2196,1453
2021,Craven,E05001349,8126,6233,3601,2632,41,41,478,200,278,1372,1202,170,2,2673,1374
2021,Eccleshill,E05001350,8087,4502,1945,2557,49,49,1848,891,957,1682,1523,159,6,2606,1688
2021,Great Horton,E05001351,6284,3646,1860,1786,11,11,804,280,524,1816,1620,196,7,1797,1823
2021,Heaton (Bradford),E05001352,5724,3604,1673,1931,29,29,726,232,494,1362,1176,186,3,1960,1365
2021,Idle and Thackley,E05001353,7716,5433,2441,2992,100,100,958,299,659,1220,1087,133,5,3092,1225
2021,Ilkley,E05001354,6738,5220,3312,1908,48,48,477,177,300,990,877,113,3,1956,993
2021,Keighley Central,E05001355,6224,3470,1963,1507,19,19,815,280,535,1905,1686,219,15,1526,1920
2021,Keighley East,E05001356,7007,4974,2600,2374,47,47,579,243,336,1401,1251,150,6,2421,1407
2021,Keighley West,E05001357,7331,4249,2170,2079,38,38,1610,766,844,1410,1273,137,24,2117,1434
2021,Little Horton,E05001358,6594,2947,1675,1272,19,19,1690,592,1098,1925,1678,247,13,1291,1938
2021,Manningham,E05001359,5652,2470,1530,940,15,15,1499,398,1101,1661,1410,251,7,955,1668
2021,Queensbury (Bradford),E05001360,7326,5156,2311,2845,33,33,569,186,383,1564,1396,168,4,2878,1568
2021,Royds,E05001361,7327,4365,1840,2525,23,23,1401,688,713,1527,1362,165,11,2548,1538
2021,Shipley,E05001362,7179,4448,2304,2144,62,62,742,282,460,1925,1749,176,2,2206,1927
2021,Thornton and Allerton,E05001363,7420,4718,2226,2492,19,19,1212,519,693,1464,1275,189,7,2511,1471
2021,Toller (Bradford),E05001364,5651,3326,1710,1616,24,24,503,133,370,1786,1562,224,12,1640,1798
2021,Tong,E05001365,8617,3768,1645,2123,23,23,2994,1261,1733,1820,1630,190,12,2146,1832
2021,Wharfedale (Bradford),E05001366,5128,4224,2353,1871,39,39,333,103,230,529,457,72,3,1910,532
2021,Wibsey,E05001367,6348,4090,2009,2081,36,36,691,288,403,1525,1303,222,6,2117,1531
2021,Windhill and Wrose,E05001368,7384,4501,2189,2312,55,55,1418,699,719,1396,1201,195,14,2367,1410
2021,Worth Valley,E05001369,6425,4895,2635,2260,56,56,239,69,170,1234,1068,166,1,2316,1235
2021,Wyke,E05001370,6617,4496,2274,2222,17,17,827,397,430,1274,1121,153,3,2239,1277
2021,Brighouse,E05001371,5233,3419,1966,1453,12,12,711,230,481,1090,968,122,1,1465,1091
2021,Calder (Calderdale),E05001372,5563,3964,2331,1633,48,48,563,120,443,986,866,120,2,1681,988
2021,Elland,E05001373,5422,3309,1693,1616,34,34,893,279,614,1184,1065,119,2,1650,1186
2021,Greetland and Stainland,E05001374,4904,3577,1810,1767,46,46,455,112,343,826,716,110,0,1813,826
2021,Hipperholme and Lightcliffe,E05001375,5084,3816,1975,1841,16,16,474,140,334,778,683,95,0,1857,778
2021,Illingworth and Mixenden,E05001376,5391,3303,1732,1571,32,32,1154,463,691,900,782,118,2,1603,902
2021,Luddendenfoot,E05001377,4648,3308,1898,1410,12,12,538,133,405,789,679,110,1,1422,790
2021,Northowram and Shelf,E05001378,5215,4066,2287,1779,9,9,311,65,246,827,708,119,2,1788,829
2021,Ovenden,E05001379,5428,2780,1292,1488,11,11,1501,546,955,1132,978,154,4,1499,1136
2021,Park (Calderdale),E05001380,4906,2498,1434,1064,7,7,903,175,728,1488,1271,217,10,1071,1498
2021,Rastrick,E05001381,5007,3388,1938,1450,10,10,837,303,534,766,669,97,6,1460,772
2021,Ryburn,E05001382,4942,3547,1818,1729,16,16,635,197,438,740,633,107,4,1745,744
2021,Skircoat,E05001383,5753,3930,2154,1776,16,16,343,41,302,1457,1306,151,7,1792,1464
2021,Sowerby Bridge,E05001384,5703,3509,1780,1729,32,32,901,202,699,1258,1121,137,3,1761,1261
2021,Todmorden,E05001385,5561,3480,1844,1636,36,36,808,219,589,1233,1107,126,4,1672,1237
2021,Town (Calderdale),E05001386,6307,3033,1558,1475,15,15,1418,391,1027,1833,1665,168,8,1490,1841
2021,Warley (Calderdale),E05001387,5406,3513,1759,1754,10,10,726,178,548,1148,993,155,9,1764,1157
2021,Ashbrow,E05001389,8348,4768,2519,2249,38,38,2069,1563,506,1438,1269,169,35,2287,1473
2021,Batley East,E05001390,6751,3942,2428,1514,19,19,1256,719,537,1509,1333,176,25,1533,1534
2021,Batley West,E05001391,7599,4580,2399,2181,38,38,1209,874,335,1747,1554,193,25,2219,1772
2021,Birstall and Birkenshaw,E05001392,7312,5065,2430,2635,34,34,1100,880,220,1099,938,161,14,2669,1113
2021,Cleckheaton,E05001393,7805,5175,2677,2498,27,27,971,707,264,1609,1410,199,23,2525,1632
2021,Dalton,E05001396,7666,4577,2534,2043,37,37,1581,1353,228,1439,1281,158,32,2080,1471
2021,Denby Dale,E05001397,7171,5616,3087,2529,17,17,534,404,130,993,848,145,11,2546,1004
2021,Dewsbury East,E05001398,8285,5001,2476,2525,61,61,1681,1358,323,1506,1312,194,36,2586,1542
2021,Dewsbury South,E05001399,6557,4182,2519,1663,18,18,1387,1232,155,949,793,156,21,1681,970
2021,Dewsbury West,E05001400,6955,3727,1805,1922,18,18,1749,1364,385,1420,1243,177,41,1940,1461
2021,Golcar,E05001401,8382,5487,2646,2841,48,48,1061,794,267,1767,1572,195,19,2889,1786
2021,Greenhead,E05001402,8553,4620,2478,2142,28,28,950,430,520,2935,2661,274,20,2170,2955
2021,Heckmondwike,E05001403,7109,4871,2341,2530,6,6,913,624,289,1295,1120,175,24,2536,1319
2021,Holme Valley South,E05001405,8464,6706,3859,2847,38,38,493,377,116,1221,1053,168,6,2885,1227
2021,Lindley,E05001407,8874,6362,3329,3033,39,39,823,583,240,1637,1469,168,13,3072,1650
2021,Liversedge and Gomersal,E05001408,8301,5296,2656,2640,19,19,1669,1308,361,1292,1141,151,25,2659,1317
2021,Mirfield,E05001409,8766,6481,3560,2921,22,22,984,814,170,1261,1102,159,18,2943,1279
2021,Newsome,E05001410,7990,3439,1940,1499,25,25,2169,1480,689,2329,2144,185,28,1524,2357
2021,"Ackworth, North Elmsall and Upton",E05001444,7567,5446,2783,2663,65,65,1016,628,388,1038,880,158,2,2728,1040
2021,Airedale and Ferry Fryston,E05001445,6622,3611,1841,1770,35,35,2415,1784,631,552,467,85,9,1805,561
2021,Altofts and Whitwood,E05001446,8361,5564,2355,3209,83,83,1573,1092,481,1137,1000,137,4,3292,1141
2021,Castleford Central and Glasshoughton,E05001447,7694,5090,2512,2578,37,37,875,543,332,1688,1509,179,4,2615,1692
2021,"Crofton, Ryhill and Walton",E05001448,6811,4893,2768,2125,60,60,1124,728,396,731,608,123,3,2185,734
2021,Featherstone,E05001449,7646,4598,2288,2310,69,69,1940,1399,541,1032,894,138,7,2379,1039
2021,Hemsworth,E05001450,6936,4016,2146,1870,40,40,1838,1278,560,1035,880,155,7,1910,1042
2021,Horbury and South Ossett,E05001451,6857,4709,2584,2125,41,41,1191,809,382,912,790,122,4,2166,916
2021,Knottingley,E05001452,6335,3630,1857,1773,36,36,1878,1427,451,786,687,99,5,1809,791
2021,Normanton (Wakefield),E05001453,7546,4463,2040,2423,60,60,1825,1253,572,1193,1071,122,5,2483,1198
2021,Ossett,E05001454,7448,4949,2587,2362,31,31,1311,806,505,1150,1003,147,7,2393,1157
2021,Pontefract North,E05001455,8444,5316,2268,3048,119,119,1709,1017,692,1298,1156,142,2,3167,1300
2021,Pontefract South,E05001456,6671,4475,2665,1810,55,55,1490,1060,430,648,537,111,3,1865,651
2021,South Elmsall and South Kirkby,E05001457,7998,4528,2257,2271,41,41,2076,1380,696,1345,1177,168,8,2312,1353
2021,Stanley and Outwood East,E05001458,7258,5415,2633,2782,72,72,747,509,238,1024,898,126,0,2854,1024
2021,Wakefield East,E05001459,7083,2732,1283,1449,35,35,2595,1694,901,1710,1582,128,11,1484,1721
2021,Wakefield North,E05001460,7631,3630,1676,1954,35,35,1833,1162,671,2124,1971,153,9,1989,2133
2021,Wakefield Rural,E05001461,7670,5909,3211,2698,51,51,824,505,319,883,742,141,3,2749,886
2021,Wakefield South,E05001462,6268,4038,2257,1781,96,96,1122,694,428,1006,887,119,6,1877,1012
2021,Wakefield West,E05001463,6924,3377,1862,1515,47,47,2721,1938,783,773,665,108,6,1562,779
2021,Wrenthorpe and Outwood West,E05001464,7296,5435,2693,2742,87,87,1085,618,467,686,562,124,3,2829,689
2021,Billingham Central,E05001527,3193,1717,807,910,3,3,724,432,292,744,674,70,5,913,749
2021,Billingham East,E05001528,2923,1493,724,769,6,6,844,588,256,576,510,66,4,775,580
2021,Billingham North,E05001529,3784,3189,1686,1503,18,18,174,90,84,402,349,53,1,1521,403
2021,Billingham South,E05001530,2742,1543,785,758,5,5,701,432,269,489,450,39,4,763,493
2021,Billingham West,E05001531,2369,2078,1395,683,11,11,52,15,37,228,163,65,0,694,228
2021,Bishopsgarth and Elm Tree,E05001532,2914,2267,1313,954,19,19,346,184,162,282,225,57,0,973,282
2021,Eaglescliffe,E05001533,4598,3635,2001,1634,22,22,268,140,128,672,568,104,1,1656,673
2021,Fairfield (Stockton-on-Tees),E05001534,2431,1969,1198,771,9,9,180,76,104,271,222,49,2,780,273
2021,Grangefield,E05001535,2643,2179,1120,1059,5,5,224,123,101,235,186,49,0,1064,235
2021,Hardwick and Salters Lane,E05001536,3350,1318,482,836,18,18,1382,814,568,629,580,49,3,854,632
2021,Hartburn,E05001537,2744,2472,1487,985,1,1,34,14,20,237,176,61,0,986,237
2021,Ingleby Barwick East,E05001538,4089,3369,1450,1919,24,24,59,26,33,637,568,69,0,1943,637
2021,Ingleby Barwick West,E05001539,4788,4170,1317,2853,6,6,49,22,27,561,512,49,2,2859,563
2021,Mandale and Victoria,E05001540,4781,1857,750,1107,27,27,1468,571,897,1416,1229,187,13,1134,1429
2021,Newtown (Stockton-on-Tees),E05001541,2943,1274,607,667,5,5,955,514,441,702,636,66,7,672,709
2021,Northern Parishes,E05001542,1945,1695,686,1009,6,6,63,26,37,180,153,27,1,1015,181
2021,Norton North (Stockton-on-Tees),E05001543,3006,1705,939,766,1,1,723,343,380,572,500,72,5,767,577
2021,Norton South,E05001544,3119,1887,959,928,7,7,453,200,253,770,692,78,2,935,772
2021,Norton West,E05001545,2826,2350,1417,933,19,19,159,27,132,298,232,66,0,952,298
2021,Parkfield and Oxbridge,E05001546,3963,2087,831,1256,41,41,606,225,381,1223,1118,105,6,1297,1229
2021,Roseworth,E05001547,3040,1624,787,837,3,3,908,628,280,501,442,59,4,840,505
2021,Stainsby Hill,E05001548,2650,1535,874,661,15,15,716,495,221,379,329,50,5,676,384
2021,Stockton Town Centre,E05001549,3564,1084,376,708,49,49,1562,805,757,859,723,136,10,757,869
2021,Village (Stockton-on-Tees),E05001550,2982,1945,1036,909,5,5,505,227,278,525,453,72,2,914,527
2021,Western Parishes,E05001551,1487,1206,658,548,1,1,160,67,93,120,88,32,0,549,120
2021,Yarm,E05001552,4890,3762,2040,1722,59,59,365,122,243,704,610,94,0,1781,704
2021,Anchorsholme,E05001643,3149,2221,1415,806,12,12,190,140,50,722,632,90,4,818,726
2021,Bispham,E05001644,2909,2021,1168,853,3,3,64,27,37,821,729,92,0,856,821
2021,Bloomfield,E05001645,3304,1011,579,432,35,35,417,151,266,1837,1755,82,4,467,1841
2021,Brunswick,E05001646,3077,1353,697,656,9,9,492,237,255,1218,1135,83,5,665,1223
2021,Claremont (Blackpool),E05001647,3734,1146,600,546,15,15,648,267,381,1919,1828,91,6,561,1925
2021,Clifton (Blackpool),E05001648,3113,1719,893,826,4,4,693,520,173,691,619,72,6,830,697
2021,Greenlands (Blackpool),E05001649,3074,2036,1054,982,23,23,307,205,102,705,635,70,3,1005,708
2021,Hawes Side,E05001650,3201,1811,930,881,8,8,371,226,145,1007,907,100,4,889,1011
2021,Highfield (Blackpool),E05001651,2921,1989,1143,846,5,5,270,179,91,654,571,83,3,851,657
2021,Ingthorpe,E05001652,3230,1848,990,858,19,19,766,478,288,588,526,62,9,877,597
2021,Layton,E05001653,3074,1865,980,885,4,4,158,113,45,1045,956,89,2,889,1047
2021,Marton,E05001654,3118,2284,1146,1138,3,3,71,38,33,760,673,87,0,1141,760
2021,Norbreck,E05001655,2702,2274,1406,868,3,3,29,14,15,395,341,54,1,871,396
2021,Park (Blackpool),E05001656,3245,1401,713,688,18,18,1261,932,329,549,476,73,16,706,565
2021,Squires Gate,E05001657,2734,1958,1090,868,6,6,86,40,46,684,602,82,0,874,684
2021,Stanley (Blackpool),E05001658,3265,2391,1345,1046,9,9,223,92,131,641,557,84,1,1055,642
2021,Talbot,E05001659,3163,1240,703,537,8,8,116,26,90,1798,1717,81,1,545,1799
2021,Tyldesley (Blackpool),E05001660,2955,1758,923,835,8,8,162,119,43,1025,930,95,2,843,1027
2021,Victoria (Blackpool),E05001661,3011,1609,850,759,7,7,189,84,105,1205,1117,88,1,766,1206
2021,Warbreck (Blackpool),E05001662,2789,1766,926,840,4,4,54,19,35,964,877,87,1,844,965
2021,Waterloo (Blackpool),E05001663,3022,1532,796,736,11,11,138,42,96,1341,1260,81,0,747,1341
2021,Beverley Rural,E05001687,5918,4856,2937,1919,4,4,204,153,51,849,630,219,5,1923,854
2021,Bridlington Central and Old Town,E05001688,5037,2887,1870,1017,17,17,1091,887,204,1020,895,125,22,1034,1042
2021,Bridlington North,E05001689,6632,5170,3937,1233,17,17,381,236,145,1062,915,147,2,1250,1064
2021,Bridlington South,E05001690,6683,3336,2110,1226,33,33,868,636,232,2429,2237,192,17,1259,2446
2021,Cottingham North,E05001691,3710,2983,1798,1185,9,9,238,174,64,480,405,75,0,1194,480
2021,Cottingham South,E05001692,4330,3142,1827,1315,21,21,641,564,77,516,454,62,10,1336,526
2021,Dale,E05001693,7409,6020,3217,2803,37,37,300,270,30,1048,917,131,4,2840,1052
2021,Driffield and Rural,E05001694,7160,5136,3097,2039,58,58,493,343,150,1470,1281,189,3,2097,1473
2021,East Wolds and Coastal,E05001695,6463,4913,3113,1800,16,16,462,365,97,1066,833,233,6,1816,1072
2021,Goole North,E05001696,4815,3135,1665,1470,13,13,645,563,82,1004,922,82,18,1483,1022
2021,Goole South,E05001697,4667,2230,1240,990,10,10,835,702,133,1585,1487,98,7,1000,1592
2021,Hessle,E05001698,6795,4850,2360,2490,25,25,670,481,189,1237,1099,138,13,2515,1250
2021,Howden,E05001699,2440,1835,1042,793,15,15,182,154,28,399,348,51,9,808,408
2021,Howdenshire,E05001700,6485,5143,2930,2213,35,35,472,319,153,826,670,156,9,2248,835
2021,Mid Holderness,E05001701,6047,4877,2934,1943,9,9,414,334,80,739,596,143,8,1952,747
2021,Minster and Woodmansey,E05001702,7652,4932,2753,2179,60,60,1263,831,432,1372,1227,145,25,2239,1397
2021,North Holderness,E05001703,4701,3405,2266,1139,11,11,474,298,176,806,673,133,5,1150,811
2021,Pocklington Provincial,E05001704,8308,6310,3545,2765,59,59,809,519,290,1127,944,183,3,2824,1130
2021,St Mary's (East Riding of Yorkshire),E05001705,7450,5591,3388,2203,36,36,715,565,150,1092,942,150,16,2239,1108
2021,"Snaith, Airmyn, Rawcliffe and Marshland",E05001706,4274,3353,1848,1505,13,13,379,325,54,522,429,93,7,1518,529
2021,South East Holderness,E05001707,6564,4495,2915,1580,12,12,776,681,95,1270,1080,190,11,1592,1281
2021,South Hunsley,E05001708,4485,3768,2068,1700,14,14,232,143,89,467,407,60,4,1714,471
2021,South West Holderness,E05001709,6384,4883,2840,2043,34,34,472,350,122,988,843,145,7,2077,995
2021,Tranby,E05001710,4597,3453,1963,1490,11,11,532,484,48,597,510,87,4,1501,601
2021,Willerby and Kirk Ella,E05001711,5902,5173,3043,2130,22,22,143,97,46,561,457,104,3,2152,564
2021,Wolds Weighton,E05001712,7169,5322,2977,2345,46,46,585,400,185,1210,971,239,6,2391,1216
2021,Croft Baker,E05001713,5476,2992,1644,1348,23,23,877,215,662,1579,1442,137,5,1371,1584
2021,East Marsh,E05001714,4971,1444,752,692,18,18,1587,478,1109,1912,1813,99,10,710,1922
2021,Freshney,E05001715,4142,2866,1549,1317,10,10,696,264,432,560,486,74,10,1327,570
2021,Haverstoe,E05001716,4426,3690,2369,1321,13,13,273,76,197,448,373,75,2,1334,450
2021,Heneage,E05001717,4943,2924,1504,1420,22,22,396,103,293,1596,1482,114,5,1442,1601
2021,Humberston and New Waltham,E05001718,5282,4514,2620,1894,62,62,255,46,209,450,361,89,1,1956,451
2021,Immingham,E05001719,5035,3398,1847,1551,12,12,809,255,554,814,717,97,2,1563,816
2021,Park (North East Lincolnshire),E05001720,5151,3456,1859,1597,23,23,416,74,342,1256,1160,96,0,1620,1256
2021,Scartho,E05001721,5006,4050,2080,1970,36,36,335,83,252,584,503,81,1,2006,585
2021,Sidney Sussex,E05001722,5202,2818,1422,1396,13,13,268,54,214,2103,1939,164,0,1409,2103
2021,South (North East Lincolnshire),E05001723,5140,2396,1289,1107,18,18,1907,706,1201,811,732,79,8,1125,819
2021,Waltham,E05001724,3076,2517,1546,971,8,8,229,39,190,322,268,54,0,979,322
2021,West Marsh,E05001725,3652,1435,762,673,12,12,530,130,400,1674,1577,97,1,685,1675
2021,Wolds,E05001726,3201,2661,1383,1278,16,16,152,33,119,371,293,78,1,1294,372
2021,Yarborough,E05001727,5127,3424,1745,1679,75,75,463,174,289,1163,1038,125,2,1754,1165
2021,Ashby,E05001728,5750,3528,1514,2014,17,17,1003,477,526,1194,1083,111,8,2031,1202
2021,Axholme Central,E05001729,3256,2521,1501,1020,13,13,308,122,186,410,328,82,4,1033,414
2021,Axholme North,E05001730,3567,2568,1407,1161,6,6,468,205,263,522,447,75,3,1167,525
2021,Axholme South,E05001731,3032,2498,1515,983,6,6,243,103,140,285,226,59,0,989,285
2021,Barton (North Lincolnshire),E05001732,5365,3716,2042,1674,20,20,680,263,417,947,832,115,2,1694,949
2021,Bottesford (North Lincolnshire),E05001733,4955,4272,2602,1670,16,16,135,36,99,531,448,83,1,1686,532
2021,Brigg and Wolds,E05001734,5120,3540,2145,1395,11,11,664,237,427,897,774,123,8,1406,905
2021,Broughton and Appleby,E05001735,2866,2169,1238,931,5,5,211,66,145,479,404,75,2,936,481
2021,Brumby,E05001736,4853,2383,1266,1117,10,10,1842,1021,821,610,534,76,8,1127,618
2021,Burringham and Gunness,E05001737,1884,1281,830,451,10,10,257,95,162,332,280,52,4,461,336
2021,Burton upon Stather and Winterton,E05001738,4889,3709,2252,1457,16,16,425,178,247,739,617,122,0,1473,739
2021,Crosby and Park,E05001739,5322,2824,1473,1351,15,15,1080,578,502,1399,1268,131,4,1366,1403
2021,Ferry,E05001740,4934,3640,2051,1589,13,13,480,185,295,798,666,132,3,1602,801
2021,Frodingham,E05001741,3542,1784,922,862,3,3,1052,518,534,699,626,73,4,865,703
2021,Kingsway with Lincoln Gardens,E05001742,4682,3050,1618,1432,16,16,905,407,498,705,613,92,6,1448,711
2021,Ridge,E05001743,5587,4341,2639,1702,16,16,481,185,296,749,626,123,0,1718,749
2021,Town (North Lincolnshire),E05001744,3574,1574,816,758,12,12,720,359,361,1259,1156,103,9,770,1268
2021,Abbey (Derby),E05001767,6299,2382,1242,1140,50,50,1279,501,778,2575,2443,132,13,1190,2588
2021,Allestree,E05001768,5926,5185,3303,1882,40,40,151,102,49,546,455,91,4,1922,550
2021,Alvaston,E05001769,7428,3677,1791,1886,54,54,1757,1030,727,1924,1790,134,16,1940,1940
2021,Arboretum (Derby),E05001770,7848,2274,1239,1035,51,51,2166,899,1267,3338,3060,278,19,1086,3357
2021,Blagreaves,E05001771,5099,3721,2153,1568,39,39,565,376,189,769,681,88,5,1607,774
2021,Boulton,E05001772,5865,3618,1884,1734,9,9,1412,936,476,805,697,108,21,1743,826
2021,Chaddesden,E05001773,5554,3998,2156,1842,13,13,893,779,114,640,533,107,10,1855,650
2021,Chellaston,E05001774,6562,4629,2286,2343,86,86,1002,423,579,837,748,89,8,2429,845
2021,Darley,E05001775,6785,3147,1634,1513,125,125,1592,721,871,1916,1791,125,5,1638,1921
2021,Derwent,E05001776,5898,3146,1522,1624,18,18,1822,1532,290,888,785,103,24,1642,912
2021,Littleover,E05001777,5657,4123,2155,1968,71,71,541,131,410,919,823,96,3,2039,922
2021,Mackworth,E05001778,6585,3140,1498,1642,50,50,1662,1104,558,1717,1581,136,16,1692,1733
2021,Mickleover,E05001779,6486,5268,3193,2075,45,45,418,171,247,753,674,79,2,2120,755
2021,Normanton (Derby),E05001780,6089,2745,1397,1348,28,28,1286,746,540,2012,1803,209,18,1376,2030
2021,Oakwood (Derby),E05001781,5774,4309,2194,2115,35,35,469,294,175,957,881,76,4,2150,961
2021,Sinfin,E05001782,6185,2838,1307,1531,28,28,2122,1537,585,1181,1061,120,16,1559,1197
2021,Spondon,E05001783,5617,4170,2431,1739,48,48,716,433,283,680,587,93,3,1787,683
2021,Budshead,E05002078,5773,3181,1646,1535,93,93,1686,732,954,791,613,178,22,1628,813
2021,Compton,E05002079,5225,3473,1697,1776,20,20,351,51,300,1380,1254,126,1,1796,1381
2021,Devonport,E05002080,7452,2804,1240,1564,108,108,2301,828,1473,2233,2059,174,6,1672,2239
2021,Drake,E05002081,3712,881,439,442,24,24,463,73,390,2343,2240,103,1,466,2344
2021,Efford and Lipson,E05002082,5995,3016,1339,1677,64,64,1467,512,955,1442,1241,201,6,1741,1448
2021,Eggbuckland,E05002083,5706,4115,2212,1903,46,46,715,250,465,828,597,231,2,1949,830
2021,Ham,E05002084,6114,3495,1542,1953,158,158,1673,788,885,768,647,121,20,2111,788
2021,Honicknowle,E05002085,6133,3093,1584,1509,70,70,2179,1047,1132,756,640,116,35,1579,791
2021,Moor View,E05002086,5774,3869,2177,1692,50,50,1147,357,790,696,579,117,12,1742,708
2021,Peverell,E05002087,5691,4280,2056,2224,26,26,191,74,117,1192,1065,127,2,2250,1194
2021,Plympton Chaddlewood,E05002088,3501,2474,1149,1325,49,49,200,19,181,778,619,159,0,1374,778
2021,Plympton Erle,E05002089,3788,2818,1459,1359,37,37,516,112,404,415,354,61,2,1396,417
2021,Plympton St Mary,E05002090,5302,4462,2559,1903,38,38,216,63,153,585,491,94,1,1941,586
2021,Plymstock Dunstone,E05002091,5565,4368,2584,1784,92,92,320,95,225,783,584,199,2,1876,785
2021,Plymstock Radford,E05002092,6103,4728,2532,2196,93,93,360,109,251,921,656,265,1,2289,922
2021,St Budeaux,E05002093,5531,2911,1497,1414,68,68,1676,501,1175,872,751,121,4,1482,876
2021,St Peter and the Waterfront,E05002094,8951,2306,1386,920,81,81,2875,833,2042,3681,3460,221,8,1001,3689
2021,Southway,E05002095,5785,3462,1778,1684,130,130,1334,619,715,853,652,201,6,1814,859
2021,Stoke (Plymouth),E05002096,6122,3421,1587,1834,43,43,622,156,466,2032,1880,152,4,1877,2036
2021,Sutton and Mount Gould,E05002097,6330,2880,1318,1562,60,60,816,163,653,2572,2372,200,2,1622,2574
2021,Barnfield (Luton),E05002193,2656,2158,959,1199,4,4,37,10,27,457,412,45,0,1203,457
2021,Biscot,E05002194,4663,2157,1022,1135,12,12,587,266,321,1895,1758,137,12,1147,1907
2021,Bramingham,E05002195,2991,2331,1244,1087,7,7,119,77,42,533,495,38,1,1094,534
2021,Challney,E05002196,4772,2948,1447,1501,28,28,577,169,408,1219,1103,116,0,1529,1219
2021,Crawley,E05002197,3238,1943,830,1113,30,30,442,310,132,817,763,54,6,1143,823
2021,Dallow,E05002198,4929,2127,961,1166,22,22,585,168,417,2190,2036,154,5,1188,2195
2021,Farley,E05002199,4837,2069,919,1150,38,38,1304,937,367,1410,1319,91,16,1188,1426
2021,High Town,E05002200,4648,1344,629,715,37,37,666,362,304,2593,2458,135,8,752,2601
2021,Icknield,E05002201,3017,2282,1338,944,7,7,316,252,64,411,353,58,1,951,412
2021,Leagrave,E05002202,4826,2574,1142,1432,33,33,1336,941,395,880,807,73,3,1465,883
2021,Lewsey,E05002203,4955,2748,1178,1570,13,13,1361,1070,291,821,742,79,12,1583,833
2021,Limbury,E05002204,3032,2092,1118,974,11,11,219,159,60,706,659,47,4,985,710
2021,Northwell,E05002205,3144,1532,693,839,19,19,1045,904,141,535,483,52,13,858,548
2021,Round Green,E05002206,4624,2853,1324,1529,12,12,667,519,148,1088,1007,81,4,1541,1092
2021,Saints,E05002207,4467,2617,1074,1543,66,66,419,220,199,1358,1240,118,7,1609,1365
2021,South (Luton),E05002208,7346,1443,660,783,44,44,1806,1175,631,4031,3877,154,22,827,4053
2021,Stopsley,E05002209,2901,2263,1278,985,8,8,197,101,96,430,371,59,3,993,433
2021,Sundon Park,E05002210,3217,2042,1004,1038,11,11,656,476,180,503,450,53,5,1049,508
2021,Wigmore,E05002211,4666,3045,1473,1572,22,22,583,383,200,1008,945,63,8,1594,1016
2021,Belfairs,E05002212,4204,3211,1909,1302,9,9,410,313,97,568,478,90,6,1311,574
2021,Blenheim Park,E05002213,4446,3009,1473,1536,30,30,746,589,157,657,573,84,4,1566,661
2021,Chalkwell (Southend-on-Sea),E05002214,4472,2621,1341,1280,25,25,216,90,126,1608,1515,93,2,1305,1610
2021,Eastwood Park,E05002215,4057,3379,1987,1392,8,8,163,80,83,507,427,80,0,1400,507
2021,Kursaal,E05002216,5557,1846,786,1060,54,54,1338,322,1016,2317,2207,110,2,1114,2319
2021,Leigh,E05002217,4708,3127,1451,1676,10,10,83,42,41,1488,1341,147,0,1686,1488
2021,Milton (Southend-on-Sea),E05002218,5668,2307,1141,1166,20,20,243,75,168,3096,2953,143,2,1186,3098
2021,Prittlewell,E05002219,4446,3045,1563,1482,7,7,426,222,204,966,887,79,2,1489,968
2021,St Laurence,E05002220,4480,3178,1676,1502,39,39,605,438,167,655,579,76,3,1541,658
2021,St. Luke's (Southend-on-Sea),E05002221,4639,2938,1315,1623,24,24,478,339,139,1191,1094,97,8,1647,1199
2021,Shoeburyness,E05002222,5141,2919,1482,1437,59,59,1143,465,678,1018,924,94,2,1496,1020
2021,Southchurch,E05002223,4193,2671,1609,1062,22,22,840,456,384,655,586,69,5,1084,660
2021,Thorpe (Southend-on-Sea),E05002224,3956,3248,2003,1245,13,13,59,25,34,636,547,89,0,1258,636
2021,Victoria (Southend-on-Sea),E05002225,5974,2027,860,1167,147,147,1450,844,606,2346,2180,166,4,1314,2350
2021,Westborough (Southend-on-Sea),E05002226,4628,2649,1025,1624,13,13,97,33,64,1868,1719,149,1,1637,1869
2021,West Leigh,E05002227,3852,3114,1613,1501,7,7,109,55,54,622,569,53,0,1508,622
2021,West Shoebury,E05002228,3926,2737,1488,1249,15,15,610,430,180,563,507,56,1,1264,564
2021,Aveley and Uplands,E05002229,4084,2704,936,1768,37,37,794,692,102,547,479,68,2,1805,549
2021,Belhus,E05002230,3891,2155,801,1354,18,18,1226,1149,77,487,428,59,5,1372,492
2021,Chadwell St Mary,E05002231,3961,2211,1028,1183,5,5,1364,1268,96,378,330,48,3,1188,381
2021,Chafford and North Stifford,E05002232,2842,2187,644,1543,10,10,48,25,23,596,544,52,1,1553,597
2021,Corringham and Fobbing,E05002233,2272,1939,1094,845,3,3,73,56,17,257,215,42,0,848,257
2021,East Tilbury,E05002234,2805,2017,823,1194,33,33,240,101,139,514,467,47,1,1227,515
2021,Grays Riverside,E05002235,5272,2348,719,1629,53,53,962,669,293,1902,1804,98,7,1682,1909
2021,Grays Thurrock,E05002236,3555,2055,877,1178,17,17,668,596,72,813,733,80,2,1195,815
2021,Little Thurrock Blackshots,E05002237,2653,2125,1055,1070,10,10,281,250,31,237,191,46,0,1080,237
2021,Little Thurrock Rectory,E05002238,2461,1841,857,984,9,9,148,107,41,459,408,51,4,993,463
2021,Ockendon,E05002239,4643,2842,956,1886,21,21,1227,1002,225,549,489,60,4,1907,553
2021,Orsett,E05002240,2456,1993,1024,969,4,4,129,119,10,330,276,54,0,973,330
2021,South Chafford,E05002241,2650,1760,362,1398,5,5,23,7,16,862,815,47,0,1403,862
2021,Stanford East and Corringham Town,E05002242,3534,2316,1227,1089,10,10,767,561,206,435,370,65,6,1099,441
2021,Stanford-le-Hope West,E05002243,3066,2059,847,1212,37,37,379,226,153,591,534,57,0,1249,591
2021,Stifford Clays,E05002244,2564,1794,851,943,9,9,600,535,65,160,134,26,1,952,161
2021,The Homesteads,E05002245,3225,2837,1431,1406,5,5,76,63,13,307,258,49,0,1411,307
2021,Tilbury Riverside and Thurrock Park,E05002246,2849,1156,418,738,12,12,1023,872,151,654,614,40,4,750,658
2021,Tilbury St Chads,E05002247,2369,1052,385,667,10,10,846,751,95,458,419,39,3,677,461
2021,West Thurrock and South Stifford,E05002248,5217,2626,575,2051,136,136,855,587,268,1595,1509,86,5,2187,1600
2021,Chatham Central,E05002249,6491,2918,1277,1641,39,39,1340,308,1032,2187,2071,116,7,1680,2194
2021,Cuxton and Halling,E05002250,2664,2172,1031,1141,59,59,204,22,182,227,195,32,2,1200,229
2021,Gillingham North,E05002251,7515,3236,1368,1868,217,217,1447,763,684,2610,2463,147,5,2085,2615
2021,Gillingham South,E05002252,6643,3378,1503,1875,39,39,532,256,276,2689,2507,182,5,1914,2694
2021,Hempstead and Wigmore,E05002253,3191,2842,1634,1208,7,7,32,9,23,310,265,45,0,1215,310
2021,Lordswood and Capstone,E05002254,3691,2730,1281,1449,50,50,379,61,318,531,471,60,1,1499,532
2021,Luton and Wayfield,E05002255,5984,3026,1316,1710,66,66,1345,232,1113,1538,1409,129,9,1776,1547
2021,Peninsula,E05002256,6395,4932,2515,2417,104,104,675,111,564,684,552,132,0,2521,684
2021,Princes Park (Medway),E05002257,3983,2775,1038,1737,50,50,546,107,439,610,560,50,2,1787,612
2021,Rainham Central,E05002258,4996,4237,2462,1775,20,20,248,192,56,487,413,74,4,1795,491
2021,Rainham North,E05002259,3991,2897,1547,1350,45,45,300,180,120,747,665,82,2,1395,749
2021,Rainham South,E05002260,5519,4221,2096,2125,32,32,417,205,212,845,758,87,4,2157,849
2021,River (Medway),E05002261,5263,2147,831,1316,232,232,1146,294,852,1732,1449,283,6,1548,1738
2021,Rochester East,E05002262,4433,2436,1075,1361,81,81,896,110,786,1018,939,79,2,1442,1020
2021,Rochester South and Horsted,E05002263,5305,4128,2094,2034,96,96,382,55,327,698,607,91,1,2130,699
2021,Rochester West,E05002264,4635,2662,1252,1410,98,98,754,78,676,1119,987,132,2,1508,1121
2021,Strood North,E05002265,5581,3825,1888,1937,51,51,469,51,418,1236,1114,122,0,1988,1236
2021,Strood Rural,E05002266,6116,4643,2101,2542,109,109,711,85,626,652,556,96,1,2651,653
2021,Strood South,E05002267,6354,3954,1637,2317,135,135,1305,210,1095,960,839,121,0,2452,960
2021,Twydall,E05002268,5422,3544,1747,1797,34,34,1256,1038,218,573,494,79,15,1831,588
2021,Walderslade,E05002269,3791,2730,1312,1418,44,44,596,116,480,419,353,66,2,1462,421
2021,Watling (Medway),E05002270,3495,2693,1386,1307,36,36,150,67,83,616,550,66,0,1343,616
2021,Ascot,E05002271,2351,1808,878,930,3,3,132,48,84,404,345,59,4,933,408
2021,Binfield with Warfield,E05002272,4935,3702,1412,2290,181,181,385,100,285,666,576,90,1,2471,667
2021,Bullbrook,E05002273,2883,1551,612,939,90,90,732,196,536,506,469,37,4,1029,510
2021,Central Sandhurst,E05002274,2126,1597,734,863,2,2,223,65,158,304,276,28,0,865,304
2021,College Town,E05002275,1988,1505,786,719,7,7,124,28,96,352,193,159,0,726,352
2021,Crown Wood,E05002276,3339,2004,690,1314,39,39,604,246,358,687,638,49,5,1353,692
2021,Crowthorne,E05002277,2492,1805,831,974,87,87,226,38,188,374,332,42,0,1061,374
2021,Great Hollands North,E05002278,2938,1832,568,1264,128,128,583,216,367,393,354,39,2,1392,395
2021,Great Hollands South,E05002279,1892,1347,649,698,12,12,376,150,226,157,137,20,0,710,157
2021,Hanworth,E05002280,3440,2208,980,1228,15,15,749,259,490,468,417,51,0,1243,468
2021,Harmans Water,E05002281,3744,2277,876,1401,69,69,797,282,515,596,548,48,5,1470,601
2021,Little Sandhurst and Wellington,E05002282,2062,1699,859,840,13,13,100,21,79,249,174,75,1,853,250
2021,Old Bracknell,E05002283,2382,1332,515,817,10,10,697,205,492,341,310,31,2,827,343
2021,Owlsmoor,E05002284,1983,1596,697,899,10,10,168,62,106,208,187,21,1,909,209
2021,Priestwood and Garth,E05002285,3588,1825,746,1079,70,70,1085,403,682,600,558,42,8,1149,608
2021,Warfield Harvest Ride,E05002286,3138,2453,954,1499,35,35,164,31,133,486,450,36,0,1534,486
2021,Wildridings and Central,E05002287,2796,1174,504,670,95,95,698,145,553,824,776,48,5,765,829
2021,Winkfield and Cranbourne,E05002288,2173,1827,1199,628,9,9,52,18,34,285,216,69,0,637,285
2021,Arborfield,E05002372,1122,729,281,448,32,32,93,38,55,268,211,57,0,480,268
2021,Barkham,E05002373,1786,1257,517,740,45,45,98,41,57,385,304,81,1,785,386
2021,Bulmershe and Whitegates,E05002374,3514,2552,1317,1235,54,54,404,217,187,502,449,53,2,1289,504
2021,Charvil,E05002375,1151,956,497,459,7,7,85,58,27,103,91,12,0,466,103
2021,Coronation,E05002376,2204,1911,1098,813,14,14,54,46,8,225,200,25,0,827,225
2021,Emmbrook,E05002377,4087,3054,1574,1480,171,171,271,94,177,589,535,54,2,1651,591
2021,Evendons,E05002378,3773,2991,1444,1547,34,34,232,50,182,514,472,42,2,1581,516
2021,Finchampstead North,E05002379,2132,1874,952,922,5,5,86,75,11,166,153,13,1,927,167
2021,Finchampstead South,E05002380,2408,1953,1003,950,38,38,215,157,58,198,158,40,4,988,202
2021,Hawkedon,E05002381,3771,2745,1178,1567,41,41,140,14,126,844,795,49,1,1608,845
2021,Hillside (Wokingham),E05002382,3289,2671,1457,1214,18,18,104,32,72,496,455,41,0,1232,496
2021,Hurst,E05002383,1150,893,449,444,3,3,62,42,20,192,156,36,0,447,192
2021,Loddon,E05002384,4147,3082,1298,1784,57,57,447,290,157,560,515,45,1,1841,561
2021,Maiden Erlegh,E05002385,3329,2745,1357,1388,17,17,69,32,37,494,444,50,4,1405,498
2021,Norreys,E05002386,4800,3293,1606,1687,158,158,748,478,270,599,549,50,2,1845,601
2021,"Remenham, Wargrave and Ruscombe",E05002387,2321,1748,993,755,12,12,257,181,76,302,211,91,2,767,304
2021,Shinfield North,E05002388,1355,776,312,464,38,38,272,192,80,268,250,18,1,502,269
2021,Shinfield South,E05002389,4782,3546,994,2552,321,321,408,147,261,507,455,52,0,2873,507
2021,Sonning,E05002390,1264,1024,562,462,3,3,92,66,26,143,119,24,2,465,145
2021,South Lake,E05002391,2324,1973,979,994,28,28,72,23,49,251,231,20,0,1022,251
2021,Swallowfield,E05002392,1420,1038,531,507,59,59,160,117,43,161,129,32,2,566,163
2021,Twyford,E05002393,2632,1913,974,939,24,24,180,129,51,513,476,37,2,963,515
2021,Wescott,E05002394,3128,2091,897,1194,55,55,322,135,187,658,596,62,2,1249,660
2021,Winnersh,E05002395,4062,2995,1242,1753,187,187,384,132,252,495,436,59,1,1940,496
2021,Wokingham Without,E05002396,3217,2788,1442,1346,5,5,75,56,19,348,275,73,1,1351,349
2021,Brunswick and Adelaide,E05002420,5696,1986,809,1177,11,11,280,49,231,3418,3259,159,1,1188,3419
2021,Central Hove,E05002421,5306,2039,990,1049,42,42,326,117,209,2897,2762,135,2,1091,2899
2021,East Brighton,E05002422,6570,2123,1101,1022,29,29,2649,2030,619,1732,1605,127,37,1051,1769
2021,Goldsmid,E05002423,7872,3652,1716,1936,77,77,635,363,272,3499,3317,182,9,2013,3508
2021,Hangleton and Knoll,E05002424,5983,3688,1865,1823,30,30,1456,1137,319,787,693,94,22,1853,809
2021,Hanover and Elm Grove,E05002425,6570,3165,1273,1892,86,86,903,518,385,2408,2251,157,8,1978,2416
2021,Hollingdean and Stanmer,E05002426,5212,2428,1118,1310,30,30,1650,1161,489,1070,966,104,34,1340,1104
2021,Moulsecoomb and Bevendean,E05002427,5731,2049,993,1056,61,61,1978,1421,557,1612,1500,112,31,1117,1643
2021,North Portslade,E05002428,4128,2766,1299,1467,36,36,759,431,328,560,495,65,7,1503,567
2021,Patcham,E05002429,5748,4396,2254,2142,22,22,601,500,101,725,638,87,4,2164,729
2021,Preston Park,E05002430,6527,3828,1636,2192,63,63,388,129,259,2246,2107,139,2,2255,2248
2021,Queen's Park (Brighton and Hove),E05002431,7909,2573,1288,1285,72,72,2181,1651,530,3037,2854,183,46,1357,3083
2021,Regency,E05002432,5534,1732,869,863,17,17,394,101,293,3389,3245,144,2,880,3391
2021,Rottingdean Coastal,E05002433,6721,4561,2871,1690,60,60,304,133,171,1794,1654,140,2,1750,1796
2021,St. Peter's and North Laine,E05002434,8570,3002,1342,1660,164,164,1064,450,614,4325,4125,200,15,1824,4340
2021,South Portslade,E05002435,4063,2602,1124,1478,32,32,622,370,252,799,716,83,8,1510,807
2021,Hove Park,E05002436,4226,3370,1680,1690,42,42,115,50,65,699,626,73,0,1732,699
2021,Westbourne (Brighton and Hove),E05002437,4553,2563,1186,1377,50,50,355,115,240,1580,1495,85,5,1427,1585
2021,Wish,E05002438,4242,2678,1212,1466,7,7,520,332,188,1030,953,77,7,1473,1037
2021,Withdean,E05002439,6321,4446,2251,2195,39,39,241,90,151,1592,1485,107,3,2234,1595
2021,Woodingdean,E05002440,3914,2767,1567,1200,25,25,630,439,191,484,419,65,8,1225,492
2021,Baffins,E05002441,6148,4362,2099,2263,85,85,688,308,380,1008,883,125,5,2348,1013
2021,Central Southsea,E05002442,6342,3008,1378,1630,42,42,433,84,349,2857,2665,192,2,1672,2859
2021,Charles Dickens,E05002443,7750,1068,525,543,142,142,4944,3688,1256,1540,1425,115,56,685,1596
2021,Copnor,E05002444,5220,3919,1856,2063,33,33,142,35,107,1123,994,129,3,2096,1126
2021,Cosham,E05002445,5859,3584,1796,1788,53,53,1254,815,439,953,825,128,15,1841,968
2021,Drayton and Farlington,E05002446,5445,4498,2423,2075,23,23,199,104,95,722,526,196,3,2098,725
2021,Eastney and Craneswater,E05002447,5969,3277,1828,1449,38,38,405,114,291,2245,2010,235,4,1487,2249
2021,Fratton,E05002448,6452,3024,1184,1840,53,53,722,298,424,2640,2482,158,13,1893,2653
2021,Hilsea,E05002449,5855,3574,1695,1879,54,54,891,329,562,1324,1050,274,12,1933,1336
2021,Milton (Portsmouth),E05002450,6300,3891,1762,2129,82,82,639,244,395,1682,1516,166,6,2211,1688
2021,Nelson (Portsmouth),E05002451,6465,2997,1337,1660,35,35,1327,905,422,2090,1922,168,16,1695,2106
2021,Paulsgrove,E05002452,5736,3043,1414,1629,47,47,1720,1305,415,906,732,174,20,1676,926
2021,St Jude,E05002453,6131,2603,1322,1281,48,48,470,76,394,3004,2838,166,6,1329,3010
2021,St Thomas (Portsmouth),E05002454,6481,2176,1343,833,34,34,1671,1089,582,2574,2326,248,26,867,2600
2021,Bargate,E05002455,9279,2220,844,1376,173,173,2105,1142,963,4770,4592,178,11,1549,4781
2021,Bassett,E05002456,5300,3239,1735,1504,22,22,631,495,136,1400,1295,105,8,1526,1408
2021,Bevois,E05002457,6788,1586,669,917,53,53,1365,613,752,3778,3593,185,6,970,3784
2021,Bitterne,E05002458,6162,2661,1325,1336,53,53,2798,2413,385,632,560,72,18,1389,650
2021,Bitterne Park,E05002459,6095,3859,1860,1999,54,54,540,230,310,1642,1519,123,0,2053,1642
2021,Coxford,E05002460,5932,3188,1476,1712,30,30,1824,1441,383,879,807,72,11,1742,890
2021,Freemantle,E05002461,7501,3058,1360,1698,52,52,737,201,536,3651,3494,157,3,1750,3654
2021,Harefield,E05002462,6157,3724,1813,1911,70,70,1458,1077,381,888,799,89,17,1981,905
2021,Millbrook,E05002463,6627,3403,1615,1788,67,67,1592,1177,415,1556,1448,108,9,1855,1565
2021,Peartree (Southampton),E05002464,5955,3694,1597,2097,43,43,938,616,322,1272,1171,101,8,2140,1280
2021,Portswood,E05002465,5957,2447,1369,1078,30,30,783,288,495,2689,2567,122,8,1108,2697
2021,Redbridge,E05002466,6677,3103,1326,1777,75,75,2478,2073,405,1006,922,84,15,1852,1021
2021,Shirley,E05002467,6101,3370,1683,1687,58,58,1078,728,350,1590,1491,99,5,1745,1595
2021,Sholing,E05002468,6172,4311,2098,2213,45,45,717,457,260,1098,987,111,1,2258,1099
2021,Swaythling,E05002469,4696,1737,858,879,45,45,1438,722,716,1474,1391,83,2,924,1476
2021,Woolston,E05002470,6894,3238,1421,1817,192,192,1914,1284,630,1538,1428,110,12,2009,1550
2021,Alfreton,E05003280,3982,2360,1254,1106,27,27,942,303,639,647,574,73,6,1133,653
2021,Alport,E05003281,1143,936,675,261,5,5,56,18,38,146,112,34,0,266,146
2021,Belper Central,E05003282,2529,1845,1092,753,22,22,191,33,158,468,419,49,3,775,471
2021,Belper East,E05003283,2517,1994,1051,943,18,18,166,44,122,339,302,37,0,961,339
2021,Belper North,E05003284,2148,1762,1118,644,9,9,104,30,74,270,237,33,3,653,273
2021,Codnor and Waingroves,E05003286,2189,1660,975,685,8,8,217,62,155,303,260,43,1,693,304
2021,Crich,E05003287,1204,895,575,320,12,12,163,45,118,133,110,23,1,332,134
2021,Heage and Ambergate,E05003289,2162,1806,1115,691,3,3,119,46,73,234,177,57,0,694,234
2021,Heanor and Loscoe,E05003290,2275,1733,938,795,5,5,230,92,138,304,258,46,3,800,307
2021,Heanor West,E05003292,2870,1820,951,869,9,9,399,135,264,637,582,55,5,878,642
2021,Ironville and Riddings,E05003293,2801,1764,997,767,19,19,561,165,396,457,415,42,0,786,457
2021,Langley Mill and Aldercar,E05003295,2595,1453,715,738,8,8,586,215,371,547,504,43,1,746,548
2021,Ripley,E05003296,4272,2911,1650,1261,50,50,553,188,365,750,665,85,8,1311,758
2021,Ripley and Marehay,E05003297,2468,1763,1071,692,8,8,421,140,281,273,234,39,3,700,276
2021,Somercotes,E05003299,2734,1571,815,756,9,9,637,219,418,513,446,67,4,765,517
2021,South West Parishes,E05003300,1665,1307,645,662,5,5,99,23,76,254,221,33,0,667,254
2021,Swanwick,E05003301,2267,1914,1178,736,7,7,111,31,80,235,187,48,0,743,235
2021,Wingfield,E05003302,1050,845,546,299,1,1,104,37,67,100,83,17,0,300,100
2021,Barrow Hill and New Whittington,E05003323,2672,1729,1015,714,2,2,525,457,68,410,367,43,6,716,416
2021,Brimington North,E05003324,1943,1211,621,590,4,4,285,150,135,439,389,50,4,594,443
2021,Brimington South,E05003325,2771,2052,1212,840,2,2,435,359,76,278,233,45,4,842,282
2021,Brockwell,E05003326,3040,2235,1338,897,15,15,145,66,79,645,586,59,0,912,645
2021,Dunston,E05003327,3167,1576,877,699,10,10,1176,1112,64,398,349,49,7,709,405
2021,Hasland,E05003328,2900,2006,1167,839,14,14,399,239,160,480,436,44,1,853,481
2021,Hollingwood and Inkersall,E05003329,3241,2395,1295,1100,7,7,473,368,105,364,314,50,2,1107,366
2021,Holmebrook,E05003330,2187,961,478,483,3,3,506,422,84,713,632,81,4,486,717
2021,Linacre (Chesterfield),E05003331,1731,1414,875,539,13,13,180,109,71,122,104,18,2,552,124
2021,Loundsley Green,E05003332,1966,883,499,384,31,31,899,849,50,147,119,28,6,415,153
2021,Lowgates and Woodthorpe,E05003333,1981,1217,662,555,3,3,501,479,22,257,231,26,3,558,260
2021,Middlecroft and Poolsbrook,E05003334,2134,897,472,425,9,9,919,815,104,301,275,26,8,434,309
2021,Moor,E05003335,2098,1159,659,500,3,3,485,445,40,449,396,53,2,503,451
2021,Old Whittington,E05003336,1972,1100,637,463,5,5,543,447,96,319,285,34,5,468,324
2021,Rother,E05003337,3009,1273,770,503,2,2,1446,1315,131,278,245,33,10,505,288
2021,St Helen's (Chesterfield),E05003338,2268,1083,487,596,3,3,629,507,122,542,496,46,11,599,553
2021,St Leonard's (Chesterfield),E05003339,3777,2329,1238,1091,23,23,297,205,92,1123,1009,114,5,1114,1128
2021,Walton (Chesterfield),E05003340,2482,2211,1454,757,5,5,42,31,11,224,173,51,0,762,224
2021,West (Chesterfield),E05003341,2706,2340,1491,849,4,4,72,50,22,289,242,47,1,853,290
2021,Ashbourne North,E05003342,1725,1071,687,384,14,14,335,107,228,305,255,50,0,398,305
2021,Ashbourne South,E05003343,2536,1662,919,743,77,77,444,123,321,353,310,43,0,820,353
2021,Bakewell,E05003344,2037,1416,1056,360,20,20,319,71,248,282,231,51,0,380,282
2021,Bradwell (Derbyshire Dales),E05003345,837,632,415,217,5,5,107,26,81,93,72,21,0,222,93
2021,Brailsford,E05003346,873,686,412,274,11,11,47,1,46,129,105,24,0,285,129
2021,Calver,E05003347,829,665,448,217,0,0,82,14,68,82,52,30,0,217,82
2021,Carsington Water,E05003348,779,632,413,219,3,3,43,11,32,101,71,30,0,222,101
2021,Chatsworth,E05003349,734,461,318,143,5,5,66,7,59,202,122,80,0,148,202
2021,Clifton and Bradley,E05003350,787,582,389,193,1,1,22,7,15,182,152,30,0,194,182
2021,Darley Dale,E05003351,2679,1965,1330,635,27,27,347,79,268,337,285,52,3,662,340
2021,Dovedale and Parwich,E05003352,703,488,362,126,2,2,63,14,49,150,129,21,0,128,150
2021,Doveridge and Sudbury,E05003353,934,718,413,305,5,5,48,6,42,161,140,21,2,310,163
2021,Hartington and Taddington,E05003354,703,552,404,148,4,4,39,9,30,108,76,32,0,152,108
2021,Hathersage and Eyam,E05003355,1672,1256,846,410,14,14,200,37,163,202,151,51,0,424,202
2021,Hulland,E05003356,820,688,467,221,17,17,35,6,29,80,56,24,0,238,80
2021,Lathkill and Bradford,E05003357,704,480,355,125,5,5,93,21,72,126,99,27,0,130,126
2021,Litton and Longstone,E05003358,694,531,377,154,1,1,37,8,29,125,97,28,0,155,125
2021,Masson,E05003359,1324,996,672,324,3,3,122,32,90,203,165,38,0,327,203
2021,Matlock All Saints,E05003360,2592,1861,1200,661,23,23,336,48,288,372,320,52,0,684,372
2021,Matlock St Giles,E05003361,2571,1670,1109,561,22,22,620,167,453,256,194,62,3,583,259
2021,Norbury,E05003362,712,575,351,224,2,2,33,6,27,102,76,26,0,226,102
2021,Stanton (Derbyshire Dales),E05003363,784,575,349,226,1,1,57,13,44,150,126,24,1,227,151
2021,Tideswell,E05003364,799,548,368,180,19,19,115,21,94,117,89,28,0,199,117
2021,Winster and South Darley,E05003365,740,568,419,149,3,3,69,13,56,100,81,19,0,152,100
2021,Wirksworth,E05003366,2705,1953,1326,627,34,34,395,93,302,323,272,51,0,661,323
2021,Bradninch,E05003510,853,560,302,258,1,1,156,104,52,136,106,30,0,259,136
2021,Cadbury,E05003511,710,543,348,195,8,8,56,44,12,101,82,19,2,203,103
2021,Canonsleigh,E05003512,1366,1050,633,417,8,8,89,75,14,218,170,48,1,425,219
2021,Castle (Mid Devon),E05003513,2054,1232,782,450,10,10,152,29,123,658,599,59,2,460,660
2021,Clare and Shuttern,E05003514,1575,1138,792,346,15,15,136,101,35,284,227,57,2,361,286
2021,Cranmore,E05003515,2336,1503,978,525,17,17,404,264,140,407,350,57,5,542,412
2021,Cullompton North,E05003516,1910,1252,635,617,26,26,261,122,139,370,335,35,1,643,371
2021,Cullompton Outer,E05003517,1169,845,398,447,34,34,76,22,54,214,167,47,0,481,214
2021,Cullompton South,E05003518,1891,1218,626,592,30,30,263,136,127,371,340,31,9,622,380
2021,Halberton,E05003519,903,657,384,273,16,16,87,46,41,141,115,26,2,289,143
2021,Lawrence,E05003520,1843,1117,685,432,12,12,264,103,161,449,419,30,1,444,450
2021,Lower Culm,E05003521,2525,1721,941,780,31,31,403,221,182,364,321,43,6,811,370
2021,Lowman,E05003522,2824,1516,775,741,55,55,497,395,102,747,698,49,9,796,756
2021,Sandford and Creedy,E05003524,1413,1102,735,367,4,4,97,84,13,209,153,56,1,371,210
2021,Silverton,E05003525,885,686,419,267,0,0,87,60,27,112,97,15,0,267,112
2021,Taw,E05003526,691,559,351,208,0,0,41,34,7,90,68,22,1,208,91
2021,Taw Vale,E05003527,762,592,379,213,3,3,82,60,22,85,73,12,0,216,85
2021,Upper Culm,E05003528,1792,1322,826,496,21,21,140,88,52,309,238,71,0,517,309
2021,Upper Yeo,E05003529,744,553,332,221,0,0,50,33,17,141,116,25,0,221,141
2021,Way,E05003530,680,542,335,207,5,5,31,26,5,101,77,24,1,212,102
2021,Westexe,E05003531,2620,1573,861,712,9,9,650,453,197,385,333,52,3,721,388
2021,Billericay East,E05004021,4872,3941,2024,1917,11,11,330,176,154,590,516,74,0,1928,590
2021,Billericay West,E05004022,5050,4006,2096,1910,13,13,367,269,98,661,594,67,3,1923,664
2021,Burstead,E05004023,4591,3917,2236,1681,11,11,289,254,35,373,318,55,1,1692,374
2021,Crouch,E05004024,3496,2590,1254,1336,23,23,408,212,196,473,424,49,2,1359,475
2021,Fryerns,E05004025,5894,3131,1220,1911,86,86,1969,1321,648,695,612,83,13,1997,708
2021,Laindon Park,E05004026,5717,3340,1463,1877,73,73,1645,1089,556,645,564,81,14,1950,659
2021,Langdon Hills,E05004027,3567,2761,1291,1470,38,38,326,230,96,442,393,49,0,1508,442
2021,Lee Chapel North,E05004028,5808,2563,1137,1426,80,80,2272,1147,1125,883,827,56,10,1506,893
2021,Nethermayne,E05004029,5825,3342,1468,1874,31,31,1058,818,240,1385,1259,126,9,1905,1394
2021,Pitsea North West,E05004030,5380,2507,1020,1487,220,220,1865,1535,330,778,692,86,10,1707,788
2021,Pitsea South East,E05004031,5168,2873,1499,1374,64,64,1446,1091,355,769,695,74,16,1438,785
2021,St Martin's (Basildon),E05004032,4096,1802,730,1072,36,36,1385,1080,305,865,795,70,8,1108,873
2021,Vange,E05004033,4009,1655,695,960,74,74,1789,654,1135,485,440,45,6,1034,491
2021,Wickford Castledon,E05004034,3406,2779,1588,1191,36,36,174,120,54,414,351,63,3,1227,417
2021,Wickford North,E05004035,5499,4239,2197,2042,31,31,528,411,117,700,619,81,1,2073,701
2021,Wickford Park,E05004036,3979,2849,1111,1738,49,49,362,156,206,715,661,54,4,1787,719
2021,Brentwood North,E05004067,3149,2030,935,1095,39,39,432,205,227,635,573,62,13,1134,648
2021,Brentwood South,E05004068,2886,1533,659,874,17,17,605,471,134,726,656,70,5,891,731
2021,Brentwood West,E05004069,3448,2109,757,1352,57,57,454,213,241,823,771,52,5,1409,828
2021,Brizes and Doddinghurst,E05004070,2315,1919,1063,856,8,8,199,129,70,188,144,44,1,864,189
2021,"Herongate, Ingrave and West Horndon",E05004071,1552,1305,684,621,2,2,47,44,3,197,168,29,1,623,198
2021,Hutton Central,E05004072,1652,1233,675,558,1,1,230,211,19,184,163,21,4,559,188
2021,Hutton East,E05004073,1448,1154,567,587,8,8,132,125,7,153,130,23,1,595,154
2021,Hutton North,E05004074,1775,1205,643,562,3,3,301,253,48,265,240,25,1,565,266
2021,Hutton South,E05004075,1569,1327,736,591,3,3,25,5,20,214,192,22,0,594,214
2021,"Ingatestone, Fryerning and Mountnessing",E05004076,2779,2000,1155,845,34,34,316,263,53,422,364,58,7,879,429
2021,Pilgrims Hatch,E05004077,2470,1753,905,848,9,9,456,416,40,246,202,44,6,857,252
2021,Shenfield,E05004078,2168,1816,1006,810,8,8,14,8,6,329,295,34,1,818,330
2021,South Weald,E05004079,791,641,318,323,2,2,26,10,16,122,101,21,0,325,122
2021,Tipps Cross,E05004080,1517,1314,771,543,5,5,118,70,48,78,57,21,2,548,80
2021,Warley (Brentwood),E05004081,2828,1918,923,995,21,21,308,226,82,580,534,46,1,1016,581
2021,Appleton (Castle Point),E05004082,2689,2325,1257,1068,14,14,105,91,14,244,204,40,1,1082,245
2021,Boyce,E05004083,2650,2313,1232,1081,15,15,32,7,25,290,245,45,0,1096,290
2021,Canvey Island Central,E05004084,2776,1933,1078,855,11,11,403,361,42,424,361,63,5,866,429
2021,Canvey Island East,E05004085,2635,2160,1209,951,2,2,99,90,9,372,322,50,2,953,374
2021,Canvey Island North,E05004086,3061,2551,1727,824,8,8,95,71,24,406,354,52,1,832,407
2021,Canvey Island South,E05004087,3137,2320,1431,889,6,6,166,109,57,643,584,59,2,895,645
2021,Canvey Island West,E05004088,2013,1559,896,663,4,4,92,54,38,358,320,38,0,667,358
2021,Canvey Island Winter Gardens,E05004089,2555,1714,772,942,10,10,366,169,197,462,425,37,3,952,465
2021,Cedar Hall,E05004090,2727,2323,1298,1025,31,31,85,32,53,287,244,43,1,1056,288
2021,St George's (Castle Point),E05004091,2291,1942,1028,914,7,7,91,84,7,250,215,35,1,921,251
2021,St James (Castle Point),E05004092,3117,2396,1412,984,14,14,126,60,66,576,510,66,5,998,581
2021,St Mary's (Castle Point),E05004093,2607,2145,1194,951,4,4,123,85,38,334,290,44,1,955,335
2021,St Peter's (Castle Point),E05004094,2632,2225,1245,980,3,3,51,16,35,353,306,47,0,983,353
2021,Victoria (Castle Point),E05004095,2502,2029,1158,871,7,7,219,193,26,241,206,35,6,878,247
2021,Bicknacre and East and West Hanningfield,E05004096,2180,1803,1075,728,17,17,147,18,129,213,166,47,0,745,213
2021,Boreham and The Leighs,E05004097,2751,1970,936,1034,36,36,409,58,351,335,281,54,1,1070,336
2021,Broomfield and The Walthams,E05004098,4436,3068,1445,1623,115,115,820,101,719,430,351,79,3,1738,433
2021,Chelmer Village and Beaulieu Park,E05004099,4450,3187,1293,1894,37,37,481,49,432,745,683,62,0,1931,745
2021,Chelmsford Rural West,E05004100,1275,980,542,438,11,11,124,20,104,160,119,41,0,449,160
2021,Galleywood,E05004101,2400,1724,1003,721,6,6,456,98,358,207,180,27,7,727,214
2021,Goat Hall,E05004102,2460,2060,1105,955,38,38,102,14,88,260,232,28,0,993,260
2021,Great Baddow East,E05004103,3831,2732,1520,1212,22,22,628,130,498,447,391,56,2,1234,449
2021,Great Baddow West,E05004104,2663,1691,853,838,35,35,633,60,573,301,264,37,3,873,304
2021,"Little Baddow, Danbury and Sandon",E05004105,3366,2787,1645,1142,10,10,328,55,273,241,194,47,0,1152,241
2021,Marconi,E05004106,3697,1614,590,1024,76,76,854,144,710,1152,1076,76,1,1100,1153
2021,Moulsham and Central,E05004107,6345,3235,1503,1732,199,199,598,82,516,2311,2150,161,2,1931,2313
2021,Moulsham Lodge,E05004108,2191,1875,972,903,11,11,100,9,91,205,182,23,0,914,205
2021,Patching Hall,E05004109,3819,2478,1344,1134,6,6,778,130,648,553,505,48,4,1140,557
2021,Rettendon and Runwell,E05004110,2682,2239,1340,899,43,43,157,23,134,243,192,51,0,942,243
2021,St Andrews (Chelmsford),E05004111,3760,2249,1184,1065,33,33,1065,239,826,409,367,42,4,1098,413
2021,"South Hanningfield, Stock and Margaretting",E05004112,2353,1895,1089,806,6,6,205,25,180,247,195,52,0,812,247
2021,South Woodham-Chetwood and Collingwood,E05004113,3318,2528,1189,1339,6,6,273,36,237,510,471,39,1,1345,511
2021,South Woodham-Elmwood and Woodville,E05004114,3275,2643,1393,1250,31,31,83,6,77,517,455,62,1,1281,518
2021,Springfield North,E05004115,4313,3131,1336,1795,91,91,370,60,310,718,657,61,3,1886,721
2021,The Lawns,E05004116,2226,1886,1127,759,9,9,57,18,39,274,238,36,0,768,274
2021,Trinity (Chelmsford),E05004117,2566,1682,821,861,15,15,386,72,314,482,444,38,1,876,483
2021,Waterhouse Farm,E05004118,2738,1620,743,877,12,12,598,98,500,506,475,31,2,889,508
2021,Writtle,E05004119,2296,1667,1011,656,12,12,360,69,291,257,212,45,0,668,257
2021,"Broadley Common, Epping Upland and Nazeing",E05004147,849,671,326,345,5,5,64,49,15,109,77,32,0,350,109
2021,Buckhurst Hill East,E05004148,1954,1330,621,709,6,6,309,246,63,307,283,24,2,715,309
2021,Buckhurst Hill West,E05004149,2922,2190,1106,1084,11,11,76,44,32,645,573,72,0,1095,645
2021,Chigwell Row,E05004150,915,729,390,339,1,1,56,49,7,127,108,19,2,340,129
2021,Chigwell Village,E05004151,1629,1346,619,727,4,4,61,40,21,217,166,51,1,731,218
2021,"Chipping Ongar, Greensted and Marden Ash",E05004152,1873,1478,873,605,2,2,151,128,23,237,199,38,5,607,242
2021,Epping Hemnall,E05004153,2817,1885,982,903,9,9,370,252,118,549,509,40,4,912,553
2021,Epping Lindsey and Thornwood Common,E05004154,2923,2028,1014,1014,21,21,527,373,154,342,294,48,5,1035,347
2021,Grange Hill,E05004155,2669,1686,816,870,34,34,462,329,133,483,440,43,4,904,487
2021,"High Ongar, Willingale and The Rodings",E05004157,939,680,379,301,11,11,136,103,33,112,84,28,0,312,112
2021,Lambourne,E05004158,879,640,374,266,4,4,141,104,37,94,70,24,0,270,94
2021,Loughton Alderton,E05004159,1940,1059,471,588,6,6,605,574,31,264,231,33,6,594,270
2021,Loughton Broadway,E05004160,2125,954,370,584,7,7,793,708,85,359,319,40,12,591,371
2021,Loughton Fairmead,E05004161,1871,1062,460,602,5,5,509,431,78,290,264,26,5,607,295
2021,Loughton Forest,E05004162,1782,1472,759,713,3,3,18,12,6,289,251,38,0,716,289
2021,Loughton Roding,E05004163,1927,1451,671,780,7,7,222,169,53,245,218,27,2,787,247
2021,Loughton St John's,E05004164,1846,1524,759,765,4,4,32,22,10,286,259,27,0,769,286
2021,Loughton St Mary's,E05004165,1980,1400,655,745,22,22,179,127,52,377,345,32,2,767,379
2021,Lower Nazeing,E05004166,1721,1426,833,593,2,2,132,106,26,160,110,50,1,595,161
2021,Lower Sheering,E05004167,1045,673,310,363,0,0,22,9,13,350,326,24,0,363,350
2021,North Weald Bassett,E05004169,1976,1412,764,648,30,30,343,201,142,189,169,20,2,678,191
2021,Passingford,E05004170,945,726,384,342,5,5,51,46,5,163,120,43,0,347,163
2021,Roydon,E05004171,930,747,422,325,1,1,93,84,9,87,61,26,2,326,89
2021,Shelley,E05004172,1050,595,259,336,31,31,330,244,86,88,72,16,6,367,94
2021,Theydon Bois,E05004173,1649,1346,750,596,3,3,131,96,35,169,148,21,0,599,169
2021,Waltham Abbey High Beach,E05004174,1140,879,568,311,43,43,80,18,62,138,103,35,0,354,138
2021,Waltham Abbey Honey Lane,E05004175,2593,1722,772,950,15,15,476,432,44,377,332,45,3,965,380
2021,Waltham Abbey North East,E05004176,1796,1258,774,484,10,10,330,154,176,195,159,36,3,494,198
2021,Waltham Abbey Paternoster,E05004177,1899,1040,449,591,30,30,668,607,61,155,139,16,6,621,161
2021,Waltham Abbey South West,E05004178,2076,1138,471,667,13,13,435,283,152,485,443,42,5,680,490
2021,Bush Fair,E05004179,3287,1616,734,882,11,11,1263,1224,39,391,350,41,6,893,397
2021,Church Langley,E05004180,3480,2675,997,1678,16,16,174,33,141,613,558,55,2,1694,615
2021,Great Parndon,E05004181,2842,1816,931,885,8,8,696,598,98,318,282,36,4,893,322
2021,Harlow Common,E05004182,3145,1786,815,971,16,16,1004,907,97,328,291,37,11,987,339
2021,Little Parndon and Hare Street,E05004183,3905,1719,701,1018,83,83,1351,1074,277,744,684,60,8,1101,752
2021,Mark Hall,E05004184,3218,1413,625,788,25,25,1310,1187,123,458,417,41,12,813,470
2021,Netteswell,E05004185,3551,1547,675,872,21,21,1282,1166,116,685,636,49,16,893,701
2021,Old Harlow,E05004186,4634,2980,1061,1919,197,197,883,601,282,570,507,63,4,2116,574
2021,Staple Tye,E05004187,3132,1539,660,879,79,79,1066,580,486,440,396,44,8,958,448
2021,Sumners and Kingsmoor,E05004188,2991,1715,806,909,17,17,785,726,59,469,431,38,5,926,474
2021,Toddbrook,E05004189,3678,1542,719,823,27,27,1287,957,330,807,747,60,15,850,822
2021,Althorne,E05004190,1828,1509,921,588,9,9,128,12,116,182,139,43,0,597,182
2021,Burnham-on-Crouch North,E05004191,1971,1522,864,658,45,45,265,12,253,139,108,31,0,703,139
2021,Burnham-on-Crouch South,E05004192,1995,1352,806,546,3,3,230,26,204,409,345,64,1,549,410
2021,Great Totham,E05004193,1542,1301,751,550,2,2,101,10,91,138,107,31,0,552,138
2021,Heybridge East,E05004194,1743,1435,788,647,12,12,77,2,75,218,181,37,1,659,219
2021,Heybridge West,E05004195,1941,1305,595,710,38,38,435,33,402,162,131,31,1,748,163
2021,Maldon East,E05004196,1076,579,311,268,24,24,315,20,295,158,140,18,0,292,158
2021,Maldon North,E05004197,2242,1392,965,427,8,8,341,29,312,501,434,67,0,435,501
2021,Maldon South,E05004198,1561,1261,716,545,1,1,144,13,131,155,126,29,0,546,155
2021,Maldon West,E05004199,1811,1433,818,615,39,39,194,15,179,145,123,22,0,654,145
2021,Mayland,E05004200,1798,1519,848,671,3,3,99,7,92,177,137,40,0,674,177
2021,Purleigh,E05004201,1377,1164,659,505,3,3,94,5,89,116,81,35,0,508,116
2021,Southminster,E05004202,1937,1401,690,711,10,10,268,21,247,257,217,40,1,721,258
2021,Tillingham,E05004203,937,721,406,315,5,5,88,9,79,123,91,32,0,320,123
2021,Tollesbury,E05004204,875,733,450,283,2,2,33,3,30,107,91,16,0,285,107
2021,Tolleshunt D'Arcy,E05004205,1763,1352,822,530,11,11,220,32,188,180,132,48,0,541,180
2021,Wickham Bishops and Woodham,E05004206,1499,1278,813,465,7,7,103,18,85,111,83,28,0,472,111
2021,All Saints,E05004288,2762,1453,672,781,26,26,112,38,74,1171,1105,66,0,807,1171
2021,Battledown,E05004289,2593,2028,918,1110,24,24,134,50,84,407,368,39,0,1134,407
2021,Benhall and The Reddings,E05004290,2101,1774,1041,733,7,7,54,32,22,265,238,27,1,740,266
2021,Charlton Kings,E05004291,2330,1877,952,925,3,3,152,130,22,296,255,41,2,928,298
2021,Charlton Park,E05004292,2144,1803,1139,664,4,4,72,11,61,265,240,25,0,668,265
2021,College (Cheltenham),E05004293,2745,1636,908,728,4,4,77,30,47,1028,954,74,0,732,1028
2021,Hesters Way,E05004294,3044,1365,691,674,39,39,1028,680,348,609,561,48,3,713,612
2021,Lansdown (Cheltenham),E05004295,2937,1217,731,486,15,15,309,61,248,1395,1327,68,1,501,1396
2021,Leckhampton,E05004296,2357,1969,1183,786,4,4,95,53,42,289,251,38,0,790,289
2021,Oakley (Cheltenham),E05004297,2467,1288,610,678,9,9,827,683,144,328,294,34,15,687,343
2021,Park (Cheltenham),E05004298,3013,2056,1334,722,7,7,161,51,110,789,720,69,0,729,789
2021,Pittville,E05004299,2908,1779,981,798,43,43,259,115,144,827,766,61,0,841,827
2021,Prestbury (Cheltenham),E05004300,2628,2182,1374,808,25,25,161,71,90,260,228,32,0,833,260
2021,St Mark's (Cheltenham),E05004301,2666,1455,668,787,22,22,762,592,170,419,370,49,8,809,427
2021,St Paul's (Cheltenham),E05004302,2667,820,380,440,25,25,548,318,230,1267,1205,62,7,465,1274
2021,St Peter's (Cheltenham),E05004303,3368,1783,776,1007,51,51,477,343,134,1051,978,73,6,1058,1057
2021,Springbank,E05004304,2916,1625,751,874,47,47,674,422,252,562,509,53,8,921,570
2021,Swindon Village,E05004305,2480,1747,991,756,12,12,265,206,59,451,405,46,5,768,456
2021,Up Hatherley,E05004306,2302,1878,1125,753,11,11,108,78,30,301,277,24,4,764,305
2021,Warden Hill,E05004307,2477,1904,1137,767,20,20,156,105,51,397,354,43,0,787,397
2021,Fareham East,E05004516,3377,2495,1329,1166,9,9,243,91,152,630,568,62,0,1175,630
2021,Fareham North,E05004517,3018,2443,1405,1038,7,7,159,51,108,408,353,55,1,1045,409
2021,Fareham North-West,E05004518,3071,2135,1131,1004,12,12,592,418,174,323,270,53,9,1016,332
2021,Fareham South,E05004519,3202,2016,921,1095,23,23,732,518,214,422,361,61,9,1118,431
2021,Fareham West,E05004520,2925,2404,1540,864,10,10,71,22,49,440,253,187,0,874,440
2021,Hill Head,E05004521,3135,2609,1697,912,10,10,103,26,77,413,264,149,0,922,413
2021,Locks Heath,E05004522,2895,2511,1480,1031,11,11,171,88,83,198,162,36,4,1042,202
2021,Park Gate,E05004523,3922,2810,1247,1563,70,70,386,140,246,654,601,53,2,1633,656
2021,Portchester East,E05004524,4791,4016,2373,1643,9,9,311,255,56,447,347,100,8,1652,455
2021,Portchester West,E05004525,2983,2512,1394,1118,24,24,172,89,83,274,225,49,1,1142,275
2021,Sarisbury,E05004526,3035,2490,1053,1437,31,31,127,17,110,387,337,50,0,1468,387
2021,Stubbington,E05004527,2927,2403,1597,806,15,15,244,192,52,264,222,42,1,821,265
2021,Titchfield,E05004528,3063,2354,1312,1042,25,25,266,134,132,416,304,112,2,1067,418
2021,Titchfield Common,E05004529,3266,2473,1206,1267,80,80,290,139,151,422,381,41,1,1347,423
2021,Warsash,E05004530,3034,2520,1469,1051,8,8,94,60,34,409,343,66,3,1059,412
2021,Barncroft,E05004566,2486,1449,638,811,22,22,719,559,160,289,245,44,7,833,296
2021,Battins,E05004567,2954,1282,577,705,30,30,1245,949,296,388,328,60,9,735,397
2021,Bedhampton,E05004568,3940,3040,1621,1419,31,31,420,136,284,446,370,76,3,1450,449
2021,Bondfields,E05004569,2819,1332,602,730,14,14,1141,799,342,319,279,40,13,744,332
2021,Cowplain,E05004570,3982,3267,1842,1425,10,10,219,44,175,486,435,51,0,1435,486
2021,Emsworth,E05004571,4676,3502,2330,1172,49,49,500,82,418,623,503,120,2,1221,625
2021,Hart Plain,E05004572,4285,2935,1701,1234,62,62,879,583,296,396,338,58,13,1296,409
2021,Hayling East,E05004573,4263,3227,2216,1011,26,26,352,53,299,658,573,85,0,1037,658
2021,Hayling West,E05004574,3925,3064,2136,928,18,18,289,64,225,553,477,76,1,946,554
2021,Purbrook,E05004575,3991,3165,1664,1501,31,31,429,361,68,358,297,61,8,1532,366
2021,St Faith's,E05004576,4618,3274,1907,1367,59,59,615,90,525,668,608,60,2,1426,670
2021,Stakes,E05004577,4256,2518,1183,1335,49,49,1182,188,994,505,443,62,2,1384,507
2021,Warren Park,E05004578,2840,1060,493,567,23,23,1418,1046,372,319,283,36,20,590,339
2021,Waterloo (Havant),E05004579,4559,3280,1959,1321,49,49,583,88,495,645,580,65,2,1370,647
2021,"Ashurst, Copythorne South and Netley Marsh",E05004580,2279,1995,1269,726,2,2,88,44,44,194,151,43,0,728,194
2021,Barton (New Forest),E05004581,2646,2325,1800,525,8,8,51,13,38,262,222,40,0,533,262
2021,Bashley,E05004582,1180,1035,717,318,2,2,14,6,8,129,103,26,0,320,129
2021,Becton,E05004583,2181,1701,1180,521,16,16,189,145,44,275,249,26,0,537,275
2021,Boldre and Sway,E05004584,2248,1840,1245,595,6,6,155,91,64,245,186,59,2,601,247
2021,"Bramshaw, Copythorne North and Minstead",E05004585,1034,863,580,283,2,2,35,16,19,134,89,45,0,285,134
2021,Bransgore and Burley,E05004586,2327,1921,1246,675,9,9,166,112,54,231,171,60,0,684,231
2021,Brockenhurst and Forest South East,E05004587,2376,1690,1170,520,11,11,211,127,84,462,341,121,2,531,464
2021,Buckland (New Forest),E05004588,1731,1075,638,437,22,22,243,189,54,389,354,35,2,459,391
2021,Butts Ash and Dibden Purlieu,E05004589,2601,2007,1183,824,11,11,405,270,135,175,136,39,3,835,178
2021,Dibden and Hythe East,E05004590,2648,1914,1181,733,25,25,288,121,167,419,359,60,2,758,421
2021,"Fawley, Blackfield and Langley",E05004592,2598,2109,1359,750,26,26,168,75,93,294,226,68,1,776,295
2021,Fernhill (New Forest),E05004593,2795,1899,1213,686,23,23,545,374,171,325,288,37,3,709,328
2021,Furzedown and Hardley,E05004596,1463,992,560,432,9,9,240,115,125,221,147,74,1,441,222
2021,Holbury and North Blackfield,E05004597,2769,1758,972,786,19,19,657,280,377,332,278,54,3,805,335
2021,Hordle,E05004598,2499,2120,1452,668,16,16,142,48,94,220,170,50,1,684,221
2021,Hythe West and Langdown,E05004599,2853,2111,1367,744,21,21,398,219,179,322,281,41,1,765,323
2021,Lymington Town,E05004600,3086,2192,1648,544,17,17,221,166,55,653,575,78,3,561,656
2021,Lyndhurst,E05004601,1372,1001,648,353,5,5,137,90,47,229,187,42,0,358,229
2021,Marchwood,E05004602,2394,1671,824,847,13,13,217,66,151,493,339,154,0,860,493
2021,Milford (New Forest),E05004603,2422,1994,1541,453,18,18,95,69,26,314,261,53,1,471,315
2021,Milton (New Forest),E05004604,3058,1972,1343,629,15,15,406,241,165,665,585,80,0,644,665
2021,Pennington,E05004605,2723,1802,1163,639,27,27,569,475,94,315,271,44,10,666,325
2021,Ringwood East and Sopley,E05004606,1117,889,500,389,16,16,58,46,12,154,138,16,0,405,154
2021,Ringwood North,E05004607,2519,2001,1189,812,14,14,215,155,60,288,237,51,1,826,289
2021,Ringwood South,E05004608,3033,1861,1061,800,58,58,393,242,151,717,637,80,4,858,721
2021,Totton Central,E05004609,2258,1793,972,821,9,9,141,24,117,315,274,41,0,830,315
2021,Totton East,E05004610,2823,2024,1159,865,25,25,347,174,173,426,371,55,1,890,427
2021,Totton North,E05004611,2582,1716,838,878,27,27,473,276,197,363,324,39,3,905,366
2021,Totton South,E05004612,2497,1859,911,948,8,8,321,236,85,309,274,35,0,956,309
2021,Totton West,E05004613,2122,1485,736,749,6,6,263,187,76,362,327,35,6,755,368
2021,Adeyfield East,E05004691,2453,1249,589,660,30,30,852,596,256,317,280,37,5,690,322
2021,Adeyfield West,E05004692,2419,1326,569,757,18,18,824,743,81,248,229,19,3,775,251
2021,Aldbury and Wigginton,E05004693,1019,804,468,336,6,6,106,92,14,101,89,12,2,342,103
2021,Apsley and Corner Hall,E05004694,4413,2505,927,1578,39,39,928,557,371,936,874,62,5,1617,941
2021,Ashridge,E05004695,1084,866,505,361,2,2,125,110,15,89,63,26,2,363,91
2021,Bennetts End,E05004696,2255,1421,635,786,20,20,570,460,110,239,206,33,5,806,244
2021,Berkhamsted Castle,E05004697,2760,2122,1196,926,4,4,131,69,62,503,441,62,0,930,503
2021,Berkhamsted East,E05004698,2506,1744,846,898,4,4,361,318,43,393,357,36,4,902,397
2021,Berkhamsted West,E05004699,2570,1791,851,940,24,24,537,436,101,214,185,29,4,964,218
2021,"Bovingdon, Flaunden and Chipperfield",E05004700,3472,2747,1512,1235,15,15,316,235,81,393,343,50,1,1250,394
2021,Boxmoor,E05004701,3851,2622,1255,1367,36,36,537,329,208,653,593,60,3,1403,656
2021,Chaulden and Warners End,E05004702,3782,2255,1070,1185,5,5,1101,1052,49,415,373,42,6,1190,421
2021,Gadebridge,E05004703,2285,1394,602,792,4,4,620,528,92,262,234,28,5,796,267
2021,Grovehill,E05004704,3205,1687,788,899,8,8,1062,688,374,442,407,35,6,907,448
2021,Hemel Hempstead Town,E05004705,3263,1261,530,731,41,41,1094,592,502,865,812,53,2,772,867
2021,Highfield (Dacorum),E05004706,2365,1025,443,582,41,41,943,754,189,354,331,23,2,623,356
2021,Kings Langley,E05004707,2136,1603,848,755,5,5,277,243,34,251,220,31,0,760,251
2021,Leverstock Green,E05004708,3719,2507,1311,1196,10,10,848,715,133,349,310,39,5,1206,354
2021,Nash Mills,E05004709,1568,1034,404,630,14,14,275,201,74,245,221,24,0,644,245
2021,Northchurch,E05004710,1312,1020,610,410,7,7,145,82,63,140,109,31,0,417,140
2021,Tring Central,E05004711,2204,1518,757,761,4,4,415,368,47,263,236,27,4,765,267
2021,Tring East,E05004712,1395,1110,629,481,12,12,60,39,21,213,191,22,0,493,213
2021,Tring West and Rural,E05004713,2219,1644,847,797,15,15,221,169,52,339,302,37,0,812,339
2021,Watling (Dacorum),E05004714,2368,1701,809,892,18,18,373,320,53,271,241,30,5,910,276
2021,Woodhall Farm,E05004715,2797,1581,594,987,13,13,601,168,433,601,565,36,1,1000,602
2021,Braughing,E05004721,1101,808,447,361,5,5,153,22,131,135,105,30,0,366,135
2021,Datchworth & Aston,E05004723,986,761,466,295,6,6,133,16,117,86,72,14,0,301,86
2021,Great Amwell,E05004724,1134,817,421,396,8,8,173,16,157,136,117,19,0,404,136
2021,Hertford Bengeo,E05004725,3385,2489,1243,1246,19,19,369,36,333,508,466,42,0,1265,508
2021,Hertford Castle,E05004726,4530,2716,1302,1414,52,52,558,70,488,1202,1115,87,2,1466,1204
2021,Hertford Heath,E05004727,1211,836,453,383,1,1,164,30,134,210,117,93,0,384,210
2021,Hertford Kingsmead,E05004728,2372,1673,624,1049,52,52,261,38,223,385,360,25,1,1101,386
2021,Hertford Rural North,E05004729,952,699,390,309,3,3,116,20,96,134,121,13,0,312,134
2021,Hertford Rural South,E05004730,1050,801,455,346,11,11,113,13,100,125,100,25,0,357,125
2021,Hertford Sele,E05004731,2529,1395,651,744,71,71,787,93,694,272,248,24,4,815,276
2021,Hunsdon,E05004732,1401,985,472,513,22,22,221,32,189,173,146,27,0,535,173
2021,Little Hadham,E05004733,972,739,341,398,11,11,120,15,105,102,84,18,0,409,102
2021,Much Hadham,E05004735,1169,806,422,384,7,7,183,28,155,172,141,31,1,391,173
2021,Puckeridge,E05004736,1235,900,427,473,14,14,195,19,176,126,108,18,0,487,126
2021,Sawbridgeworth,E05004737,3655,2788,1503,1285,18,18,334,57,277,513,476,37,2,1303,515
2021,Stanstead Abbots,E05004738,1343,919,456,463,18,18,156,21,135,249,215,34,1,481,250
2021,Thundridge & Standon,E05004739,1288,1011,533,478,8,8,116,16,100,153,121,32,0,486,153
2021,Ware Chadwell,E05004741,1549,928,422,506,86,86,227,34,193,308,285,23,0,592,308
2021,Ware Christchurch,E05004742,2607,1642,806,836,25,25,364,45,319,576,528,48,0,861,576
2021,Ware St Mary's,E05004743,2257,1714,861,853,30,30,189,27,162,324,295,29,0,883,324
2021,Ware Trinity,E05004744,2113,1482,724,758,17,17,418,69,349,196,180,16,0,775,196
2021,Watton-at-Stone,E05004745,1083,719,365,354,18,18,181,20,161,164,143,21,1,372,165
2021,Arbury (North Hertfordshire),E05004761,1172,853,494,359,11,11,127,34,93,180,154,26,1,370,181
2021,Baldock East,E05004762,1296,1030,533,497,9,9,30,9,21,227,203,24,0,506,227
2021,Baldock Town,E05004763,3382,2046,1087,959,46,46,711,265,446,579,492,87,0,1005,579
2021,Cadwell,E05004764,1040,662,383,279,5,5,256,112,144,117,109,8,0,284,117
2021,Chesfield,E05004765,2817,1976,644,1332,66,66,334,64,270,441,411,30,0,1398,441
2021,Codicote,E05004766,1203,859,451,408,10,10,200,58,142,134,112,22,0,418,134
2021,Ermine,E05004767,1132,808,472,336,17,17,154,47,107,153,109,44,0,353,153
2021,Hitchin Bearton,E05004768,3905,2255,967,1288,63,63,421,87,334,1165,1108,57,1,1351,1166
2021,Hitchin Highbury,E05004769,3696,2611,1427,1184,27,27,295,105,190,763,689,74,0,1211,763
2021,Hitchin Oughton,E05004770,2202,1086,564,522,13,13,875,390,485,225,203,22,3,535,228
2021,Hitchin Priory,E05004771,1968,1678,963,715,9,9,89,18,71,192,166,26,0,724,192
2021,Hitchin Walsworth,E05004772,3465,2199,1011,1188,46,46,635,259,376,585,535,50,0,1234,585
2021,"Hitchwood, Offa and Hoo",E05004773,3116,2025,1042,983,38,38,597,215,382,455,372,83,1,1021,456
2021,Kimpton,E05004774,902,692,382,310,9,9,131,47,84,70,55,15,0,319,70
2021,Knebworth,E05004775,2327,1611,881,730,8,8,305,90,215,403,354,49,0,738,403
2021,Letchworth East,E05004776,2878,1492,675,817,61,61,903,161,742,420,393,27,2,878,422
2021,Letchworth Grange,E05004777,3295,1796,964,832,30,30,1173,411,762,295,252,43,1,862,296
2021,Letchworth South East,E05004778,3030,1818,1008,810,7,7,925,362,563,280,240,40,0,817,280
2021,Letchworth South West,E05004779,3204,2151,1302,849,16,16,622,190,432,415,365,50,0,865,415
2021,Letchworth Wilbury,E05004780,2356,1222,608,614,53,53,779,190,589,302,272,30,0,667,302
2021,Royston Heath,E05004781,2530,1835,967,868,24,24,236,75,161,435,388,47,0,892,435
2021,Royston Meridian,E05004782,2299,1850,1006,844,37,37,189,79,110,223,187,36,0,881,223
2021,Royston Palace,E05004783,2660,1619,769,850,37,37,472,171,301,531,482,49,1,887,532
2021,Weston and Sandon,E05004784,854,584,330,254,2,2,131,34,97,134,105,29,3,256,137
2021,Bandley Hill,E05004805,2759,1720,763,957,13,13,662,627,35,360,331,29,4,970,364
2021,Bedwell,E05004806,3422,1502,686,816,22,22,1219,1090,129,674,625,49,5,838,679
2021,Chells,E05004807,2664,1692,727,965,48,48,625,531,94,295,254,41,4,1013,299
2021,Longmeadow,E05004808,2412,1614,812,802,10,10,554,472,82,232,206,26,2,812,234
2021,Martins Wood,E05004810,2630,1433,672,761,39,39,746,401,345,411,381,30,1,800,412
2021,Old Town (Stevenage),E05004811,3709,1923,963,960,94,94,954,665,289,736,680,56,2,1054,738
2021,Pin Green,E05004812,2785,1437,688,749,42,42,868,634,234,438,402,36,0,791,438
2021,Roebuck,E05004813,2916,1557,690,867,128,128,876,664,212,353,314,39,2,995,355
2021,St Nicholas,E05004814,3100,1687,619,1068,185,185,787,635,152,440,403,37,1,1253,441
2021,Shephall,E05004815,2493,1357,552,805,11,11,858,786,72,267,233,34,0,816,267
2021,Symonds Green,E05004816,2671,1378,673,705,8,8,755,586,169,528,480,48,2,713,530
2021,Woodfield,E05004817,2254,1438,674,764,6,6,442,178,264,367,344,23,1,770,368
2021,Central (Gravesham),E05004964,2898,1630,826,804,23,23,351,227,124,885,827,58,9,827,894
2021,Chalk,E05004965,949,763,455,308,3,3,23,9,14,160,144,16,0,311,160
2021,Coldharbour,E05004966,1915,916,404,512,5,5,690,600,90,298,272,26,6,517,304
2021,Higham (Gravesham),E05004967,1599,1293,738,555,6,6,170,141,29,127,103,24,3,561,130
2021,Istead Rise,E05004968,1383,1269,758,511,0,0,15,11,4,98,79,19,1,511,99
2021,Meopham North,E05004969,1803,1486,889,597,8,8,132,108,24,172,144,28,5,605,177
2021,Meopham South and Vigo,E05004970,1718,1557,827,730,10,10,19,14,5,130,102,28,2,740,132
2021,Northfleet North,E05004971,3209,1315,551,764,53,53,894,665,229,934,881,53,13,817,947
2021,Northfleet South,E05004972,3359,1857,730,1127,146,146,544,294,250,805,739,66,7,1273,812
2021,Painters Ash,E05004973,2267,1720,973,747,4,4,341,319,22,197,165,32,5,751,202
2021,Pelham,E05004974,3328,1433,802,631,19,19,439,150,289,1430,1365,65,7,650,1437
2021,Riverside (Gravesham),E05004975,3751,1621,623,998,64,64,862,613,249,1196,1116,80,8,1062,1204
2021,Riverview,E05004976,1649,1473,830,643,2,2,19,12,7,155,133,22,0,645,155
2021,"Shorne, Cobham and Luddesdown",E05004977,1663,1373,812,561,1,1,156,96,60,132,105,27,1,562,133
2021,Singlewell,E05004978,3163,1669,695,974,31,31,1059,807,252,385,340,45,19,1005,404
2021,Westcourt,E05004979,2649,1421,612,809,13,13,956,887,69,250,224,26,9,822,259
2021,Whitehill,E05004980,1732,1192,566,626,20,20,305,237,68,209,182,27,6,646,215
2021,Woodlands (Gravesham),E05004981,2692,1971,927,1044,36,36,294,116,178,391,356,35,0,1080,391
2021,Allington,E05004982,3310,2867,1609,1258,48,48,83,17,66,312,258,54,0,1306,312
2021,Barming and Teston,E05004983,1034,932,613,319,8,8,30,4,26,64,49,15,0,327,64
2021,Bearsted,E05004984,3420,2942,1704,1238,29,29,94,17,77,354,303,51,1,1267,355
2021,Boughton Monchelsea and Chart Sutton,E05004985,1160,906,503,403,20,20,93,15,78,141,114,27,0,423,141
2021,Boxley,E05004986,3440,2928,1372,1556,22,22,51,10,41,439,392,47,0,1578,439
2021,Bridge (Maidstone),E05004987,2869,1554,781,773,71,71,300,32,268,944,881,63,0,844,944
2021,Detling and Thurnham,E05004989,1257,1066,541,525,6,6,43,11,32,142,115,27,0,531,142
2021,Downswood and Otham,E05004990,1393,995,394,601,37,37,111,9,102,250,226,24,0,638,250
2021,East (Maidstone),E05004991,3733,2414,1245,1169,23,23,337,62,275,958,865,93,1,1192,959
2021,Fant,E05004992,4458,2309,948,1361,70,70,679,120,559,1397,1283,114,3,1431,1400
2021,Harrietsham and Lenham,E05004993,2943,2209,1288,921,83,83,302,42,260,349,273,76,0,1004,349
2021,Headcorn,E05004994,2540,1889,1074,815,56,56,252,62,190,343,259,84,0,871,343
2021,Heath (Maidstone),E05004995,2752,1729,721,1008,117,117,389,59,330,517,462,55,0,1125,517
2021,High Street (Maidstone),E05004996,5106,2083,942,1141,85,85,1131,258,873,1803,1677,126,4,1226,1807
2021,Leeds,E05004997,1013,812,474,338,12,12,94,13,81,95,64,31,0,350,95
2021,Marden and Yalding,E05004999,3893,2753,1411,1342,105,105,493,97,396,542,441,101,0,1447,542
2021,North (Maidstone),E05005000,4016,2322,1017,1305,46,46,555,79,476,1092,836,256,1,1351,1093
2021,North Downs,E05005001,1042,797,466,331,3,3,72,13,59,170,139,31,0,334,170
2021,Park Wood,E05005002,3491,1677,499,1178,176,176,1287,300,987,346,312,34,5,1354,351
2021,Shepway North,E05005003,3460,2233,1130,1103,39,39,887,230,657,300,253,47,1,1142,301
2021,Shepway South,E05005004,2463,1282,652,630,20,20,978,213,765,181,148,33,2,650,183
2021,Staplehurst,E05005006,2664,2033,1063,970,66,66,185,33,152,380,334,46,0,1036,380
2021,Sutton Valence and Langley,E05005007,1205,882,470,412,15,15,145,37,108,163,119,44,0,427,163
2021,Cowden and Hever,E05005010,874,621,343,278,10,10,93,11,82,150,108,42,0,288,150
2021,Crockenhill and Well Hill,E05005011,829,606,330,276,7,7,126,18,108,90,74,16,0,283,90
2021,Dunton Green and Riverhead,E05005012,2507,1636,664,972,127,127,226,23,203,518,475,43,0,1099,518
2021,Edenbridge North and East,E05005013,2361,1588,811,777,135,135,378,80,298,258,229,29,2,912,260
2021,Edenbridge South and West,E05005014,1804,1134,567,567,61,61,384,64,320,223,195,28,2,628,225
2021,"Farningham, Horton Kirby and South Darenth",E05005016,2102,1540,806,734,69,69,233,45,188,260,206,54,0,803,260
2021,Fawkham and West Kingsdown,E05005017,2582,2159,1355,804,30,30,174,26,148,219,166,53,0,834,219
2021,"Halstead, Knockholt and Badgers Mount",E05005018,1422,1203,650,553,7,7,91,18,73,121,97,24,0,560,121
2021,Kemsing,E05005021,1721,1376,771,605,29,29,175,16,159,141,119,22,0,634,141
2021,Sevenoaks Eastern,E05005026,1683,1053,512,541,28,28,281,32,249,320,282,38,1,569,321
2021,Sevenoaks Kippington,E05005027,1815,1439,787,652,11,11,170,25,145,195,154,41,0,663,195
2021,Sevenoaks Northern,E05005028,1794,1158,526,632,72,72,276,36,240,286,261,25,2,704,288
2021,Sevenoaks Town and St John's,E05005029,2917,1759,953,806,20,20,270,21,249,868,765,103,0,826,868
2021,Swanley St Mary's,E05005031,1878,937,419,518,41,41,714,132,582,182,157,25,4,559,186
2021,Swanley White Oak,E05005032,2792,1562,773,789,48,48,915,187,728,263,231,32,4,837,267
2021,Beacon Road,E05005081,1884,1230,659,571,7,7,333,127,206,313,267,46,1,578,314
2021,Birchington North,E05005082,1869,1601,1186,415,8,8,34,14,20,226,190,36,0,423,226
2021,Birchington South,E05005083,3152,2384,1646,738,10,10,272,111,161,486,429,57,0,748,486
2021,Bradstowe,E05005084,1877,1454,1059,395,2,2,61,17,44,360,306,54,0,397,360
2021,Central Harbour,E05005085,4044,2016,1114,902,19,19,368,134,234,1640,1531,109,1,921,1641
2021,Cliffsend and Pegwell,E05005086,2195,1738,1101,637,10,10,118,27,91,328,275,53,1,647,329
2021,Cliftonville East,E05005087,2954,2333,1530,803,29,29,121,18,103,471,412,59,0,832,471
2021,Cliftonville West,E05005088,4423,1477,814,663,19,19,425,144,281,2498,2400,98,4,682,2502
2021,Dane Valley (Thanet),E05005089,3163,1642,881,761,12,12,949,597,352,555,487,68,5,773,560
2021,Eastcliff (Thanet),E05005090,3893,1675,845,830,6,6,606,295,311,1603,1468,135,3,836,1606
2021,Garlinge,E05005091,2055,1411,718,693,5,5,308,108,200,330,281,49,1,698,331
2021,Kingsgate,E05005092,897,766,496,270,1,1,5,0,5,125,103,22,0,271,125
2021,Margate Central,E05005093,2949,794,399,395,6,6,516,136,380,1630,1550,80,3,401,1633
2021,Nethercourt,E05005094,2087,1536,877,659,7,7,118,6,112,426,373,53,0,666,426
2021,Newington (Thanet),E05005095,2195,928,444,484,22,22,841,430,411,403,353,50,1,506,404
2021,Northwood (Thanet),E05005096,2846,1759,1037,722,11,11,618,329,289,455,368,87,3,733,458
2021,St Peters (Thanet),E05005097,3133,2333,1488,845,7,7,249,32,217,544,465,79,0,852,544
2021,Salmestone,E05005098,2285,1323,620,703,8,8,367,95,272,586,503,83,1,711,587
2021,Sir Moses Montefiore,E05005099,2125,1378,765,613,6,6,286,91,195,455,410,45,0,619,455
2021,Thanet Villages,E05005100,3472,2566,1476,1090,33,33,321,88,233,552,446,106,0,1123,552
2021,Viking (Thanet),E05005101,3275,2409,1606,803,37,37,132,21,111,697,637,60,0,840,697
2021,Westbrook (Thanet),E05005102,2000,1308,755,553,3,3,69,11,58,619,566,53,1,556,620
2021,Westgate-on-Sea,E05005103,3444,2109,1220,889,17,17,287,112,175,1031,935,96,0,906,1031
2021,Benenden and Cranbrook,E05005130,2912,1863,1120,743,42,42,525,72,453,482,401,81,0,785,482
2021,Brenchley and Horsmonden,E05005131,2147,1655,947,708,8,8,212,26,186,271,214,57,1,716,272
2021,Broadwater (Tunbridge Wells),E05005132,1970,1084,592,492,18,18,475,88,387,390,366,24,3,510,393
2021,Capel,E05005133,914,646,353,293,4,4,112,20,92,152,128,24,0,297,152
2021,Culverden,E05005134,4158,2212,1197,1015,56,56,258,36,222,1630,1537,93,2,1071,1632
2021,Frittenden and Sissinghurst,E05005135,927,696,399,297,11,11,103,7,96,117,88,29,0,308,117
2021,Goudhurst and Lamberhurst,E05005136,1848,1295,674,621,5,5,252,26,226,296,227,69,0,626,296
2021,Hawkhurst and Sandhurst,E05005137,2733,1904,1082,822,26,26,416,57,359,386,327,59,1,848,387
2021,Paddock Wood East,E05005138,1848,1248,688,560,21,21,247,41,206,332,301,31,0,581,332
2021,Paddock Wood West,E05005139,1571,1173,610,563,18,18,265,26,239,115,99,16,0,581,115
2021,Pantiles and St Mark's,E05005140,2954,2139,1134,1005,13,13,152,13,139,650,602,48,0,1018,650
2021,Park (Tunbridge Wells),E05005141,3494,2284,1223,1061,24,24,321,37,284,865,786,79,0,1085,865
2021,Pembury,E05005142,2374,1712,987,725,19,19,368,34,334,268,204,64,7,744,275
2021,Rusthall,E05005143,2124,1312,696,616,21,21,498,71,427,293,261,32,0,637,293
2021,St James' (Tunbridge Wells),E05005144,2799,1357,516,841,35,35,472,77,395,935,890,45,0,876,935
2021,St John's (Tunbridge Wells),E05005145,2847,1909,775,1134,27,27,279,20,259,632,590,42,0,1161,632
2021,Sherwood (Tunbridge Wells),E05005146,3413,1856,805,1051,120,120,1014,165,849,423,379,44,0,1171,423
2021,Southborough and High Brooms,E05005147,3102,1870,796,1074,39,39,672,92,580,520,464,56,1,1113,521
2021,Southborough North,E05005148,1817,1304,690,614,8,8,224,22,202,281,238,43,0,622,281
2021,Speldhurst and Bidborough,E05005149,2279,1879,1043,836,9,9,164,18,146,227,193,34,0,845,227
2021,Bank Hall,E05005150,2777,1071,611,460,8,8,576,105,471,1118,1025,93,4,468,1122
2021,Briercliffe,E05005151,2468,1958,1030,928,4,4,117,21,96,389,325,64,0,932,389
2021,Brunshaw,E05005152,2978,1564,832,732,4,4,866,247,619,533,466,67,11,736,544
2021,Cliviger with Worsthorne,E05005153,2298,1981,1258,723,3,3,58,18,40,256,191,65,0,726,256
2021,Coal Clough with Deerplay,E05005154,2286,1550,874,676,2,2,475,161,314,257,204,53,2,678,259
2021,Daneshouse with Stoneyholme,E05005155,2361,1042,671,371,4,4,377,67,310,932,805,127,6,375,938
2021,Gannow,E05005156,2625,1593,763,830,9,9,348,98,250,672,604,68,3,839,675
2021,Gawthorpe,E05005157,2929,1504,853,651,2,2,520,153,367,902,812,90,1,653,903
2021,Hapton with Park,E05005158,2811,1814,885,929,15,15,443,154,289,538,473,65,1,944,539
2021,Lanehead,E05005159,2614,1646,919,727,3,3,483,172,311,479,433,46,3,730,482
2021,Queensgate,E05005160,2534,1441,852,589,6,6,194,54,140,891,802,89,2,595,893
2021,Rosegrove with Lowerhouse,E05005161,3062,1700,812,888,6,6,630,238,392,723,652,71,3,894,726
2021,Rosehill with Burnley Wood,E05005162,2825,1670,857,813,8,8,473,135,338,673,609,64,1,821,674
2021,Trinity (Burnley),E05005163,2764,1240,656,584,14,14,427,87,340,1080,1003,77,3,598,1083
2021,Whittlefield with Ightenhill,E05005164,2541,2061,1180,881,4,4,221,37,184,255,219,36,0,885,255
2021,Ansdell,E05005185,1932,1487,942,545,4,4,83,7,76,358,300,58,0,549,358
2021,Ashton (Fylde),E05005186,2289,1491,1030,461,9,9,111,12,99,676,618,58,2,470,678
2021,Central (Fylde),E05005187,2272,1177,734,443,8,8,136,13,123,951,886,65,0,451,951
2021,Clifton (Fylde),E05005188,2094,1545,1152,393,3,3,54,8,46,492,429,63,0,396,492
2021,Elswick and Little Eccleston,E05005189,708,610,384,226,5,5,23,4,19,70,57,13,0,231,70
2021,Fairhaven,E05005190,2067,1421,991,430,7,7,64,4,60,575,532,43,0,437,575
2021,Freckleton East,E05005191,1387,1036,688,348,1,1,165,27,138,184,149,35,1,349,185
2021,Freckleton West,E05005192,1277,1045,668,377,3,3,61,9,52,167,141,26,1,380,168
2021,Heyhouses,E05005193,2439,1781,1078,703,7,7,191,22,169,460,400,60,0,710,460
2021,Kilnhouse,E05005194,1937,1351,875,476,5,5,245,37,208,335,287,48,1,481,336
2021,Kirkham North,E05005195,2080,1539,832,707,35,35,210,29,181,296,264,32,0,742,296
2021,Kirkham South,E05005196,1254,791,452,339,5,5,184,34,150,273,235,38,1,344,274
2021,Medlar-with-Wesham,E05005197,1922,1243,533,710,60,60,291,45,246,327,292,35,1,770,328
2021,Newton and Treales,E05005198,1399,1136,633,503,19,19,95,18,77,149,116,33,0,522,149
2021,Park (Fylde),E05005199,2383,1819,1213,606,10,10,301,25,276,253,214,39,0,616,253
2021,Ribby-with-Wrea,E05005200,822,696,411,285,6,6,46,7,39,74,57,17,0,291,74
2021,St Johns (Fylde),E05005201,2126,1528,832,696,12,12,177,17,160,408,361,47,1,708,409
2021,St Leonards (Fylde),E05005202,2316,1618,944,674,47,47,236,26,210,415,362,53,0,721,415
2021,Singleton and Greenhalgh,E05005203,584,459,302,157,0,0,28,4,24,97,74,23,0,157,97
2021,Staining and Weeton,E05005204,1391,917,467,450,8,8,161,25,136,305,175,130,0,458,305
2021,Warton and Westby,E05005205,2918,2254,1207,1047,36,36,265,27,238,362,286,76,1,1083,363
2021,Altham,E05005206,2134,1500,674,826,4,4,177,62,115,451,408,43,2,830,453
2021,Barnfield (Hyndburn),E05005207,2179,1130,659,471,2,2,387,98,289,660,613,47,0,473,660
2021,Baxenden,E05005208,1692,1471,783,688,0,0,43,11,32,178,148,30,0,688,178
2021,Central (Hyndburn),E05005209,1867,940,667,273,4,4,427,43,384,494,397,97,2,277,496
2021,Church (Hyndburn),E05005210,2122,1013,520,493,1,1,573,150,423,533,466,67,2,494,535
2021,Clayton-le-Moors,E05005211,2070,1349,748,601,6,6,253,48,205,462,409,53,0,607,462
2021,Huncoat,E05005212,1972,1386,694,692,5,5,309,110,199,271,226,45,1,697,272
2021,Immanuel,E05005213,2002,1286,756,530,2,2,318,95,223,395,352,43,1,532,396
2021,Milnshaw,E05005214,2132,1315,717,598,0,0,379,155,224,436,367,69,2,598,438
2021,Netherton,E05005215,2080,1252,775,477,35,35,183,31,152,609,566,43,1,512,610
2021,Overton (Hyndburn),E05005216,2837,2002,1055,947,4,4,323,78,245,507,437,70,1,951,508
2021,Peel,E05005217,2086,971,492,479,3,3,189,26,163,922,827,95,1,482,923
2021,Rishton,E05005218,2996,1922,1083,839,4,4,262,58,204,808,718,90,0,843,808
2021,St Andrew's (Hyndburn),E05005219,2031,1145,539,606,4,4,415,67,348,466,423,43,1,610,467
2021,St Oswald's (Hyndburn),E05005220,2622,2270,1202,1068,0,0,47,15,32,304,254,50,1,1068,305
2021,Spring Hill,E05005221,1958,991,553,438,3,3,427,176,251,533,474,59,4,441,537
2021,Cribden,E05005316,1557,1199,608,591,1,1,120,29,91,237,198,39,0,592,237
2021,Eden,E05005317,1570,1246,635,611,6,6,98,17,81,220,195,25,0,617,220
2021,Facit and Shawforth,E05005318,1698,1154,624,530,2,2,275,76,199,267,228,39,0,532,267
2021,Goodshaw,E05005319,1748,1330,627,703,9,9,156,28,128,252,213,39,1,712,253
2021,Greenfield (Rossendale),E05005320,2364,1723,942,781,2,2,201,49,152,438,370,68,0,783,438
2021,Greensclough,E05005321,2623,1787,927,860,5,5,251,50,201,578,489,89,2,865,580
2021,Hareholme,E05005322,2450,1549,792,757,6,6,463,101,362,432,365,67,0,763,432
2021,Healey and Whitworth,E05005323,1790,1176,547,629,3,3,289,87,202,322,276,46,0,632,322
2021,Helmshore,E05005324,2608,2074,1109,965,13,13,243,57,186,277,217,60,1,978,278
2021,Irwell,E05005325,2594,1629,734,895,2,2,563,178,385,397,354,43,3,897,400
2021,Longholme,E05005326,2582,1716,879,837,16,16,484,154,330,362,310,52,4,853,366
2021,Stacksteads,E05005327,1824,1033,559,474,2,2,398,103,295,389,353,36,2,476,391
2021,Whitewell,E05005328,2568,1689,838,851,2,2,433,119,314,441,368,73,3,853,444
2021,Worsley,E05005329,2585,1447,741,706,2,2,536,135,401,598,524,74,2,708,600
2021,Ashurst,E05005357,2777,1932,838,1094,54,54,446,415,31,339,299,40,6,1148,345
2021,Aughton and Downholland,E05005358,2302,1938,1129,809,3,3,160,130,30,199,165,34,2,812,201
2021,Aughton Park,E05005359,1606,1416,866,550,31,31,38,32,6,119,99,20,2,581,121
2021,Birch Green,E05005360,1835,824,300,524,7,7,682,648,34,314,279,35,8,531,322
2021,Burscough East,E05005361,1963,1425,729,696,8,8,259,121,138,269,219,50,2,704,271
2021,Burscough West,E05005362,2093,1602,827,775,1,1,175,144,31,313,270,43,2,776,315
2021,Derby (West Lancashire),E05005363,2543,1647,910,737,74,74,290,160,130,527,473,54,5,811,532
2021,Digmoor,E05005364,1960,767,393,374,18,18,773,682,91,396,366,30,6,392,402
2021,Halsall,E05005365,910,763,456,307,2,2,45,33,12,98,63,35,2,309,100
2021,Hesketh-with-Becconsall,E05005366,1671,1377,749,628,23,23,82,54,28,189,153,36,0,651,189
2021,Knowsley,E05005367,2540,1904,1185,719,37,37,236,146,90,361,314,47,2,756,363
2021,Moorside (West Lancashire),E05005368,1659,834,403,431,3,3,466,389,77,355,316,39,1,434,356
2021,North Meols,E05005369,2083,1581,952,629,30,30,210,73,137,260,226,34,2,659,262
2021,Parbold,E05005370,1549,1356,834,522,22,22,40,37,3,130,99,31,1,544,131
2021,Rufford,E05005371,926,794,474,320,20,20,55,34,21,57,31,26,0,340,57
2021,Scarisbrick,E05005372,1779,1458,941,517,22,22,96,46,50,197,154,43,6,539,203
2021,Scott,E05005373,2672,1815,993,822,16,16,387,282,105,450,403,47,4,838,454
2021,Skelmersdale North,E05005374,1663,971,514,457,1,1,419,353,66,268,237,31,4,458,272
2021,Skelmersdale South,E05005375,2893,1657,837,820,8,8,668,600,68,550,489,61,10,828,560
2021,Tanhouse,E05005376,2192,1057,427,630,5,5,771,638,133,349,321,28,10,635,359
2021,Tarleton,E05005377,2626,2177,1337,840,25,25,123,92,31,297,235,62,4,865,301
2021,Up Holland,E05005378,2742,2051,1111,940,18,18,378,293,85,291,242,49,4,958,295
2021,Wrightington,E05005379,1740,1474,879,595,2,2,93,62,31,171,129,42,0,597,171
2021,Bickerstaffe,E05005380,927,736,422,314,8,8,45,44,1,137,112,25,1,322,138
2021,Newburgh,E05005381,887,770,482,288,1,1,28,15,13,88,57,31,0,289,88
2021,Blaby South,E05005408,2253,1665,903,762,32,32,352,43,309,203,163,40,1,794,204
2021,Cosby with South Whetstone,E05005409,2224,1765,880,885,28,28,229,23,206,202,166,36,0,913,202
2021,Countesthorpe,E05005410,3334,2707,1444,1263,40,40,259,45,214,328,276,52,0,1303,328
2021,Croft Hill,E05005411,1053,837,466,371,21,21,88,10,78,107,94,13,0,392,107
2021,Ellis,E05005412,2474,1991,1052,939,24,24,173,28,145,285,231,54,1,963,286
2021,Enderby and St John's,E05005413,2638,1816,710,1106,28,28,376,48,328,416,371,45,2,1134,418
2021,Fairestone,E05005414,2016,1695,1049,646,7,7,91,12,79,223,183,40,0,653,223
2021,Millfield (Blaby),E05005416,1141,841,498,343,7,7,95,4,91,198,178,20,0,350,198
2021,Muxloe,E05005417,1879,1556,930,626,3,3,113,16,97,207,179,28,0,629,207
2021,Narborough and Littlethorpe,E05005418,2368,1777,886,891,32,32,201,34,167,358,326,32,0,923,358
2021,Normanton (Blaby),E05005419,1198,884,463,421,56,56,143,28,115,115,95,20,0,477,115
2021,North Whetstone,E05005420,2239,1663,785,878,28,28,301,36,265,247,220,27,0,906,247
2021,Pastures,E05005421,1955,1695,927,768,16,16,37,6,31,207,183,24,0,784,207
2021,Ravenhurst and Fosse,E05005422,2799,2171,1161,1010,10,10,108,14,94,510,451,59,0,1020,510
2021,Saxondale,E05005423,3184,2505,1341,1164,30,30,218,22,196,430,373,57,1,1194,431
2021,Stanton and Flamville,E05005424,3899,3048,1508,1540,67,67,415,50,365,367,318,49,2,1607,369
2021,Anstey,E05005426,3338,2480,1258,1222,39,39,402,244,158,414,350,64,3,1261,417
2021,Barrow and Sileby West,E05005427,3222,2467,1325,1142,49,49,275,178,97,430,375,55,1,1191,431
2021,Birstall Wanlip,E05005428,2899,2364,1146,1218,20,20,138,17,121,377,337,40,0,1238,377
2021,Birstall Watermead,E05005429,2750,2228,1285,943,8,8,162,140,22,349,300,49,3,951,352
2021,East Goscote,E05005430,1135,976,527,449,6,6,48,29,19,105,89,16,0,455,105
2021,Forest Bradgate,E05005431,1355,1085,665,420,3,3,88,77,11,176,134,42,3,423,179
2021,Loughborough Ashby,E05005432,1335,489,265,224,9,9,438,374,64,391,363,28,8,233,399
2021,Loughborough Dishley and Hathern,E05005433,2810,2049,1189,860,33,33,283,67,216,444,408,36,1,893,445
2021,Loughborough Garendon,E05005434,2496,1774,1107,667,9,9,284,167,117,425,395,30,4,676,429
2021,Loughborough Hastings,E05005435,3094,1230,601,629,16,16,1006,544,462,838,778,60,4,645,842
2021,Loughborough Lemyngton,E05005436,2962,1277,667,610,60,60,617,185,432,1003,949,54,5,670,1008
2021,Loughborough Nanpantan,E05005437,1570,1272,819,453,5,5,46,11,35,247,218,29,0,458,247
2021,Loughborough Outwoods,E05005438,2293,2014,1305,709,16,16,28,8,20,235,202,33,0,725,235
2021,Loughborough Shelthorpe,E05005439,3722,2419,938,1481,60,60,690,500,190,551,507,44,2,1541,553
2021,Loughborough Southfields,E05005440,2515,1001,575,426,7,7,456,228,228,1049,994,55,2,433,1051
2021,Loughborough Storer,E05005441,2315,841,497,344,18,18,465,341,124,985,920,65,6,362,991
2021,Mountsorrel,E05005442,3063,2275,1106,1169,18,18,348,250,98,422,365,57,0,1187,422
2021,Queniborough,E05005443,1904,1511,776,735,54,54,145,69,76,194,174,20,0,789,194
2021,Quorn and Mountsorrel Castle,E05005444,3219,2471,1395,1076,29,29,252,121,131,466,423,43,1,1105,467
2021,Rothley and Thurcaston,E05005445,3417,2780,1384,1396,45,45,264,126,138,324,269,55,4,1441,328
2021,Shepshed East,E05005446,3058,2168,1142,1026,37,37,341,203,138,512,453,59,0,1063,512
2021,Shepshed West,E05005447,3435,2538,1319,1219,28,28,362,226,136,503,446,57,4,1247,507
2021,Sileby,E05005448,3549,2567,1169,1398,42,42,369,237,132,567,501,66,4,1440,571
2021,Syston East,E05005449,2994,2281,1183,1098,39,39,335,178,157,337,299,38,2,1137,339
2021,Syston West,E05005450,2785,1904,1027,877,26,26,255,156,99,600,550,50,0,903,600
2021,The Wolds,E05005451,1312,1120,625,495,8,8,49,21,28,133,101,32,2,503,135
2021,Thurmaston,E05005452,4026,2937,1716,1221,48,48,432,192,240,605,528,77,4,1269,609
2021,Wreake Villages,E05005453,1215,1019,608,411,3,3,56,36,20,137,117,20,0,414,137
2021,Ambien,E05005479,1575,1249,743,506,14,14,105,55,50,206,172,34,1,520,207
2021,"Barlestone, Nailstone and Osbaston",E05005480,1408,1070,617,453,4,4,140,88,52,192,165,27,2,457,194
2021,Barwell,E05005481,4071,2805,1437,1368,28,28,543,323,220,690,625,65,5,1396,695
2021,Burbage St Catherines and Lash Hill,E05005482,2698,1844,1065,779,4,4,537,462,75,302,252,50,11,783,313
2021,Burbage Sketchley and Stretton,E05005483,4554,3812,2011,1801,58,58,183,63,120,500,437,63,1,1859,501
2021,"Cadeby, Carlton and Market Bosworth with Shackerstone",E05005484,1573,1230,767,463,7,7,104,65,39,230,181,49,2,470,232
2021,Earl Shilton,E05005485,4653,3137,1637,1500,57,57,700,424,276,756,676,80,3,1557,759
2021,Groby,E05005486,2895,2449,1426,1023,25,25,139,88,51,282,239,43,0,1048,282
2021,Hinckley Castle,E05005487,3246,1936,955,981,33,33,296,154,142,979,889,90,2,1014,981
2021,Hinckley Clarendon,E05005488,4071,2889,1257,1632,42,42,454,189,265,684,595,89,2,1674,686
2021,Hinckley De Montfort,E05005489,4690,3573,1933,1640,57,57,290,126,164,769,688,81,1,1697,770
2021,Hinckley Trinity,E05005490,3115,2235,1053,1182,16,16,429,281,148,432,374,58,3,1198,435
2021,"Markfield, Stanton and Fieldhead",E05005491,2758,2203,1328,875,30,30,213,132,81,311,268,43,1,905,312
2021,Newbold Verdon with Desford and Peckleton,E05005492,3677,2942,1676,1266,33,33,387,260,127,312,260,52,3,1299,315
2021,"Ratby, Bagworth and Thornton",E05005493,3137,2332,1143,1189,36,36,429,224,205,336,278,58,4,1225,340
2021,Twycross and Witherley with Sheepy,E05005494,1324,1081,665,416,5,5,101,72,29,137,101,36,0,421,137
2021,Asfordby,E05005495,1633,1157,593,564,33,33,241,156,85,201,167,34,1,597,202
2021,Bottesford (Melton),E05005496,1639,1273,763,510,33,33,128,77,51,203,176,27,2,543,205
2021,Croxton Kerrial,E05005497,771,500,289,211,1,1,47,45,2,223,198,25,0,212,223
2021,Frisby-on-the-Wreake,E05005498,796,651,388,263,3,3,31,20,11,111,92,19,0,266,111
2021,Gaddesby,E05005499,741,586,364,222,3,3,50,32,18,102,82,20,0,225,102
2021,Long Clawson and Stathern,E05005500,1799,1388,815,573,17,17,151,127,24,238,201,37,5,590,243
2021,Melton Craven,E05005501,1714,1063,623,440,3,3,261,230,31,383,346,37,4,443,387
2021,Melton Dorian,E05005502,2493,1656,903,753,30,30,280,103,177,527,475,52,0,783,527
2021,Melton Egerton,E05005503,1717,1016,510,506,25,25,329,261,68,343,302,41,4,531,347
2021,Melton Newport,E05005504,2487,1808,1088,720,17,17,178,83,95,483,439,44,1,737,484
2021,Melton Sysonby,E05005505,2265,1701,919,782,49,49,323,203,120,188,152,36,4,831,192
2021,Melton Warwick,E05005506,1501,1069,633,436,5,5,191,171,20,236,204,32,0,441,236
2021,Old Dalby,E05005507,833,651,374,277,2,2,65,56,9,114,84,30,1,279,115
2021,Somerby,E05005508,779,602,351,251,9,9,58,37,21,110,89,21,0,260,110
2021,Waltham-on-the-Wolds,E05005509,727,540,323,217,14,14,53,25,28,120,106,14,0,231,120
2021,Wymondham,E05005510,699,368,226,142,4,4,29,15,14,297,269,28,1,146,298
2021,Oadby Brocks Hill,E05005531,1560,1343,799,544,6,6,34,2,32,177,146,31,0,550,177
2021,Oadby Grange,E05005532,1573,1259,716,543,0,0,51,12,39,263,240,23,0,543,263
2021,Oadby St Peter's,E05005533,2000,1259,800,459,5,5,288,205,83,443,400,43,5,464,448
2021,Oadby Uplands,E05005534,1572,1296,715,581,9,9,17,14,3,250,217,33,0,590,250
2021,Oadby Woodlands,E05005535,1643,1330,735,595,3,3,49,26,23,261,246,15,0,598,261
2021,South Wigston,E05005536,3572,2252,1215,1037,58,58,434,174,260,825,760,65,3,1095,828
2021,Wigston All Saints,E05005537,2625,2012,1271,741,16,16,267,179,88,322,285,37,8,757,330
2021,Wigston Fields,E05005538,2682,1943,978,965,23,23,328,257,71,381,330,51,7,988,388
2021,Wigston Meadowcourt,E05005539,2782,2155,1220,935,25,25,183,139,44,417,376,41,2,960,419
2021,Wigston St Wolstan's,E05005540,2609,2169,1265,904,15,15,140,105,35,285,250,35,0,919,285
2021,Ashby de la Launde and Cranwell,E05005618,2144,1296,704,592,10,10,181,151,30,652,278,374,5,602,657
2021,Bassingham and Brant Broughton,E05005619,2241,1728,934,794,55,55,199,134,65,259,190,69,0,849,259
2021,"Billinghay, Martin and North Kyme",E05005620,2305,1591,946,645,9,9,387,355,32,312,247,65,6,654,318
2021,Bracebridge Heath and Waddington East,E05005621,4135,2821,1396,1425,23,23,370,289,81,917,588,329,4,1448,921
2021,Branston (North Kesteven),E05005622,2423,1770,1029,741,54,54,296,157,139,299,241,58,4,795,303
2021,Cliff Villages,E05005623,2418,1869,1165,704,24,24,224,185,39,296,232,64,5,728,301
2021,"Eagle, Swinderby and Witham St Hughs",E05005624,2703,2127,818,1309,15,15,106,86,20,454,372,82,1,1324,455
2021,Heckington Rural,E05005625,2625,1962,1242,720,7,7,318,273,45,336,261,75,2,727,338
2021,Heighington and Washingborough,E05005626,3159,2532,1557,975,28,28,227,178,49,371,300,71,1,1003,372
2021,Kirkby la Thorpe and South Kyme,E05005627,1039,787,476,311,4,4,119,90,29,127,104,23,2,315,129
2021,Leasingham and Rauceby,E05005628,971,788,542,246,1,1,73,58,15,109,74,35,0,247,109
2021,Metheringham,E05005629,2391,1760,956,804,11,11,242,192,50,371,291,80,7,815,378
2021,North Hykeham Forum,E05005630,817,739,493,246,1,1,10,7,3,67,56,11,0,247,67
2021,North Hykeham Memorial,E05005631,1664,1259,619,640,23,23,113,81,32,269,234,35,0,663,269
2021,North Hykeham Mill,E05005632,2659,1882,648,1234,34,34,265,108,157,476,420,56,2,1268,478
2021,North Hykeham Moor,E05005633,1206,977,608,369,2,2,87,54,33,139,113,26,1,371,140
2021,North Hykeham Witham,E05005634,1038,798,566,232,23,23,123,83,40,93,75,18,1,255,94
2021,Osbournby,E05005635,1094,757,467,290,0,0,154,132,22,183,148,35,0,290,183
2021,Ruskington,E05005636,2583,1903,1156,747,7,7,314,277,37,351,295,56,8,754,359
2021,Skellingthorpe,E05005637,1574,1228,742,486,10,10,93,91,2,241,203,38,2,496,243
2021,Sleaford Castle,E05005638,1267,734,337,397,5,5,222,118,104,306,279,27,0,402,306
2021,Sleaford Holdingham,E05005639,1524,909,391,518,66,66,311,179,132,234,205,29,4,584,238
2021,Sleaford Navigation,E05005640,1281,695,418,277,3,3,239,144,95,340,298,42,4,280,344
2021,Sleaford Quarrington and Mareham,E05005641,3259,2488,1192,1296,64,64,135,84,51,570,446,124,2,1360,572
2021,Sleaford Westholme,E05005642,1335,779,474,305,18,18,261,173,88,273,248,25,4,323,277
2021,Waddington West,E05005643,1135,932,512,420,41,41,45,7,38,117,100,17,0,461,117
2021,Crowland and Deeping St Nicholas,E05005644,2811,2045,964,1081,20,20,369,308,61,374,303,71,3,1101,377
2021,"Donington, Quadring and Gosberton",E05005645,3167,2421,1505,916,29,29,397,315,82,314,240,74,6,945,320
2021,Fleet,E05005646,1078,857,560,297,14,14,47,45,2,157,129,28,3,311,160
2021,Gedney,E05005647,981,745,477,268,1,1,127,116,11,108,79,29,0,269,108
2021,Holbeach Hurn,E05005648,944,695,406,289,3,3,109,86,23,137,109,28,0,292,137
2021,Holbeach Town,E05005649,3681,2414,1467,947,39,39,488,341,147,736,659,77,4,986,740
2021,Long Sutton,E05005650,3460,2490,1674,816,29,29,453,293,160,482,404,78,6,845,488
2021,"Moulton, Weston and Cowbit",E05005651,3071,2391,1422,969,43,43,335,278,57,298,233,65,4,1012,302
2021,Pinchbeck and Surfleet,E05005652,3136,2365,1417,948,53,53,368,273,95,343,284,59,7,1001,350
2021,Spalding Castle,E05005653,1179,669,429,240,9,9,155,98,57,343,319,24,3,249,346
2021,Spalding Monks House,E05005654,2468,1724,887,837,33,33,185,146,39,523,467,56,3,870,526
2021,Spalding St John's,E05005655,2826,1476,868,608,64,64,230,81,149,1054,1000,54,2,672,1056
2021,Spalding St Mary's,E05005656,2012,1219,754,465,8,8,333,309,24,449,410,39,3,473,452
2021,Spalding St Paul's,E05005657,2308,1242,702,540,9,9,582,478,104,464,421,43,11,549,475
2021,Spalding Wygate,E05005658,2640,1937,861,1076,63,63,187,85,102,450,416,34,3,1139,453
2021,Sutton Bridge,E05005659,1970,1264,738,526,7,7,291,222,69,404,357,47,4,533,408
2021,The Saints,E05005660,1118,882,547,335,1,1,121,102,19,113,84,29,1,336,114
2021,Whaplode and Holbeach St John's,E05005661,1856,1490,927,563,12,12,160,119,41,192,141,51,2,575,194
2021,Acle,E05005757,1317,933,634,299,13,13,151,17,134,220,187,33,0,312,220
2021,Aylsham,E05005758,4077,2901,1874,1027,40,40,572,62,510,564,469,95,0,1067,564
2021,Blofield with South Walsham,E05005759,2731,2077,1240,837,45,45,327,35,292,282,225,57,0,882,282
2021,Brundall,E05005760,2717,2165,1325,840,35,35,197,19,178,320,270,50,0,875,320
2021,Burlingham,E05005761,1187,905,542,363,12,12,165,20,145,104,84,20,1,375,105
2021,Buxton,E05005762,1127,874,515,359,14,14,86,17,69,153,127,26,0,373,153
2021,Coltishall,E05005763,1240,859,537,322,5,5,161,16,145,215,188,27,0,327,215
2021,Drayton North,E05005764,1285,858,377,481,10,10,125,11,114,292,264,28,0,491,292
2021,Drayton South,E05005765,1020,843,590,253,3,3,66,7,59,108,96,12,0,256,108
2021,Eynesford,E05005766,1421,942,561,381,12,12,209,30,179,258,208,50,0,393,258
2021,Great Witchingham,E05005767,1175,877,556,321,6,6,98,12,86,194,145,49,0,327,194
2021,Hellesdon North West,E05005768,2619,2103,1402,701,4,4,286,31,255,225,173,52,1,705,226
2021,Hellesdon South East,E05005769,2388,2021,1187,834,14,14,86,12,74,267,215,52,0,848,267
2021,Hevingham,E05005770,1197,967,603,364,14,14,80,8,72,136,98,38,0,378,136
2021,Horsford and Felthorpe,E05005771,2319,1722,866,856,25,25,257,34,223,315,273,42,0,881,315
2021,Marshes,E05005772,1387,1023,625,398,14,14,186,24,162,162,127,35,2,412,164
2021,Old Catton and Sprowston West,E05005773,3806,3001,1772,1229,10,10,356,37,319,439,360,79,0,1239,439
2021,Plumstead,E05005774,1458,1189,613,576,26,26,133,13,120,109,95,14,1,602,110
2021,Reepham,E05005775,1205,863,593,270,5,5,104,8,96,233,206,27,0,275,233
2021,Spixworth with St Faiths,E05005776,2374,1962,1196,766,15,15,185,17,168,212,175,37,0,781,212
2021,Sprowston Central,E05005777,2365,1763,1026,737,11,11,323,42,281,266,228,38,2,748,268
2021,Sprowston East,E05005778,4357,3496,1936,1560,76,76,333,35,298,451,383,68,1,1636,452
2021,Taverham North,E05005779,2155,1567,729,838,23,23,205,29,176,360,325,35,0,861,360
2021,Taverham South,E05005780,2018,1769,1140,629,5,5,60,8,52,184,154,30,0,634,184
2021,Thorpe St Andrew North West,E05005781,3400,2710,1669,1041,11,11,383,57,326,296,239,57,0,1052,296
2021,Thorpe St Andrew South East,E05005782,3056,2281,1234,1047,21,21,241,30,211,512,461,51,1,1068,513
2021,Wroxham,E05005783,2353,1864,1104,760,26,26,244,18,226,218,175,43,1,786,219
2021,Bradwell North,E05005784,2845,2366,1471,895,15,15,144,105,39,320,258,62,0,910,320
2021,Bradwell South and Hopton,E05005785,3433,2643,1437,1206,8,8,399,216,183,378,318,60,5,1214,383
2021,Caister North,E05005786,2061,1668,1157,511,8,8,64,45,19,319,272,47,2,519,321
2021,Caister South,E05005787,2107,1542,1057,485,6,6,232,192,40,323,257,66,4,491,327
2021,Central and Northgate,E05005788,3981,1381,830,551,19,19,776,438,338,1796,1697,99,9,570,1805
2021,Claydon,E05005789,3596,1743,966,777,10,10,1243,1101,142,582,514,68,18,787,600
2021,East Flegg,E05005790,2258,1805,1282,523,4,4,151,131,20,297,223,74,1,527,298
2021,Fleggburgh,E05005791,1117,880,574,306,4,4,97,92,5,136,101,35,0,310,136
2021,Gorleston,E05005792,2355,1656,1049,607,4,4,129,56,73,564,510,54,2,611,566
2021,Lothingland (Great Yarmouth),E05005793,2481,2041,1303,738,4,4,110,98,12,322,261,61,4,742,326
2021,Magdalen,E05005794,3095,1559,844,715,5,5,1120,854,266,393,296,97,18,720,411
2021,Nelson (Great Yarmouth),E05005795,4157,1078,694,384,15,15,1258,989,269,1782,1700,82,24,399,1806
2021,Ormesby (Great Yarmouth),E05005796,2087,1735,1109,626,16,16,114,85,29,222,175,47,0,642,222
2021,St Andrews (Great Yarmouth),E05005797,2268,1351,785,566,7,7,250,224,26,654,586,68,6,573,660
2021,Southtown and Cobholm,E05005798,2448,1081,531,550,4,4,433,219,214,927,882,45,3,554,930
2021,West Flegg,E05005799,2300,1826,1161,665,6,6,183,155,28,282,217,65,3,671,285
2021,Yarmouth North,E05005800,1961,1164,728,436,0,0,513,468,45,277,235,42,7,436,284
2021,Beckingham,E05006377,1074,838,522,316,3,3,126,85,41,106,84,22,1,319,107
2021,Blyth,E05006378,1036,802,495,307,1,1,57,50,7,176,150,26,0,308,176
2021,Carlton (Bassetlaw),E05006379,2545,1855,1117,738,13,13,423,396,27,248,203,45,6,751,254
2021,Clayworth,E05006380,823,677,447,230,2,2,52,34,18,92,64,28,0,232,92
2021,East Markham,E05006381,1052,842,515,327,2,2,82,61,21,126,90,36,0,329,126
2021,East Retford East,E05006382,3306,2200,1367,833,12,12,529,467,62,560,502,58,5,845,565
2021,East Retford North,E05006383,2995,2027,1193,834,6,6,572,492,80,383,338,45,7,840,390
2021,East Retford South,E05006384,2343,1486,716,770,23,23,520,431,89,307,271,36,7,793,314
2021,East Retford West,E05006385,2431,1432,729,703,6,6,306,67,239,684,629,55,3,709,687
2021,Everton (Bassetlaw),E05006386,1071,835,487,348,8,8,89,75,14,138,115,23,1,356,139
2021,Harworth,E05006387,3932,2568,1276,1292,21,21,758,559,199,574,516,58,11,1313,585
2021,Langold,E05006388,1123,754,371,383,3,3,191,174,17,175,140,35,0,386,175
2021,Misterton (Bassetlaw),E05006389,1111,861,487,374,6,6,131,115,16,113,96,17,0,380,113
2021,Rampton,E05006390,891,714,430,284,2,2,46,33,13,129,77,52,0,286,129
2021,Ranskill,E05006391,1060,827,498,329,5,5,136,117,19,92,75,17,0,334,92
2021,Sturton,E05006392,1017,807,467,340,9,9,71,44,27,130,100,30,0,349,130
2021,Sutton (Bassetlaw),E05006393,898,694,451,243,2,2,38,38,0,164,119,45,0,245,164
2021,Tuxford and Trent,E05006394,1998,1452,881,571,12,12,234,203,31,295,242,53,5,583,300
2021,Welbeck,E05006395,855,460,258,202,1,1,129,69,60,263,211,52,2,203,265
2021,Worksop East,E05006396,2858,1798,973,825,8,8,665,627,38,380,313,67,7,833,387
2021,Worksop North,E05006397,3884,3041,1284,1757,10,10,301,225,76,530,469,61,2,1767,532
2021,Worksop North East,E05006398,2797,2020,1240,780,7,7,420,387,33,341,287,54,9,787,350
2021,Worksop North West,E05006399,3653,2264,1090,1174,19,19,506,376,130,853,784,69,11,1193,864
2021,Worksop South,E05006400,3229,2391,1434,957,11,11,127,41,86,700,611,89,0,968,700
2021,Worksop South East,E05006401,3482,1468,716,752,27,27,1187,956,231,793,727,66,7,779,800
2021,Alvescot and Filkins,E05006627,769,510,281,229,6,6,91,17,74,162,113,49,0,235,162
2021,Ascott and Shipton,E05006628,913,692,416,276,14,14,103,13,90,104,86,18,0,290,104
2021,Bampton and Clanfield,E05006629,1766,1222,705,517,45,45,273,47,226,226,182,44,0,562,226
2021,Carterton North East,E05006632,2325,1205,378,827,73,73,252,22,230,795,447,348,0,900,795
2021,Carterton South,E05006634,1730,1066,636,430,14,14,131,20,111,519,302,217,0,444,519
2021,Chipping Norton,E05006637,3251,2120,1249,871,55,55,558,108,450,517,444,73,1,926,518
2021,Ducklington,E05006638,1023,735,439,296,22,22,130,18,112,136,101,35,0,318,136
2021,Eynsham and Cassington,E05006639,2791,1891,1161,730,65,65,394,60,334,441,377,64,0,795,441
2021,Freeland and Hanborough,E05006640,2050,1559,893,666,43,43,200,24,176,248,196,52,0,709,248
2021,"Kingham, Rollright and Enstone",E05006642,1733,1144,703,441,20,20,223,25,198,346,231,115,0,461,346
2021,Milton-under-Wychwood,E05006643,990,680,398,282,24,24,136,15,121,150,114,36,0,306,150
2021,North Leigh,E05006644,888,661,391,270,20,20,112,13,99,94,75,19,1,290,95
2021,"Standlake, Aston and Stanton Harcourt",E05006645,1886,1410,839,571,29,29,204,47,157,241,185,56,2,600,243
2021,Stonesfield and Tackley,E05006646,1872,1287,732,555,30,30,252,25,227,303,250,53,0,585,303
2021,The Bartons,E05006647,825,611,338,273,2,2,71,15,56,141,100,41,0,275,141
2021,Witney Central,E05006648,2557,1202,706,496,120,120,741,43,698,493,444,49,1,616,494
2021,Witney East,E05006649,3287,2131,1006,1125,83,83,424,53,371,649,590,59,0,1208,649
2021,Witney North,E05006650,1686,1286,761,525,9,9,185,19,166,206,184,22,0,534,206
2021,Witney South,E05006651,2856,1770,1078,692,61,61,494,53,441,531,459,72,0,753,531
2021,Witney West,E05006652,2416,1746,723,1023,96,96,209,16,193,364,323,41,1,1119,365
2021,Woodstock and Bladon,E05006653,2009,1342,782,560,34,34,208,22,186,425,373,52,0,594,425
2021,Brereton and Ravenhill,E05006902,2972,2008,1025,983,23,23,481,326,155,453,400,53,7,1006,460
2021,Cannock East,E05006903,3256,1789,998,791,18,18,831,656,175,601,545,56,17,809,618
2021,Cannock North,E05006904,3110,1649,826,823,61,61,1041,727,314,334,287,47,25,884,359
2021,Cannock South,E05006905,3844,1957,955,1002,40,40,1034,707,327,794,713,81,19,1042,813
2021,Cannock West,E05006906,3229,2313,1413,900,8,8,395,160,235,510,438,72,3,908,513
2021,Etching Hill and The Heath,E05006907,2747,2118,1203,915,11,11,290,268,22,325,277,48,3,926,328
2021,Hagley (Cannock Chase),E05006908,1830,1237,607,630,4,4,185,101,84,403,370,33,1,634,404
2021,Hawks Green,E05006909,2778,2193,906,1287,16,16,152,19,133,417,387,30,0,1303,417
2021,Heath Hayes East and Wimblebury,E05006910,2677,1872,824,1048,9,9,335,305,30,455,420,35,6,1057,461
2021,Hednesford Green Heath,E05006911,2870,2271,932,1339,44,44,240,77,163,313,285,28,2,1383,315
2021,Hednesford North,E05006912,3202,1865,943,922,6,6,720,632,88,595,525,70,16,928,611
2021,Hednesford South,E05006913,2287,1871,951,920,18,18,125,78,47,273,236,37,0,938,273
2021,Norton Canes,E05006914,3523,2547,1206,1341,25,25,542,415,127,404,338,66,5,1366,409
2021,Rawnsley,E05006915,2003,1439,761,678,2,2,280,238,42,279,246,33,3,680,282
2021,Western Springs,E05006916,3125,2029,1169,860,12,12,379,185,194,703,639,64,2,872,705
2021,Abbey (East Staffordshire),E05006917,1147,994,603,391,7,7,34,19,15,112,89,23,0,398,112
2021,Anglesey (East Staffordshire),E05006918,2891,1248,624,624,24,24,265,83,182,1353,1231,122,1,648,1354
2021,Bagots,E05006919,1184,950,607,343,10,10,76,16,60,148,114,34,0,353,148
2021,Branston (East Staffordshire),E05006920,3776,2938,1303,1635,13,13,240,97,143,585,517,68,0,1648,585
2021,Brizlincote,E05006921,2252,1972,1117,855,7,7,38,10,28,235,200,35,0,862,235
2021,Burton (East Staffordshire),E05006922,2003,755,299,456,22,22,407,83,324,819,770,49,0,478,819
2021,Churnet (East Staffordshire),E05006923,1135,778,444,334,10,10,182,43,139,163,125,38,2,344,165
2021,Crown,E05006924,1054,858,540,318,3,3,63,22,41,130,102,28,0,321,130
2021,Eton Park,E05006925,3077,1604,615,989,21,21,547,190,357,903,820,83,2,1010,905
2021,Heath (East Staffordshire),E05006926,2926,2107,1103,1004,70,70,451,168,283,296,255,41,2,1074,298
2021,Horninglow,E05006927,3786,2157,1135,1022,29,29,768,292,476,829,743,86,3,1051,832
2021,Needwood,E05006928,2534,2086,1261,825,20,20,126,38,88,302,261,41,0,845,302
2021,Rolleston on Dove,E05006929,1456,1237,778,459,3,3,95,27,68,121,104,17,0,462,121
2021,Shobnall,E05006930,3325,1497,782,715,27,27,546,180,366,1248,1131,117,7,742,1255
2021,Stapenhill,E05006931,3689,1904,1047,857,24,24,1148,421,727,606,534,72,7,881,613
2021,Stretton,E05006932,3413,2863,1715,1148,5,5,147,52,95,396,336,60,2,1153,398
2021,Town (East Staffordshire),E05006933,3076,2123,1143,980,14,14,333,102,231,605,535,70,1,994,606
2021,Tutbury and Outwoods,E05006934,3059,2361,1257,1104,28,28,309,124,185,359,306,53,2,1132,361
2021,Weaver,E05006935,912,709,454,255,2,2,59,17,42,142,111,31,0,257,142
2021,Winshill,E05006936,3454,2164,1249,915,11,11,758,284,474,517,456,61,4,926,521
2021,Yoxall,E05006937,1141,967,614,353,4,4,43,8,35,127,105,22,0,357,127
2021,Bilbrook,E05006988,1904,1234,737,497,15,15,475,41,434,178,140,38,2,512,180
2021,Brewood and Coven,E05006989,3010,2346,1588,758,18,18,332,30,302,314,254,60,0,776,314
2021,Cheslyn Hay North and Saredon,E05006990,1808,1422,778,644,7,7,195,12,183,184,145,39,0,651,184
2021,Cheslyn Hay South,E05006991,1531,1199,752,447,3,3,223,24,199,106,82,24,0,450,106
2021,Codsall North,E05006992,1981,1443,828,615,31,31,353,30,323,148,126,22,6,646,154
2021,Codsall South,E05006993,1585,1378,818,560,2,2,59,3,56,146,124,22,0,562,146
2021,Essington,E05006994,2058,1492,847,645,26,26,393,36,357,147,124,23,0,671,147
2021,Featherstone and Shareshill,E05006995,1981,1410,758,652,5,5,363,36,327,203,173,30,0,657,203
2021,Great Wyrley Landywood,E05006996,1989,1450,793,657,4,4,300,32,268,234,199,35,1,661,235
2021,Great Wyrley Town,E05006997,2714,2059,1210,849,23,23,422,51,371,210,173,37,0,872,210
2021,Himley and Swindon,E05006998,1097,844,521,323,9,9,158,11,147,86,69,17,0,332,86
2021,Huntington and Hatherton,E05006999,2170,1382,642,740,54,54,491,48,443,243,207,36,0,794,243
2021,Kinver,E05007000,3124,2527,1635,892,8,8,286,25,261,302,253,49,1,900,303
2021,Pattingham and Patshull,E05007001,983,760,458,302,10,10,126,4,122,86,69,17,1,312,87
2021,Penkridge North East and Acton Trussell,E05007002,1618,1216,770,446,15,15,174,21,153,213,186,27,0,461,213
2021,Penkridge South East,E05007003,2106,1606,854,752,73,73,229,30,199,198,155,43,0,825,198
2021,Penkridge West,E05007004,974,661,401,260,21,21,157,23,134,135,119,16,0,281,135
2021,Perton Dippons,E05007005,792,683,415,268,5,5,11,1,10,93,80,13,0,273,93
2021,Perton East,E05007006,815,735,396,339,2,2,12,3,9,66,61,5,0,341,66
2021,Perton Lakeside,E05007007,2750,1777,1013,764,26,26,488,46,442,458,419,39,1,790,459
2021,Trysull and Seisdon,E05007008,931,640,404,236,0,0,94,7,87,197,172,25,0,236,197
2021,"Wheaton Aston, Bishopswood and Lapley",E05007009,1766,1306,824,482,17,17,162,10,152,281,239,42,0,499,281
2021,Wombourne North and Lower Penn,E05007010,2671,2043,1206,837,11,11,339,36,303,276,240,36,2,848,278
2021,Wombourne South East,E05007011,1805,1406,891,515,18,18,221,15,206,157,133,24,3,533,160
2021,Wombourne South West,E05007012,1962,1338,770,568,2,2,407,47,360,215,189,26,0,570,215
2021,Alton,E05007039,590,489,334,155,1,1,29,9,20,71,56,15,0,156,71
2021,Bagnall and Stanley,E05007040,691,624,385,239,1,1,14,5,9,52,43,9,0,240,52
2021,Biddulph East,E05007041,2467,1425,678,747,4,4,679,250,429,357,326,31,2,751,359
2021,Biddulph Moor,E05007042,720,642,415,227,0,0,17,3,14,61,49,12,0,227,61
2021,Biddulph North,E05007043,2417,2156,1395,761,20,20,72,8,64,169,134,35,0,781,169
2021,Biddulph South,E05007044,726,656,454,202,3,3,14,6,8,53,40,13,0,205,53
2021,Biddulph West,E05007045,2372,1862,1143,719,3,3,141,43,98,365,313,52,1,722,366
2021,Brown Edge and Endon,E05007046,2049,1795,1136,659,3,3,55,20,35,196,155,41,0,662,196
2021,Caverswall,E05007047,759,636,412,224,5,5,37,21,16,81,57,24,0,229,81
2021,Cellarhead,E05007048,1400,1228,768,460,4,4,59,19,40,107,81,26,2,464,109
2021,Cheadle North East,E05007049,1542,1116,667,449,2,2,193,61,132,230,206,24,1,451,231
2021,Cheadle South East,E05007050,1621,1213,725,488,10,10,201,57,144,197,163,34,0,498,197
2021,Cheadle West,E05007051,2208,1666,988,678,7,7,204,54,150,331,287,44,0,685,331
2021,Checkley,E05007052,2392,1995,1195,800,9,9,128,32,96,259,214,45,1,809,260
2021,Cheddleton,E05007053,2254,1914,1152,762,6,6,70,21,49,264,211,53,0,768,264
2021,Churnet (Staffordshire Moorlands),E05007054,1426,1133,672,461,3,3,131,31,100,158,123,35,1,464,159
2021,Dane,E05007055,619,490,324,166,10,10,36,15,21,83,57,26,0,176,83
2021,Forsbrook,E05007056,2222,1887,1156,731,5,5,104,40,64,226,179,47,0,736,226
2021,Hamps Valley,E05007057,743,596,391,205,5,5,34,7,27,108,85,23,0,210,108
2021,Horton,E05007058,743,655,455,200,2,2,15,4,11,71,51,20,0,202,71
2021,Ipstones,E05007059,771,671,471,200,2,2,20,7,13,77,63,14,1,202,78
2021,Leek East,E05007060,2373,1655,1049,606,10,10,139,17,122,569,507,62,0,616,569
2021,Leek North,E05007061,2445,1389,826,563,25,25,692,225,467,332,286,46,7,588,339
2021,Leek South,E05007062,2650,1801,989,812,16,16,354,73,281,476,416,60,3,828,479
2021,Leek West,E05007063,2074,1643,1055,588,5,5,143,22,121,282,250,32,1,593,283
2021,Manifold,E05007064,749,568,398,170,3,3,65,15,50,113,88,25,0,173,113
2021,Werrington (Staffordshire Moorlands),E05007065,1334,1234,768,466,2,2,10,5,5,87,67,20,1,468,88
2021,Amington,E05007066,3421,2493,1210,1283,20,20,576,407,169,327,282,45,5,1303,332
2021,Belgrave (Tamworth),E05007067,3110,2087,966,1121,15,15,586,463,123,419,376,43,3,1136,422
2021,Bolehall,E05007068,3273,2109,1059,1050,26,26,590,448,142,538,491,47,10,1076,548
2021,Castle (Tamworth),E05007069,3657,1960,978,982,29,29,821,504,317,838,784,54,9,1011,847
2021,Glascote,E05007070,3041,1651,822,829,15,15,1011,609,402,360,314,46,4,844,364
2021,Mercian,E05007071,3027,2110,1177,933,21,21,562,437,125,326,284,42,8,954,334
2021,Spital,E05007072,3426,2305,1241,1064,49,49,509,327,182,558,499,59,5,1113,563
2021,Stonydelph,E05007073,3118,2097,892,1205,5,5,628,472,156,386,359,27,2,1210,388
2021,Trinity (Tamworth),E05007074,3039,2519,1350,1169,8,8,175,105,70,336,296,40,1,1177,337
2021,Wilnecote,E05007075,3780,2707,1272,1435,45,45,463,327,136,556,509,47,9,1480,565
2021,Alexandra (Ipswich),E05007117,5199,1990,879,1111,47,47,820,270,550,2332,2219,113,10,1158,2342
2021,Bixley,E05007118,3186,2547,1578,969,8,8,158,78,80,473,437,36,0,977,473
2021,Bridge (Ipswich),E05007119,4298,1755,835,920,67,67,1271,640,631,1193,1121,72,12,987,1205
2021,Castle Hill,E05007120,3061,2556,1414,1142,4,4,200,131,69,301,243,58,0,1146,301
2021,Gainsborough,E05007121,3524,1996,960,1036,9,9,1073,894,179,429,371,58,17,1045,446
2021,Gipping,E05007122,4010,1615,753,862,30,30,1287,895,392,1064,991,73,14,892,1078
2021,Holywells,E05007123,3533,1982,1056,926,23,23,246,86,160,1282,1197,85,0,949,1282
2021,Priory Heath,E05007124,3749,2020,874,1146,16,16,1132,811,321,572,498,74,9,1162,581
2021,Rushmere,E05007125,3357,2322,1174,1148,4,4,601,440,161,421,366,55,9,1152,430
2021,St John's (Ipswich),E05007126,4165,2590,1164,1426,39,39,449,122,327,1087,1010,77,0,1465,1087
2021,St Margaret's (Ipswich),E05007127,3663,2389,1356,1033,14,14,296,148,148,960,888,72,4,1047,964
2021,Sprites,E05007128,2959,1735,986,749,7,7,803,699,104,396,348,48,18,756,414
2021,Stoke Park,E05007129,3170,1646,992,654,9,9,1210,480,730,294,251,43,11,663,305
2021,Westgate (Ipswich),E05007130,4515,1746,723,1023,28,28,869,454,415,1869,1757,112,3,1051,1872
2021,Whitehouse,E05007131,3855,2123,947,1176,40,40,959,602,357,722,658,64,11,1216,733
2021,Whitton (Ipswich),E05007132,3264,1979,1119,860,9,9,991,864,127,274,229,45,11,869,285
2021,Auriol,E05007273,1527,1345,676,669,2,2,18,3,15,162,139,23,0,671,162
2021,College (Epsom and Ewell),E05007274,2225,1705,891,814,6,6,93,7,86,421,355,66,0,820,421
2021,Court (Epsom and Ewell),E05007275,2774,1422,499,923,114,114,765,44,721,472,430,42,1,1037,473
2021,Cuddington,E05007276,2311,1848,957,891,4,4,126,11,115,332,294,38,1,895,333
2021,Ewell,E05007277,2529,1775,915,860,20,20,211,10,201,523,483,40,0,880,523
2021,Ewell Court,E05007278,2212,1935,1088,847,6,6,60,6,54,211,182,29,0,853,211
2021,Nonsuch,E05007279,2145,1968,976,992,15,15,51,3,48,111,95,16,0,1007,111
2021,Ruxley,E05007280,2569,1776,798,978,28,28,436,34,402,329,298,31,0,1006,329
2021,Stamford,E05007281,2881,2209,1020,1189,71,71,263,16,247,337,294,43,1,1260,338
2021,Stoneleigh,E05007282,1777,1571,820,751,4,4,39,3,36,163,150,13,0,755,163
2021,Town (Epsom and Ewell),E05007283,3637,1838,910,928,38,38,376,32,344,1384,1312,72,1,966,1385
2021,West Ewell,E05007284,2357,1908,853,1055,33,33,169,12,157,247,219,28,0,1088,247
2021,Woodcote,E05007285,2375,1867,962,905,18,18,135,10,125,355,309,46,0,923,355
2021,Ash South and Tongham,E05007286,3677,2770,1270,1500,64,64,520,302,218,320,289,31,3,1564,323
2021,Ash Vale,E05007287,2467,1813,864,949,15,15,185,110,75,453,391,62,1,964,454
2021,Ash Wharf,E05007288,2554,1837,944,893,14,14,437,232,205,264,223,41,2,907,266
2021,Burpham,E05007289,2386,1735,847,888,32,32,85,56,29,532,488,44,2,920,534
2021,Christchurch,E05007290,2384,1722,971,751,18,18,131,39,92,513,478,35,0,769,513
2021,Clandon and Horsley,E05007291,3477,2897,1631,1266,16,16,260,194,66,304,256,48,0,1282,304
2021,Effingham,E05007292,1065,881,500,381,15,15,60,19,41,109,88,21,0,396,109
2021,Friary and St Nicolas,E05007293,4444,2003,939,1064,146,146,619,258,361,1672,1564,108,4,1210,1676
2021,Holy Trinity,E05007294,3850,2034,1036,998,35,35,295,166,129,1483,1394,89,3,1033,1486
2021,Lovelace,E05007295,1112,745,445,300,21,21,150,78,72,195,151,44,1,321,196
2021,Merrow,E05007296,3255,2290,1213,1077,28,28,420,299,121,513,467,46,4,1105,517
2021,Normandy,E05007297,1341,1125,718,407,5,5,116,87,29,95,76,19,0,412,95
2021,Onslow,E05007298,2119,1271,683,588,9,9,245,222,23,591,550,41,3,597,594
2021,Pilgrims,E05007299,991,757,406,351,3,3,70,56,14,161,118,43,0,354,161
2021,Pirbright,E05007300,1107,557,260,297,15,15,100,43,57,435,140,295,0,312,435
2021,Send,E05007301,1721,1428,774,654,4,4,142,112,30,144,120,24,3,658,147
2021,Shalford,E05007302,2297,1669,859,810,45,45,288,244,44,293,242,51,2,855,295
2021,Stoke (Guildford),E05007303,2452,1172,519,653,34,34,835,715,120,398,341,57,13,687,411
2021,Stoughton,E05007304,3735,2505,1133,1372,134,134,345,196,149,750,683,67,1,1506,751
2021,Tillingbourne,E05007305,2327,1726,1056,670,14,14,199,125,74,383,309,74,5,684,388
2021,Westborough (Guildford),E05007306,3548,1466,742,724,29,29,1193,1098,95,855,802,53,5,753,860
2021,Worplesdon,E05007307,3454,2586,1460,1126,31,31,373,216,157,463,381,82,1,1157,464
2021,Ashtead Common,E05007308,1619,1347,694,653,3,3,106,16,90,163,144,19,0,656,163
2021,Ashtead Park,E05007309,1823,1434,824,610,22,22,183,3,180,184,153,31,0,632,184
2021,Ashtead Village,E05007310,2414,1961,1100,861,10,10,198,26,172,245,213,32,0,871,245
2021,Beare Green,E05007311,916,661,398,263,8,8,144,17,127,103,86,17,0,271,103
2021,Bookham North,E05007312,2587,1958,1211,747,32,32,316,46,270,281,236,45,0,779,281
2021,Bookham South,E05007313,2420,1914,1163,751,4,4,265,47,218,237,205,32,0,755,237
2021,Box Hill and Headley,E05007314,980,825,643,182,14,14,38,10,28,102,80,22,1,196,103
2021,"Brockham, Betchworth and Buckland",E05007315,1853,1451,823,628,3,3,182,11,171,217,179,38,0,631,217
2021,"Capel, Leigh and Newdigate",E05007316,1798,1347,771,576,15,15,221,34,187,215,175,40,0,591,215
2021,Charlwood,E05007317,946,725,359,366,12,12,82,6,76,127,97,30,0,378,127
2021,Dorking North,E05007318,2035,1431,721,710,7,7,168,17,151,428,372,56,1,717,429
2021,Dorking South,E05007319,3198,2122,1183,939,39,39,408,40,368,628,560,68,1,978,629
2021,Fetcham East,E05007320,1555,1325,763,562,0,0,115,15,100,115,97,18,0,562,115
2021,Fetcham West,E05007321,1622,1465,773,692,12,12,34,4,30,111,86,25,0,704,111
2021,Holmwoods,E05007322,2711,1668,817,851,61,61,705,100,605,277,241,36,0,912,277
2021,Leatherhead North,E05007323,3453,1755,728,1027,100,100,762,128,634,834,758,76,2,1127,836
2021,Leatherhead South,E05007324,2018,1447,831,616,14,14,136,19,117,421,364,57,0,630,421
2021,Leith Hill,E05007325,668,449,246,203,2,2,42,4,38,175,153,22,0,205,175
2021,"Mickleham, Westhumble and Pixham",E05007326,802,632,365,267,5,5,36,7,29,129,99,30,0,272,129
2021,Okewood,E05007327,782,580,318,262,8,8,51,6,45,143,116,27,0,270,143
2021,Westcott,E05007328,938,691,403,288,8,8,136,18,118,103,91,12,0,296,103
2021,Ashford Common,E05007362,3392,2582,1280,1302,42,42,290,27,263,477,415,62,1,1344,478
2021,Ashford East,E05007363,3062,2280,1143,1137,15,15,305,52,253,462,409,53,0,1152,462
2021,Ashford North and Stanwell South,E05007364,3557,2110,869,1241,80,80,619,96,523,746,674,72,2,1321,748
2021,Ashford Town,E05007365,2968,2276,1096,1180,29,29,132,44,88,530,482,48,1,1209,531
2021,Halliford and Sunbury West,E05007366,2629,1993,1065,928,19,19,332,44,288,284,243,41,1,947,285
2021,Laleham and Shepperton Green,E05007367,3472,2452,1169,1283,53,53,392,48,344,569,517,52,6,1336,575
2021,Riverside and Laleham,E05007368,2855,2296,1231,1065,10,10,184,27,157,365,339,26,0,1075,365
2021,Shepperton Town,E05007369,3143,2503,1504,999,20,20,115,20,95,504,434,70,1,1019,505
2021,Staines,E05007370,4010,2088,949,1139,36,36,464,52,412,1420,1337,83,2,1175,1422
2021,Staines South,E05007371,2912,1915,906,1009,37,37,617,82,535,341,302,39,2,1046,343
2021,Stanwell North,E05007372,3389,1729,739,990,77,77,873,133,740,709,656,53,1,1067,710
2021,Sunbury Common,E05007373,3255,1856,785,1071,63,63,735,102,633,596,551,45,5,1134,601
2021,Sunbury East,E05007374,3163,2386,1241,1145,50,50,239,45,194,486,425,61,2,1195,488
2021,Chaldon,E05007391,670,620,332,288,0,0,11,10,1,39,27,12,0,288,39
2021,Dormansland and Felcourt,E05007392,1557,1255,703,552,4,4,97,86,11,201,163,38,0,556,201
2021,Felbridge,E05007393,923,765,427,338,12,12,73,8,65,73,50,23,0,350,73
2021,Godstone,E05007394,2538,1791,871,920,11,11,449,332,117,285,220,65,2,931,287
2021,Harestone,E05007395,1820,1341,650,691,3,3,68,48,20,408,357,51,0,694,408
2021,Limpsfield,E05007396,1458,1201,693,508,7,7,64,60,4,186,153,33,0,515,186
2021,Lingfield and Crowhurst,E05007397,1858,1325,696,629,14,14,318,206,112,201,154,47,0,643,201
2021,Oxted North and Tandridge,E05007398,2416,1820,968,852,11,11,226,160,66,359,301,58,0,863,359
2021,Oxted South,E05007399,2558,1755,831,924,30,30,523,362,161,246,216,30,4,954,250
2021,Portley,E05007400,1787,1463,640,823,28,28,165,69,96,129,102,27,2,851,131
2021,Queens Park (Tandridge),E05007401,1632,1235,625,610,8,8,158,120,38,231,204,27,0,618,231
2021,Tatsfield and Titsey,E05007402,777,643,381,262,6,6,51,32,19,75,62,13,2,268,77
2021,Valley (Tandridge),E05007403,1989,1299,566,733,32,32,290,178,112,368,333,35,0,765,368
2021,Warlingham East and Chelsham and Farleigh,E05007404,2381,1861,1008,853,3,3,270,225,45,245,214,31,2,856,247
2021,Warlingham West,E05007405,1487,1309,727,582,1,1,22,15,7,155,129,26,0,583,155
2021,Westway,E05007406,1970,1273,508,765,40,40,339,117,222,318,283,35,0,805,318
2021,Whyteleafe,E05007407,2134,1251,447,804,165,165,229,96,133,489,450,39,0,969,489
2021,Woldingham,E05007408,761,670,360,310,2,2,13,12,1,76,52,24,0,312,76
2021,Bletchingley and Nutfield,E05007409,2433,1734,861,873,23,23,380,270,110,295,238,57,1,896,296
2021,"Burstow, Horne and Outwood",E05007410,2475,1916,1030,886,11,11,197,95,102,349,264,85,2,897,351
2021,"Alfold, Cranleigh Rural and Ellens Green",E05007411,931,690,481,209,18,18,112,42,70,111,86,25,0,227,111
2021,Blackheath and Wonersh,E05007412,749,632,378,254,0,0,46,39,7,71,59,12,0,254,71
2021,"Bramley, Busbridge and Hascombe",E05007413,1992,1432,727,705,40,40,228,190,38,290,213,77,2,745,292
2021,Chiddingfold and Dunsfold,E05007414,1627,1211,634,577,22,22,208,155,53,184,141,43,2,599,186
2021,Cranleigh East,E05007415,2906,2121,1262,859,53,53,491,347,144,240,193,47,1,912,241
2021,Cranleigh West,E05007416,2005,1397,861,536,81,81,169,70,99,358,273,85,0,617,358
2021,Elstead and Thursley,E05007417,1709,1295,788,507,24,24,177,145,32,211,163,48,2,531,213
2021,Ewhurst,E05007418,875,692,434,258,7,7,71,64,7,102,61,41,3,265,105
2021,Farnham Bourne,E05007419,1636,1440,755,685,3,3,38,34,4,154,127,27,1,688,155
2021,Farnham Castle,E05007420,2246,1274,828,446,40,40,366,251,115,564,509,55,2,486,566
2021,Farnham Firgrove,E05007421,1840,1279,637,642,8,8,230,187,43,323,300,23,0,650,323
2021,Farnham Hale and Heath End,E05007422,1852,1492,722,770,8,8,123,86,37,228,199,29,1,778,229
2021,Farnham Moor Park,E05007423,2124,1340,679,661,32,32,324,228,96,424,391,33,4,693,428
2021,Farnham Shortheath and Boundstone,E05007424,1694,1259,607,652,30,30,238,205,33,165,140,25,2,682,167
2021,Farnham Upper Hale,E05007425,1690,1219,656,563,1,1,276,92,184,194,176,18,0,564,194
2021,Farnham Weybourne and Badshot Lea,E05007426,2031,1533,797,736,36,36,218,143,75,242,206,36,2,772,244
2021,Farnham Wrecclesham and Rowledge,E05007427,1979,1469,769,700,39,39,220,123,97,251,219,32,0,739,251
2021,"Frensham, Dockenfield and Tilford",E05007428,1637,1264,702,562,5,5,155,111,44,212,141,71,1,567,213
2021,Godalming Binscombe,E05007429,1746,1046,516,530,19,19,519,382,137,157,129,28,5,549,162
2021,Godalming Central and Ockford,E05007430,2266,1358,595,763,14,14,368,278,90,525,473,52,1,777,526
2021,Godalming Charterhouse,E05007431,1605,1105,549,556,1,1,98,65,33,401,318,83,0,557,401
2021,Godalming Farncombe and Catteshall,E05007432,2343,1477,703,774,43,43,285,260,25,536,490,46,2,817,538
2021,Godalming Holloway,E05007433,1696,1471,731,740,12,12,37,16,21,176,159,17,0,752,176
2021,Haslemere Critchmere and Shottermill,E05007434,2480,1678,798,880,11,11,336,295,41,452,402,50,3,891,455
2021,Haslemere East and Grayswood,E05007435,2837,2037,1081,956,16,16,397,299,98,387,336,51,0,972,387
2021,Hindhead,E05007436,1788,1374,745,629,19,19,136,80,56,256,219,37,3,648,259
2021,Milford (Waverley),E05007437,1756,1257,662,595,28,28,257,213,44,213,180,33,1,623,214
2021,Shamley Green and Cranleigh North,E05007438,775,586,331,255,10,10,98,89,9,81,62,19,0,265,81
2021,Witley and Hambledon,E05007439,1615,1206,610,596,20,20,197,164,33,191,128,63,1,616,192
2021,Arley and Whitacre,E05007457,2567,1673,834,839,62,62,464,251,213,363,316,47,5,901,368
2021,Atherstone Central,E05007458,1941,855,462,393,5,5,465,306,159,608,575,33,8,398,616
2021,Atherstone North,E05007459,1602,1082,632,450,14,14,261,212,49,242,213,29,3,464,245
2021,Atherstone South and Mancetter,E05007460,1698,1127,695,432,18,18,388,212,176,162,131,31,3,450,165
2021,Baddesley and Grendon,E05007461,1815,1341,721,620,22,22,218,195,23,229,193,36,5,642,234
2021,Coleshill North,E05007462,1387,1061,507,554,18,18,62,26,36,245,215,30,1,572,246
2021,Coleshill South,E05007463,1669,1126,660,466,8,8,235,122,113,298,267,31,2,474,300
2021,Curdworth,E05007464,1370,1151,675,476,13,13,52,30,22,154,116,38,0,489,154
2021,Dordon,E05007465,1324,779,418,361,9,9,279,131,148,254,233,21,3,370,257
2021,Fillongley,E05007466,1422,1072,598,474,4,4,91,82,9,254,219,35,1,478,255
2021,Hartshill,E05007467,1644,1192,638,554,4,4,206,145,61,239,208,31,3,558,242
2021,Hurley and Wood End,E05007468,1593,1037,506,531,33,33,293,181,112,230,206,24,0,564,230
2021,Kingsbury (North Warwickshire),E05007469,1555,1224,722,502,14,14,168,105,63,147,119,28,2,516,149
2021,Newton Regis and Warton,E05007470,1523,1221,669,552,10,10,152,119,33,137,108,29,3,562,140
2021,Polesworth East,E05007471,1592,1175,594,581,13,13,243,232,11,158,129,29,3,594,161
2021,Polesworth West,E05007472,1404,1111,591,520,7,7,75,48,27,211,184,27,0,527,211
2021,Water Orton,E05007473,1481,1191,636,555,6,6,100,93,7,183,160,23,1,561,184
2021,Abbey (Nuneaton and Bedworth),E05007474,4119,1869,988,881,36,36,694,394,300,1516,1411,105,4,917,1520
2021,Arbury (Nuneaton and Bedworth),E05007475,3028,2147,1049,1098,38,38,237,78,159,603,547,56,3,1136,606
2021,Attleborough,E05007476,3385,2062,995,1067,15,15,589,344,245,715,637,78,4,1082,719
2021,Bar Pool,E05007477,3218,1919,974,945,10,10,715,554,161,571,490,81,3,955,574
2021,Bede (Nuneaton and Bedworth),E05007478,3052,1797,1008,789,19,19,841,562,279,388,336,52,7,808,395
2021,Bulkington,E05007479,2804,2283,1521,762,4,4,242,180,62,273,222,51,2,766,275
2021,Camp Hill,E05007480,3978,2213,861,1352,37,37,972,620,352,750,679,71,6,1389,756
2021,Exhall,E05007481,3492,2505,1278,1227,31,31,428,278,150,527,447,80,1,1258,528
2021,Galley Common,E05007482,3404,2708,1198,1510,40,40,214,89,125,441,396,45,1,1550,442
2021,Heath (Nuneaton and Bedworth),E05007483,3116,2329,1194,1135,19,19,356,221,135,410,358,52,2,1154,412
2021,Kingswood (Nuneaton and Bedworth),E05007484,3037,1860,949,911,4,4,560,469,91,610,547,63,3,915,613
2021,Poplar (Nuneaton and Bedworth),E05007485,3371,2131,998,1133,27,27,453,357,96,753,682,71,7,1160,760
2021,St Nicolas (Nuneaton and Bedworth),E05007486,3473,2951,1483,1468,39,39,173,32,141,308,269,39,2,1507,310
2021,Slough,E05007487,3074,2265,1263,1002,45,45,342,237,105,419,366,53,3,1047,422
2021,Weddington,E05007488,4026,3223,1571,1652,69,69,394,238,156,336,282,54,4,1721,340
2021,Wem Brook,E05007489,3197,1658,868,790,13,13,919,745,174,595,534,61,12,803,607
2021,Whitestone,E05007490,2809,2583,1632,951,11,11,29,13,16,186,152,34,0,962,186
2021,Buckingham,E05007562,1665,1457,839,618,8,8,15,10,5,185,152,33,0,626,185
2021,Churchill (Adur),E05007563,2061,1435,873,562,8,8,242,197,45,374,332,42,2,570,376
2021,Cokeham,E05007564,1898,1485,803,682,8,8,185,171,14,216,173,43,4,690,220
2021,Eastbrook,E05007565,1882,1120,573,547,16,16,499,406,93,245,209,36,2,563,247
2021,Hillside (Adur),E05007566,1789,1394,734,660,7,7,235,222,13,152,127,25,1,667,153
2021,Manor (Adur),E05007567,1724,1418,784,634,3,3,115,73,42,184,132,52,4,637,188
2021,Marine (Adur),E05007568,2079,1555,849,706,17,17,71,25,46,435,396,39,1,723,436
2021,Mash Barn,E05007569,1826,1144,585,559,7,7,411,203,208,260,231,29,4,566,264
2021,Peverel,E05007570,1866,1360,766,594,4,4,302,242,60,196,161,35,4,598,200
2021,St Mary's (Adur),E05007571,2307,1351,721,630,66,66,409,208,201,481,439,42,0,696,481
2021,St Nicolas (Adur),E05007572,1819,1497,924,573,13,13,94,78,16,214,186,28,1,586,215
2021,Southlands,E05007573,1802,1083,557,526,15,15,536,351,185,166,136,30,2,541,168
2021,Southwick Green,E05007574,2012,1431,763,668,2,2,158,137,21,421,366,55,0,670,421
2021,Widewater,E05007575,2947,2206,1330,876,10,10,165,109,56,563,494,69,3,886,566
2021,Ardingly and Balcombe,E05007668,2739,1776,825,951,50,50,400,15,385,513,400,113,0,1001,513
2021,Ashurst Wood,E05007669,1123,917,503,414,6,6,73,6,67,126,109,17,1,420,127
2021,Bolney,E05007670,1131,875,457,418,2,2,90,5,85,164,126,38,0,420,164
2021,Burgess Hill Dunstall,E05007671,2055,1592,684,908,28,28,128,6,122,307,287,20,0,936,307
2021,Burgess Hill Franklands,E05007672,2064,1715,992,723,35,35,106,9,97,208,181,27,0,758,208
2021,Burgess Hill Leylands,E05007673,2026,1495,828,667,19,19,323,22,301,189,161,28,0,686,189
2021,Burgess Hill Meeds,E05007674,2293,1467,815,652,8,8,277,28,249,541,496,45,0,660,541
2021,Burgess Hill St Andrews,E05007675,2618,1989,812,1177,67,67,350,17,333,211,180,31,1,1244,212
2021,Burgess Hill Victoria,E05007676,2430,1775,774,1001,39,39,289,10,279,327,293,34,0,1040,327
2021,Copthorne and Worth,E05007677,1978,1648,839,809,16,16,72,3,69,242,215,27,0,825,242
2021,Crawley Down and Turners Hill,E05007678,3107,2487,1364,1123,50,50,272,15,257,298,225,73,0,1173,298
2021,Cuckfield,E05007679,2593,1872,897,975,43,43,263,11,252,415,369,46,0,1018,415
2021,East Grinstead Ashplats,E05007680,2437,1685,818,867,36,36,389,30,359,327,297,30,0,903,327
2021,East Grinstead Baldwins,E05007681,2053,1498,745,753,10,10,269,28,241,276,247,29,0,763,276
2021,East Grinstead Herontye,E05007682,1890,1609,871,738,10,10,85,8,77,186,165,21,0,748,186
2021,East Grinstead Imberhorne,E05007683,1997,1686,939,747,13,13,68,6,62,230,197,33,0,760,230
2021,East Grinstead Town,E05007684,3077,1691,856,835,40,40,374,36,338,972,908,64,0,875,972
2021,Hassocks,E05007685,3579,2853,1611,1242,29,29,315,16,299,382,326,56,0,1271,382
2021,Haywards Heath Ashenground,E05007686,2451,1568,754,814,39,39,306,33,273,538,505,33,0,853,538
2021,Haywards Heath Bentswood,E05007687,2591,1603,728,875,40,40,553,51,502,395,365,30,0,915,395
2021,Haywards Heath Franklands,E05007688,2431,1624,710,914,54,54,463,17,446,290,266,24,0,968,290
2021,Haywards Heath Heath,E05007689,2715,1607,849,758,10,10,179,13,166,918,858,60,1,768,919
2021,Haywards Heath Lucastes,E05007690,3024,2087,888,1199,78,78,265,20,245,594,545,49,0,1277,594
2021,High Weald,E05007691,2049,1609,860,749,6,6,160,9,151,274,206,68,0,755,274
2021,Hurstpierpoint and Downs,E05007692,3479,2528,1315,1213,46,46,486,25,461,419,333,86,0,1259,419
2021,Lindfield,E05007693,3414,2757,1523,1234,37,37,257,25,232,363,308,55,0,1271,363
2021,Broadwater (Worthing),E05007694,3797,2761,1275,1486,27,27,316,86,230,692,631,61,1,1513,693
2021,Castle (Worthing),E05007695,3986,2719,1392,1327,38,38,604,168,436,623,556,67,2,1365,625
2021,Central (Worthing),E05007696,5470,2342,1246,1096,39,39,746,144,602,2342,2215,127,1,1135,2343
2021,Durrington (Worthing),E05007697,2626,1913,1107,806,17,17,366,43,323,330,293,37,0,823,330
2021,Gaisford,E05007698,3974,2780,1288,1492,17,17,268,55,213,909,833,76,0,1509,909
2021,Goring (Worthing),E05007699,3838,3161,2150,1011,9,9,190,59,131,477,408,69,1,1020,478
2021,Heene,E05007700,4519,2203,1296,907,24,24,406,63,343,1881,1782,99,5,931,1886
2021,Marine (Worthing),E05007701,3890,2923,1732,1191,19,19,118,28,90,830,736,94,0,1210,830
2021,Northbrook,E05007702,2792,1691,574,1117,95,95,654,108,546,349,310,39,3,1212,352
2021,Offington,E05007703,3304,2954,1723,1231,3,3,75,22,53,272,240,32,0,1234,272
2021,Salvington,E05007704,3904,3106,1861,1245,9,9,400,108,292,389,333,56,0,1254,389
2021,Selden,E05007705,3779,2262,1145,1117,16,16,377,98,279,1123,1032,91,1,1133,1124
2021,Tarring,E05007706,3656,2623,1263,1360,9,9,325,69,256,699,643,56,0,1369,699
2021,Alfrick and Leigh,E05007846,1589,1243,795,448,19,19,165,28,137,162,129,33,0,467,162
2021,Baldwin,E05007847,913,713,468,245,6,6,59,7,52,134,98,36,1,251,135
2021,Broadheath (Malvern Hills),E05007848,1600,1349,772,577,20,20,85,13,72,146,109,37,0,597,146
2021,Chase,E05007849,2802,1922,1358,564,47,47,476,86,390,356,309,47,1,611,357
2021,Dyson Perrins,E05007850,1973,1346,725,621,57,57,341,39,302,229,195,34,0,678,229
2021,Hallow,E05007851,890,666,414,252,18,18,111,12,99,95,73,22,0,270,95
2021,Kempsey,E05007852,2101,1598,882,716,24,24,290,48,242,189,155,34,0,740,189
2021,Lindridge,E05007853,959,762,493,269,9,9,71,5,66,117,94,23,0,278,117
2021,Link,E05007854,3036,1987,1337,650,44,44,512,69,443,491,434,57,2,694,493
2021,Longdon (Malvern Hills),E05007855,869,691,470,221,2,2,39,3,36,137,112,25,0,223,137
2021,Martley,E05007856,837,612,371,241,1,1,113,15,98,111,94,17,0,242,111
2021,Morton (Malvern Hills),E05007857,1017,789,513,276,19,19,103,16,87,106,85,21,0,295,106
2021,Pickersleigh,E05007858,2799,1232,752,480,87,87,1249,237,1012,228,199,29,3,567,231
2021,Powick,E05007859,1804,1411,840,571,14,14,172,23,149,206,170,36,1,585,207
2021,Priory (Malvern Hills),E05007860,1982,1291,968,323,9,9,134,7,127,548,492,56,0,332,548
2021,Ripple,E05007861,839,710,465,245,2,2,52,7,45,74,53,21,1,247,75
2021,Teme Valley,E05007862,893,683,421,262,5,5,75,12,63,130,99,31,0,267,130
2021,Tenbury,E05007863,1804,1166,818,348,15,15,296,25,271,327,275,52,0,363,327
2021,Upton and Hanley,E05007864,2049,1349,905,444,14,14,360,50,310,325,269,56,1,458,326
2021,Wells (Malvern Hills),E05007865,1434,1175,759,416,13,13,64,8,56,182,159,23,0,429,182
2021,West (Malvern Hills),E05007866,1821,1348,783,565,16,16,176,32,144,280,235,45,1,581,281
2021,Woodbury,E05007867,885,734,442,292,10,10,52,6,46,89,62,27,0,302,89
2021,Abbey (Redditch),E05007868,2863,1724,865,859,64,64,551,331,220,521,480,41,3,923,524
2021,Astwood Bank and Feckenham,E05007869,2587,1950,1030,920,10,10,262,174,88,365,322,43,0,930,365
2021,Batchley & Brockhill,E05007870,3857,2132,780,1352,52,52,1239,911,328,421,367,54,13,1404,434
2021,Central (Redditch),E05007871,2677,1491,716,775,9,9,398,219,179,772,718,54,7,784,779
2021,Church Hill,E05007872,3522,1932,932,1000,25,25,1071,829,242,484,428,56,10,1025,494
2021,Crabbs Cross,E05007873,2416,1908,945,963,8,8,190,161,29,304,265,39,6,971,310
2021,Greenlands (Redditch),E05007874,3793,2257,943,1314,51,51,929,711,218,550,502,48,6,1365,556
2021,Headless Cross and Oakenshaw,E05007875,3795,2608,1391,1217,7,7,694,403,291,476,433,43,10,1224,486
2021,Lodge Park,E05007876,2202,1304,617,687,8,8,498,392,106,382,349,33,10,695,392
2021,Matchborough,E05007877,2509,1652,825,827,26,26,499,400,99,326,282,44,6,853,332
2021,West (Redditch),E05007878,2655,2060,1006,1054,30,30,288,173,115,277,249,28,0,1084,277
2021,Winyates,E05007879,3512,2423,1206,1217,1,1,711,575,136,371,327,44,6,1218,377
2021,Arboretum (Worcester),E05007880,3031,1670,866,804,18,18,290,55,235,1053,960,93,0,822,1053
2021,Battenhall,E05007881,2261,1696,945,751,7,7,163,45,118,394,349,45,1,758,395
2021,Bedwardine,E05007882,3730,2808,1568,1240,44,44,362,78,284,515,434,81,1,1284,516
2021,Cathedral,E05007883,5716,2380,1253,1127,82,82,1064,201,863,2188,2018,170,2,1209,2190
2021,Claines,E05007884,3550,2908,1643,1265,13,13,148,36,112,481,416,65,0,1278,481
2021,Gorse Hill (Worcester),E05007885,2303,1064,560,504,11,11,849,324,525,378,348,30,1,515,379
2021,Nunnery,E05007886,3474,2282,1075,1207,52,52,645,243,402,493,431,62,2,1259,495
2021,Rainbow Hill,E05007887,2434,1230,555,675,6,6,635,278,357,558,512,46,5,681,563
2021,St Clement (Worcester),E05007888,2109,1541,949,592,5,5,111,25,86,452,411,41,0,597,452
2021,St John (Worcester),E05007889,3771,1870,982,888,70,70,1019,319,700,811,729,82,1,958,812
2021,St Peter's Parish,E05007890,2479,1934,1056,878,13,13,84,13,71,448,410,38,0,891,448
2021,St Stephen (Worcester),E05007891,2532,1797,964,833,28,28,316,55,261,390,341,49,1,861,391
2021,Warndon,E05007892,2654,949,455,494,91,91,1261,425,836,342,307,35,11,585,353
2021,Warndon Parish North,E05007893,2220,1627,705,922,5,5,102,23,79,486,461,25,0,927,486
2021,Warndon Parish South,E05007894,2455,1704,744,960,28,28,218,35,183,505,464,41,0,988,505
2021,Badsey,E05007895,1411,1052,632,420,29,29,210,32,178,120,97,23,0,449,120
2021,Bengeworth,E05007896,3325,1839,935,904,79,79,558,88,470,848,773,75,1,983,849
2021,Bowbrook (Wychavon),E05007897,1236,1039,610,429,14,14,67,4,63,116,97,19,0,443,116
2021,Bredon,E05007898,1135,936,561,375,5,5,62,6,56,131,102,29,1,380,132
2021,Bretforton and Offenham,E05007899,1267,888,513,375,24,24,211,28,183,144,110,34,0,399,144
2021,Broadway and Wickhamford,E05007900,2420,1748,1257,491,28,28,315,39,276,328,260,68,1,519,329
2021,Dodderhill,E05007901,1203,850,379,471,15,15,213,40,173,124,100,24,1,486,125
2021,Drakes Broughton,E05007902,1120,883,509,374,12,12,125,23,102,100,77,23,0,386,100
2021,Droitwich Central,E05007903,1163,660,354,306,5,5,347,71,276,151,133,18,0,311,151
2021,Droitwich East,E05007904,2675,1736,1089,647,16,16,494,81,413,428,384,44,1,663,429
2021,Droitwich South East,E05007905,2699,2253,1130,1123,57,57,258,66,192,131,110,21,0,1180,131
2021,Droitwich South West,E05007906,2195,1522,935,587,19,19,433,83,350,220,180,40,1,606,221
2021,Droitwich West,E05007907,2244,1106,565,541,11,11,802,157,645,325,284,41,0,552,325
2021,Eckington,E05007908,1228,1009,658,351,6,6,107,8,99,106,80,26,0,357,106
2021,Elmley Castle and Somerville,E05007909,1094,859,536,323,4,4,134,20,114,97,79,18,0,327,97
2021,Evesham North,E05007910,2470,1200,684,516,17,17,609,107,502,644,588,56,0,533,644
2021,Evesham South,E05007911,2229,1560,875,685,21,21,342,50,292,306,265,41,0,706,306
2021,Fladbury,E05007912,1249,980,642,338,2,2,106,11,95,161,130,31,0,340,161
2021,Great Hampton,E05007913,1706,1100,625,475,54,54,379,65,314,170,157,13,3,529,173
2021,Hartlebury,E05007914,1308,969,550,419,11,11,148,28,120,180,139,41,0,430,180
2021,Harvington and Norton,E05007915,1205,878,556,322,8,8,230,46,184,87,77,10,2,330,89
2021,Honeybourne and Pebworth,E05007916,1255,879,469,410,19,19,226,35,191,131,105,26,0,429,131
2021,Inkberrow,E05007917,2547,2075,1250,825,21,21,164,12,152,286,218,68,1,846,287
2021,Little Hampton,E05007918,2372,1535,727,808,22,22,351,58,293,462,421,41,2,830,464
2021,Lovett and North Claines,E05007919,3117,2370,1241,1129,67,67,408,93,315,272,201,71,0,1196,272
2021,Norton and Whittington,E05007920,1597,1177,435,742,39,39,195,30,165,186,165,21,0,781,186
2021,Ombersley,E05007921,1101,860,564,296,3,3,94,17,77,144,115,29,0,299,144
2021,Pershore,E05007922,3971,2553,1675,878,77,77,818,101,717,522,442,80,1,955,523
2021,Pinvin,E05007923,1378,1047,636,411,13,13,180,27,153,136,93,43,2,424,138
2021,South Bredon Hill,E05007924,1079,735,491,244,2,2,125,13,112,217,181,36,0,246,217
2021,The Littletons,E05007925,1247,982,551,431,8,8,171,27,144,86,68,18,0,439,86
2021,Upton Snodsbury,E05007926,1111,903,553,350,3,3,70,9,61,135,107,28,0,353,135
2021,Abbey (Shropshire),E05008136,2244,1499,982,517,37,37,219,26,193,488,442,46,1,554,489
2021,Albrighton,E05008137,2063,1487,989,498,8,8,289,191,98,275,207,68,4,506,279
2021,Alveley and Claverley,E05008138,1754,1322,853,469,10,10,159,74,85,260,205,55,3,479,263
2021,Bagley,E05008139,2156,1566,849,717,15,15,170,22,148,405,366,39,0,732,405
2021,Battlefield,E05008140,2162,1585,673,912,32,32,157,54,103,387,294,93,1,944,388
2021,"Bayston Hill, Column and Sutton",E05008141,5617,4375,2697,1678,37,37,557,134,423,643,548,95,5,1715,648
2021,Belle Vue (Shropshire),E05008142,2172,1404,796,608,13,13,201,44,157,554,511,43,0,621,554
2021,Bishop's Castle,E05008143,1675,1111,857,254,11,11,213,17,196,339,261,78,1,265,340
2021,Bowbrook (Shropshire),E05008144,2024,1275,698,577,16,16,210,30,180,522,476,46,1,593,523
2021,Bridgnorth East and Astley Abbotts,E05008145,3121,2148,1356,792,11,11,348,161,187,609,537,72,5,803,614
2021,Bridgnorth West and Tasley,E05008146,3123,2234,1386,848,26,26,400,181,219,461,391,70,2,874,463
2021,Broseley,E05008147,2280,1524,953,571,23,23,417,262,155,312,276,36,4,594,316
2021,Brown Clee,E05008148,1688,1181,802,379,4,4,121,51,70,382,316,66,0,383,382
2021,Burnell,E05008149,1872,1387,889,498,15,15,135,31,104,333,259,74,2,513,335
2021,Castlefields and Ditherington,E05008150,2202,1123,648,475,16,16,578,202,376,483,440,43,2,491,485
2021,Cheswardine,E05008151,1695,1266,715,551,7,7,160,35,125,262,161,101,0,558,262
2021,Chirbury and Worthen,E05008152,1255,905,641,264,6,6,78,11,67,266,220,46,0,270,266
2021,Church Stretton and Craven Arms,E05008153,4161,2893,2218,675,51,51,547,66,481,670,555,115,0,726,670
2021,Clee,E05008154,1911,1440,968,472,8,8,168,20,148,295,244,51,0,480,295
2021,Cleobury Mortimer,E05008155,3209,2420,1699,721,13,13,290,46,244,486,411,75,0,734,486
2021,Clun,E05008156,1704,1298,1026,272,11,11,131,12,119,264,211,53,0,283,264
2021,Copthorne,E05008157,1716,1492,886,606,9,9,29,2,27,186,146,40,0,615,186
2021,Corvedale,E05008158,1575,1132,849,283,5,5,80,16,64,357,276,81,1,288,358
2021,Ellesmere Urban,E05008159,2028,1403,918,485,8,8,234,41,193,382,346,36,1,493,383
2021,Harlescott,E05008160,2023,1085,621,464,13,13,692,222,470,231,194,37,2,477,233
2021,Highley,E05008161,1667,1137,732,405,19,19,268,164,104,241,198,43,2,424,243
2021,Hodnet,E05008162,1510,1150,694,456,12,12,136,19,117,212,158,54,0,468,212
2021,Llanymynech,E05008163,1859,1488,939,549,8,8,140,86,54,223,165,58,0,557,223
2021,Longden,E05008164,1786,1316,803,513,26,26,269,76,193,174,129,45,1,539,175
2021,Loton,E05008165,1730,1302,766,536,8,8,150,26,124,269,225,44,1,544,270
2021,Ludlow East,E05008166,1771,1040,713,327,23,23,464,74,390,244,212,32,0,350,244
2021,Ludlow North,E05008167,1993,1201,959,242,12,12,253,25,228,527,440,87,0,254,527
2021,Ludlow South,E05008168,1775,1236,867,369,47,47,207,17,190,285,239,46,0,416,285
2021,Market Drayton East,E05008169,2355,1477,941,536,16,16,446,99,347,415,368,47,1,552,416
2021,Market Drayton West,E05008170,3987,2789,1570,1219,28,28,523,119,404,646,575,71,1,1247,647
2021,Meole,E05008171,1831,1299,763,536,9,9,375,113,262,147,121,26,1,545,148
2021,Rea Valley,E05008172,1967,1395,886,509,26,26,287,72,215,257,204,53,2,535,259
2021,Monkmoor,E05008173,1893,1139,638,501,17,17,544,167,377,190,154,36,3,518,193
2021,Much Wenlock,E05008174,1871,1242,876,366,17,17,213,117,96,398,336,62,1,383,399
2021,Porthill,E05008178,1884,1240,742,498,15,15,182,31,151,446,374,72,1,513,447
2021,Prees,E05008179,1889,1407,883,524,11,11,158,35,123,312,245,67,1,535,313
2021,Quarry and Coton Hill,E05008180,2185,892,553,339,25,25,222,54,168,1045,957,88,1,364,1046
2021,Radbrook,E05008181,2565,1815,997,818,32,32,234,33,201,483,425,58,1,850,484
2021,St Martin's (Shropshire),E05008183,1982,1426,882,544,8,8,297,130,167,247,196,51,4,552,251
2021,Severn Valley,E05008186,2092,1391,788,603,14,14,255,42,213,432,364,68,0,617,432
2021,Shawbury,E05008187,1959,1297,717,580,31,31,224,27,197,407,261,146,0,611,407
2021,Shifnal North,E05008188,2572,1669,774,895,60,60,520,288,232,320,267,53,3,955,323
2021,Shifnal South and Cosford,E05008189,2620,1732,865,867,34,34,238,66,172,615,390,225,1,901,616
2021,Sundorne,E05008190,1624,912,488,424,13,13,514,181,333,182,151,31,3,437,185
2021,Tern,E05008191,2065,1409,900,509,23,23,254,46,208,379,314,65,0,532,379
2021,The Meres,E05008192,1978,1527,953,574,16,16,136,23,113,299,246,53,0,590,299
2021,Underdale,E05008193,1818,1085,589,496,26,26,462,125,337,244,222,22,1,522,245
2021,Wem,E05008194,3850,2745,1757,988,20,20,451,69,382,630,539,91,4,1008,634
2021,Whitchurch North,E05008195,3442,2190,1356,834,25,25,452,92,360,769,694,75,6,859,775
2021,Whitchurch South,E05008196,1781,1297,770,527,18,18,258,49,209,208,163,45,0,545,208
2021,Worfield,E05008198,1487,949,565,384,4,4,119,80,39,412,345,67,3,388,415
2021,Belper South,E05008520,2565,1826,1013,813,9,9,334,128,206,393,349,44,3,822,396
2021,Duffield,E05008521,2091,1684,1029,655,13,13,135,41,94,256,215,41,3,668,259
2021,Heanor East,E05008522,2598,1758,926,832,14,14,422,143,279,401,352,49,3,846,404
2021,"Kilburn, Denby and Holbrook",E05008523,3330,2568,1403,1165,22,22,407,104,303,330,277,53,3,1187,333
2021,"Shipley Park, Horsley and Horsley Woodhouse",E05008524,2829,2348,1318,1030,14,14,215,61,154,250,198,52,2,1044,252
2021,Boniface,E05008546,1865,1191,644,547,45,45,274,173,101,352,324,28,3,592,355
2021,Newbrooke,E05008547,681,475,292,183,5,5,89,73,16,112,84,28,0,188,112
2021,Yeo,E05008548,1548,1157,659,498,9,9,124,87,37,255,212,43,3,507,258
2021,Coxheath and Hunton,E05008553,3425,2606,1396,1210,72,72,354,75,279,392,323,69,1,1282,393
2021,Loose,E05008554,1021,851,476,375,11,11,77,13,64,82,72,10,0,386,82
2021,South (Maidstone),E05008555,4114,2924,1406,1518,115,115,487,70,417,588,531,57,0,1633,588
2021,Almondbury,E05008558,7805,5415,2964,2451,13,13,997,786,211,1377,1208,169,3,2464,1380
2021,Colne Valley,E05008559,7838,5804,3023,2781,23,23,496,392,104,1508,1309,199,7,2804,1515
2021,Crosland Moor and Netherton,E05008560,7549,4595,2677,1918,16,16,1090,770,320,1820,1597,223,28,1934,1848
2021,Holme Valley North,E05008561,7290,5534,3084,2450,37,37,717,554,163,990,849,141,12,2487,1002
2021,Kirkburton,E05008562,6608,5362,2922,2440,53,53,388,315,73,798,655,143,7,2493,805
2021,Alderley Edge,E05008610,2218,1591,972,619,2,2,174,37,137,451,409,42,0,621,451
2021,Alsager,E05008611,5922,4609,2593,2016,74,74,658,128,530,577,478,99,4,2090,581
2021,Audlem,E05008612,2287,1875,1222,653,22,22,157,27,130,232,179,53,1,675,233
2021,Bollington,E05008613,3994,2925,1601,1324,29,29,324,82,242,715,637,78,1,1353,716
2021,Brereton Rural,E05008614,3046,2376,1129,1247,107,107,242,47,195,321,254,67,0,1354,321
2021,Broken Cross and Upton,E05008615,3831,2830,1547,1283,25,25,434,98,336,542,462,80,0,1308,542
2021,Bunbury,E05008616,2333,1828,1024,804,36,36,192,34,158,277,214,63,0,840,277
2021,Chelford,E05008617,2014,1596,937,659,16,16,171,31,140,230,183,47,1,675,231
2021,Congleton East,E05008618,6202,4472,2487,1985,57,57,1007,282,725,664,592,72,2,2042,666
2021,Congleton West,E05008619,6636,4886,2767,2119,86,86,700,111,589,959,836,123,5,2205,964
2021,Crewe Central,E05008620,3255,877,437,440,33,33,1033,280,753,1310,1244,66,2,473,1312
2021,Crewe East,E05008621,6726,4360,2319,2041,80,80,1054,370,684,1218,1089,129,14,2121,1232
2021,Crewe North,E05008622,2090,1408,792,616,2,2,321,132,189,358,305,53,1,618,359
2021,Crewe St Barnabas,E05008623,2197,933,399,534,7,7,704,285,419,550,507,43,3,541,553
2021,Crewe South,E05008624,5188,2265,1187,1078,52,52,666,188,478,2199,2022,177,6,1130,2205
2021,Crewe West,E05008625,4524,2738,1403,1335,14,14,819,298,521,948,873,75,5,1349,953
2021,Dane Valley (Cheshire East),E05008626,4404,3638,2199,1439,58,58,328,42,286,380,323,57,0,1497,380
2021,Disley,E05008627,2109,1729,910,819,22,22,115,26,89,242,211,31,1,841,243
2021,Gawsworth,E05008628,1897,1486,885,601,31,31,160,36,124,219,176,43,1,632,220
2021,Handforth,E05008629,4388,2548,1333,1215,70,70,1149,133,1016,621,560,61,0,1285,621
2021,Haslington,E05008630,3792,3081,1762,1319,48,48,249,46,203,413,339,74,1,1367,414
2021,High Legh,E05008631,1989,1464,864,600,18,18,100,15,85,407,376,31,0,618,407
2021,Knutsford,E05008632,5875,4182,2419,1763,21,21,810,136,674,861,762,99,1,1784,862
2021,Leighton,E05008633,2350,2017,751,1266,25,25,51,6,45,257,231,26,0,1291,257
2021,Macclesfield Central,E05008634,4773,2568,1198,1370,32,32,444,48,396,1726,1594,132,3,1402,1729
2021,Macclesfield East,E05008635,2180,1499,861,638,28,28,309,46,263,342,305,37,2,666,344
2021,Macclesfield Hurdsfield,E05008636,2165,1175,575,600,14,14,626,190,436,347,301,46,3,614,350
2021,Macclesfield South,E05008637,3851,2406,1188,1218,34,34,872,226,646,534,469,65,5,1252,539
2021,Macclesfield Tytherington,E05008638,4002,3240,1814,1426,52,52,233,38,195,477,420,57,0,1478,477
2021,Macclesfield West and Ivy,E05008639,3640,2398,1267,1131,22,22,878,283,595,337,276,61,5,1153,342
2021,Middlewich,E05008640,6273,4660,2345,2315,65,65,724,164,560,821,710,111,3,2380,824
2021,Mobberley,E05008641,1984,1587,937,650,8,8,71,17,54,318,269,49,0,658,318
2021,Nantwich North and West,E05008642,4256,2632,1648,984,37,37,851,163,688,734,667,67,2,1021,736
2021,Nantwich South and Stapeley,E05008643,4209,3089,1674,1415,60,60,218,38,180,840,769,71,2,1475,842
2021,Odd Rode,E05008644,3777,3052,1923,1129,10,10,276,51,225,438,362,76,1,1139,439
2021,Poynton East and Pott Shrigley,E05008645,3322,2917,1891,1026,10,10,90,21,69,305,243,62,0,1036,305
2021,Poynton West and Adlington,E05008646,3555,2925,1714,1211,15,15,298,48,250,317,270,47,0,1226,317
2021,Prestbury (Cheshire East),E05008647,1856,1621,1023,598,5,5,81,14,67,148,121,27,1,603,149
2021,Sandbach Elworth,E05008648,2488,1929,918,1011,53,53,211,24,187,295,274,21,0,1064,295
2021,Sandbach Ettiley Heath and Wheelock,E05008649,2499,1923,860,1063,68,68,178,19,159,330,286,44,0,1131,330
2021,Sandbach Heath and East,E05008650,2357,1658,876,782,22,22,429,81,348,248,218,30,0,804,248
2021,Sandbach Town,E05008651,2506,1899,1159,740,31,31,214,22,192,362,303,59,0,771,362
2021,Shavington,E05008652,2520,2011,972,1039,78,78,201,47,154,228,177,51,2,1117,230
2021,Sutton (Cheshire East),E05008653,1858,1449,904,545,31,31,172,39,133,206,162,44,0,576,206
2021,Willaston and Rope,E05008654,2306,1989,1119,870,17,17,108,17,91,192,167,25,0,887,192
2021,Wilmslow Dean Row,E05008655,2203,1673,787,886,14,14,76,10,66,440,412,28,0,900,440
2021,Wilmslow East,E05008656,1948,1565,927,638,4,4,47,3,44,332,295,37,0,642,332
2021,Wilmslow Lacey Green,E05008657,1977,1278,655,623,30,30,386,57,329,283,236,47,0,653,283
2021,Wilmslow West and Chorley,E05008658,4277,3498,1901,1597,11,11,162,18,144,605,522,83,1,1608,606
2021,Wistaston,E05008659,4170,3630,2102,1528,24,24,190,61,129,326,265,61,0,1552,326
2021,Wrenbury,E05008660,2321,1706,986,720,56,56,219,34,185,340,272,68,0,776,340
2021,Wybunbury,E05008661,2302,1952,1024,928,8,8,61,9,52,281,238,43,0,936,281
2021,Abbey Hulton and Townsend,E05008714,4655,2191,1195,996,16,16,1966,1356,610,457,388,69,25,1012,482
2021,"Baddeley, Milton and Norton",E05008715,7546,5391,3213,2178,16,16,1160,1035,125,959,811,148,20,2194,979
2021,Bentilee and Ubberley,E05008716,4721,1455,767,688,19,19,2626,1507,1119,603,506,97,18,707,621
2021,Birches Head and Central Forest Park,E05008717,4810,2875,1560,1315,21,21,625,442,183,1279,1146,133,10,1336,1289
2021,Blurton East,E05008718,2530,1547,974,573,3,3,616,512,104,353,308,45,11,576,364
2021,Blurton West and Newstead,E05008719,3051,1519,579,940,3,3,1128,1050,78,388,348,40,13,943,401
2021,Boothen and Oak Hill,E05008720,2909,1440,686,754,22,22,439,177,262,1006,942,64,2,776,1008
2021,Bradeley and Chell Heath,E05008721,2365,1263,679,584,10,10,868,647,221,218,187,31,6,594,224
2021,Broadway and Longton East,E05008722,2531,1814,971,843,7,7,291,194,97,414,355,59,5,850,419
2021,Burslem Central,E05008723,3216,1148,576,572,24,24,972,388,584,1063,955,108,9,596,1072
2021,Burslem Park,E05008724,2158,1383,821,562,7,7,138,82,56,626,572,54,4,569,630
2021,Dresden and Florence,E05008725,2085,1270,641,629,10,10,333,239,94,465,401,64,7,639,472
2021,Eaton Park,E05008726,2069,1417,920,497,3,3,362,197,165,284,237,47,3,500,287
2021,Etruria and Hanley,E05008727,3106,1243,578,665,17,17,714,427,287,1118,1011,107,14,682,1132
2021,Fenton East,E05008728,2798,1501,885,616,12,12,383,289,94,893,822,71,9,628,902
2021,Fenton West and Mount Pleasant,E05008729,2731,1371,727,644,3,3,501,301,200,830,760,70,26,647,856
2021,Ford Green and Smallthorne,E05008730,2873,1450,538,912,0,0,754,590,164,649,598,51,20,912,669
2021,Goldenhill and Sandyford,E05008731,2554,1558,644,914,1,1,499,427,72,483,428,55,13,915,496
2021,Great Chell and Packmoor,E05008732,4401,2934,1615,1319,7,7,873,638,235,571,487,84,16,1326,587
2021,Hanford and Trentham,E05008733,4932,4212,2521,1691,13,13,314,252,62,388,318,70,5,1704,393
2021,Hanley Park and Shelton,E05008734,1837,520,291,229,9,9,262,79,183,1041,994,47,5,238,1046
2021,Hartshill and Basford,E05008735,3123,1682,863,819,13,13,334,123,211,1086,1025,61,8,832,1094
2021,Hollybush and Longton West,E05008736,2457,1570,882,688,2,2,623,580,43,249,215,34,13,690,262
2021,Joiner's Square,E05008737,3228,1172,474,698,32,32,999,434,565,1013,940,73,12,730,1025
2021,Lightwood North and Normacot,E05008738,1956,1355,673,682,9,9,164,53,111,423,349,74,5,691,428
2021,Little Chell and Stanfield,E05008739,2630,1399,798,601,6,6,716,622,94,500,456,44,9,607,509
2021,Meir Hay,E05008740,1868,1569,748,821,16,16,122,104,18,159,128,31,2,837,161
2021,Meir North,E05008741,2661,1126,615,511,20,20,1064,887,177,436,379,57,15,531,451
2021,Meir Park,E05008742,2000,1801,1048,753,6,6,31,23,8,162,130,32,0,759,162
2021,Meir South,E05008743,2409,1155,549,606,5,5,918,762,156,322,280,42,9,611,331
2021,Moorcroft,E05008744,2379,1179,603,576,8,8,486,312,174,696,626,70,10,584,706
2021,Penkhull and Stoke,E05008745,3046,1520,814,706,17,17,658,401,257,846,766,80,5,723,851
2021,Sandford Hill,E05008746,2741,1644,895,749,3,3,643,504,139,433,369,64,18,752,451
2021,Sneyd Green,E05008747,2251,1503,848,655,4,4,426,398,28,311,263,48,7,659,318
2021,Springfields and Trent Vale,E05008748,2832,1420,673,747,5,5,748,418,330,653,605,48,6,752,659
2021,Tunstall,E05008749,2713,1284,645,639,6,6,559,330,229,856,810,46,8,645,864
2021,Weston Coyney,E05008750,2215,1771,1049,722,29,29,247,129,118,167,148,19,1,751,168
2021,Brickhill,E05008751,3504,2626,1568,1058,14,14,521,58,463,342,291,51,1,1072,343
2021,Bromham and Biddenham,E05008752,3281,2748,1526,1222,83,83,141,14,127,309,259,50,0,1305,309
2021,Castle (Bedford),E05008753,4592,1355,670,685,116,116,1017,142,875,2094,1976,118,10,801,2104
2021,Cauldwell,E05008754,4088,1715,749,966,61,61,995,194,801,1317,1223,94,0,1027,1317
2021,Clapham,E05008755,1918,1441,789,652,16,16,204,33,171,257,222,35,0,668,257
2021,De Parys,E05008756,2976,1723,1009,714,24,24,261,38,223,965,892,73,3,738,968
2021,Eastcotts,E05008757,2175,1457,388,1069,86,86,403,53,350,229,202,27,0,1155,229
2021,Elstow and Stewartby,E05008758,2295,1553,542,1011,126,126,362,42,320,250,203,47,4,1137,254
2021,Goldington,E05008759,3964,2044,1007,1037,66,66,1301,213,1088,553,485,68,0,1103,553
2021,Great Barford,E05008760,3332,2535,1343,1192,72,72,330,52,278,395,343,52,0,1264,395
2021,Harpur,E05008761,4205,1611,813,798,32,32,932,147,785,1625,1516,109,5,830,1630
2021,Harrold,E05008762,1776,1272,697,575,25,25,179,23,156,300,266,34,0,600,300
2021,Kempston Central and East,E05008763,2980,1825,937,888,40,40,446,60,386,667,618,49,2,928,669
2021,Kempston North,E05008764,1557,858,503,355,14,14,466,29,437,215,202,13,4,369,219
2021,Kempston Rural,E05008765,3556,2520,831,1689,152,152,416,36,380,465,418,47,3,1841,468
2021,Kempston South,E05008766,1555,1210,651,559,16,16,78,16,62,251,219,32,0,575,251
2021,Kempston West,E05008767,2125,1259,544,715,45,45,544,84,460,276,241,35,1,760,277
2021,Kingsbrook,E05008768,3975,1859,809,1050,38,38,1231,253,978,845,752,93,2,1088,847
2021,Newnham (Bedford),E05008769,3355,2362,1298,1064,21,21,276,32,244,696,634,62,0,1085,696
2021,Oakley (Bedford),E05008770,1572,1282,748,534,24,24,110,8,102,156,132,24,0,558,156
2021,Putnoe,E05008771,2916,2375,1437,938,10,10,286,28,258,244,209,35,1,948,245
2021,Queens Park (Bedford),E05008772,3056,1557,737,820,36,36,528,94,434,935,849,86,0,856,935
2021,Riseley,E05008773,1418,1088,643,445,13,13,142,11,131,174,136,38,1,458,175
2021,Sharnbrook,E05008774,1655,1294,781,513,13,13,125,12,113,222,178,44,1,526,223
2021,Wilshamstead,E05008775,2668,2005,770,1235,159,159,327,50,277,177,150,27,0,1394,177
2021,Wootton (Bedford),E05008776,2908,2164,860,1304,121,121,455,59,396,167,140,27,1,1425,168
2021,Wyboston,E05008777,1552,1224,704,520,6,6,129,5,124,193,151,42,0,526,193
2021,Arlesey,E05008779,6792,4808,2250,2558,161,161,992,81,911,827,632,195,4,2719,831
2021,Aspley and Woburn,E05008780,2083,1390,798,592,3,3,220,14,206,470,390,80,0,595,470
2021,Barton-le-Clay,E05008781,2055,1690,916,774,11,11,144,78,66,209,179,30,1,785,210
2021,Biggleswade North,E05008782,4466,2970,1145,1825,128,128,829,101,728,538,486,52,1,1953,539
2021,Biggleswade South,E05008783,4975,3449,1590,1859,97,97,551,57,494,876,794,82,2,1956,878
2021,Cranfield and Marston Moretaine,E05008785,6316,4519,1759,2760,251,251,784,61,723,760,636,124,2,3011,762
2021,Dunstable-Central,E05008786,2329,1446,724,722,5,5,290,155,135,587,536,51,1,727,588
2021,Dunstable-Icknield,E05008787,3630,2706,1240,1466,76,76,228,106,122,619,556,63,1,1542,620
2021,Dunstable-Watling,E05008790,3832,3022,1712,1310,34,34,244,138,106,530,478,52,2,1344,532
2021,Eaton Bray,E05008791,1824,1422,836,586,7,7,185,154,31,210,174,36,0,593,210
2021,Flitwick,E05008792,5884,4304,2034,2270,31,31,634,68,566,913,825,88,2,2301,915
2021,Heath and Reach,E05008793,2170,1722,798,924,59,59,186,154,32,200,170,30,3,983,203
2021,Leighton Buzzard North,E05008796,6353,4386,2221,2165,42,42,1037,875,162,876,759,117,12,2207,888
2021,Leighton Buzzard South,E05008797,6254,4359,1534,2825,171,171,708,166,542,1011,905,106,5,2996,1016
2021,Linslade,E05008798,5200,3825,1976,1849,28,28,425,192,233,920,849,71,2,1877,922
2021,Parkside (Central Bedfordshire),E05008800,1975,1079,426,653,31,31,471,372,99,387,335,52,7,684,394
2021,Potton,E05008801,3726,2685,1372,1313,68,68,461,58,403,510,437,73,2,1381,512
2021,Shefford,E05008803,4358,3009,1368,1641,92,92,615,54,561,641,404,237,1,1733,642
2021,Silsoe and Shillington,E05008804,2444,1772,887,885,90,90,337,27,310,245,208,37,0,975,245
2021,Stotfold and Langford,E05008805,6493,4954,2252,2702,150,150,731,79,652,656,570,86,2,2852,658
2021,Tithe Farm,E05008806,1652,976,415,561,4,4,472,434,38,199,174,25,1,565,200
2021,Toddington,E05008807,4010,3030,1584,1446,20,20,344,218,126,612,540,72,4,1466,616
2021,"Westoning, Flitton and Greenfield",E05008808,1874,1542,811,731,23,23,153,14,139,156,129,27,0,754,156
2021,Aston (South Derbyshire),E05008809,3876,3174,1490,1684,51,51,284,118,166,366,313,53,1,1735,367
2021,Church Gresley,E05008810,3712,2565,936,1629,31,31,337,168,169,774,709,65,5,1660,779
2021,Etwall,E05008811,2877,2315,1151,1164,32,32,213,109,104,317,263,54,0,1196,317
2021,Hatton,E05008812,1158,871,466,405,2,2,100,93,7,183,153,30,2,407,185
2021,Hilton,E05008813,3988,3042,1257,1785,29,29,194,93,101,723,654,69,0,1814,723
2021,Linton (South Derbyshire),E05008814,2552,2007,979,1028,22,22,245,175,70,275,238,37,3,1050,278
2021,Melbourne,E05008815,2467,1781,1047,734,16,16,246,164,82,419,366,53,5,750,424
2021,Midway,E05008816,3438,2511,1345,1166,6,6,520,453,67,396,345,51,5,1172,401
2021,Newhall and Stanton,E05008817,3554,2410,1294,1116,11,11,495,369,126,632,571,61,6,1127,638
2021,Repton (South Derbyshire),E05008818,2312,1769,1035,734,20,20,164,74,90,358,280,78,1,754,359
2021,Seales,E05008819,2336,1778,962,816,9,9,238,200,38,307,248,59,4,825,311
2021,Stenson,E05008820,2084,1640,771,869,24,24,95,13,82,324,284,40,1,893,325
2021,Swadlincote,E05008821,3884,2694,1352,1342,32,32,567,372,195,579,512,67,12,1374,591
2021,Willington and Findern,E05008822,3120,2567,1200,1367,58,58,232,91,141,263,227,36,0,1425,263
2021,Woodville,E05008823,3878,2585,1103,1482,23,23,533,285,248,732,673,59,5,1505,737
2021,Abbott,E05008857,1079,748,477,271,0,0,224,171,53,97,85,12,10,271,107
2021,Berry Hill (Mansfield),E05008858,1435,1321,711,610,1,1,31,15,16,81,63,18,1,611,82
2021,Brick Kiln,E05008859,1353,849,471,378,2,2,291,278,13,207,175,32,4,380,211
2021,Broomhill,E05008860,1460,667,354,313,10,10,303,218,85,476,437,39,4,323,480
2021,Bull Farm and Pleasley Hill,E05008861,1738,1040,444,596,6,6,400,361,39,282,258,24,10,602,292
2021,Carr Bank,E05008862,1481,633,299,334,6,6,538,383,155,298,272,26,6,340,304
2021,Eakring,E05008863,1177,987,544,443,1,1,60,47,13,127,117,10,2,444,129
2021,Grange Farm,E05008864,1309,1021,617,404,5,5,90,26,64,193,165,28,0,409,193
2021,Holly,E05008865,1292,1123,576,547,1,1,20,7,13,148,124,24,0,548,148
2021,Hornby,E05008866,1128,1022,621,401,2,2,14,10,4,90,71,19,0,403,90
2021,Kings Walk,E05008867,1434,1016,344,672,0,0,28,25,3,389,358,31,1,672,390
2021,Kingsway (Mansfield),E05008868,1372,986,541,445,1,1,129,116,13,254,228,26,2,446,256
2021,Ladybrook,E05008869,1561,707,368,339,4,4,335,201,134,510,486,24,5,343,515
2021,Lindhurst,E05008870,1266,1099,690,409,3,3,52,45,7,112,96,16,0,412,112
2021,Ling Forest,E05008871,1073,937,539,398,2,2,43,39,4,91,74,17,0,400,91
2021,Manor (Mansfield),E05008872,1227,1105,707,398,0,0,31,14,17,88,63,25,3,398,91
2021,Market Warsop,E05008873,1300,724,399,325,3,3,243,172,71,323,280,43,7,328,330
2021,Maun Valley,E05008874,1493,1158,555,603,11,11,98,67,31,224,197,27,2,614,226
2021,Meden,E05008875,1277,823,514,309,5,5,238,176,62,204,177,27,7,314,211
2021,Netherfield (Mansfield),E05008876,1188,836,533,303,2,2,174,77,97,176,154,22,0,305,176
2021,Newgate,E05008877,1415,498,271,227,1,1,357,259,98,552,518,34,7,228,559
2021,Newlands,E05008878,1317,960,599,361,4,4,158,55,103,194,169,25,1,365,195
2021,Oak Tree,E05008879,1224,344,153,191,1,1,774,592,182,93,84,9,12,192,105
2021,Oakham,E05008880,1152,999,517,482,2,2,18,15,3,133,120,13,0,484,133
2021,Park Hall,E05008881,1551,904,457,447,48,48,265,224,41,331,282,49,3,495,334
2021,Peafields,E05008882,1185,775,418,357,4,4,234,181,53,169,148,21,3,361,172
2021,Penniment,E05008883,1243,777,468,309,2,2,275,252,23,187,162,25,2,311,189
2021,Portland (Mansfield),E05008884,1328,421,206,215,16,16,197,146,51,688,656,32,6,231,694
2021,Racecourse,E05008885,1356,809,408,401,1,1,251,166,85,293,266,27,2,402,295
2021,Ransom Wood,E05008886,1297,607,366,241,1,1,535,372,163,150,131,19,4,242,154
2021,Sandhurst,E05008887,1288,769,420,349,3,3,54,21,33,461,432,29,1,352,462
2021,Sherwood (Mansfield),E05008888,1306,858,382,476,8,8,182,107,75,253,232,21,5,484,258
2021,Warsop Carrs,E05008889,1541,969,475,494,15,15,308,194,114,246,219,27,3,509,249
2021,Woodhouse (Mansfield),E05008890,1494,662,314,348,18,18,523,431,92,282,249,33,9,366,291
2021,Woodlands (Mansfield),E05008891,1144,602,373,229,9,9,171,138,33,362,331,31,0,238,362
2021,Yeoman Hill,E05008892,1547,999,537,462,15,15,221,140,81,307,278,29,5,477,312
2021,Downlands and Forest,E05008932,1223,827,541,286,2,2,131,80,51,263,203,60,0,288,263
2021,Fordingbridge,E05008933,3053,2173,1326,847,15,15,371,200,171,491,417,74,3,862,494
2021,Forest North West,E05008934,1058,904,613,291,2,2,17,4,13,135,86,49,0,293,135
2021,"Hastingwood, Matching and Sheering Village",E05008940,1035,793,398,395,4,4,117,108,9,119,95,24,2,399,121
2021,Moreton and Fyfield,E05008941,852,643,377,266,2,2,75,67,8,132,109,23,0,268,132
2021,Central (Swindon),E05008954,5696,2351,848,1503,32,32,784,526,258,2518,2363,155,11,1535,2529
2021,Chiseldon and Lawn,E05008955,3157,2565,1287,1278,22,22,275,153,122,294,246,48,1,1300,295
2021,Covingham and Dorcan,E05008956,4706,3667,2067,1600,32,32,417,154,263,587,502,85,3,1632,590
2021,Eastcott,E05008957,5138,2509,1050,1459,55,55,216,62,154,2357,2217,140,1,1514,2358
2021,Gorse Hill and Pinehurst,E05008958,5632,3318,1493,1825,21,21,1221,963,258,1056,923,133,16,1846,1072
2021,"Liden, Eldene and Park South",E05008960,4606,2738,1391,1347,27,27,1314,978,336,516,445,71,11,1374,527
2021,Lydiard and Freshbrook,E05008961,4649,3042,1453,1589,22,22,863,488,375,715,646,69,7,1611,722
2021,Mannington and Western,E05008962,4968,2653,1091,1562,27,27,567,375,192,1707,1591,116,14,1589,1721
2021,Old Town (Swindon),E05008963,4755,3031,1296,1735,183,183,451,26,425,1088,1008,80,2,1918,1090
2021,Priory Vale,E05008965,4878,3321,917,2404,83,83,285,39,246,1188,1090,98,1,2487,1189
2021,Ridgeway (Swindon),E05008966,1346,1117,578,539,2,2,94,65,29,133,95,38,0,541,133
2021,Rodbourne Cheney,E05008967,5017,3295,1549,1746,38,38,916,744,172,762,678,84,6,1784,768
2021,St Andrews (Swindon),E05008968,7254,5010,1196,3814,304,304,584,27,557,1353,1268,85,3,4118,1356
2021,St Margaret and South Marston,E05008969,4981,3864,2080,1784,53,53,411,166,245,646,574,72,7,1837,653
2021,Shaw (Swindon),E05008970,4600,3301,1488,1813,73,73,354,111,243,870,798,72,2,1886,872
2021,Walcot and Park North,E05008971,5431,2474,1204,1270,91,91,2272,1868,404,567,483,84,27,1361,594
2021,Wroughton and Wichelstowe,E05008972,3534,2667,1542,1125,33,33,504,300,204,325,253,72,5,1158,330
2021,Benn,E05008974,4140,1580,770,810,26,26,657,313,344,1865,1774,91,12,836,1877
2021,Bilton,E05008975,2923,2352,1503,849,19,19,230,160,70,319,281,38,3,868,322
2021,"Clifton, Newton and Churchover",E05008976,1213,900,392,508,47,47,152,43,109,114,97,17,0,555,114
2021,Coton and Boughton,E05008977,3202,2385,800,1585,52,52,184,77,107,581,537,44,0,1637,581
2021,Hillmorton,E05008979,3189,2294,998,1296,84,84,497,381,116,308,254,54,6,1380,314
2021,Leam Valley,E05008980,1053,876,571,305,3,3,57,44,13,117,88,29,0,308,117
2021,New Bilton,E05008981,3514,1749,803,946,65,65,604,300,304,1089,1003,86,7,1011,1096
2021,Newbold and Brownsover,E05008982,3749,2058,815,1243,44,44,882,516,366,756,689,67,9,1287,765
2021,Paddox,E05008983,2924,2448,1252,1196,16,16,143,74,69,315,273,42,2,1212,317
2021,Revel and Binley Woods,E05008984,2724,2216,1338,878,25,25,167,137,30,315,252,63,1,903,316
2021,Rokeby and Overslade,E05008985,3150,2135,1229,906,18,18,628,444,184,363,319,44,6,924,369
2021,Eastlands,E05008986,3388,2125,985,1140,43,43,278,164,114,938,815,123,4,1183,942
2021,Wolvey and Shilton,E05008988,1102,791,484,307,0,0,79,64,15,231,88,143,1,307,232
2021,Aldershot Park,E05008989,2814,1523,626,897,13,13,900,172,728,367,314,53,11,910,378
2021,Cherrywood,E05008990,3145,1518,599,919,34,34,1157,197,960,430,346,84,6,953,436
2021,Cove and Southwood,E05008991,2921,2056,885,1171,41,41,462,64,398,362,291,71,0,1212,362
2021,Empress,E05008992,2939,1744,796,948,100,100,269,30,239,826,760,66,0,1048,826
2021,Fernhill (Rushmoor),E05008993,2760,2012,925,1087,25,25,433,63,370,290,239,51,0,1112,290
2021,Knellwood,E05008994,2961,2335,1164,1171,19,19,188,15,173,419,364,55,0,1190,419
2021,Manor Park (Rushmoor),E05008995,3680,2180,905,1275,17,17,258,31,227,1224,1109,115,1,1292,1225
2021,North Town,E05008996,3070,1955,720,1235,87,87,507,80,427,518,453,65,3,1322,521
2021,Rowhill,E05008997,3098,1997,916,1081,9,9,447,63,384,641,573,68,4,1090,645
2021,St John's (Rushmoor),E05008998,2789,2006,845,1161,62,62,297,36,261,424,312,112,0,1223,424
2021,St Mark's (Rushmoor),E05008999,3389,1664,531,1133,60,60,507,60,447,1153,780,373,5,1193,1158
2021,Wellington (Rushmoor),E05009000,3084,805,104,701,199,199,589,96,493,1489,716,773,2,900,1491
2021,West Heath (Rushmoor),E05009001,2648,1977,963,1014,13,13,355,39,316,303,251,52,0,1027,303
2021,Broxbourne and Hoddesdon South,E05009002,3695,2970,1630,1340,18,18,199,37,162,507,468,39,1,1358,508
2021,Cheshunt North,E05009003,3862,2613,1328,1285,15,15,642,147,495,589,539,50,3,1300,592
2021,Cheshunt South and Theobalds,E05009004,3818,2501,1268,1233,36,36,428,98,330,852,777,75,1,1269,853
2021,Flamstead End,E05009005,3452,2669,1297,1372,24,24,387,241,146,368,327,41,4,1396,372
2021,Goffs Oak,E05009006,3461,2891,1408,1483,68,68,216,34,182,286,242,44,0,1551,286
2021,Hoddesdon North,E05009007,3775,2860,1468,1392,17,17,462,89,373,435,391,44,1,1409,436
2021,Hoddesdon Town and Rye Park,E05009008,4206,2637,1194,1443,35,35,593,89,504,936,878,58,5,1478,941
2021,Rosedale and Bury Green,E05009009,3967,2657,1180,1477,41,41,908,213,695,359,307,52,2,1518,361
2021,Waltham Cross,E05009010,4900,2638,1159,1479,105,105,981,280,701,1168,1065,103,8,1584,1176
2021,Wormley and Turnford,E05009011,4714,2920,1246,1674,60,60,866,171,695,867,789,78,1,1734,868
2021,Annfield Plain,E05009030,3813,2070,1087,983,9,9,813,360,453,919,849,70,2,992,921
2021,Aycliffe East,E05009031,3767,2264,1222,1042,10,10,1002,566,436,486,420,66,5,1052,491
2021,Aycliffe North and Middridge,E05009032,4737,3366,1736,1630,6,6,735,341,394,630,547,83,0,1636,630
2021,Aycliffe West,E05009033,3553,1552,852,700,16,16,1339,701,638,643,583,60,3,716,646
2021,Barnard Castle East,E05009034,3912,2512,1669,843,12,12,622,94,528,766,633,133,0,855,766
2021,Barnard Castle West,E05009035,3785,2682,1830,852,21,21,335,54,281,747,612,135,0,873,747
2021,Belmont (County Durham),E05009036,6290,3819,2374,1445,18,18,1322,458,864,1127,1010,117,4,1463,1131
2021,Benfieldside,E05009037,3631,2657,1454,1203,4,4,460,155,305,509,441,68,1,1207,510
2021,Bishop Auckland Town,E05009038,3756,2541,1471,1070,17,17,277,73,204,919,833,86,2,1087,921
2021,Bishop Middleham and Cornforth,E05009039,1747,1029,588,441,0,0,415,192,223,303,256,47,0,441,303
2021,Blackhalls,E05009040,3740,2399,1447,952,7,7,608,303,305,723,628,95,3,959,726
2021,Brandon,E05009041,4836,2755,1414,1341,33,33,1335,632,703,711,635,76,2,1374,713
2021,Burnopfield and Dipton,E05009042,3610,2564,1300,1264,13,13,580,231,349,451,376,75,2,1277,453
2021,Chester-le-Street East,E05009043,1685,1226,740,486,4,4,70,23,47,385,333,52,0,490,385
2021,Chester-le-Street North,E05009044,1792,1229,685,544,12,12,313,123,190,235,199,36,3,556,238
2021,Chester-le-Street South,E05009045,3368,2550,1461,1089,11,11,478,174,304,328,282,46,1,1100,329
2021,Chester-le-Street West Central,E05009046,3729,1844,849,995,35,35,1318,546,772,529,461,68,3,1030,532
2021,Chilton (County Durham),E05009047,2184,1387,632,755,12,12,486,266,220,298,265,33,1,767,299
2021,Consett North,E05009048,3864,2200,1127,1073,8,8,703,191,512,950,854,96,3,1081,953
2021,Consett South,E05009049,2316,1419,474,945,4,4,543,236,307,349,300,49,1,949,350
2021,Coundon,E05009050,2028,1081,620,461,6,6,529,293,236,410,363,47,2,467,412
2021,Coxhoe,E05009051,6035,3814,1887,1927,44,44,1261,626,635,915,786,129,1,1971,916
2021,Craghead and South Moor,E05009052,3909,2182,1063,1119,5,5,771,301,470,948,889,59,3,1124,951
2021,Crook,E05009053,5676,3531,1950,1581,9,9,1210,622,588,922,776,146,4,1590,926
2021,Dawdon,E05009054,3786,2195,1141,1054,2,2,780,446,334,804,702,102,5,1056,809
2021,Deerness,E05009055,5941,3497,1856,1641,15,15,1555,727,828,855,740,115,19,1656,874
2021,Delves Lane,E05009056,3637,2512,1253,1259,17,17,422,165,257,686,604,82,0,1276,686
2021,Deneside,E05009057,3147,1710,989,721,2,2,1002,748,254,421,349,72,12,723,433
2021,Durham South,E05009058,678,599,406,193,2,2,32,11,21,45,38,7,0,195,45
2021,Easington,E05009059,3584,2234,1242,992,7,7,691,287,404,649,562,87,3,999,652
2021,Elvet and Gilesgate,E05009060,2428,703,484,219,7,7,390,124,266,1328,1258,70,0,226,1328
2021,Esh and Witton Gilbert,E05009061,3609,2427,1351,1076,8,8,611,254,357,560,475,85,3,1084,563
2021,Evenwood,E05009062,3762,2655,1682,973,13,13,499,136,363,593,475,118,2,986,595
2021,Ferryhill,E05009063,5405,2895,1704,1191,26,26,1240,532,708,1243,1106,137,1,1217,1244
2021,Framwellgate and Newton Hall,E05009064,5994,4391,2566,1825,19,19,715,291,424,864,762,102,5,1844,869
2021,Horden,E05009065,3533,1783,1078,705,5,5,860,436,424,884,796,88,1,710,885
2021,Lanchester,E05009066,3495,2675,1631,1044,3,3,377,150,227,439,336,103,1,1047,440
2021,Leadgate and Medomsley,E05009067,4031,2748,1533,1215,8,8,669,239,430,604,501,103,2,1223,606
2021,Lumley,E05009068,3290,2254,1313,941,2,2,650,218,432,382,332,50,2,943,384
2021,Murton,E05009069,3564,2060,1148,912,5,5,887,523,364,608,522,86,4,917,612
2021,Neville's Cross,E05009070,3378,2405,1326,1079,11,11,74,20,54,888,822,66,0,1090,888
2021,North Lodge,E05009071,1746,1532,904,628,22,22,67,20,47,125,108,17,0,650,125
2021,Passfield,E05009072,2052,1397,827,570,0,0,434,268,166,215,190,25,6,570,221
2021,Pelton,E05009073,5942,4120,2102,2018,19,19,924,356,568,877,770,107,2,2037,879
2021,Peterlee East,E05009074,3430,1642,870,772,10,10,1148,814,334,616,556,60,14,782,630
2021,Peterlee West,E05009075,3532,2069,1079,990,16,16,832,579,253,608,561,47,7,1006,615
2021,Sacriston,E05009076,3458,2041,1058,983,11,11,890,349,541,513,464,49,3,994,516
2021,Seaham,E05009077,2920,2250,1171,1079,4,4,306,172,134,357,295,62,3,1083,360
2021,Sedgefield,E05009078,3701,2672,1467,1205,16,16,458,203,255,551,455,96,4,1221,555
2021,Sherburn,E05009079,3959,2616,1361,1255,11,11,843,464,379,485,402,83,4,1266,489
2021,Shildon and Dene Valley,E05009080,6373,3594,2041,1553,26,26,1390,725,665,1358,1222,136,5,1579,1363
2021,Shotton and South Hetton,E05009081,4165,2521,1281,1240,8,8,998,464,534,628,516,112,10,1248,638
2021,Spennymoor,E05009082,5243,3399,1786,1613,10,10,1065,445,620,768,681,87,1,1623,769
2021,Stanley (County Durham),E05009083,4134,2009,1114,895,5,5,1435,712,723,684,612,72,1,900,685
2021,Tanfield,E05009084,3583,2335,1258,1077,5,5,616,260,356,627,565,62,0,1082,627
2021,Tow Law,E05009085,2059,1281,747,534,3,3,392,83,309,383,316,67,0,537,383
2021,Trimdon and Thornley,E05009086,5778,3460,1899,1561,11,11,1438,818,620,860,747,113,9,1572,869
2021,Tudhoe,E05009087,4412,2638,1256,1382,15,15,1100,488,612,651,564,87,8,1397,659
2021,Weardale,E05009088,3753,2715,1809,906,7,7,421,152,269,608,477,131,2,913,610
2021,West Auckland,E05009089,3878,2585,1417,1168,6,6,642,369,273,645,556,89,0,1174,645
2021,Willington and Hunwick,E05009090,3982,2477,1369,1108,5,5,819,415,404,680,590,90,1,1113,681
2021,Wingate,E05009091,1881,1179,581,598,8,8,392,279,113,299,264,35,3,606,302
2021,Woodhouse Close,E05009092,3752,1869,1013,856,4,4,1273,699,574,603,533,70,3,860,606
2021,Alnwick,E05009093,5031,2986,1944,1042,31,31,1156,664,492,856,707,149,2,1073,858
2021,Amble,E05009094,2376,1433,857,576,5,5,586,424,162,350,287,63,2,581,352
2021,Amble West with Warkworth,E05009095,1977,1565,1099,466,26,26,155,50,105,231,185,46,0,492,231
2021,Ashington Central,E05009096,2301,1111,618,493,20,20,531,250,281,638,573,65,1,513,639
2021,Bamburgh,E05009097,2091,1337,972,365,22,22,349,92,257,380,293,87,3,387,383
2021,Bedlington Central,E05009098,2376,1554,911,643,26,26,432,180,252,364,306,58,0,669,364
2021,Bedlington East,E05009099,2117,1103,599,504,2,2,541,313,228,469,416,53,2,506,471
2021,Bedlington West,E05009100,2000,1532,758,774,8,8,247,139,108,213,172,41,0,782,213
2021,Bellingham (Northumberland),E05009101,1748,1106,750,356,15,15,249,60,189,378,297,81,0,371,378
2021,Berwick East,E05009102,2202,1166,752,414,16,16,636,228,408,384,335,49,0,430,384
2021,Berwick North,E05009103,2191,1299,886,413,12,12,401,128,273,477,410,67,2,425,479
2021,Berwick West with Ord,E05009104,1809,1276,839,437,9,9,296,91,205,227,187,40,1,446,228
2021,Bywell,E05009106,1996,1456,887,569,13,13,236,78,158,290,227,63,1,582,291
2021,Choppington,E05009107,2095,1152,605,547,1,1,623,323,300,319,273,46,0,548,319
2021,College (Northumberland),E05009108,2475,1197,688,509,8,8,729,356,373,540,472,68,1,517,541
2021,Corbridge,E05009109,1927,1365,943,422,10,10,239,73,166,312,260,52,1,432,313
2021,Cowpen,E05009110,1903,907,454,453,0,0,762,671,91,230,201,29,4,453,234
2021,Cramlington East,E05009111,2008,990,404,586,18,18,697,526,171,296,262,34,7,604,303
2021,Cramlington Eastfield,E05009112,2168,1587,870,717,1,1,289,267,22,289,256,33,2,718,291
2021,Cramlington North,E05009113,1893,1773,880,893,12,12,28,12,16,80,63,17,0,905,80
2021,Cramlington South East,E05009114,2287,1719,1135,584,3,3,171,111,60,393,340,53,1,587,394
2021,Cramlington Village,E05009115,2022,1424,886,538,5,5,321,231,90,271,229,42,1,543,272
2021,Cramlington West,E05009116,3017,1841,741,1100,43,43,810,252,558,321,282,39,2,1143,323
2021,Croft (Northumberland),E05009117,2139,903,542,361,1,1,607,365,242,623,550,73,5,362,628
2021,Druridge Bay,E05009118,2527,1558,891,667,15,15,586,208,378,364,297,67,4,682,368
2021,Haltwhistle,E05009119,2212,1386,948,438,2,2,369,139,230,455,374,81,0,440,455
2021,Hartley,E05009120,2222,1681,1021,660,6,6,321,269,52,212,179,33,2,666,214
2021,Haydon,E05009121,1884,1403,826,577,12,12,255,133,122,212,162,50,2,589,214
2021,Haydon and Hadrian,E05009122,2000,1355,869,486,44,44,240,75,165,361,294,67,0,530,361
2021,Hexham Central with Acomb,E05009123,2288,1300,814,486,16,16,582,189,393,387,336,51,3,502,390
2021,Hexham East,E05009124,2002,1233,786,447,19,19,419,172,247,330,293,37,1,466,331
2021,Hexham West,E05009125,1691,1451,982,469,11,11,28,14,14,201,164,37,0,480,201
2021,Hirst,E05009126,2360,912,510,402,8,8,576,260,316,861,798,63,3,410,864
2021,Holywell (Northumberland),E05009127,2483,1639,1006,633,7,7,507,457,50,326,275,51,4,640,330
2021,Humshaugh,E05009128,1914,1185,792,393,6,6,226,45,181,496,426,70,1,399,497
2021,Isabella,E05009129,2145,860,461,399,3,3,956,718,238,319,282,37,7,402,326
2021,Kitty Brewster,E05009130,3050,1892,744,1148,15,15,750,638,112,385,337,48,8,1163,393
2021,Longhorsley,E05009131,2010,1457,830,627,12,12,195,40,155,346,271,75,0,639,346
2021,Longhoughton,E05009132,1929,1168,803,365,4,4,140,81,59,617,428,189,0,369,617
2021,Lynemouth,E05009133,2098,1466,893,573,2,2,307,85,222,323,281,42,0,575,323
2021,Morpeth Kirkhill,E05009134,2420,1802,1048,754,6,6,373,115,258,238,190,48,1,760,239
2021,Morpeth North,E05009135,2169,1629,1060,569,22,22,209,50,159,308,266,42,1,591,309
2021,Morpeth Stobhill,E05009136,2245,1647,1073,574,10,10,313,129,184,270,233,37,5,584,275
2021,Newbiggin Central and East,E05009137,2193,1248,842,406,7,7,478,230,248,456,386,70,4,413,460
2021,Norham and Islandshires,E05009139,1996,1179,861,318,9,9,224,55,169,582,470,112,2,327,584
2021,Plessey,E05009141,1719,1237,769,468,7,7,263,219,44,211,177,34,1,475,212
2021,Ponteland East and Stannington,E05009142,2171,1759,993,766,9,9,70,21,49,333,273,60,0,775,333
2021,Ponteland North,E05009143,2274,1748,1069,679,6,6,213,51,162,307,253,54,0,685,307
2021,Ponteland South with Heddon,E05009144,1738,1571,1037,534,1,1,57,15,42,109,76,33,0,535,109
2021,Ponteland West,E05009145,1626,1248,712,536,1,1,74,28,46,303,228,75,0,537,303
2021,Prudhoe North,E05009146,2233,1676,900,776,2,2,301,139,162,254,204,50,0,778,254
2021,Prudhoe South,E05009147,2532,1448,729,719,17,17,727,328,399,339,295,44,1,736,340
2021,Rothbury,E05009148,2360,1576,1135,441,13,13,268,148,120,503,389,114,0,454,503
2021,Seaton with Newbiggin West,E05009149,2541,1691,732,959,11,11,546,293,253,290,232,58,3,970,293
2021,Shilbottle,E05009151,2430,1865,1166,699,11,11,321,234,87,232,177,55,1,710,233
2021,Sleekburn,E05009152,2020,1051,552,499,4,4,518,256,262,445,393,52,2,503,447
2021,South Blyth,E05009153,2025,1812,1011,801,16,16,22,16,6,174,134,40,1,817,175
2021,South Tynedale,E05009154,2084,1505,1032,473,8,8,146,48,98,423,325,98,2,481,425
2021,Stakeford,E05009155,2124,1625,1026,599,5,5,212,74,138,282,229,53,0,604,282
2021,Stocksfield and Broomhaugh,E05009156,2100,1725,1085,640,30,30,146,36,110,199,159,40,0,670,199
2021,Wensleydale,E05009157,2620,1617,755,862,17,17,458,223,235,523,457,66,5,879,528
2021,Wooler,E05009158,2157,1148,849,299,4,4,342,102,240,663,488,175,0,303,663
2021,"Gobowen, Selattyn and Weston Rhyn",E05009281,2874,2049,1248,801,16,16,422,241,181,384,303,81,3,817,387
2021,Oswestry East,E05009282,4028,2543,1443,1100,31,31,809,402,407,635,559,76,10,1131,645
2021,Oswestry South,E05009283,2103,1290,804,486,1,1,160,29,131,652,591,61,0,487,652
2021,Oswestry West,E05009284,1805,975,615,360,20,20,360,199,161,449,412,37,1,380,450
2021,Ruyton and Baschurch,E05009285,1763,1359,757,602,18,18,164,31,133,222,171,51,0,620,222
2021,St Oswald (Shropshire),E05009286,1963,1481,900,581,17,17,215,101,114,248,192,56,2,598,250
2021,Whittington,E05009287,1834,1342,803,539,14,14,216,118,98,261,219,42,1,553,262
2021,Chopwell and Rowlands Gill,E05009313,4186,2581,1564,1017,24,24,905,806,99,674,587,87,2,1041,676
2021,Walkern,E05009315,1146,798,412,386,16,16,176,24,152,156,134,22,0,402,156
2021,Manor (Stevenage),E05009316,2688,2066,1001,1065,10,10,243,182,61,368,344,24,1,1075,369
2021,Bethnal Green,E05009317,7251,1682,562,1120,149,149,3158,1904,1254,2237,2025,212,25,1269,2262
2021,Blackwall & Cubitt Town,E05009318,9509,2261,750,1511,221,221,2092,356,1736,4928,4674,254,7,1732,4935
2021,Bow East,E05009319,8412,2369,551,1818,394,394,3026,757,2269,2616,2435,181,7,2212,2623
2021,Bow West,E05009320,5276,1666,645,1021,78,78,1899,649,1250,1612,1497,115,21,1099,1633
2021,Bromley North,E05009321,4524,969,286,683,162,162,2141,509,1632,1241,1141,100,11,845,1252
2021,Bromley South,E05009322,5047,1001,236,765,197,197,2194,777,1417,1648,1547,101,7,962,1655
2021,Canary Wharf,E05009323,8556,1793,670,1123,208,208,1964,280,1684,4587,4362,225,4,1331,4591
2021,Island Gardens,E05009324,6139,1782,610,1172,110,110,1600,331,1269,2633,2492,141,14,1282,2647
2021,Lansbury,E05009325,7529,1489,443,1046,272,272,3350,1030,2320,2403,2270,133,15,1318,2418
2021,Limehouse,E05009326,2927,972,342,630,56,56,577,308,269,1316,1234,82,6,686,1322
2021,Mile End (Tower Hamlets),E05009327,7803,1737,452,1285,168,168,3304,1275,2029,2579,2412,167,15,1453,2594
2021,Poplar (Tower Hamlets),E05009328,2861,510,154,356,48,48,1376,849,527,915,849,66,12,404,927
2021,St Dunstan's,E05009329,4840,851,290,561,253,253,2423,1071,1352,1295,1188,107,18,814,1313
2021,St Katharine's & Wapping,E05009330,5797,2032,822,1210,99,99,885,489,396,2775,2554,221,6,1309,2781
2021,St Peter's (Tower Hamlets),E05009331,7413,1583,562,1021,165,165,3008,1457,1551,2637,2489,148,20,1186,2657
2021,Shadwell,E05009332,4492,803,267,536,122,122,2253,925,1328,1282,1190,92,32,658,1314
2021,Spitalfields & Banglatown,E05009333,5058,1050,404,646,92,92,1707,544,1163,2194,2055,139,15,738,2209
2021,Stepney Green,E05009334,4259,889,367,522,49,49,2082,1029,1053,1225,1146,79,14,571,1239
2021,Weavers,E05009335,5468,1215,521,694,72,72,2226,1467,759,1934,1824,110,21,766,1955
2021,Whitechapel,E05009336,7380,1227,491,736,230,230,1971,690,1281,3945,3742,203,7,966,3952
2021,Baylis and Stoke,E05009337,2884,1453,610,843,24,24,640,481,159,754,671,83,13,867,767
2021,Britwell and Northborough,E05009338,3956,1682,514,1168,68,68,1629,1255,374,569,530,39,8,1236,577
2021,Central (Slough),E05009339,4672,1490,602,888,45,45,575,272,303,2554,2453,101,8,933,2562
2021,Chalvey,E05009340,4227,1551,596,955,38,38,730,406,324,1901,1783,118,7,993,1908
2021,Cippenham Green,E05009341,3635,2267,946,1321,33,33,474,327,147,859,795,64,2,1354,861
2021,Cippenham Meadows,E05009342,4308,2090,700,1390,67,67,777,332,445,1374,1313,61,0,1457,1374
2021,Colnbrook with Poyle,E05009343,2394,1106,420,686,39,39,369,66,303,879,841,38,1,725,880
2021,Elliman,E05009344,3192,1217,606,611,60,60,670,245,425,1238,1158,80,7,671,1245
2021,Farnham,E05009345,3524,1822,866,956,14,14,457,267,190,1224,1144,80,7,970,1231
2021,Foxborough,E05009346,1432,513,212,301,15,15,630,316,314,270,252,18,4,316,274
2021,Haymill and Lynch Hill,E05009347,3915,2222,914,1308,33,33,708,537,171,944,884,60,8,1341,952
2021,Langley Kedermister,E05009348,3550,1715,595,1120,51,51,1022,827,195,755,708,47,7,1171,762
2021,Langley St Mary's,E05009349,4027,2444,994,1450,30,30,490,296,194,1063,996,67,0,1480,1063
2021,Upton (Slough),E05009350,3287,2119,952,1167,40,40,338,123,215,789,737,52,1,1207,790
2021,Wexham Lea,E05009351,3420,1714,691,1023,18,18,752,552,200,922,836,86,14,1041,936
2021,Blackwater and Hawley,E05009352,3475,2724,1347,1377,94,94,202,22,180,455,399,56,0,1471,455
2021,Crookham East,E05009353,2946,2540,1360,1180,4,4,127,5,122,274,241,33,1,1184,275
2021,Crookham West and Ewshot,E05009354,4283,3149,1278,1871,144,144,321,32,289,668,479,189,1,2015,669
2021,Fleet Central,E05009355,4026,2829,1601,1228,45,45,532,63,469,619,544,75,1,1273,620
2021,Fleet East,E05009356,3338,2608,1293,1315,15,15,162,18,144,553,502,51,0,1330,553
2021,Fleet West,E05009357,3490,2563,930,1633,168,168,208,17,191,551,509,42,0,1801,551
2021,Hartley Wintney,E05009358,4011,2897,1500,1397,59,59,525,63,462,528,440,88,2,1456,530
2021,Hook,E05009359,3883,2896,1300,1596,109,109,376,39,337,502,446,56,0,1705,502
2021,Odiham,E05009360,3616,2390,1339,1051,35,35,500,50,450,691,378,313,0,1086,691
2021,Yateley East,E05009361,3393,2664,1463,1201,31,31,387,47,340,311,250,61,0,1232,311
2021,Yateley West,E05009362,3508,3003,1547,1456,39,39,173,13,160,293,242,51,0,1495,293
2021,Burford,E05009363,887,567,399,168,10,10,175,17,158,134,103,31,1,178,135
2021,Brize Norton and Shilton,E05009364,988,698,341,357,38,38,78,7,71,174,132,42,0,395,174
2021,Carterton North West,E05009365,2221,1348,633,715,37,37,273,31,242,563,309,254,0,752,563
2021,Brownswood,E05009367,4106,1200,433,767,97,97,1151,573,578,1637,1566,71,21,864,1658
2021,Cazenove,E05009368,5191,1236,611,625,67,67,1828,586,1242,2052,1930,122,8,692,2060
2021,Clissold,E05009369,5469,2006,733,1273,103,103,1761,1072,689,1591,1499,92,8,1376,1599
2021,Dalston,E05009370,3999,1079,406,673,116,116,1079,284,795,1719,1621,98,6,789,1725
2021,De Beauvoir,E05009371,4060,1182,469,713,162,162,1363,885,478,1340,1250,90,13,875,1353
2021,Hackney Central,E05009372,5690,1232,442,790,116,116,2738,804,1934,1597,1507,90,7,906,1604
2021,Hackney Downs,E05009373,5370,1496,500,996,94,94,2161,1098,1063,1608,1495,113,11,1090,1619
2021,Hackney Wick,E05009374,4946,1050,361,689,148,148,2578,1200,1378,1160,1072,88,10,837,1170
2021,Haggerston,E05009375,6254,1073,351,722,271,271,2949,2060,889,1945,1821,124,16,993,1961
2021,Homerton,E05009376,5532,1069,375,694,197,197,2747,1551,1196,1505,1427,78,14,891,1519
2021,Hoxton East & Shoreditch,E05009377,5381,890,333,557,126,126,2153,1529,624,2186,2046,140,26,683,2212
2021,Hoxton West,E05009378,6290,1167,477,690,244,244,2757,1917,840,2110,1964,146,12,934,2122
2021,King's Park,E05009379,4931,1387,555,832,29,29,2568,1238,1330,938,873,65,9,861,947
2021,Lea Bridge (Hackney),E05009380,5333,1794,749,1045,123,123,1563,596,967,1841,1732,109,12,1168,1853
2021,London Fields,E05009381,5584,1400,520,880,184,184,2342,1206,1136,1642,1535,107,16,1064,1658
2021,Shacklewell,E05009382,3803,887,309,578,85,85,1626,748,878,1191,1108,83,14,663,1205
2021,Springfield,E05009383,5211,1111,572,539,142,142,2057,1130,927,1893,1720,173,8,681,1901
2021,Stamford Hill West,E05009384,3238,774,373,401,39,39,1157,391,766,1260,1187,73,8,440,1268
2021,Stoke Newington,E05009385,5573,2071,893,1178,39,39,1631,668,963,1823,1701,122,9,1217,1832
2021,Victoria (Hackney),E05009386,5195,1235,488,747,97,97,2454,1067,1387,1393,1282,111,16,844,1409
2021,Woodberry Down,E05009387,4927,724,311,413,187,187,2286,1342,944,1715,1607,108,15,600,1730
2021,Abingdon,E05009388,3835,1484,982,502,19,19,374,99,275,1956,1788,168,2,521,1958
2021,Brompton & Hans Town,E05009389,4006,1334,932,402,20,20,409,318,91,2239,1981,258,4,422,2243
2021,Campden,E05009390,3893,1765,1179,586,22,22,294,137,157,1809,1606,203,3,608,1812
2021,Chelsea Riverside,E05009391,3749,1123,716,407,30,30,1640,1044,596,950,812,138,6,437,956
2021,Colville,E05009392,4348,953,531,422,37,37,2082,631,1451,1261,1135,126,15,459,1276
2021,Courtfield,E05009393,4171,1456,943,513,15,15,409,43,366,2291,2071,220,0,528,2291
2021,Dalgarno,E05009394,2778,472,243,229,102,102,1793,632,1161,387,326,61,24,331,411
2021,Earl's Court,E05009395,4668,1219,654,565,33,33,1085,118,967,2324,2157,167,7,598,2331
2021,Golborne,E05009396,3804,452,207,245,74,74,2535,1293,1242,729,653,76,14,319,743
2021,Holland,E05009397,3842,1448,929,519,47,47,682,172,510,1662,1489,173,3,566,1665
2021,Norland,E05009398,2698,1080,666,414,20,20,707,116,591,890,767,123,1,434,891
2021,Notting Dale,E05009399,3620,462,259,203,127,127,2429,1563,866,578,504,74,24,330,602
2021,Pembridge,E05009400,2674,968,634,334,41,41,301,60,241,1362,1211,151,2,375,1364
2021,Queen's Gate,E05009401,3637,1459,995,464,14,14,177,28,149,1985,1760,225,2,478,1987
2021,Redcliffe,E05009402,4398,1697,1000,697,14,14,607,234,373,2074,1881,193,6,711,2080
2021,Royal Hospital,E05009403,3925,1517,1034,483,11,11,590,117,473,1804,1526,278,3,494,1807
2021,St. Helen's (Kensington and Chelsea),E05009404,2771,799,435,364,30,30,1282,157,1125,656,596,60,4,394,660
2021,Stanley (Kensington and Chelsea),E05009405,4078,1505,964,541,24,24,1037,392,645,1502,1298,204,10,565,1512
2021,Bletchley East,E05009406,6830,3577,1383,2194,265,265,1731,1340,391,1231,1123,108,26,2459,1257
2021,Bletchley Park,E05009407,6391,3871,1999,1872,202,202,1134,875,259,1172,1065,107,12,2074,1184
2021,Bletchley West,E05009408,5916,3765,1925,1840,250,250,968,841,127,918,816,102,15,2090,933
2021,Bradwell (Milton Keynes),E05009409,5480,2635,1279,1356,437,437,1228,793,435,1172,1071,101,8,1793,1180
2021,Broughton (Milton Keynes),E05009410,7513,4000,1004,2996,841,841,1105,147,958,1567,1487,80,0,3837,1567
2021,Campbell Park & Old Woughton,E05009411,5657,3075,1616,1459,395,395,932,566,366,1246,1156,90,9,1854,1255
2021,Central Milton Keynes,E05009412,6639,2007,982,1025,331,331,1554,732,822,2736,2597,139,11,1356,2747
2021,Danesborough & Walton,E05009413,5967,3683,1628,2055,390,390,842,169,673,1046,967,79,6,2445,1052
2021,Loughton & Shenley,E05009414,5608,3109,1330,1779,661,661,632,207,425,1203,1114,89,3,2440,1206
2021,Monkston,E05009415,5144,2427,835,1592,606,606,809,62,747,1301,1238,63,1,2198,1302
2021,Newport Pagnell North & Hanslope,E05009416,5585,4208,2154,2054,109,109,487,217,270,778,688,90,3,2163,781
2021,Newport Pagnell South,E05009417,5039,3480,1751,1729,239,239,425,274,151,895,809,86,0,1968,895
2021,Olney,E05009418,5322,3870,2221,1649,45,45,424,276,148,978,853,125,5,1694,983
2021,Shenley Brook End,E05009419,5423,2756,1033,1723,446,446,1034,100,934,1186,1122,64,1,2169,1187
2021,Stantonbury,E05009420,6182,3443,1612,1831,210,210,1414,918,496,1104,999,105,11,2041,1115
2021,Stony Stratford,E05009421,6596,4156,1583,2573,516,516,940,574,366,974,886,88,10,3089,984
2021,Tattenhoe,E05009422,4512,2636,595,2041,410,410,633,68,565,833,782,51,0,2451,833
2021,Wolverton,E05009423,6454,3545,1493,2052,261,261,1102,748,354,1536,1404,132,10,2313,1546
2021,Woughton & Fishermead,E05009424,6844,1703,769,934,290,290,3054,2122,932,1778,1603,175,19,1224,1797
2021,Abbots Langley & Bedmond,E05009425,2702,1939,1034,905,22,22,488,110,378,251,218,33,2,927,253
2021,Carpenders Park,E05009426,2752,2122,1161,961,10,10,284,96,188,336,292,44,0,971,336
2021,Chorleywood North & Sarratt,E05009427,2633,2241,1268,973,9,9,93,24,69,288,230,58,2,982,290
2021,Chorleywood South & Maple Cross,E05009428,3015,2220,1073,1147,12,12,447,104,343,336,291,45,0,1159,336
2021,Dickinsons,E05009429,2566,1975,977,998,6,6,217,37,180,368,333,35,0,1004,368
2021,Durrants,E05009430,2685,2294,1172,1122,18,18,136,24,112,237,209,28,0,1140,237
2021,Gade Valley,E05009431,2804,1852,829,1023,43,43,468,138,330,439,395,44,2,1066,441
2021,Leavesden,E05009432,3348,2393,1029,1364,69,69,452,101,351,433,389,44,1,1433,434
2021,Moor Park & Eastbury,E05009433,2098,1605,885,720,2,2,19,6,13,472,315,157,0,722,472
2021,Oxhey Hall & Hayling,E05009434,2785,1796,769,1027,16,16,717,209,508,254,223,31,2,1043,256
2021,Penn & Mill End,E05009435,2848,1890,845,1045,5,5,581,175,406,369,334,35,3,1050,372
2021,Rickmansworth Town,E05009436,3399,2287,1244,1043,13,13,306,64,242,789,716,73,4,1056,793
2021,South Oxhey,E05009437,3223,1529,521,1008,53,53,1258,430,828,381,350,31,2,1061,383
2021,Arrow,E05009438,1614,1168,822,346,17,17,126,14,112,303,203,100,0,363,303
2021,Aylestone Hill,E05009439,1467,1062,645,417,10,10,144,49,95,251,212,39,0,427,251
2021,Backbury,E05009440,1349,963,608,355,27,27,160,35,125,198,171,27,1,382,199
2021,Belmont Rural,E05009441,1611,1077,549,528,24,24,57,17,40,453,416,37,0,552,453
2021,Birch (Herefordshire),E05009442,1305,1020,702,318,2,2,53,15,38,230,168,62,0,320,230
2021,Bircher,E05009443,1721,1363,1010,353,13,13,93,11,82,252,190,62,0,366,252
2021,Bishops Frome & Cradley,E05009444,1330,1055,683,372,16,16,104,7,97,155,117,38,0,388,155
2021,Bobblestock,E05009445,1689,1052,614,438,11,11,126,28,98,499,461,38,1,449,500
2021,Bromyard Bringsty,E05009446,1688,1108,763,345,33,33,215,16,199,331,266,65,1,378,332
2021,Bromyard West,E05009447,1457,908,562,346,21,21,279,33,246,249,203,46,0,367,249
2021,Castle (Herefordshire),E05009448,1402,1057,761,296,7,7,112,11,101,226,161,65,0,303,226
2021,Central (Herefordshire),E05009449,1797,720,450,270,10,10,303,56,247,764,688,76,0,280,764
2021,College (Herefordshire),E05009450,1587,768,417,351,22,22,529,141,388,266,234,32,2,373,268
2021,Dinedor Hill,E05009452,1565,1104,630,474,16,16,116,35,81,329,293,36,0,490,329
2021,Eign Hill,E05009453,1675,1220,769,451,13,13,125,23,102,317,271,46,0,464,317
2021,Golden Valley North,E05009454,1330,982,684,298,5,5,121,24,97,222,176,46,0,303,222
2021,Golden Valley South,E05009455,1413,1056,755,301,9,9,88,30,58,259,200,59,1,310,260
2021,Greyfriars (Herefordshire),E05009456,1775,1123,617,506,9,9,130,16,114,513,474,39,0,515,513
2021,Hagley (Herefordshire),E05009457,1769,1316,724,592,49,49,171,33,138,233,186,47,0,641,233
2021,Hampton (Herefordshire),E05009458,1547,1197,851,346,14,14,99,6,93,237,187,50,0,360,237
2021,Hinton & Hunderton,E05009459,1963,843,446,397,14,14,804,311,493,296,254,42,6,411,302
2021,Holmer,E05009460,1752,1256,653,603,61,61,190,39,151,245,183,62,0,664,245
2021,Hope End,E05009461,1588,1164,835,329,14,14,189,22,167,221,168,53,0,343,221
2021,Kerne Bridge,E05009462,1321,1061,672,389,2,2,89,29,60,169,122,47,0,391,169
2021,Kings Acre,E05009463,1385,1002,623,379,18,18,172,58,114,190,164,26,3,397,193
2021,Kington (Herefordshire),E05009464,1523,850,592,258,19,19,226,19,207,428,363,65,0,277,428
2021,Ledbury North,E05009465,1473,928,716,212,16,16,199,28,171,329,298,31,1,228,330
2021,Ledbury South,E05009466,1657,1125,814,311,27,27,186,30,156,319,273,46,0,338,319
2021,Ledbury West,E05009467,1549,1020,607,413,25,25,201,32,169,303,274,29,0,438,303
2021,Leominster East,E05009468,2131,1075,715,360,27,27,318,35,283,711,649,62,0,387,711
2021,Leominster North & Rural,E05009469,1704,1037,669,368,11,11,341,45,296,314,260,54,1,379,315
2021,Leominster South,E05009470,1391,917,596,321,13,13,258,31,227,203,168,35,0,334,203
2021,Leominster West,E05009471,1205,867,598,269,4,4,118,24,94,216,187,29,0,273,216
2021,Llangarron,E05009472,1435,1153,755,398,4,4,45,11,34,233,185,48,0,402,233
2021,Mortimer,E05009473,1454,998,691,307,11,11,121,15,106,324,260,64,0,318,324
2021,Newton Farm,E05009474,1812,801,372,429,17,17,797,275,522,197,154,43,0,446,197
2021,Old Gore,E05009475,1340,934,629,305,7,7,123,36,87,276,215,61,0,312,276
2021,Penyard,E05009476,1594,1253,867,386,14,14,135,36,99,192,144,48,0,400,192
2021,Red Hill,E05009478,1716,971,546,425,6,6,517,201,316,217,178,39,5,431,222
2021,Ross East,E05009479,1925,1174,829,345,15,15,268,76,192,466,411,55,2,360,468
2021,Ross North,E05009480,1607,1048,663,385,17,17,263,104,159,279,248,31,0,402,279
2021,Ross West,E05009481,1665,1044,696,348,19,19,276,55,221,325,283,42,1,367,326
2021,Saxon Gate,E05009482,1669,858,370,488,36,36,454,155,299,319,180,139,2,524,321
2021,Three Crosses,E05009485,1504,1125,747,378,12,12,89,13,76,277,221,56,1,390,278
2021,Tupsley,E05009486,1322,1057,680,377,6,6,133,23,110,126,103,23,0,383,126
2021,Weobley,E05009487,1635,1097,771,326,20,20,179,12,167,339,279,60,0,346,339
2021,Whitecross,E05009488,1639,1151,645,506,25,25,198,56,142,265,226,39,0,531,265
2021,Widemarsh,E05009489,1571,557,292,265,26,26,459,89,370,529,485,44,0,291,529
2021,Wormside,E05009490,1483,1039,648,391,23,23,192,51,141,229,169,60,0,414,229
2021,Bassenhally,E05009491,2479,1691,836,855,28,28,259,65,194,501,440,61,0,883,501
2021,"Benwick, Coates & Eastrea",E05009492,1916,1488,722,766,6,6,135,36,99,287,244,43,0,772,287
2021,Birch (Fenland),E05009493,1122,764,404,360,17,17,156,26,130,185,163,22,0,377,185
2021,Clarkson,E05009494,1135,436,239,197,7,7,212,49,163,480,445,35,0,204,480
2021,Doddington & Wimblington,E05009495,2063,1622,930,692,2,2,174,34,140,265,209,56,0,694,265
2021,Elm & Christchurch,E05009496,2119,1556,914,642,3,3,253,68,185,307,253,54,0,645,307
2021,Kirkgate,E05009497,1050,693,379,314,1,1,106,25,81,249,226,23,1,315,250
2021,Lattersey,E05009498,1195,787,466,321,1,1,236,35,201,170,148,22,1,322,171
2021,Manea,E05009499,1144,867,428,439,11,11,81,9,72,185,149,36,0,450,185
2021,March East,E05009500,3553,2102,1274,828,13,13,572,80,492,865,789,76,1,841,866
2021,March North,E05009501,3105,2253,1255,998,23,23,219,30,189,608,530,78,2,1021,610
2021,March West,E05009502,3331,2335,1437,898,25,25,374,55,319,593,532,61,4,923,597
2021,Medworth,E05009503,1447,615,389,226,1,1,246,41,205,584,550,34,1,227,585
2021,Octavia Hill,E05009504,2448,1332,795,537,18,18,446,101,345,651,598,53,1,555,652
2021,Parson Drove & Wisbech St Mary,E05009505,2333,1754,1004,750,8,8,277,88,189,293,233,60,1,758,294
2021,Peckover,E05009506,1080,684,407,277,2,2,148,25,123,244,213,31,2,279,246
2021,Roman Bank,E05009507,3001,2345,1502,843,18,18,257,50,207,380,325,55,1,861,381
2021,St Andrews (Fenland),E05009508,1361,1012,600,412,7,7,45,8,37,297,263,34,0,419,297
2021,Slade Lode,E05009509,1293,780,329,451,11,11,212,39,173,290,267,23,0,462,290
2021,Staithe,E05009510,1013,590,342,248,2,2,251,76,175,170,148,22,0,250,170
2021,Stonald,E05009511,1191,938,470,468,9,9,104,6,98,140,117,23,0,477,140
2021,The Mills,E05009512,1256,890,427,463,5,5,110,19,91,250,219,31,1,468,251
2021,Waterlees Village,E05009513,2302,1072,612,460,8,8,625,188,437,594,553,41,3,468,597
2021,Wenneye,E05009514,1140,842,468,374,8,8,82,21,61,208,175,33,0,382,208
2021,Abbey (Swale),E05009544,2446,1553,871,682,36,36,267,39,228,589,520,69,1,718,590
2021,"Bobbing, Iwade and Lower Halstow",E05009545,2384,1905,740,1165,66,66,162,25,137,251,211,40,0,1231,251
2021,Borden and Grove Park,E05009546,2556,1899,1085,814,19,19,268,38,230,369,318,51,1,833,370
2021,Boughton and Courtenay,E05009547,2410,1817,1053,764,7,7,289,51,238,297,227,70,0,771,297
2021,Chalkwell (Swale),E05009548,1538,1015,371,644,16,16,122,23,99,385,358,27,0,660,385
2021,East Downs,E05009549,1162,823,504,319,6,6,153,18,135,180,143,37,0,325,180
2021,"Hartlip, Newington and Upchurch",E05009550,2599,2035,1055,980,25,25,271,34,237,268,216,52,0,1005,268
2021,Homewood,E05009551,2566,1698,909,789,17,17,247,48,199,604,560,44,0,806,604
2021,Kemsley,E05009552,2536,1756,638,1118,30,30,305,57,248,444,405,39,1,1148,445
2021,Milton Regis,E05009553,2430,1475,693,782,18,18,539,103,436,396,354,42,2,800,398
2021,Minster Cliffs,E05009554,3299,2651,1605,1046,9,9,266,42,224,372,297,75,1,1055,373
2021,Murston,E05009555,2655,1557,643,914,36,36,527,109,418,533,488,45,2,950,535
2021,Priory (Swale),E05009556,1184,737,427,310,8,8,349,73,276,90,68,22,0,318,90
2021,Queenborough and Halfway,E05009557,3347,2292,1210,1082,41,41,317,54,263,697,620,77,0,1123,697
2021,Roman (Swale),E05009558,2939,1670,885,785,28,28,528,85,443,713,656,57,0,813,713
2021,St Ann's (Swale),E05009559,2431,1658,948,710,23,23,304,27,277,446,388,58,0,733,446
2021,Sheerness,E05009560,5248,2134,1094,1040,29,29,1173,235,938,1909,1797,112,3,1069,1912
2021,Sheppey Central,E05009561,3645,2485,1133,1352,88,88,439,71,368,632,575,57,1,1440,633
2021,Sheppey East,E05009562,2671,1888,1201,687,19,19,171,22,149,593,509,84,0,706,593
2021,Teynham and Lynsted,E05009563,2700,1740,829,911,111,111,411,47,364,435,373,62,3,1022,438
2021,The Meads,E05009564,1424,965,234,731,67,67,138,18,120,254,229,25,0,798,254
2021,Watling (Swale),E05009565,2760,1854,979,875,51,51,537,78,459,317,271,46,1,926,318
2021,West Downs,E05009566,1156,932,538,394,5,5,70,10,60,149,128,21,0,399,149
2021,Woodstock (Swale),E05009567,2410,1976,1142,834,63,63,186,18,168,185,141,44,0,897,185
2021,Aylesford North and Walderslade,E05009568,2635,2193,1039,1154,12,12,178,19,159,249,216,33,3,1166,252
2021,Aylesford South,E05009569,2164,1363,591,772,60,60,537,38,499,204,162,42,0,832,204
2021,Borough Green and Long Mill,E05009570,3092,2339,1221,1118,39,39,306,37,269,408,338,70,0,1157,408
2021,Burham and Wouldham,E05009571,1648,1227,437,790,81,81,176,27,149,164,139,25,0,871,164
2021,Cage Green,E05009572,1900,1399,911,488,38,38,364,42,322,99,82,17,0,526,99
2021,Castle (Tonbridge and Malling),E05009573,1935,1353,739,614,21,21,136,22,114,425,344,81,0,635,425
2021,Ditton,E05009574,1969,1551,803,748,25,25,231,36,195,161,125,36,1,773,162
2021,Downs and Mereworth,E05009575,1853,1445,779,666,18,18,129,13,116,260,186,74,1,684,261
2021,Hadlow and East Peckham,E05009577,2939,2067,1213,854,45,45,522,45,477,305,232,73,0,899,305
2021,Higham (Tonbridge and Malling),E05009578,1932,1459,873,586,14,14,330,47,283,128,108,20,1,600,129
2021,Hildenborough,E05009579,1907,1628,883,745,6,6,103,15,88,170,139,31,0,751,170
2021,Judd,E05009580,2287,1358,613,745,80,80,333,40,293,516,476,40,0,825,516
2021,Larkfield North,E05009582,2006,1447,685,762,62,62,261,31,230,236,213,23,0,824,236
2021,Larkfield South,E05009583,1789,1301,663,638,23,23,282,40,242,183,150,33,0,661,183
2021,Medway,E05009584,3328,1821,832,989,152,152,646,86,560,709,653,56,0,1141,709
2021,Snodland East and Ham Hill,E05009585,2082,1122,454,668,52,52,598,87,511,309,271,38,1,720,310
2021,Snodland West and Holborough Lakes,E05009586,2858,2035,937,1098,66,66,351,38,313,406,366,40,0,1164,406
2021,Trench,E05009587,1919,954,525,429,37,37,818,87,731,110,93,17,0,466,110
2021,Vauxhall (Tonbridge and Malling),E05009588,2136,1317,559,758,38,38,348,33,315,432,404,28,1,796,433
2021,Wateringbury,E05009589,829,635,359,276,8,8,73,10,63,113,102,11,0,284,113
2021,West Malling and Leybourne,E05009590,3059,2294,1013,1281,73,73,352,56,296,340,293,47,0,1354,340
2021,"Wrotham, Ightham and Stansted",E05009591,1765,1390,751,639,14,14,170,21,149,191,156,35,0,653,191
2021,Bare,E05009592,3218,2572,1662,910,16,16,59,23,36,571,480,91,0,926,571
2021,Bolton & Slyne,E05009593,3232,2860,1851,1009,17,17,84,55,29,271,219,52,0,1026,271
2021,Bulk,E05009594,3619,1941,905,1036,37,37,748,474,274,881,799,82,12,1073,893
2021,Carnforth & Millhead,E05009595,2707,2030,1159,871,15,15,200,164,36,461,368,93,1,886,462
2021,Castle (Lancaster),E05009596,2149,886,555,331,19,19,265,47,218,977,912,65,2,350,979
2021,Ellel,E05009597,1836,1346,730,616,49,49,65,40,25,376,314,62,0,665,376
2021,Halton-with-Aughton,E05009598,1242,1031,590,441,5,5,78,45,33,127,108,19,1,446,128
2021,Harbour,E05009599,3379,1846,948,898,44,44,355,46,309,1133,1054,79,1,942,1134
2021,Heysham Central,E05009600,2093,1590,916,674,6,6,150,115,35,347,296,51,0,680,347
2021,Heysham North,E05009601,2106,1176,590,586,27,27,71,15,56,831,762,69,1,613,832
2021,Heysham South,E05009602,2818,2062,989,1073,6,6,268,149,119,481,415,66,1,1079,482
2021,John O'Gaunt,E05009603,2910,1801,940,861,14,14,137,28,109,954,904,50,4,875,958
2021,Kellet,E05009604,995,848,566,282,2,2,35,18,17,110,75,35,0,284,110
2021,Lower Lune Valley,E05009605,1974,1576,1044,532,18,18,104,78,26,276,210,66,0,550,276
2021,Marsh,E05009606,2617,1634,739,895,52,52,410,210,200,520,479,41,1,947,521
2021,Overton (Lancaster),E05009607,1108,888,560,328,2,2,23,10,13,195,151,44,0,330,195
2021,Poulton,E05009608,2422,1084,640,444,26,26,263,21,242,1049,942,107,0,470,1049
2021,Scotforth East,E05009609,1845,1347,812,535,4,4,298,178,120,195,168,27,1,539,196
2021,Scotforth West,E05009610,2914,1844,1027,817,44,44,203,122,81,823,748,75,0,861,823
2021,Silverdale (Lancaster),E05009611,860,744,550,194,2,2,35,23,12,79,58,21,0,196,79
2021,Skerton East,E05009612,3114,1814,905,909,23,23,552,373,179,723,640,83,2,932,725
2021,Skerton West,E05009613,3022,1682,819,863,9,9,955,647,308,365,303,62,11,872,376
2021,Torrisholme,E05009614,2087,1805,1185,620,11,11,26,13,13,245,193,52,0,631,245
2021,University & Scotforth Rural,E05009615,240,197,125,72,3,3,6,3,3,34,23,11,0,75,34
2021,Upper Lune Valley,E05009616,1054,797,537,260,15,15,41,21,20,201,154,47,0,275,201
2021,Warton,E05009617,926,760,503,257,7,7,62,47,15,97,68,29,0,264,97
2021,Westgate (Lancaster),E05009618,3497,2109,1308,801,14,14,668,423,245,703,616,87,3,815,706
2021,Forest (Blaby),E05009619,3059,2607,1225,1382,24,24,77,6,71,351,304,47,0,1406,351
2021,Winstanley (Blaby),E05009620,2866,1941,783,1158,6,6,224,60,164,695,649,46,0,1164,695
2021,Coastal (Boston),E05009621,1565,1193,764,429,12,12,226,59,167,134,93,41,0,441,134
2021,Fenside,E05009622,1978,659,324,335,16,16,808,394,414,490,454,36,5,351,495
2021,Fishtoft,E05009623,3078,2125,1336,789,46,46,412,112,300,495,453,42,0,835,495
2021,Five Village,E05009624,1732,1210,713,497,15,15,367,115,252,140,113,27,0,512,140
2021,Kirton and Frampton,E05009625,3073,1983,1129,854,47,47,572,191,381,470,423,47,1,901,471
2021,Old Leake and Wrangle,E05009626,1525,1068,692,376,27,27,257,69,188,170,140,30,3,403,173
2021,St Thomas' (Boston),E05009627,998,678,341,337,11,11,80,17,63,229,206,23,0,348,229
2021,Skirbeck,E05009628,3431,1488,717,771,50,50,955,330,625,927,866,61,11,821,938
2021,Staniland,E05009629,1851,914,578,336,50,50,558,195,363,323,295,28,6,386,329
2021,Station,E05009630,1081,356,185,171,9,9,199,65,134,516,496,20,1,180,517
2021,Swineshead and Holland Fen,E05009631,1842,1311,741,570,20,20,278,82,196,233,192,41,0,590,233
2021,Trinity (Boston),E05009632,2271,1255,776,479,14,14,218,51,167,784,735,49,0,493,784
2021,West (Boston),E05009633,922,804,443,361,6,6,22,15,7,90,81,9,0,367,90
2021,Witham (Boston),E05009634,1996,986,590,396,6,6,308,108,200,695,653,42,1,402,696
2021,Wyberton,E05009635,2057,1274,638,636,45,45,468,168,300,269,226,43,1,681,270
2021,Bardney,E05009636,1199,855,474,381,25,25,176,27,149,143,111,32,0,406,143
2021,Caistor and Yarborough,E05009637,2549,1767,1080,687,14,14,295,63,232,472,397,75,1,701,473
2021,Cherry Willingham,E05009638,3471,2798,1581,1217,25,25,218,39,179,428,361,67,2,1242,430
2021,Dunholme and Welton,E05009639,3694,2924,1722,1202,66,66,253,52,201,450,358,92,1,1268,451
2021,Gainsborough East,E05009640,3140,1415,735,680,33,33,1253,485,768,433,384,49,6,713,439
2021,Gainsborough North,E05009641,3383,2038,1057,981,22,22,468,110,358,852,798,54,3,1003,855
2021,Gainsborough South-West,E05009642,2757,1170,668,502,13,13,315,52,263,1258,1186,72,1,515,1259
2021,Hemswell,E05009643,1152,733,439,294,6,6,60,15,45,353,299,54,0,300,353
2021,Kelsey Wold,E05009644,1144,933,587,346,3,3,76,14,62,130,92,38,2,349,132
2021,Lea,E05009645,964,824,535,289,5,5,37,3,34,98,80,18,0,294,98
2021,Market Rasen,E05009646,3957,2771,1781,990,32,32,401,84,317,749,652,97,4,1022,753
2021,Nettleham,E05009647,2051,1629,1025,604,24,24,148,21,127,249,205,44,1,628,250
2021,Saxilby,E05009648,2679,1997,1202,795,65,65,229,39,190,387,321,66,1,860,388
2021,Scampton,E05009649,1140,809,349,460,1,1,57,12,45,273,165,108,0,461,273
2021,Scotter and Blyton,E05009650,3258,2596,1542,1054,30,30,224,74,150,408,337,71,0,1084,408
2021,Stow (West Lindsey),E05009651,1059,836,470,366,2,2,95,26,69,126,99,27,0,368,126
2021,Sudbrooke,E05009652,1121,979,559,420,11,11,42,15,27,89,59,30,0,431,89
2021,Torksey,E05009653,1349,1125,785,340,3,3,86,23,63,135,86,49,0,343,135
2021,Waddingham and Spital,E05009654,1102,826,513,313,3,3,75,17,58,198,151,47,0,316,198
2021,Wold View,E05009655,1189,735,450,285,11,11,107,24,83,336,288,48,0,296,336
2021,Bestwood St Albans,E05009689,2358,1751,904,847,12,12,248,161,87,347,302,45,0,859,347
2021,Calverton,E05009690,3332,2471,1434,1037,18,18,335,109,226,506,417,89,2,1055,508
2021,Carlton (Gedling),E05009691,2597,1806,1014,792,15,15,258,133,125,516,469,47,2,807,518
2021,Carlton Hill,E05009692,4033,2677,1362,1315,17,17,511,196,315,826,721,105,2,1332,828
2021,Cavendish,E05009693,2303,1525,797,728,31,31,399,184,215,345,289,56,3,759,348
2021,Colwick,E05009694,1220,884,385,499,8,8,61,15,46,267,245,22,0,507,267
2021,Coppice,E05009695,2608,1807,1024,783,10,10,420,126,294,369,326,43,2,793,371
2021,Daybrook,E05009696,2741,1579,779,800,16,16,499,234,265,642,587,55,5,816,647
2021,Dumbles,E05009697,1251,1070,691,379,3,3,75,32,43,102,86,16,1,382,103
2021,Ernehale,E05009698,2749,1907,1102,805,18,18,330,184,146,493,437,56,1,823,494
2021,Gedling,E05009699,2721,2179,1095,1084,8,8,177,81,96,356,295,61,1,1092,357
2021,Netherfield (Gedling),E05009700,2717,1363,615,748,31,31,449,194,255,874,801,73,0,779,874
2021,Newstead Abbey,E05009701,3659,3127,1842,1285,16,16,180,53,127,334,257,77,2,1301,336
2021,Phoenix,E05009702,2364,1796,866,930,6,6,202,82,120,360,304,56,0,936,360
2021,Plains,E05009703,3654,3047,1751,1296,18,18,152,23,129,433,372,61,4,1314,437
2021,Porchester,E05009704,3462,2779,1467,1312,14,14,188,66,122,479,423,56,2,1326,481
2021,Redhill (Gedling),E05009705,2804,2057,1089,968,22,22,367,144,223,354,293,61,4,990,358
2021,Trent Valley,E05009706,2492,2075,1203,872,5,5,119,60,59,292,241,51,1,877,293
2021,Woodthorpe,E05009707,2493,2167,1230,937,4,4,25,5,20,297,272,25,0,941,297
2021,Abbey (Rushcliffe),E05009708,2161,1720,910,810,8,8,124,17,107,309,279,30,0,818,309
2021,Bingham East,E05009709,2264,1730,1001,729,15,15,233,48,185,283,243,40,3,744,286
2021,Bingham West,E05009710,2146,1505,692,813,26,26,254,46,208,361,317,44,0,839,361
2021,Bunny,E05009711,1010,890,518,372,4,4,21,5,16,94,76,18,1,376,95
2021,Compton Acres,E05009712,2234,1849,1008,841,21,21,23,5,18,341,309,32,0,862,341
2021,Cotgrave,E05009713,3425,2458,1158,1300,73,73,541,153,388,353,299,54,0,1373,353
2021,Cranmer,E05009714,1085,866,512,354,11,11,73,11,62,135,102,33,0,365,135
2021,Cropwell,E05009715,1107,837,484,353,15,15,153,24,129,102,86,16,0,368,102
2021,East Bridgford,E05009716,1230,987,542,445,11,11,83,12,71,148,124,24,1,456,149
2021,Edwalton,E05009717,2391,1627,754,873,88,88,443,79,364,230,199,31,3,961,233
2021,Gamston North,E05009718,1214,836,474,362,14,14,28,6,22,336,311,25,0,376,336
2021,Gamston South,E05009719,1015,783,397,386,24,24,71,9,62,137,126,11,0,410,137
2021,Gotham,E05009720,1104,876,519,357,0,0,75,22,53,153,129,24,0,357,153
2021,Keyworth & Wolds,E05009721,3641,2991,1927,1064,31,31,251,73,178,368,310,58,0,1095,368
2021,Lady Bay,E05009722,2016,1531,696,835,7,7,52,7,45,425,397,28,1,842,426
2021,Leake,E05009723,3832,3039,1545,1494,61,61,386,75,311,346,303,43,0,1555,346
2021,Lutterell,E05009724,2516,1661,876,785,21,21,287,53,234,547,504,43,0,806,547
2021,Musters,E05009725,1839,1447,794,653,8,8,71,12,59,313,293,20,0,661,313
2021,Nevile & Langar,E05009726,1245,1074,668,406,7,7,20,5,15,144,113,31,0,413,144
2021,Radcliffe on Trent,E05009727,3670,2995,1855,1140,30,30,284,69,215,359,286,73,2,1170,361
2021,Ruddington,E05009728,3326,2455,1199,1256,29,29,385,108,277,454,397,57,3,1285,457
2021,Sutton Bonington,E05009729,668,513,309,204,1,1,42,8,34,112,87,25,0,205,112
2021,Thoroton,E05009730,1034,840,466,374,9,9,52,6,46,133,107,26,0,383,133
2021,Tollerton,E05009731,1049,962,606,356,6,6,14,1,13,67,53,14,0,362,67
2021,Trent Bridge,E05009732,2669,1290,598,692,9,9,306,33,273,1063,1002,61,1,701,1064
2021,Benson & Crowmarsh,E05009733,3354,2212,1274,938,34,34,293,44,249,815,376,439,0,972,815
2021,Berinsfield,E05009734,1687,1095,620,475,9,9,427,101,326,156,136,20,0,484,156
2021,Chalgrove,E05009735,1339,1084,602,482,8,8,118,18,100,129,101,28,0,490,129
2021,Chinnor,E05009736,3793,2968,1514,1454,94,94,390,47,343,341,270,71,0,1548,341
2021,Didcot West,E05009740,3311,1996,792,1204,177,177,526,88,438,611,449,162,1,1381,612
2021,Garsington & Horspath,E05009742,1544,1229,817,412,12,12,122,16,106,181,133,48,0,424,181
2021,Goring (South Oxfordshire),E05009743,1700,1294,805,489,20,20,140,13,127,245,203,42,1,509,246
2021,Thame,E05009749,5596,3943,2122,1821,96,96,699,76,623,858,736,122,0,1917,858
2021,Watlington (South Oxfordshire),E05009751,1731,1219,718,501,13,13,162,22,140,336,273,63,1,514,337
2021,Abingdon Abbey Northcourt,E05009754,2973,1562,840,722,26,26,572,73,499,813,747,66,0,748,813
2021,Abingdon Caldecott,E05009755,3320,1813,1024,789,68,68,935,168,767,497,429,68,7,857,504
2021,Abingdon Fitzharris,E05009757,2811,1874,988,886,15,15,441,44,397,477,411,66,4,901,481
2021,Ridgeway (Vale of White Horse),E05009769,1343,982,581,401,10,10,181,21,160,170,121,49,0,411,170
2021,Stanford,E05009770,1596,1141,608,533,32,32,200,34,166,222,159,63,1,565,223
2021,Steventon & the Hanneys,E05009771,1740,1255,664,591,46,46,272,36,236,167,135,32,0,637,167
2021,Aldwick East,E05009800,2454,2131,1620,511,2,2,26,10,16,295,255,40,0,513,295
2021,Aldwick West,E05009801,2853,2277,1524,753,10,10,283,56,227,281,249,32,2,763,283
2021,Angmering & Findon,E05009802,4601,3625,2070,1555,70,70,363,191,172,543,452,91,0,1625,543
2021,Arundel & Walberton,E05009803,3658,2721,1732,989,8,8,275,166,109,652,523,129,2,997,654
2021,Barnham,E05009804,3809,2967,1594,1373,52,52,303,179,124,480,424,56,7,1425,487
2021,Beach,E05009805,2185,1592,1111,481,9,9,115,32,83,468,422,46,1,490,469
2021,Bersted,E05009806,4258,2931,1497,1434,111,111,520,235,285,693,616,77,3,1545,696
2021,Brookfield (Arun),E05009807,2627,1832,927,905,35,35,267,129,138,488,437,51,5,940,493
2021,Courtwick with Toddington,E05009808,4644,2758,1228,1530,197,197,960,480,480,726,657,69,3,1727,729
2021,East Preston,E05009809,3676,2990,2110,880,22,22,330,149,181,330,274,56,4,902,334
2021,Felpham East,E05009810,2535,2109,1318,791,12,12,133,51,82,281,241,40,0,803,281
2021,Felpham West,E05009811,2686,2107,1336,771,23,23,155,18,137,401,358,43,0,794,401
2021,Ferring,E05009812,2369,2049,1517,532,11,11,53,30,23,255,216,39,1,543,256
2021,Hotham,E05009813,2767,1346,859,487,37,37,362,106,256,1018,951,67,4,524,1022
2021,Marine (Arun),E05009814,3363,1433,857,576,28,28,223,128,95,1675,1578,97,4,604,1679
2021,Middleton-on-Sea,E05009815,2430,1950,1382,568,9,9,130,92,38,338,291,47,3,577,341
2021,Orchard,E05009816,2761,1621,837,784,9,9,375,210,165,754,688,66,2,793,756
2021,Pagham,E05009817,2968,2583,1829,754,6,6,66,36,30,313,267,46,0,760,313
2021,Pevensey,E05009818,2201,1178,576,602,33,33,585,346,239,399,354,45,6,635,405
2021,River (Arun),E05009819,4439,2321,1412,909,41,41,476,171,305,1596,1477,119,5,950,1601
2021,Rustington East,E05009820,2704,2010,1498,512,27,27,312,179,133,352,310,42,3,539,355
2021,Rustington West,E05009821,3956,3190,2177,1013,25,25,131,79,52,610,528,82,0,1038,610
2021,Yapton,E05009822,2721,2048,1171,877,58,58,333,137,196,279,233,46,3,935,282
2021,Alvechurch South,E05009823,1227,1051,626,425,8,8,58,15,43,110,80,30,0,433,110
2021,Alvechurch Village,E05009824,1279,958,532,426,12,12,179,57,122,128,116,12,2,438,130
2021,Aston Fields,E05009825,1535,1137,517,620,24,24,84,25,59,290,265,25,0,644,290
2021,Avoncroft,E05009826,1473,1133,587,546,19,19,159,51,108,161,137,24,1,565,162
2021,Barnt Green & Hopwood,E05009827,1235,1024,630,394,13,13,54,17,37,144,111,33,0,407,144
2021,Belbroughton & Romsley,E05009828,2762,2281,1386,895,13,13,189,68,121,279,208,71,0,908,279
2021,Bromsgrove Central,E05009829,1502,1108,740,368,6,6,166,35,131,220,183,37,2,374,222
2021,Catshill North,E05009830,1206,774,394,380,21,21,263,87,176,146,120,26,2,401,148
2021,Catshill South,E05009831,1380,965,524,441,24,24,232,61,171,158,130,28,1,465,159
2021,Charford,E05009832,1500,674,342,332,10,10,657,264,393,156,140,16,3,342,159
2021,Cofton,E05009833,1270,1108,461,647,35,35,55,11,44,72,61,11,0,682,72
2021,Drakes Cross,E05009834,1258,872,532,340,3,3,266,82,184,115,93,22,2,343,117
2021,Hagley East,E05009835,1376,1134,594,540,37,37,46,6,40,159,135,24,0,577,159
2021,Hagley West,E05009836,1496,1306,708,598,1,1,51,14,37,138,129,9,0,599,138
2021,Hill Top,E05009837,800,701,347,354,2,2,21,6,15,73,60,13,3,356,76
2021,Hollywood,E05009838,1329,1165,718,447,5,5,76,30,46,83,67,16,0,452,83
2021,Lickey Hills,E05009839,1161,1069,609,460,3,3,13,7,6,76,55,21,0,463,76
2021,Lowes Hill,E05009840,1330,925,442,483,3,3,203,87,116,198,175,23,1,486,199
2021,Marlbrook,E05009841,1188,1097,617,480,2,2,9,3,6,80,63,17,0,482,80
2021,Norton (Bromsgrove),E05009842,1502,1180,547,633,38,38,178,54,124,106,84,22,0,671,106
2021,Perryfields,E05009843,698,551,335,216,23,23,70,19,51,54,45,9,0,239,54
2021,Rock Hill,E05009844,1444,995,509,486,6,6,294,125,169,149,137,12,0,492,149
2021,Rubery North,E05009845,1292,1110,622,488,14,14,48,12,36,120,111,9,0,502,120
2021,Rubery South,E05009846,1401,1125,639,486,7,7,124,37,87,143,126,17,2,493,145
2021,Sanders Park,E05009847,1586,1014,586,428,9,9,255,68,187,307,278,29,1,437,308
2021,Sidemoor,E05009848,1955,1203,671,532,55,55,488,182,306,209,184,25,0,587,209
2021,Slideslow,E05009849,1258,1087,452,635,9,9,21,2,19,140,131,9,1,644,141
2021,Tardebigge,E05009850,1281,1003,527,476,20,20,58,3,55,200,165,35,0,496,200
2021,Wythall East,E05009851,1257,1114,620,494,9,9,44,14,30,90,80,10,0,503,90
2021,Wythall West,E05009852,1286,1126,669,457,30,30,59,11,48,71,50,21,0,487,71
2021,Acklam,E05009853,2434,2010,1057,953,0,0,36,18,18,387,328,59,1,953,388
2021,Ayresome,E05009854,2461,1527,675,852,21,21,561,330,231,349,295,54,3,873,352
2021,Berwick Hills & Pallister,E05009855,3673,1407,701,706,20,20,1566,1057,509,667,602,65,13,726,680
2021,Brambles & Thorntree,E05009856,3784,1338,571,767,12,12,1867,1229,638,555,500,55,12,779,567
2021,Central (Middlesbrough),E05009857,4290,1090,590,500,11,11,1299,310,989,1880,1742,138,10,511,1890
2021,Coulby Newham,E05009858,3788,2218,1092,1126,45,45,1158,380,778,360,312,48,7,1171,367
2021,Hemlington,E05009859,2947,1198,613,585,5,5,1410,538,872,330,271,59,4,590,334
2021,Kader,E05009860,2207,1876,1240,636,2,2,62,17,45,266,220,46,1,638,267
2021,Ladgate,E05009861,2400,1519,836,683,10,10,416,253,163,452,400,52,3,693,455
2021,Linthorpe,E05009862,2552,1824,940,884,40,40,90,22,68,596,524,72,2,924,598
2021,Longlands & Beechwood,E05009863,4680,1856,866,990,29,29,2021,917,1104,763,607,156,11,1019,774
2021,Marton East,E05009864,2619,2054,1025,1029,24,24,125,19,106,416,368,48,0,1053,416
2021,Marton West,E05009865,2306,1983,1115,868,25,25,97,20,77,201,172,29,0,893,201
2021,Newport (Middlesbrough),E05009866,4563,1220,737,483,14,14,1055,467,588,2257,2117,140,17,497,2274
2021,North Ormesby,E05009867,1552,458,283,175,8,8,319,116,203,757,689,68,10,183,767
2021,Nunthorpe,E05009868,2107,1937,1087,850,5,5,40,12,28,122,96,26,3,855,125
2021,Park (Middlesbrough),E05009869,3819,2325,1177,1148,20,20,271,99,172,1197,1079,118,6,1168,1203
2021,Park End & Beckfield,E05009870,3800,1635,934,701,8,8,1458,931,527,688,615,73,11,709,699
2021,Stainton & Thornton,E05009871,1586,1363,540,823,11,11,81,19,62,131,106,25,0,834,131
2021,Trimdon,E05009872,2691,2299,1145,1154,17,17,75,19,56,298,241,57,2,1171,300
2021,Alford,E05009873,2196,1392,939,453,25,25,314,76,238,465,410,55,0,478,465
2021,Binbrook,E05009874,1133,783,552,231,5,5,79,13,66,266,223,43,0,236,266
2021,Burgh le Marsh,E05009875,1221,896,634,262,11,11,90,21,69,224,190,34,0,273,224
2021,Chapel St Leonards,E05009876,2349,1671,1341,330,24,24,123,22,101,530,434,96,1,354,531
2021,Coningsby & Mareham,E05009877,3812,2510,1505,1005,41,41,356,74,282,903,613,290,2,1046,905
2021,Croft (East Lindsey),E05009878,1016,843,592,251,5,5,49,17,32,119,78,41,0,256,119
2021,Friskney,E05009879,977,686,471,215,8,8,156,33,123,127,97,30,0,223,127
2021,Fulstow,E05009880,1228,955,623,332,26,26,80,14,66,167,117,50,0,358,167
2021,Grimoldby,E05009881,1019,835,525,310,5,5,63,10,53,116,92,24,0,315,116
2021,Hagworthingham,E05009882,1045,778,525,253,1,1,49,14,35,217,175,42,0,254,217
2021,Halton Holegate,E05009883,1119,927,666,261,3,3,73,17,56,116,71,45,0,264,116
2021,Holton-le-Clay & North Thoresby,E05009884,2292,1889,1157,732,23,23,108,17,91,272,228,44,0,755,272
2021,Horncastle,E05009885,3629,2366,1507,859,48,48,486,99,387,728,627,101,1,907,729
2021,Ingoldmells,E05009886,1060,666,576,90,11,11,170,43,127,213,162,51,0,101,213
2021,Legbourne,E05009887,962,695,492,203,4,4,55,8,47,207,155,52,1,207,208
2021,Mablethorpe,E05009888,3982,2557,2045,512,45,45,574,107,467,804,697,107,2,557,806
2021,Marshchapel & Somercotes,E05009889,1993,1608,1120,488,5,5,134,23,111,246,182,64,0,493,246
2021,North Holme,E05009890,1123,638,376,262,19,19,320,73,247,142,126,16,4,281,146
2021,Priory & St James',E05009891,2491,1317,814,503,27,27,260,54,206,887,817,70,0,530,887
2021,Roughton (East Lindsey),E05009892,1034,865,628,237,3,3,25,6,19,141,105,36,0,240,141
2021,St Clement's (East Lindsey),E05009893,2564,1444,964,480,26,26,556,149,407,537,492,45,1,506,538
2021,St Margaret's (East Lindsey),E05009894,1253,837,473,364,33,33,211,59,152,172,154,18,0,397,172
2021,St Mary's (East Lindsey),E05009895,1128,870,596,274,1,1,56,11,45,201,166,35,0,275,201
2021,St Michael's (East Lindsey),E05009896,989,652,414,238,3,3,171,32,139,163,141,22,0,241,163
2021,Scarbrough & Seacroft,E05009897,4506,2120,1401,719,74,74,785,155,630,1526,1407,119,1,793,1527
2021,Sibsey & Stickney,E05009898,2243,1784,1188,596,14,14,127,22,105,318,219,99,0,610,318
2021,Spilsby,E05009899,1461,786,493,293,23,23,276,52,224,376,323,53,0,316,376
2021,Sutton on Sea,E05009900,2242,1755,1472,283,16,16,153,24,129,317,262,55,1,299,318
2021,Tetford & Donington,E05009901,1120,908,642,266,2,2,46,8,38,164,115,49,0,268,164
2021,Tetney,E05009902,1031,842,492,350,5,5,42,3,39,142,115,27,0,355,142
2021,Trinity (East Lindsey),E05009903,1102,509,252,257,36,36,371,86,285,183,159,24,3,293,186
2021,Wainfleet,E05009904,1191,680,502,178,4,4,239,52,187,268,215,53,0,182,268
2021,Willoughby with Sloothby,E05009905,1111,858,649,209,5,5,79,12,67,169,128,41,0,214,169
2021,Winthorpe,E05009906,2739,1352,904,448,48,48,311,45,266,1027,959,68,1,496,1028
2021,Withern & Theddlethorpe,E05009907,1130,931,699,232,4,4,43,4,39,152,108,44,0,236,152
2021,Woodhall Spa,E05009908,2101,1611,1151,460,46,46,150,13,137,294,235,59,0,506,294
2021,Wragby,E05009909,1159,829,524,305,6,6,114,27,87,209,174,35,1,311,210
2021,Ashdon,E05009910,861,626,356,270,27,27,104,58,46,104,87,17,0,297,104
2021,Broad Oak & the Hallingburys,E05009911,1590,1205,617,588,9,9,131,103,28,244,199,45,1,597,245
2021,Clavering,E05009912,949,753,430,323,10,10,77,49,28,107,88,19,2,333,109
2021,Debden & Wimbish,E05009913,843,513,269,244,6,6,89,49,40,235,96,139,0,250,235
2021,Elsenham & Henham,E05009914,1972,1497,684,813,76,76,225,72,153,174,141,33,0,889,174
2021,Felsted & Stebbing,E05009915,1769,1338,754,584,11,11,206,157,49,211,167,44,3,595,214
2021,Flitch Green & Little Dunmow,E05009916,1009,755,205,550,34,34,96,25,71,124,110,14,0,584,124
2021,Great Dunmow North,E05009917,2031,1411,680,731,46,46,347,186,161,223,191,32,4,777,227
2021,Great Dunmow South & Barnston,E05009918,2913,1939,1018,921,38,38,375,195,180,556,500,56,5,959,561
2021,Hatfield Heath,E05009919,905,658,354,304,9,9,139,115,24,97,78,19,2,313,99
2021,High Easter & the Rodings,E05009920,1001,705,375,330,21,21,119,92,27,156,132,24,0,351,156
2021,"Littlebury, Chesterford & Wenden Lofts",E05009921,1828,1347,720,627,23,23,193,135,58,264,219,45,1,650,265
2021,Newport (Uttlesford),E05009922,1703,1191,614,577,42,42,283,171,112,186,150,36,1,619,187
2021,Saffron Walden Audley,E05009923,1971,1202,739,463,4,4,338,154,184,427,370,57,0,467,427
2021,Saffron Walden Castle,E05009924,2043,1300,695,605,29,29,406,212,194,306,276,30,2,634,308
2021,Saffron Walden Shire,E05009925,3218,2212,1186,1026,78,78,406,202,204,518,461,57,4,1104,522
2021,Stansted North,E05009926,1953,1477,745,732,23,23,134,88,46,319,285,34,0,755,319
2021,Stansted South & Birchanger,E05009927,1885,1209,450,759,35,35,380,185,195,261,237,24,0,794,261
2021,Stort Valley,E05009928,807,605,300,305,0,0,80,64,16,121,109,12,1,305,122
2021,Takeley,E05009929,2708,1933,784,1149,83,83,318,124,194,374,330,44,0,1232,374
2021,Thaxted & the Eastons,E05009930,2127,1533,846,687,46,46,272,180,92,276,230,46,0,733,276
2021,The Sampfords,E05009931,881,683,361,322,11,11,96,68,28,91,61,30,0,333,91
2021,Bourne,E05009932,2948,2038,957,1081,30,30,202,24,178,678,599,79,0,1111,678
2021,Breck,E05009933,2083,1454,792,662,35,35,155,17,138,438,375,63,1,697,439
2021,Brock with Catterall,E05009934,1950,1442,791,651,69,69,146,9,137,293,249,44,0,720,293
2021,Calder (Wyre),E05009935,996,807,468,339,7,7,59,5,54,123,98,25,0,346,123
2021,Carleton,E05009936,2001,1728,1019,709,0,0,48,9,39,225,194,31,0,709,225
2021,Cleveleys Park,E05009937,2213,1692,1124,568,11,11,158,21,137,351,293,58,1,579,352
2021,Garstang,E05009938,3235,2563,1887,676,38,38,206,19,187,427,358,69,1,714,428
2021,Great Eccleston,E05009939,1862,1510,902,608,25,25,104,8,96,222,172,50,1,633,223
2021,Hambleton & Stalmine,E05009940,2099,1734,1119,615,33,33,83,8,75,247,203,44,2,648,249
2021,Hardhorn with High Cross,E05009941,2826,2379,1460,919,3,3,124,12,112,320,271,49,0,922,320
2021,Jubilee (Wyre),E05009942,2288,1424,952,472,4,4,65,8,57,795,719,76,0,476,795
2021,Marsh Mill,E05009943,3003,2358,1491,867,16,16,108,15,93,521,456,65,0,883,521
2021,Mount,E05009944,2349,1486,798,688,15,15,262,36,226,585,527,58,1,703,586
2021,Park (Wyre),E05009945,2081,1112,631,481,5,5,614,118,496,349,311,38,1,486,350
2021,Pharos,E05009946,2608,1124,628,496,7,7,268,24,244,1209,1139,70,0,503,1209
2021,Pheasant's Wood,E05009947,770,676,344,332,9,9,7,1,6,78,69,9,0,341,78
2021,Pilling,E05009948,1076,862,588,274,16,16,86,7,79,112,78,34,0,290,112
2021,Preesall,E05009949,2724,2115,1431,684,10,10,133,9,124,466,408,58,0,694,466
2021,Rossall,E05009950,2590,1652,1126,526,15,15,608,126,482,315,265,50,0,541,315
2021,Stanah,E05009951,2022,1747,1051,696,13,13,39,5,34,223,184,39,0,709,223
2021,Tithebarn,E05009952,2073,1591,982,609,8,8,71,8,63,400,346,54,3,617,403
2021,Victoria & Norcross,E05009953,2015,1581,900,681,9,9,25,1,24,400,349,51,0,690,400
2021,Warren,E05009954,1991,1440,807,633,9,9,254,45,209,287,252,35,1,642,288
2021,Wyresdale,E05009955,961,726,453,273,16,16,48,10,38,171,143,28,0,289,171
2021,Ash and New Ash Green,E05009956,2463,1853,998,855,33,33,187,28,159,390,340,50,0,888,390
2021,Eynsford,E05009958,804,640,394,246,6,6,72,6,66,86,68,18,0,252,86
2021,Hartley and Hodsoll Street,E05009959,2427,1985,1260,725,24,24,223,36,187,195,159,36,0,749,195
2021,Hextable,E05009960,1686,1425,830,595,6,6,105,18,87,147,126,21,3,601,150
2021,Leigh and Chiddingstone Causeway,E05009961,960,645,332,313,19,19,133,19,114,163,137,26,0,332,163
2021,Otford and Shoreham,E05009962,1874,1491,864,627,15,15,200,22,178,168,132,36,0,642,168
2021,"Penshurst, Fordcombe and Chiddingstone",E05009963,997,753,449,304,5,5,101,4,97,137,103,34,1,309,138
2021,Swanley Christchurch and Swanley Village,E05009964,2520,2011,976,1035,29,29,211,47,164,269,234,35,0,1064,269
2021,Westerham and Crockham Hill,E05009965,1936,1306,685,621,31,31,285,35,250,312,274,38,2,652,314
2021,Admaston & Bratton,E05009966,1151,976,521,455,1,1,23,3,20,151,137,14,0,456,151
2021,Apley Castle,E05009967,1269,1056,569,487,13,13,61,15,46,139,123,16,0,500,139
2021,Arleston,E05009968,1315,704,289,415,7,7,319,137,182,284,261,23,1,422,285
2021,Brookside,E05009969,2517,1209,658,551,5,5,446,152,294,855,814,41,2,556,857
2021,Church Aston & Lilleshall,E05009970,1313,1024,574,450,9,9,98,25,73,182,146,36,0,459,182
2021,College (Telford and Wrekin),E05009971,1556,770,479,291,2,2,283,99,184,500,452,48,1,293,501
2021,Dawley & Aqueduct,E05009972,4260,2369,1252,1117,37,37,930,338,592,917,830,87,7,1154,924
2021,Donnington (Telford and Wrekin),E05009973,2728,1294,655,639,4,4,833,403,430,594,541,53,3,643,597
2021,Dothill,E05009974,1311,860,504,356,10,10,243,89,154,197,178,19,1,366,198
2021,Edgmond & Ercall Magna,E05009975,2589,1956,1179,777,9,9,245,70,175,378,292,86,1,786,379
2021,Ercall,E05009976,1616,1193,702,491,11,11,210,73,137,201,176,25,1,502,202
2021,Hadley & Leegomery,E05009977,4390,2360,1031,1329,17,17,1024,406,618,983,886,97,6,1346,989
2021,Haygate,E05009978,1763,663,315,348,9,9,572,180,392,512,483,29,7,357,519
2021,Horsehay & Lightmoor,E05009979,3266,2267,614,1653,89,89,511,79,432,398,369,29,1,1742,399
2021,Ironbridge Gorge,E05009980,1461,1081,580,501,9,9,155,54,101,215,178,37,1,510,216
2021,Ketley & Overdale,E05009981,4903,3071,1036,2035,90,90,853,285,568,886,818,68,3,2125,889
2021,Madeley & Sutton Hill,E05009982,4720,2402,1435,967,21,21,1078,425,653,1209,1118,91,10,988,1219
2021,Malinslee & Dawley Bank,E05009983,2865,1131,513,618,16,16,1012,479,533,697,653,44,9,634,706
2021,Muxton,E05009984,2849,2027,988,1039,15,15,319,113,206,487,395,92,1,1054,488
2021,Newport North & West,E05009985,3121,1958,1093,865,36,36,414,96,318,710,643,67,3,901,713
2021,Newport South & East,E05009986,2538,1757,1049,708,12,12,296,97,199,471,425,46,2,720,473
2021,Oakengates & Ketley Bank,E05009987,4280,2459,1084,1375,40,40,904,320,584,871,812,59,6,1415,877
2021,Park (Telford and Wrekin),E05009988,1092,842,518,324,4,4,92,39,53,154,128,26,0,328,154
2021,Priorslee,E05009989,2722,2073,960,1113,24,24,253,60,193,372,287,85,0,1137,372
2021,St Georges (Telford and Wrekin),E05009990,2854,1591,837,754,42,42,619,213,406,599,543,56,3,796,602
2021,Shawbirch,E05009991,1194,931,452,479,4,4,74,25,49,185,159,26,0,483,185
2021,The Nedge,E05009992,3998,2098,1082,1016,8,8,715,240,475,1171,1094,77,6,1024,1177
2021,Woodside (Telford and Wrekin),E05009993,2772,968,500,468,8,8,681,247,434,1112,1065,47,3,476,1115
2021,Wrockwardine,E05009994,1406,1025,568,457,30,30,127,35,92,220,192,28,4,487,224
2021,Wrockwardine Wood & Trench,E05009995,2695,1746,1048,698,6,6,391,165,226,550,496,54,2,704,552
2021,Broadmead,E05010015,1781,1287,761,526,10,10,95,19,76,389,344,45,0,536,389
2021,Cheriton,E05010016,5304,3333,1612,1721,68,68,676,438,238,1219,948,271,8,1789,1227
2021,East Folkestone,E05010017,4786,2598,1271,1327,10,10,887,532,355,1286,1164,122,5,1337,1291
2021,Folkestone Central,E05010018,5632,2111,1272,839,41,41,550,209,341,2924,2784,140,6,880,2930
2021,Folkestone Harbour,E05010019,3016,1411,738,673,9,9,618,446,172,976,912,64,2,682,978
2021,Hythe,E05010020,5365,3862,2635,1227,53,53,492,319,173,952,811,141,6,1280,958
2021,Hythe Rural,E05010021,2745,2151,1333,818,12,12,279,244,35,301,238,63,2,830,303
2021,New Romney,E05010022,3176,2400,1624,776,50,50,285,145,140,440,378,62,1,826,441
2021,North Downs East,E05010023,4629,3535,1868,1667,45,45,382,150,232,664,551,113,3,1712,667
2021,North Downs West,E05010024,2708,2233,1358,875,19,19,164,121,43,290,211,79,2,894,292
2021,Romney Marsh,E05010025,3256,2655,1875,780,15,15,242,193,49,341,263,78,3,795,344
2021,Sandgate & West Folkestone,E05010026,2590,1789,1085,704,20,20,233,73,160,548,498,50,0,724,548
2021,Walland & Denge Marsh,E05010027,3345,2440,1533,907,14,14,350,262,88,535,450,85,6,921,541
2021,Balderton South,E05010064,2454,1823,916,907,23,23,304,253,51,298,272,26,6,930,304
2021,Bilsthorpe,E05010066,1530,1035,561,474,2,2,328,213,115,164,135,29,1,476,165
2021,Boughton,E05010067,1521,996,654,342,6,6,335,240,95,182,154,28,2,348,184
2021,Bridge (Newark and Sherwood),E05010068,3263,1668,858,810,43,43,658,435,223,886,831,55,8,853,894
2021,Collingham,E05010070,2560,2064,1350,714,24,24,208,169,39,261,198,63,3,738,264
2021,Devon,E05010071,4187,2358,1379,979,22,22,1229,1086,143,571,506,65,7,1001,578
2021,Dover Beck,E05010072,1285,1070,667,403,4,4,65,49,16,146,113,33,0,407,146
2021,Edwinstowe & Clipstone,E05010073,4893,3435,1603,1832,42,42,696,474,222,714,626,88,6,1874,720
2021,Farnsfield,E05010075,1377,1109,646,463,17,17,148,118,30,100,69,31,3,480,103
2021,Lowdham,E05010076,1167,984,611,373,5,5,88,79,9,88,67,21,2,378,90
2021,Muskham,E05010077,1259,1057,685,372,12,12,76,52,24,114,78,36,0,384,114
2021,Ollerton,E05010078,4106,2591,1336,1255,16,16,691,444,247,803,693,110,5,1271,808
2021,Rainworth North & Rufford,E05010079,2820,2084,1160,924,32,32,239,106,133,465,385,80,0,956,465
2021,Rainworth South & Blidworth,E05010080,2687,1767,855,912,9,9,546,336,210,360,298,62,5,921,365
2021,Southwell,E05010081,3754,2841,1850,991,32,32,344,248,96,534,436,98,3,1023,537
2021,Sutton-on-Trent,E05010082,1382,1014,587,427,8,8,121,91,30,238,203,35,1,435,239
2021,Trent,E05010083,1213,1061,660,401,5,5,42,32,10,105,77,28,0,406,105
2021,Appleby,E05010090,1021,829,463,366,2,2,101,79,22,89,69,20,0,368,89
2021,Ashby Castle,E05010091,1309,1115,586,529,19,19,93,24,69,82,70,12,0,548,82
2021,Ashby Holywell,E05010092,1371,998,482,516,11,11,211,42,169,151,141,10,0,527,151
2021,Ashby Ivanhoe,E05010093,1409,1029,545,484,23,23,229,170,59,125,111,14,3,507,128
2021,Ashby Money Hill,E05010094,1496,881,429,452,41,41,191,103,88,382,345,37,1,493,383
2021,Ashby Willesley,E05010095,948,578,326,252,23,23,200,192,8,145,133,12,2,275,147
2021,Ashby Woulds,E05010096,1147,859,415,444,15,15,118,59,59,155,125,30,0,459,155
2021,Bardon,E05010097,1160,866,260,606,20,20,82,15,67,191,182,9,1,626,192
2021,Blackfordby,E05010098,1371,1011,530,481,4,4,273,234,39,78,65,13,5,485,83
2021,Broom Leys,E05010099,1026,788,513,275,4,4,181,167,14,50,42,8,3,279,53
2021,Castle Donington Castle,E05010100,1179,726,403,323,2,2,187,158,29,263,247,16,1,325,264
2021,Castle Donington Central,E05010101,992,834,447,387,8,8,14,9,5,136,121,15,0,395,136
2021,Castle Donington Park,E05010102,1034,737,297,440,31,31,169,112,57,96,87,9,1,471,97
2021,Castle Rock,E05010103,1123,708,458,250,1,1,327,49,278,87,69,18,0,251,87
2021,Coalville East,E05010104,1051,846,384,462,14,14,77,30,47,114,106,8,0,476,114
2021,Coalville West,E05010105,1301,713,363,350,17,17,238,144,94,330,301,29,3,367,333
2021,Daleacre Hill,E05010106,1144,702,401,301,11,11,112,66,46,318,289,29,1,312,319
2021,Ellistown & Battleflat,E05010107,1137,882,433,449,7,7,99,57,42,148,135,13,1,456,149
2021,Greenhill (North West Leicestershire),E05010108,1349,751,399,352,2,2,521,487,34,72,67,5,3,354,75
2021,Hermitage (North West Leicestershire),E05010109,1212,807,383,424,9,9,150,109,41,246,230,16,0,433,246
2021,Holly Hayes,E05010110,1140,918,536,382,2,2,144,143,1,75,66,9,1,384,76
2021,Hugglescote St John's,E05010111,1177,881,357,524,25,25,139,77,62,131,114,17,1,549,132
2021,Hugglescote St Mary's,E05010112,1271,1036,461,575,1,1,43,33,10,191,163,28,0,576,191
2021,Ibstock East,E05010113,1132,764,400,364,1,1,184,137,47,178,154,24,5,365,183
2021,Ibstock West,E05010114,1294,957,463,494,25,25,195,139,56,114,93,21,3,519,117
2021,Kegworth,E05010115,1074,718,416,302,4,4,112,89,23,238,223,15,2,306,240
2021,Long Whatton & Diseworth,E05010116,1139,877,520,357,9,9,95,71,24,156,136,20,2,366,158
2021,Measham North,E05010117,1261,821,382,439,4,4,113,60,53,323,292,31,0,443,323
2021,Measham South,E05010118,1095,752,431,321,7,7,238,232,6,97,80,17,1,328,98
2021,Oakthorpe & Donisthorpe,E05010119,1170,896,432,464,0,0,157,136,21,117,92,25,0,464,117
2021,Ravenstone & Packington,E05010120,1341,1067,602,465,20,20,123,67,56,131,110,21,0,485,131
2021,Sence Valley,E05010121,1254,983,415,568,22,22,137,71,66,112,96,16,0,590,112
2021,Snibston North,E05010122,1482,868,361,507,31,31,263,100,163,319,287,32,1,538,320
2021,Snibston South,E05010123,776,481,237,244,21,21,82,15,67,192,174,18,0,265,192
2021,Thornborough,E05010124,929,775,465,310,6,6,55,48,7,92,74,18,1,316,93
2021,Thringstone,E05010125,1242,888,514,374,20,20,244,179,65,90,75,15,0,394,90
2021,Valley (North West Leicestershire),E05010126,1239,1028,597,431,10,10,89,73,16,112,89,23,0,441,112
2021,Worthington & Breedon,E05010127,1179,924,495,429,5,5,102,85,17,146,129,17,2,434,148
2021,Allington & Strete,E05010128,1341,986,696,290,21,21,124,17,107,210,157,53,0,311,210
2021,Bickleigh & Cornwood,E05010129,1209,892,526,366,17,17,91,15,76,208,175,33,1,383,209
2021,Blackawton & Stoke Fleming,E05010130,1133,814,558,256,26,26,110,13,97,182,143,39,1,282,183
2021,Charterlands,E05010131,1412,1016,684,332,33,33,161,29,132,202,160,42,0,365,202
2021,Dartington & Staverton,E05010132,1254,902,638,264,15,15,148,12,136,186,153,33,3,279,189
2021,Dartmouth & East Dart,E05010133,3731,2491,1748,743,35,35,604,123,481,601,468,133,0,778,601
2021,Ermington & Ugborough,E05010134,1169,883,503,380,4,4,89,8,81,193,156,37,0,384,193
2021,Ivybridge East,E05010135,2482,1870,945,925,50,50,211,19,192,351,311,40,0,975,351
2021,Ivybridge West,E05010136,2722,2022,1074,948,37,37,252,37,215,411,364,47,0,985,411
2021,Kingsbridge,E05010137,2666,1627,1076,551,26,26,496,110,386,514,450,64,3,577,517
2021,Loddiswell & Aveton Gifford,E05010138,1244,895,559,336,16,16,121,30,91,211,168,43,1,352,212
2021,Marldon & Littlehempston,E05010139,1264,1012,654,358,10,10,63,6,57,179,151,28,0,368,179
2021,Newton & Yealmpton,E05010140,2737,1928,1221,707,45,45,329,65,264,435,357,78,0,752,435
2021,Salcombe & Thurlestone,E05010141,2349,1667,1180,487,29,29,341,49,292,311,233,78,1,516,312
2021,South Brent,E05010142,2284,1626,1070,556,42,42,260,35,225,356,277,79,0,598,356
2021,Stokenham,E05010143,1190,944,705,239,10,10,78,14,64,158,125,33,0,249,158
2021,Totnes,E05010144,4336,2469,1698,771,113,113,887,111,776,865,759,106,2,884,867
2021,Wembury & Brixton,E05010145,2374,1849,1103,746,79,79,204,24,180,242,206,36,0,825,242
2021,West Dart,E05010146,1152,848,613,235,14,14,68,10,58,222,187,35,0,249,222
2021,Woolwell,E05010147,1284,975,457,518,7,7,15,0,15,284,256,28,3,525,287
2021,Aveland,E05010148,1050,814,470,344,3,3,113,104,9,120,86,34,0,347,120
2021,Belmont (South Kesteven),E05010149,2049,1549,802,747,5,5,27,8,19,468,403,65,0,752,468
2021,Belvoir,E05010150,2166,1649,1087,562,9,9,233,148,85,275,229,46,0,571,275
2021,Bourne Austerby,E05010151,3269,2234,780,1454,123,123,241,53,188,669,621,48,2,1577,671
2021,Bourne East,E05010152,2183,1373,877,496,20,20,369,297,72,417,374,43,4,516,421
2021,Bourne West,E05010153,2263,1780,1104,676,11,11,152,117,35,318,277,41,2,687,320
2021,Casewick,E05010154,2472,2101,1327,774,19,19,108,79,29,244,196,48,0,793,244
2021,Castle (South Kesteven),E05010155,986,676,415,261,4,4,112,64,48,194,160,34,0,265,194
2021,Deeping St James,E05010156,3130,2378,1265,1113,43,43,227,131,96,478,420,58,4,1156,482
2021,Dole Wood,E05010157,1035,855,517,338,3,3,73,56,17,104,87,17,0,341,104
2021,Glen (South Kesteven),E05010158,960,748,426,322,2,2,97,89,8,110,88,22,3,324,113
2021,Grantham Arnoldfield,E05010159,2264,1907,837,1070,25,25,80,33,47,251,227,24,1,1095,252
2021,Grantham Barrowby Gate,E05010160,2227,1774,1049,725,11,11,34,11,23,408,351,57,0,736,408
2021,Grantham Earlesfield,E05010161,2547,1048,438,610,13,13,1062,903,159,411,381,30,13,623,424
2021,Grantham Harrowby,E05010162,1955,1077,533,544,11,11,681,632,49,169,138,31,17,555,186
2021,Grantham St Vincent's,E05010163,3507,1817,982,835,12,12,434,302,132,1236,1157,79,8,847,1244
2021,Grantham St Wulfram's,E05010164,2717,1499,939,560,10,10,433,263,170,769,700,69,6,570,775
2021,Grantham Springfield,E05010165,2423,1347,592,755,58,58,270,79,191,745,695,50,3,813,748
2021,Isaac Newton,E05010166,2164,1358,694,664,25,25,327,193,134,454,402,52,0,689,454
2021,Lincrest,E05010167,1101,827,496,331,2,2,81,73,8,187,148,39,4,333,191
2021,Loveden Heath,E05010168,1110,855,521,334,9,9,98,83,15,147,116,31,1,343,148
2021,Market & West Deeping,E05010169,3112,2265,1300,965,28,28,448,184,264,366,320,46,5,993,371
2021,Morton (South Kesteven),E05010170,1059,809,430,379,6,6,93,76,17,150,119,31,1,385,151
2021,Peascliffe & Ridgeway,E05010171,2163,1492,888,604,32,32,340,255,85,294,232,62,5,636,299
2021,Stamford All Saints,E05010172,2138,1454,815,639,34,34,321,239,82,329,291,38,0,673,329
2021,Stamford St George's,E05010173,2421,1392,729,663,36,36,558,511,47,427,375,52,8,699,435
2021,Stamford St John's,E05010174,2456,1901,1008,893,52,52,125,40,85,377,352,25,1,945,378
2021,Stamford St Mary's,E05010175,2604,1325,899,426,30,30,453,311,142,791,714,77,5,456,796
2021,Toller (South Kesteven),E05010176,1181,816,466,350,15,15,154,117,37,195,166,29,1,365,196
2021,Viking (South Kesteven),E05010177,2141,1800,1079,721,5,5,113,89,24,222,171,51,1,726,223
2021,Alcester Town,E05010178,1864,1038,651,387,8,8,527,76,451,289,259,30,2,395,291
2021,Alcester & Rural,E05010179,1643,1319,857,462,12,12,50,2,48,261,212,49,1,474,262
2021,Avenue (Stratford-on-Avon),E05010180,1651,816,323,493,79,79,361,51,310,394,365,29,1,572,395
2021,Bidford East,E05010181,1890,1284,636,648,70,70,326,45,281,210,183,27,0,718,210
2021,Bidford West & Salford,E05010182,1762,1280,682,598,55,55,231,26,205,196,164,32,0,653,196
2021,Bishop's Itchington,E05010183,1775,1278,564,714,21,21,191,26,165,284,198,86,1,735,285
2021,Bishopton,E05010184,1333,925,519,406,9,9,207,22,185,192,176,16,0,415,192
2021,Brailes & Compton,E05010185,1553,1150,724,426,14,14,174,19,155,215,155,60,0,440,215
2021,Bridgetown,E05010186,2043,1474,815,659,43,43,183,12,171,343,315,28,0,702,343
2021,Clopton,E05010187,1278,640,393,247,16,16,351,45,306,271,243,28,0,263,271
2021,Ettington,E05010188,1542,1186,660,526,13,13,91,9,82,252,218,34,0,539,252
2021,Guildhall (Stratford-on-Avon),E05010189,1750,1052,771,281,20,20,184,13,171,494,436,58,0,301,494
2021,Harbury,E05010190,1706,1287,693,594,32,32,215,21,194,172,155,17,0,626,172
2021,Hathaway,E05010191,1602,935,538,397,26,26,402,48,354,239,211,28,0,423,239
2021,Henley-in-Arden,E05010192,1864,1270,792,478,27,27,267,37,230,300,264,36,0,505,300
2021,Kineton,E05010193,1561,1140,667,473,14,14,212,29,183,195,153,42,0,487,195
2021,Kinwarton,E05010194,1260,989,628,361,20,20,89,7,82,162,142,20,0,381,162
2021,Long Itchington & Stockton,E05010195,1896,1380,700,680,64,64,274,36,238,178,138,40,0,744,178
2021,Napton & Fenny Compton,E05010196,1479,1094,622,472,18,18,119,5,114,248,209,39,0,490,248
2021,Quinton (Stratford-on-Avon),E05010197,1603,1041,550,491,62,62,289,46,243,211,173,38,0,553,211
2021,Red Horse,E05010198,1465,1106,669,437,9,9,132,17,115,218,161,57,0,446,218
2021,Shipston North,E05010199,1888,1285,783,502,33,33,258,29,229,312,269,43,0,535,312
2021,Shipston South,E05010200,1826,1308,763,545,49,49,327,29,298,142,119,23,0,594,142
2021,Shottery,E05010201,1185,933,569,364,8,8,52,2,50,192,177,15,0,372,192
2021,Snitterfield,E05010202,1479,1200,727,473,18,18,132,11,121,129,97,32,0,491,129
2021,Southam North,E05010203,1765,1197,644,553,54,54,369,43,326,144,121,23,1,607,145
2021,Southam South,E05010204,1819,1287,549,738,67,67,253,45,208,212,190,22,0,805,212
2021,Studley with Mappleborough Green,E05010205,1665,1237,715,522,11,11,191,22,169,226,181,45,0,533,226
2021,Studley with Sambourne,E05010206,1705,1238,709,529,24,24,232,29,203,211,172,39,0,553,211
2021,Tanworth-in-Arden,E05010207,1304,1125,691,434,6,6,57,8,49,116,91,25,0,440,116
2021,Tiddington,E05010208,1608,1283,811,472,31,31,138,12,126,156,125,31,0,503,156
2021,Welcombe,E05010209,1528,990,662,328,7,7,76,7,69,454,413,41,1,335,455
2021,Welford-on-Avon,E05010210,1908,1484,808,676,51,51,206,28,178,167,130,37,0,727,167
2021,Wellesbourne East,E05010211,1624,1141,624,517,13,13,230,29,201,240,184,56,0,530,240
2021,Wellesbourne West,E05010212,1974,1389,713,676,47,47,357,51,306,181,137,44,0,723,181
2021,Wotton Wawen,E05010213,1647,1337,935,402,6,6,150,17,133,154,116,38,0,408,154
2021,Bamber Bridge East,E05010214,2135,1539,777,762,30,30,241,21,220,325,290,35,0,792,325
2021,Bamber Bridge West,E05010215,2012,1191,654,537,4,4,324,29,295,491,445,46,2,541,493
2021,Broad Oak,E05010216,1745,1503,929,574,6,6,39,4,35,197,160,37,0,580,197
2021,Broadfield (South Ribble),E05010217,2163,1305,576,729,30,30,580,63,517,246,217,29,2,759,248
2021,Buckshaw & Worden,E05010218,2028,1579,757,822,21,21,86,12,74,342,304,38,0,843,342
2021,Charnock,E05010219,1771,1280,635,645,29,29,186,13,173,275,248,27,1,674,276
2021,Coupe Green & Gregson Lane,E05010220,1857,1612,968,644,9,9,76,11,65,160,139,21,0,653,160
2021,Earnshaw Bridge,E05010221,2154,1532,794,738,4,4,343,35,308,275,225,50,0,742,275
2021,Farington East,E05010222,1987,1633,659,974,39,39,65,8,57,250,203,47,0,1013,250
2021,Farington West,E05010223,1722,1384,650,734,24,24,178,25,153,136,113,23,0,758,136
2021,Hoole,E05010224,1819,1490,804,686,10,10,95,7,88,224,190,34,0,696,224
2021,Howick & Priory,E05010225,3074,2756,1572,1184,6,6,66,1,65,246,196,50,0,1190,246
2021,Leyland Central,E05010226,2178,1534,754,780,5,5,248,19,229,391,344,47,0,785,391
2021,Longton & Hutton West,E05010227,2539,2226,1440,786,6,6,60,3,57,247,187,60,0,792,247
2021,Lostock Hall,E05010228,2795,2236,1191,1045,3,3,152,15,137,404,351,53,0,1048,404
2021,Middleforth,E05010229,3340,2199,1137,1062,59,59,648,57,591,432,367,65,2,1121,434
2021,Moss Side (South Ribble),E05010230,1650,1185,627,558,6,6,308,31,277,151,135,16,0,564,151
2021,New Longton & Hutton East,E05010231,1970,1690,998,692,25,25,83,5,78,172,138,34,0,717,172
2021,St Ambrose,E05010232,2033,1404,710,694,15,15,233,22,211,381,330,51,0,709,381
2021,Samlesbury & Walton,E05010233,1797,1391,737,654,8,8,99,5,94,299,258,41,0,662,299
2021,Seven Stars,E05010234,1853,908,480,428,16,16,791,94,697,138,119,19,0,444,138
2021,Walton-le-Dale East,E05010235,1996,1632,763,869,12,12,88,10,78,264,236,28,0,881,264
2021,Walton-le-Dale West,E05010236,1971,1734,816,918,10,10,54,4,50,173,145,28,0,928,173
2021,All Saints & Wayland,E05010237,2780,2152,1282,870,14,14,163,26,137,450,323,127,1,884,451
2021,Ashill,E05010238,1228,851,616,235,9,9,189,35,154,179,141,38,0,244,179
2021,Bedingfeld,E05010239,1405,1022,640,382,3,3,149,28,121,231,187,44,0,385,231
2021,Attleborough Burgh & Haverscroft,E05010240,2272,1578,960,618,19,19,199,33,166,476,415,61,0,637,476
2021,Attleborough Queens & Besthorpe,E05010241,3391,2345,1179,1166,67,67,430,77,353,547,477,70,2,1233,549
2021,Dereham Neatherd,E05010242,3320,2183,1282,901,29,29,515,82,433,591,513,78,2,930,593
2021,Dereham Toftwood,E05010243,2667,1961,1199,762,7,7,144,26,118,555,490,65,0,769,555
2021,Dereham Withburga,E05010244,2520,1281,684,597,21,21,703,171,532,512,464,48,3,618,515
2021,Forest (Breckland),E05010245,1394,990,587,403,4,4,123,18,105,277,199,78,0,407,277
2021,Guiltcross,E05010246,1433,1097,693,404,0,0,116,16,100,220,182,38,0,404,220
2021,Harling & Heathlands,E05010247,1367,996,589,407,12,12,162,37,125,197,163,34,0,419,197
2021,Hermitage (Breckland),E05010248,1249,905,616,289,9,9,147,19,128,188,139,49,0,298,188
2021,Launditch,E05010249,1086,716,471,245,0,0,141,34,107,229,183,46,0,245,229
2021,Lincoln,E05010250,2240,1699,1112,587,12,12,180,24,156,348,200,148,1,599,349
2021,Mattishall,E05010251,2378,1867,1177,690,13,13,236,32,204,262,183,79,0,703,262
2021,Nar Valley,E05010252,1290,907,605,302,18,18,209,38,171,156,116,40,0,320,156
2021,Necton,E05010253,1209,936,638,298,3,3,137,25,112,133,96,37,0,301,133
2021,Saham Toney,E05010254,2314,1488,850,638,31,31,367,67,300,427,369,58,1,669,428
2021,Shipdham-with-Scarning,E05010255,2359,1714,927,787,7,7,233,39,194,404,331,73,1,794,405
2021,Swaffham,E05010256,3971,2540,1720,820,28,28,755,114,641,648,554,94,0,848,648
2021,The Buckenhams & Banham,E05010257,1403,999,598,401,6,6,136,8,128,262,218,44,0,407,262
2021,Thetford Boudica,E05010258,2078,1413,750,663,7,7,218,42,176,436,358,78,4,670,440
2021,Thetford Burrell,E05010259,2501,1164,587,577,11,11,936,247,689,387,346,41,3,588,390
2021,Thetford Castle,E05010260,2671,1530,718,812,35,35,172,28,144,934,886,48,0,847,934
2021,Thetford Priory,E05010261,3036,1239,624,615,21,21,1050,246,804,725,679,46,1,636,726
2021,Upper Wensum,E05010262,2802,2113,1272,841,16,16,292,67,225,381,300,81,0,857,381
2021,Watton,E05010263,4001,2773,1749,1024,42,42,406,73,333,776,675,101,4,1066,780
2021,Backwell,E05010276,1888,1572,872,700,5,5,115,19,96,196,168,28,0,705,196
2021,Banwell & Winscombe,E05010277,3561,2870,1851,1019,24,24,268,82,186,399,329,70,0,1043,399
2021,Blagdon & Churchill,E05010278,1701,1277,719,558,27,27,142,27,115,254,215,39,1,585,255
2021,Clevedon East,E05010279,2049,1372,753,619,9,9,261,52,209,404,353,51,3,628,407
2021,Clevedon South,E05010280,1911,1397,760,637,28,28,147,36,111,339,311,28,0,665,339
2021,Clevedon Walton,E05010281,2104,1615,1050,565,6,6,87,5,82,396,358,38,0,571,396
2021,Clevedon West,E05010282,1769,1231,703,528,11,11,256,53,203,271,241,30,0,539,271
2021,Clevedon Yeo,E05010283,1846,1478,823,655,9,9,35,8,27,324,289,35,0,664,324
2021,Congresbury & Puxton,E05010284,1708,1317,796,521,5,5,170,35,135,216,192,24,0,526,216
2021,Gordano Valley,E05010285,1798,1597,1008,589,3,3,40,14,26,158,130,28,0,592,158
2021,Hutton & Locking,E05010286,3381,2773,1524,1249,42,42,191,38,153,375,324,51,0,1291,375
2021,Long Ashton,E05010287,3636,2965,1615,1350,20,20,258,51,207,391,314,77,2,1370,393
2021,Nailsea Golden Valley,E05010288,1773,1591,997,594,6,6,15,5,10,161,140,21,0,600,161
2021,Nailsea West End,E05010289,1452,1113,682,431,1,1,174,24,150,162,141,21,2,432,164
2021,Nailsea Yeo,E05010290,1879,1353,822,531,8,8,246,61,185,267,227,40,5,539,272
2021,Nailsea Youngwood,E05010291,1804,1532,1018,514,5,5,45,11,34,222,189,33,0,519,222
2021,Pill,E05010292,1886,1315,689,626,5,5,317,107,210,243,198,45,6,631,249
2021,Portishead East,E05010293,3443,2285,789,1496,65,65,310,24,286,783,721,62,0,1561,783
2021,Portishead North,E05010294,2223,1618,921,697,38,38,158,23,135,409,355,54,0,735,409
2021,Portishead South,E05010295,1941,1552,1026,526,4,4,156,33,123,229,189,40,0,530,229
2021,Portishead West,E05010296,3896,3189,1848,1341,22,22,299,72,227,383,336,47,3,1363,386
2021,Weston-super-Mare South,E05010297,4099,1548,723,825,24,24,1773,601,1172,737,653,84,17,849,754
2021,Weston-super-Mare Central,E05010298,4581,1901,1128,773,13,13,396,46,350,2271,2143,128,0,786,2271
2021,Weston-super-Mare Hillside,E05010299,4402,2389,1392,997,7,7,194,38,156,1811,1666,145,1,1004,1812
2021,Weston-super-Mare Kewstoke,E05010300,3935,3094,1953,1141,18,18,311,68,243,510,436,74,2,1159,512
2021,Weston-super-Mare Mid Worle,E05010301,1812,1200,683,517,26,26,256,58,198,330,274,56,0,543,330
2021,Weston-super-Mare Milton,E05010302,4240,2996,1608,1388,30,30,456,113,343,758,677,81,0,1418,758
2021,Weston-super-Mare North Worle,E05010303,3486,2702,1295,1407,19,19,133,42,91,632,560,72,0,1426,632
2021,Weston-super-Mare South Worle,E05010304,3830,2758,1324,1434,38,38,292,39,253,742,651,91,0,1472,742
2021,Weston-super-Mare Uphill,E05010305,3687,2647,1612,1035,12,12,363,81,282,657,582,75,8,1047,665
2021,Weston-super-Mare Winterstoke,E05010306,3737,2311,551,1760,66,66,249,21,228,1111,1051,60,0,1826,1111
2021,Wick St Lawrence & St Georges,E05010307,1935,1378,524,854,23,23,93,9,84,440,411,29,1,877,441
2021,Winford,E05010308,1723,1467,787,680,9,9,73,13,60,174,137,37,0,689,174
2021,Wrington,E05010309,1774,1394,806,588,12,12,96,27,69,271,233,38,1,600,272
2021,Yatton,E05010310,3761,2983,1599,1384,44,44,339,66,273,395,346,49,0,1428,395
2021,Acomb,E05010311,3801,2807,1433,1374,27,27,555,389,166,408,353,55,4,1401,412
2021,Bishopthorpe,E05010312,1817,1559,1033,526,6,6,77,58,19,173,134,39,2,532,175
2021,Clifton (York),E05010313,4113,2056,1041,1015,25,25,1004,755,249,1018,925,93,10,1040,1028
2021,Copmanthorpe,E05010314,1762,1532,950,582,7,7,65,44,21,156,134,22,2,589,158
2021,Dringhouses & Woodthorpe,E05010315,5115,3980,2272,1708,27,27,536,386,150,565,488,77,7,1735,572
2021,Fishergate,E05010316,3623,1748,1031,717,40,40,388,174,214,1443,1297,146,4,757,1447
2021,Fulford & Heslington,E05010317,1636,1098,620,478,5,5,154,89,65,378,274,104,1,483,379
2021,Guildhall (York),E05010318,6355,2077,1199,878,40,40,1169,708,461,3060,2873,187,9,918,3069
2021,Haxby & Wigginton,E05010319,5255,4539,2923,1616,15,15,268,59,209,433,364,69,0,1631,433
2021,Heworth,E05010320,5717,3113,1609,1504,69,69,1291,1067,224,1228,1110,118,16,1573,1244
2021,Heworth Without,E05010321,1826,1635,1074,561,6,6,24,9,15,161,132,29,0,567,161
2021,Holgate,E05010322,5664,3441,1726,1715,43,43,725,440,285,1448,1362,86,7,1758,1455
2021,Hull Road,E05010323,3582,1697,993,704,23,23,706,598,108,1152,1055,97,4,727,1156
2021,Huntington & New Earswick,E05010324,5622,3797,2346,1451,145,145,1123,92,1031,557,451,106,0,1596,557
2021,Micklegate,E05010325,6239,3320,1793,1527,55,55,773,497,276,2084,1939,145,7,1582,2091
2021,Osbaldwick & Derwent,E05010326,3529,2750,1711,1039,77,77,305,97,208,396,312,84,1,1116,397
2021,Rawcliffe & Clifton Without,E05010327,5356,4286,2140,2146,28,28,338,64,274,703,627,76,1,2174,704
2021,Rural West York,E05010328,3248,2685,1630,1055,23,23,252,101,151,287,229,58,1,1078,288
2021,Strensall,E05010329,3341,2642,1482,1160,12,12,218,36,182,469,325,144,0,1172,469
2021,Westfield (York),E05010330,6198,3467,1647,1820,37,37,1869,1445,424,809,700,109,16,1857,825
2021,Wheldrake,E05010331,1652,1402,798,604,9,9,82,44,38,155,125,30,4,613,159
2021,Bocking Blackwater,E05010365,3967,3035,1377,1658,14,14,320,40,280,598,540,58,0,1672,598
2021,Bocking North,E05010366,2154,1477,794,683,0,0,422,107,315,255,223,32,0,683,255
2021,Bocking South,E05010367,2903,1455,694,761,45,45,992,245,747,406,362,44,5,806,411
2021,Braintree Central & Beckers Green,E05010368,4259,1975,974,1001,27,27,962,172,790,1292,1215,77,3,1028,1295
2021,Braintree South,E05010369,2722,1728,766,962,22,22,520,104,416,449,400,49,3,984,452
2021,Braintree West,E05010370,2630,1979,1060,919,25,25,201,39,162,425,370,55,0,944,425
2021,Bumpstead,E05010371,1194,939,526,413,2,2,121,17,104,132,99,33,0,415,132
2021,Coggeshall,E05010372,2556,1831,1052,779,6,6,373,63,310,344,278,66,2,785,346
2021,Great Notley & Black Notley,E05010374,3784,3066,1353,1713,30,30,290,26,264,398,348,50,0,1743,398
2021,Hedingham,E05010378,2522,1799,908,891,5,5,358,71,287,360,307,53,0,896,360
2021,Kelvedon & Feering,E05010379,2381,1710,892,818,12,12,352,75,277,307,276,31,0,830,307
2021,Rayne,E05010380,1160,904,507,397,9,9,114,14,100,133,112,21,0,406,133
2021,Stour Valley North,E05010382,1230,945,569,376,10,10,120,20,100,155,131,24,0,386,155
2021,Stour Valley South,E05010383,1323,1025,639,386,3,3,125,20,105,170,138,32,0,389,170
2021,The Colnes,E05010384,2516,1808,1004,804,16,16,360,72,288,332,288,44,0,820,332
2021,Three Fields,E05010385,2450,1841,1063,778,14,14,286,57,229,308,208,100,1,792,309
2021,Witham South,E05010388,2652,1724,641,1083,23,23,462,88,374,443,400,43,0,1106,443
2021,Witham West,E05010389,2806,1832,915,917,13,13,655,143,512,303,277,26,3,930,306
2021,Yeldham,E05010390,1169,862,447,415,4,4,169,39,130,134,109,25,0,419,134
2021,Beltinge,E05010392,3075,2428,1548,880,62,62,200,89,111,385,330,55,0,942,385
2021,Blean Forest,E05010393,2310,1747,1110,637,19,19,151,111,40,390,336,54,3,656,393
2021,Chestfield,E05010395,3047,2558,1606,952,26,26,83,31,52,379,333,46,1,978,380
2021,Gorrell,E05010396,4766,3146,1784,1362,16,16,571,381,190,1029,928,101,4,1378,1033
2021,Greenhill (Canterbury),E05010397,1753,1264,736,528,7,7,220,164,56,262,229,33,0,535,262
2021,Herne & Broomfield,E05010398,3601,2915,1536,1379,70,70,131,45,86,485,415,70,0,1449,485
2021,Heron,E05010399,6059,3680,2169,1511,38,38,635,341,294,1698,1547,151,8,1549,1706
2021,Northgate (Canterbury),E05010402,2588,731,414,317,19,19,912,711,201,915,849,66,11,336,926
2021,Seasalter,E05010404,3403,2865,1864,1001,23,23,195,148,47,318,266,52,2,1024,320
2021,St Stephen's (Canterbury),E05010405,3779,1465,909,556,56,56,849,316,533,1403,1315,88,6,612,1409
2021,Swalecliffe,E05010407,1942,1477,1024,453,4,4,222,207,15,237,200,37,2,457,239
2021,Tankerton,E05010408,1617,1256,814,442,3,3,38,18,20,320,276,44,0,445,320
2021,West Bay,E05010409,1815,1392,864,528,7,7,164,153,11,250,210,40,2,535,252
2021,Westgate (Canterbury),E05010410,4133,1593,916,677,42,42,642,391,251,1853,1722,131,3,719,1856
2021,Wincheap,E05010411,3770,1935,998,937,31,31,638,468,170,1155,1065,90,11,968,1166
2021,Bank Top & Lascelles,E05010412,3348,1610,840,770,6,6,722,489,233,1009,927,82,1,776,1010
2021,Brinkburn & Faverdale,E05010413,2936,2064,818,1246,35,35,318,48,270,518,448,70,1,1281,519
2021,Cockerton,E05010414,2875,1558,797,761,5,5,916,797,119,396,342,54,0,766,396
2021,College (Darlington),E05010415,1930,1472,829,643,3,3,88,60,28,367,333,34,0,646,367
2021,Eastbourne,E05010416,2699,1527,718,809,5,5,624,538,86,543,481,62,0,814,543
2021,Harrowgate Hill,E05010417,2747,2141,1117,1024,23,23,188,80,108,395,333,62,0,1047,395
2021,Haughton & Springfield,E05010418,2827,1789,977,812,12,12,655,521,134,370,325,45,1,824,371
2021,Heighington & Coniscliffe,E05010419,1995,1632,872,760,12,12,107,74,33,243,199,44,1,772,244
2021,Hummersknott,E05010420,1615,1394,920,474,2,2,131,50,81,88,65,23,0,476,88
2021,Hurworth,E05010421,1621,1311,769,542,8,8,104,59,45,198,168,30,0,550,198
2021,Mowden,E05010422,1763,1527,964,563,6,6,68,10,58,162,132,30,0,569,162
2021,North Road,E05010423,3117,1491,759,732,3,3,660,471,189,959,876,83,4,735,963
2021,Northgate (Darlington),E05010424,2056,713,374,339,3,3,246,99,147,1093,1031,62,1,342,1094
2021,Park East,E05010425,3588,1467,713,754,10,10,1067,670,397,1041,959,82,3,764,1044
2021,Park West,E05010426,1934,1485,864,621,5,5,157,28,129,286,246,40,1,626,287
2021,Pierremont,E05010427,2964,1722,904,818,7,7,130,36,94,1104,1026,78,1,825,1105
2021,Red Hall & Lingfield,E05010428,1987,1149,557,592,23,23,598,481,117,215,180,35,2,615,217
2021,Sadberge & Middleton St George,E05010429,2886,2321,1169,1152,7,7,191,128,63,365,312,53,2,1159,367
2021,Stephenson,E05010430,2236,1008,444,564,13,13,712,384,328,502,463,39,1,577,503
2021,Whinfield,E05010431,1797,1317,819,498,2,2,249,89,160,227,190,37,2,500,229
2021,Abbey (Leicester),E05010458,8365,3853,1917,1936,54,54,2269,1561,708,2166,2018,148,23,1990,2189
2021,Aylestone,E05010459,5074,3055,1529,1526,19,19,679,412,267,1314,1196,118,7,1545,1321
2021,Beaumont Leys,E05010460,6990,3365,1628,1737,47,47,2352,1587,765,1201,1048,153,25,1784,1226
2021,Belgrave (Leicester),E05010461,6252,2637,1627,1010,27,27,1514,540,974,2051,1870,181,23,1037,2074
2021,Braunstone Park & Rowley Fields,E05010462,7731,3134,1495,1639,29,29,2936,2249,687,1603,1466,137,29,1668,1632
2021,Castle (Leicester),E05010463,8608,1861,944,917,34,34,1384,275,1109,5324,5104,220,5,951,5329
2021,Evington,E05010464,5951,3672,2105,1567,19,19,1245,956,289,990,887,103,25,1586,1015
2021,Eyres Monsell,E05010465,4710,2038,916,1122,12,12,1959,1770,189,673,603,70,28,1134,701
2021,Fosse,E05010466,5756,2029,1087,942,28,28,903,483,420,2783,2613,170,13,970,2796
2021,Humberstone & Hamilton,E05010467,7107,4045,1614,2431,103,103,1279,822,457,1667,1519,148,13,2534,1680
2021,Knighton,E05010468,6617,4660,2572,2088,12,12,473,197,276,1471,1355,116,1,2100,1472
2021,North Evington,E05010469,6533,2853,1496,1357,43,43,1485,847,638,2121,1912,209,31,1400,2152
2021,Rushey Mead,E05010470,5582,3422,2205,1217,7,7,804,188,616,1343,1204,139,6,1224,1349
2021,Saffron,E05010471,4649,1184,520,664,37,37,1853,1152,701,1561,1460,101,14,701,1575
2021,Spinney Hills,E05010472,3484,2107,1392,715,9,9,206,97,109,1159,1060,99,3,724,1162
2021,Stoneygate,E05010473,6703,2950,1909,1041,16,16,1021,293,728,2701,2499,202,15,1057,2716
2021,Thurncourt,E05010474,4316,2654,1286,1368,24,24,1085,985,100,527,448,79,26,1392,553
2021,Troon,E05010475,4925,3045,1387,1658,43,43,690,409,281,1145,1038,107,2,1701,1147
2021,Westcotes,E05010476,5799,1452,791,661,42,42,644,296,348,3652,3495,157,9,703,3661
2021,Western,E05010477,7783,3770,1796,1974,45,45,2829,2292,537,1096,967,129,43,2019,1139
2021,Wycliffe,E05010478,4447,1645,1109,536,10,10,1881,1335,546,890,788,102,21,546,911
2021,Barlaston,E05010479,1190,874,534,340,0,0,209,69,140,106,87,19,1,340,107
2021,Baswich,E05010480,2608,2308,1354,954,12,12,25,7,18,263,215,48,0,966,263
2021,Common,E05010481,2305,1008,440,568,11,11,597,141,456,686,630,56,3,579,689
2021,Coton,E05010482,3500,1589,645,944,23,23,635,133,502,1253,860,393,0,967,1253
2021,Doxey & Castletown,E05010483,1895,978,457,521,43,43,498,100,398,375,341,34,1,564,376
2021,Eccleshall,E05010484,3104,2332,1381,951,43,43,308,71,237,420,348,72,1,994,421
2021,Forebridge,E05010485,1919,874,443,431,20,20,326,44,282,699,644,55,0,451,699
2021,Fulford,E05010486,2574,2107,1303,804,12,12,232,64,168,223,176,47,0,816,223
2021,Gnosall & Woodseaves,E05010487,3002,2333,1406,927,35,35,276,83,193,355,275,80,3,962,358
2021,Haywood & Hixon,E05010488,2991,2443,1483,960,30,30,264,51,213,253,212,41,1,990,254
2021,Highfields & Western Downs,E05010489,3121,1637,881,756,35,35,1040,267,773,406,357,49,3,791,409
2021,Holmcroft,E05010490,3027,2294,1349,945,22,22,365,129,236,345,294,51,1,967,346
2021,Littleworth,E05010491,2499,1759,939,820,5,5,294,92,202,440,382,58,1,825,441
2021,Manor (Stafford),E05010492,3288,2033,1073,960,16,16,825,241,584,408,347,61,6,976,414
2021,Milford (Stafford),E05010493,1231,1082,658,424,5,5,31,3,28,113,88,25,0,429,113
2021,Milwich,E05010494,2754,2081,1119,962,34,34,224,36,188,415,318,97,0,996,415
2021,Penkside,E05010495,1486,699,319,380,19,19,545,177,368,220,200,20,3,399,223
2021,Rowley (Stafford),E05010496,1281,1054,593,461,19,19,47,5,42,161,138,23,0,480,161
2021,St Michael's & Stonefield,E05010497,4673,3164,1749,1415,16,16,644,141,503,847,758,89,2,1431,849
2021,Seighford & Church Eaton,E05010498,2946,2411,1340,1071,19,19,152,55,97,364,289,75,0,1090,364
2021,Swynnerton & Oulton,E05010499,2765,2233,1270,963,26,26,180,45,135,323,261,62,3,989,326
2021,Walton (Stafford),E05010500,3138,2360,1326,1034,47,47,329,70,259,401,348,53,1,1081,402
2021,Weeping Cross & Wildwood,E05010501,2747,2376,1412,964,13,13,99,22,77,259,220,39,0,977,259
2021,Aggborough & Spennells,E05010502,3944,2659,1584,1075,16,16,436,143,293,832,750,82,1,1091,833
2021,Areley Kings & Riverside,E05010503,3887,2722,1825,897,37,37,687,333,354,438,369,69,3,934,441
2021,Bewdley & Rock,E05010504,4019,3271,2271,1000,27,27,215,68,147,506,413,93,0,1027,506
2021,Blakebrook & Habberley South,E05010505,4489,2556,1362,1194,56,56,633,245,388,1242,1149,93,2,1250,1244
2021,Broadwaters,E05010506,3962,2465,1217,1248,24,24,734,362,372,735,662,73,4,1272,739
2021,Foley Park & Hoobrook,E05010507,4561,2644,1386,1258,74,74,1214,662,552,620,549,71,9,1332,629
2021,Franche & Habberley North,E05010508,4147,3069,1797,1272,36,36,506,215,291,526,460,66,10,1308,536
2021,Lickhill,E05010509,1020,897,516,381,5,5,24,11,13,94,67,27,0,386,94
2021,Mitton,E05010510,4466,3275,1880,1395,76,76,366,185,181,746,659,87,3,1471,749
2021,Offmore & Comberton,E05010511,4298,2818,1604,1214,42,42,714,336,378,716,644,72,8,1256,724
2021,Wribbenhall & Arley,E05010512,2444,1747,1162,585,36,36,301,125,176,358,295,63,2,621,360
2021,Wyre Forest Rural,E05010513,4082,3035,1873,1162,34,34,580,261,319,425,347,78,8,1196,433
2021,Attenborough & Chilwell East,E05010514,3064,2454,1443,1011,6,6,207,155,52,395,356,39,2,1017,397
2021,"Awsworth, Cossall & Trowell",E05010515,2230,1888,1060,828,6,6,97,91,6,237,207,30,2,834,239
2021,Beeston Central,E05010516,2749,1113,618,495,12,12,544,432,112,1071,1018,53,9,507,1080
2021,Beeston North,E05010517,2367,1278,681,597,1,1,417,277,140,670,623,47,1,598,671
2021,Beeston Rylands,E05010518,2274,1457,774,683,13,13,224,78,146,580,550,30,0,696,580
2021,Beeston West,E05010519,2450,1623,893,730,2,2,118,52,66,707,649,58,0,732,707
2021,Bramcote,E05010520,3126,2615,1613,1002,2,2,152,140,12,354,303,51,3,1004,357
2021,Brinsley,E05010521,984,811,483,328,6,6,75,59,16,92,76,16,0,334,92
2021,Chilwell West,E05010522,3357,2210,1268,942,7,7,659,624,35,470,303,167,11,949,481
2021,Eastwood Hall,E05010523,1148,984,563,421,3,3,44,40,4,117,93,24,0,424,117
2021,Eastwood Hilltop,E05010524,2212,1454,845,609,3,3,370,267,103,379,339,40,6,612,385
2021,Eastwood St Mary's,E05010525,2191,1206,680,526,40,40,575,385,190,365,318,47,5,566,370
2021,Greasley,E05010526,2924,2545,1454,1091,5,5,100,37,63,274,233,41,0,1096,274
2021,Kimberley,E05010527,3106,2168,1187,981,4,4,492,354,138,437,367,70,5,985,442
2021,Nuthall East & Strelley,E05010528,2030,1728,928,800,1,1,13,6,7,288,260,28,0,801,288
2021,Stapleford North,E05010529,2164,1444,787,657,6,6,417,367,50,287,245,42,10,663,297
2021,Stapleford South East,E05010530,2308,1557,846,711,0,0,422,320,102,324,285,39,5,711,329
2021,Stapleford South West,E05010531,2435,1597,770,827,6,6,220,184,36,610,545,65,2,833,612
2021,Toton & Chilwell Meadows,E05010532,3395,2790,1559,1231,20,20,86,59,27,498,454,44,1,1251,499
2021,Watnall & Nuthall West,E05010533,1849,1531,849,682,6,6,111,104,7,199,183,16,2,688,201
2021,Bere Ferrers,E05010550,1638,1189,781,408,15,15,169,41,128,264,218,46,1,423,265
2021,Bridestowe,E05010551,1338,1049,729,320,4,4,28,8,20,257,203,54,0,324,257
2021,Buckland Monachorum,E05010552,1635,1256,824,432,4,4,150,23,127,224,171,53,1,436,225
2021,Burrator,E05010553,1603,1240,812,428,4,4,177,45,132,181,144,37,1,432,182
2021,Chagford,E05010554,764,495,371,124,8,8,91,20,71,170,147,23,0,132,170
2021,Dartmoor,E05010555,771,539,345,194,4,4,72,19,53,156,133,23,0,198,156
2021,Drewsteignton,E05010556,748,567,377,190,3,3,55,11,44,123,97,26,0,193,123
2021,Exbourne,E05010557,1748,1305,860,445,4,4,109,25,84,330,254,76,0,449,330
2021,Hatherleigh,E05010558,1329,917,612,305,13,13,108,16,92,291,252,39,0,318,291
2021,Mary Tavy,E05010559,701,578,404,174,3,3,45,14,31,75,61,14,0,177,75
2021,Milton Ford,E05010560,812,608,409,199,3,3,55,18,37,146,115,31,0,202,146
2021,Okehampton North,E05010561,2517,1649,1010,639,48,48,313,35,278,506,453,53,1,687,507
2021,Okehampton South,E05010562,1767,974,550,424,6,6,281,40,241,506,457,49,0,430,506
2021,South Tawton,E05010563,835,638,429,209,1,1,71,16,55,124,100,24,1,210,125
2021,Tamarside,E05010564,782,564,371,193,3,3,54,18,36,161,130,31,0,196,161
2021,Tavistock North,E05010565,2517,1703,1108,595,18,18,242,45,197,553,501,52,1,613,554
2021,Tavistock South East,E05010566,1805,1426,1030,396,6,6,186,52,134,184,156,28,3,402,187
2021,Tavistock South West,E05010567,1506,918,546,372,28,28,286,49,237,272,236,36,2,400,274
2021,Awsworth Road,E05010604,2355,1290,631,659,33,33,503,172,331,526,477,49,3,692,529
2021,Breaston,E05010605,1970,1660,1088,572,1,1,143,43,100,165,122,43,1,573,166
2021,Cotmanhay,E05010606,2243,1136,664,472,3,3,705,270,435,395,353,42,4,475,399
2021,Derby Road East,E05010607,2511,1513,689,824,7,7,245,42,203,743,688,55,3,831,746
2021,Derby Road West,E05010608,2967,2166,1226,940,13,13,444,136,308,341,289,52,3,953,344
2021,Draycott & Risley,E05010609,1911,1335,747,588,1,1,224,55,169,349,316,33,2,589,351
2021,Hallam Fields,E05010610,2191,1651,631,1020,24,24,179,41,138,336,295,41,1,1044,337
2021,Kirk Hallam & Stanton-by-Dale,E05010611,2813,1806,975,831,4,4,663,220,443,336,285,51,4,835,340
2021,Larklands,E05010612,3973,2442,1280,1162,17,17,562,135,427,950,871,79,2,1179,952
2021,Little Eaton & Stanley,E05010613,1878,1552,939,613,5,5,157,26,131,163,131,32,1,618,164
2021,Little Hallam,E05010614,2124,1434,826,608,9,9,112,14,98,569,516,53,0,617,569
2021,Long Eaton Central,E05010615,3559,2088,1113,975,24,24,544,126,418,901,823,78,2,999,903
2021,Nottingham Road,E05010616,2235,1613,806,807,19,19,180,33,147,423,375,48,0,826,423
2021,Ockbrook & Borrowash,E05010617,3149,2430,1420,1010,25,25,325,93,232,367,317,50,2,1035,369
2021,Sandiacre,E05010618,3533,2497,1272,1225,24,24,452,124,328,559,493,66,1,1249,560
2021,Sawley,E05010619,2970,2081,1105,976,17,17,511,157,354,358,307,51,3,993,361
2021,Shipley View,E05010620,2007,1700,860,840,7,7,46,10,36,254,219,35,0,847,254
2021,West Hallam & Dale Abbey,E05010621,2701,2246,1353,893,8,8,172,44,128,275,225,50,0,901,275
2021,Wilsthorpe,E05010622,3252,2530,1262,1268,23,23,239,38,201,460,416,44,0,1291,460
2021,Barms,E05010623,871,517,308,209,8,8,99,66,33,246,212,34,1,217,247
2021,Blackbrook (High Peak),E05010624,1953,1568,927,641,41,41,125,63,62,219,178,41,0,682,219
2021,Burbage,E05010625,860,716,367,349,7,7,20,2,18,117,104,13,0,356,117
2021,Buxton Central,E05010626,1894,962,607,355,7,7,212,132,80,712,659,53,1,362,713
2021,Chapel East,E05010627,973,700,417,283,18,18,102,92,10,153,134,19,0,301,153
2021,Chapel West,E05010628,2193,1662,929,733,53,53,168,102,66,309,263,46,1,786,310
2021,Corbar,E05010629,1856,1368,903,465,19,19,190,29,161,278,246,32,1,484,279
2021,Cote Heath,E05010630,1755,1287,693,594,15,15,237,202,35,214,176,38,2,609,216
2021,Dinting,E05010631,1056,927,529,398,0,0,56,17,39,73,60,13,0,398,73
2021,Gamesley,E05010632,1011,332,131,201,0,0,581,538,43,86,80,6,12,201,98
2021,Hadfield North,E05010633,1075,622,299,323,3,3,236,217,19,212,187,25,2,326,214
2021,Hadfield South,E05010634,1798,1402,769,633,3,3,172,154,18,220,189,31,1,636,221
2021,Hayfield,E05010635,909,692,427,265,9,9,123,94,29,84,67,17,1,274,85
2021,Hope Valley,E05010636,1678,1246,859,387,7,7,210,135,75,211,154,57,4,394,215
2021,Howard Town,E05010637,2383,1391,731,660,13,13,208,77,131,770,693,77,1,673,771
2021,Limestone Peak,E05010638,951,714,398,316,7,7,96,89,7,134,106,28,0,323,134
2021,New Mills East,E05010639,1808,1129,582,547,13,13,450,342,108,211,182,29,5,560,216
2021,New Mills West,E05010640,1954,1444,813,631,7,7,30,13,17,472,418,54,1,638,473
2021,Old Glossop,E05010641,1919,1548,844,704,5,5,128,115,13,237,203,34,1,709,238
2021,Padfield,E05010642,1001,689,349,340,8,8,109,27,82,195,171,24,0,348,195
2021,St John's (High Peak),E05010643,842,686,404,282,1,1,34,27,7,121,97,24,0,283,121
2021,Sett,E05010644,834,710,426,284,2,2,9,8,1,112,91,21,1,286,113
2021,Simmondley,E05010645,1614,1460,734,726,8,8,33,27,6,113,97,16,0,734,113
2021,Stone Bench,E05010646,1842,1018,529,489,10,10,558,415,143,252,217,35,4,499,256
2021,Temple,E05010647,794,694,491,203,1,1,30,3,27,69,54,15,0,204,69
2021,Tintwistle,E05010648,972,698,319,379,4,4,126,99,27,140,115,25,4,383,144
2021,Whaley Bridge,E05010649,2850,2175,1289,886,9,9,243,230,13,415,340,75,8,895,423
2021,Whitfield (High Peak),E05010650,1122,575,293,282,5,5,367,291,76,170,143,27,5,287,175
2021,Alrewas & Fradley,E05010651,2758,2181,1087,1094,39,39,268,28,240,270,232,38,0,1133,270
2021,Armitage with Handsacre,E05010652,3431,2572,1362,1210,38,38,346,38,308,474,409,65,1,1248,475
2021,Boley Park,E05010653,1753,1501,949,552,16,16,16,2,14,220,191,29,0,568,220
2021,Boney Hay & Central,E05010654,2823,2115,1323,792,12,12,418,62,356,277,227,50,1,804,278
2021,Bourne Vale,E05010655,969,718,416,302,11,11,58,7,51,181,136,45,1,313,182
2021,Chadsmead,E05010656,1951,1072,662,410,5,5,629,121,508,244,212,32,1,415,245
2021,Chase Terrace,E05010657,1998,1591,890,701,7,7,157,22,135,243,206,37,0,708,243
2021,Chasetown,E05010658,2132,1241,528,713,32,32,524,72,452,335,297,38,0,745,335
2021,Colton & the Ridwares,E05010659,972,775,456,319,11,11,90,18,72,96,71,25,0,330,96
2021,Curborough,E05010660,1859,1022,572,450,10,10,662,72,590,164,134,30,1,460,165
2021,Fazeley,E05010661,2007,1301,724,577,6,6,403,45,358,295,265,30,2,583,297
2021,Hammerwich with Wall,E05010662,1781,1527,985,542,7,7,76,12,64,170,143,27,1,549,171
2021,Highfield (Lichfield),E05010663,1873,1628,994,634,3,3,74,8,66,168,149,19,0,637,168
2021,Leomansley,E05010664,3383,2279,1233,1046,27,27,498,50,448,579,528,51,0,1073,579
2021,Little Aston & Stonnall,E05010665,1900,1697,1028,669,1,1,82,10,72,120,96,24,0,670,120
2021,Longdon (Lichfield),E05010666,872,724,460,264,0,0,51,5,46,97,72,25,0,264,97
2021,Mease Valley,E05010667,835,592,344,248,22,22,85,9,76,133,111,22,3,270,136
2021,St John's (Lichfield),E05010668,2538,1911,1008,903,30,30,277,31,246,320,286,34,0,933,320
2021,Shenstone,E05010669,939,778,473,305,0,0,74,10,64,87,78,9,0,305,87
2021,Stowe,E05010670,3238,2081,1323,758,72,72,530,61,469,555,478,77,0,830,555
2021,Summerfield & All Saints,E05010671,2694,1941,1076,865,11,11,346,36,310,396,351,45,0,876,396
2021,Whittington & Streethay,E05010672,2931,2186,1012,1174,85,85,265,21,244,395,260,135,0,1259,395
2021,Abbey Hill,E05010673,1442,773,476,297,4,4,461,440,21,197,177,20,7,301,204
2021,Annesley & Kirkby Woodhouse,E05010674,3282,2571,1392,1179,8,8,274,231,43,426,375,51,3,1187,429
2021,Ashfields,E05010675,1600,1227,512,715,26,26,166,102,64,181,155,26,0,741,181
2021,Carsic,E05010676,1594,662,315,347,7,7,706,667,39,206,179,27,13,354,219
2021,Sutton Central & New Cross,E05010677,3312,1663,818,845,11,11,503,246,257,1125,1031,94,10,856,1135
2021,Hucknall Central,E05010678,3291,1931,910,1021,15,15,495,284,211,850,780,70,0,1036,850
2021,Hucknall North,E05010679,4548,3251,1567,1684,20,20,430,259,171,840,738,102,7,1704,847
2021,Hucknall South,E05010680,3447,2176,1100,1076,15,15,720,534,186,528,481,47,8,1091,536
2021,Hucknall West,E05010681,4379,3331,1690,1641,20,20,567,470,97,455,397,58,6,1661,461
2021,Huthwaite & Brierley,E05010682,3357,2238,1246,992,2,2,496,353,143,611,551,60,10,994,621
2021,Jacksdale & Westwood,E05010683,1503,1120,653,467,3,3,135,83,52,245,205,40,0,470,245
2021,Kingsway (Ashfield),E05010684,1237,931,605,326,5,5,101,92,9,200,170,30,0,331,200
2021,Kirkby Cross & Portland,E05010685,1956,1441,693,748,7,7,138,73,65,370,330,40,0,755,370
2021,Larwood,E05010686,1552,1328,554,774,2,2,43,41,2,178,141,37,1,776,179
2021,Leamington,E05010687,1740,761,398,363,20,20,625,532,93,327,302,25,7,383,334
2021,Sutton St Mary's,E05010688,1725,1139,736,403,10,10,271,194,77,302,272,30,3,413,305
2021,Selston,E05010689,2708,2032,1161,871,12,12,353,316,37,305,254,51,6,883,311
2021,Skegby,E05010690,3018,2160,1257,903,10,10,396,360,36,447,398,49,5,913,452
2021,Stanton Hill & Teversal,E05010691,1410,940,550,390,2,2,185,116,69,282,260,22,1,392,283
2021,Greenwood & Summit,E05010692,3042,1563,802,761,4,4,807,556,251,649,575,74,19,765,668
2021,Sutton Junction & Harlow Wood,E05010693,1457,1197,611,586,6,6,105,78,27,146,129,17,3,592,149
2021,The Dales,E05010694,1480,1149,715,434,4,4,74,57,17,253,219,34,0,438,253
2021,Underwood,E05010695,1428,1170,724,446,9,9,75,50,25,173,140,33,1,455,174
2021,Abbey (Cotswold),E05010696,1082,663,460,203,6,6,173,16,157,240,208,32,0,209,240
2021,Blockley,E05010697,1175,795,475,320,27,27,200,27,173,152,123,29,1,347,153
2021,Bourton Vale,E05010698,1255,832,566,266,9,9,139,15,124,275,200,75,0,275,275
2021,Bourton Village,E05010699,1469,867,539,328,66,66,296,26,270,240,207,33,0,394,240
2021,Campden & Vale,E05010700,2838,1948,1296,652,81,81,448,50,398,361,275,86,0,733,361
2021,Chedworth & Churn Valley,E05010701,1052,695,456,239,5,5,102,16,86,250,186,64,0,244,250
2021,Chesterton,E05010702,988,626,377,249,5,5,240,24,216,117,104,13,0,254,117
2021,Coln Valley,E05010703,1020,670,417,253,5,5,126,7,119,219,160,59,0,258,219
2021,Ermin,E05010704,1100,772,464,308,3,3,78,6,72,247,185,62,0,311,247
2021,Fairford North,E05010705,1015,715,382,333,23,23,155,14,141,121,97,24,1,356,122
2021,Fosseridge,E05010706,1194,816,543,273,10,10,124,10,114,244,167,77,0,283,244
2021,Four Acres,E05010707,883,538,322,216,24,24,90,6,84,231,210,21,0,240,231
2021,Grumbolds Ash with Avening,E05010708,1086,756,455,301,5,5,123,20,103,202,147,55,0,306,202
2021,Kemble,E05010709,1098,741,438,303,36,36,130,12,118,191,165,26,0,339,191
2021,"Lechlade, Kempsford & Fairford South",E05010710,2773,1949,1245,704,79,79,421,43,378,324,252,72,0,783,324
2021,Moreton East,E05010711,1480,890,444,446,74,74,297,22,275,219,181,38,0,520,219
2021,Moreton West,E05010712,1225,746,529,217,17,17,195,27,168,267,220,47,0,234,267
2021,New Mills,E05010713,1200,643,332,311,96,96,298,36,262,163,141,22,0,407,163
2021,Northleach,E05010714,1304,782,484,298,8,8,195,21,174,318,248,70,1,306,319
2021,St Michael's (Cotswold),E05010715,1317,710,479,231,5,5,196,20,176,404,374,30,2,236,406
2021,Sandywell,E05010716,1125,784,458,326,8,8,91,10,81,242,190,52,0,334,242
2021,Siddington & Cerney Rural,E05010717,1132,748,490,258,10,10,134,34,100,240,110,130,0,268,240
2021,South Cerney Village,E05010718,1185,828,468,360,58,58,175,13,162,124,105,19,0,418,124
2021,Stow (Cotswold),E05010719,1219,811,568,243,9,9,197,30,167,201,147,54,1,252,202
2021,Stratton (Cotswold),E05010720,1116,950,573,377,7,7,41,6,35,118,100,18,0,384,118
2021,Tetbury East & Rural,E05010721,1281,833,518,315,39,39,143,27,116,266,215,51,0,354,266
2021,Tetbury Town,E05010722,1048,681,322,359,40,40,236,32,204,90,78,12,1,399,91
2021,Tetbury with Upton,E05010723,1069,695,453,242,11,11,180,14,166,183,144,39,0,253,183
2021,The Ampneys & Hampton,E05010724,1182,847,570,277,2,2,119,9,110,214,141,73,0,279,214
2021,The Beeches,E05010725,1147,691,355,336,50,50,289,34,255,117,104,13,0,386,117
2021,The Rissingtons,E05010726,1025,756,315,441,42,42,81,3,78,146,124,22,0,483,146
2021,Watermoor,E05010727,1513,655,384,271,14,14,521,51,470,321,285,36,2,285,323
2021,Adwick le Street & Carcroft,E05010728,6964,3951,1891,2060,23,23,1814,1509,305,1141,982,159,35,2083,1176
2021,Armthorpe,E05010729,6214,4177,2179,1998,13,13,763,605,158,1244,1111,133,17,2011,1261
2021,Balby South,E05010730,4149,2405,1355,1050,7,7,943,848,95,773,684,89,21,1057,794
2021,Bentley,E05010731,8185,4621,2281,2340,78,78,1433,1057,376,2029,1814,215,24,2418,2053
2021,Bessacarr,E05010732,6587,4582,2563,2019,14,14,912,734,178,1060,928,132,19,2033,1079
2021,Conisbrough,E05010733,7160,4171,2234,1937,10,10,1893,1664,229,1042,876,166,44,1947,1086
2021,Edenthorpe & Kirk Sandall,E05010734,4490,3475,1840,1635,39,39,372,286,86,595,524,71,9,1674,604
2021,Edlington & Warmsworth,E05010735,5318,3308,1662,1646,20,20,932,729,203,1043,943,100,15,1666,1058
2021,Finningley,E05010736,7424,6061,3142,2919,43,43,478,326,152,836,690,146,6,2962,842
2021,Hatfield,E05010737,6530,4787,2669,2118,21,21,794,720,74,919,759,160,9,2139,928
2021,Hexthorpe & Balby North,E05010738,5348,2145,1117,1028,26,26,1096,642,454,2058,1895,163,23,1054,2081
2021,Mexborough,E05010739,7034,3639,1849,1790,21,21,1872,1553,319,1482,1337,145,20,1811,1502
2021,Norton & Askern,E05010740,6557,4578,2610,1968,36,36,855,706,149,1075,926,149,13,2004,1088
2021,Roman Ridge,E05010741,4786,3433,1803,1630,40,40,735,635,100,568,491,77,10,1670,578
2021,Rossington & Bawtry,E05010742,7781,5287,2737,2550,26,26,1133,1011,122,1317,1149,168,18,2576,1335
2021,Sprotbrough,E05010743,4733,3930,2391,1539,6,6,148,118,30,647,535,112,2,1545,649
2021,Stainforth & Barnby Dun,E05010744,4229,2606,1638,968,9,9,972,861,111,623,544,79,19,977,642
2021,Thorne & Moorends,E05010745,7754,4700,2637,2063,60,60,1532,1192,340,1437,1267,170,25,2123,1462
2021,Tickhill & Wadsworth,E05010746,4861,3777,2111,1666,30,30,377,264,113,671,579,92,6,1696,677
2021,Town (Doncaster),E05010747,9936,4049,2120,1929,28,28,1576,1095,481,4256,3978,278,27,1957,4283
2021,Wheatley Hills & Intake,E05010748,7441,4206,2054,2152,11,11,2061,1841,220,1126,943,183,37,2163,1163
2021,Blunsdon and Highworth,E05010755,4965,3630,2051,1579,47,47,675,467,208,604,521,83,9,1626,613
2021,Haydon Wick,E05010756,5134,3848,1970,1878,31,31,529,311,218,724,661,63,2,1909,726
2021,Penhill and Upper Stratton,E05010757,5415,2640,1417,1223,29,29,2215,1965,250,506,435,71,25,1252,531
2021,Admirals and Cawston,E05010758,3705,2585,1046,1539,109,109,566,88,478,444,406,38,1,1648,445
2021,Dunsmore,E05010759,3611,2784,1583,1201,75,75,416,285,131,333,259,74,3,1276,336
2021,Wolston and the Lawfords,E05010760,3425,2435,1133,1302,66,66,535,310,225,385,325,60,4,1368,389
2021,Chadlington and Churchill,E05010781,828,559,352,207,3,3,75,11,64,190,135,55,1,210,191
2021,Charlbury and Finstock,E05010782,1730,1254,800,454,22,22,240,22,218,214,176,38,0,476,214
2021,"Hailey, Minster Lovell and Leafield",E05010783,1696,1345,822,523,16,16,131,24,107,204,149,55,0,539,204
2021,Abbey (Lincoln),E05010784,4589,1753,787,966,63,63,980,721,259,1776,1662,114,17,1029,1793
2021,Birchwood (Lincoln),E05010785,3905,2092,1055,1037,28,28,1093,898,195,679,609,70,13,1065,692
2021,Boultham,E05010786,3285,1696,881,815,66,66,516,261,255,997,918,79,10,881,1007
2021,Carholme,E05010787,4117,1760,913,847,50,50,432,242,190,1871,1732,139,4,897,1875
2021,Castle (Lincoln),E05010788,3704,1654,900,754,45,45,1046,971,75,934,855,79,25,799,959
2021,Glebe,E05010789,3581,1960,1002,958,10,10,1080,1017,63,523,469,54,8,968,531
2021,Hartsholme,E05010790,3723,2613,1446,1167,11,11,460,370,90,632,560,72,7,1178,639
2021,Minster,E05010791,3509,1821,1034,787,53,53,1034,940,94,586,507,79,15,840,601
2021,Moorland,E05010792,3406,1911,1075,836,24,24,1094,1025,69,357,309,48,20,860,377
2021,Park (Lincoln),E05010793,5293,1662,744,918,28,28,813,507,306,2772,2628,144,18,946,2790
2021,Witham (Lincoln),E05010794,3400,2547,1257,1290,11,11,405,210,195,432,384,48,5,1301,437
2021,Byfleet and West Byfleet,E05010795,4851,3585,1647,1938,29,29,457,339,118,775,700,75,5,1967,780
2021,Canalside,E05010796,3898,1704,721,983,38,38,780,550,230,1363,1264,99,13,1021,1376
2021,Goldsworth Park,E05010797,4048,2365,1159,1206,64,64,728,572,156,888,826,62,3,1270,891
2021,Heathlands,E05010798,3763,3030,1563,1467,9,9,206,159,47,518,451,67,0,1476,518
2021,Hoe Valley,E05010799,3725,2372,908,1464,27,27,764,421,343,560,509,51,2,1491,562
2021,Horsell,E05010800,3907,3091,1618,1473,2,2,345,187,158,467,407,60,2,1475,469
2021,Knaphill,E05010801,4367,3075,1335,1740,99,99,439,238,201,753,690,63,1,1839,754
2021,Mount Hermon,E05010802,4926,2518,1234,1284,39,39,287,70,217,2082,1965,117,0,1323,2082
2021,Pyrford,E05010803,3813,2995,1712,1283,4,4,228,158,70,582,464,118,4,1287,586
2021,St John's (Woking),E05010804,4136,2796,1354,1442,26,26,558,272,286,750,690,60,6,1468,756
2021,Barnack,E05010805,1418,1085,593,492,21,21,151,36,115,160,124,36,1,513,161
2021,Bretton,E05010806,4092,1908,1029,879,42,42,1031,334,697,1103,1021,82,8,921,1111
2021,Central (Peterborough),E05010807,5197,1797,994,803,67,67,833,287,546,2491,2297,194,9,870,2500
2021,Dogsthorpe,E05010808,4193,1826,844,982,67,67,1576,698,878,710,641,69,14,1049,724
2021,East (Peterborough),E05010809,4710,2002,916,1086,95,95,1087,375,712,1513,1420,93,13,1181,1526
2021,"Eye, Thorney and Newborough",E05010810,4234,2961,1450,1511,60,60,574,176,398,635,528,107,4,1571,639
2021,Fletton and Stanground,E05010811,4775,2536,1219,1317,74,74,918,271,647,1243,1130,113,4,1391,1247
2021,Fletton and Woodston,E05010812,4828,2602,1071,1531,59,59,561,156,405,1602,1513,89,4,1590,1606
2021,Glinton and Castor,E05010813,2727,2256,1320,936,17,17,157,46,111,296,223,73,1,953,297
2021,Gunthorpe,E05010814,4131,2920,1515,1405,111,111,513,210,303,585,527,58,2,1516,587
2021,Hampton Vale,E05010815,2997,1510,328,1182,92,92,569,118,451,825,770,55,1,1274,826
2021,Hargate and Hempsted,E05010816,3642,2335,455,1880,108,108,492,88,404,705,660,45,2,1988,707
2021,North (Peterborough),E05010817,4014,1700,779,921,34,34,975,327,648,1304,1192,112,1,955,1305
2021,Orton Longueville,E05010818,4357,2217,1136,1081,22,22,1117,354,763,991,902,89,10,1103,1001
2021,Orton Waterville,E05010819,4315,2801,1573,1228,25,25,683,196,487,804,742,62,2,1253,806
2021,Park (Peterborough),E05010820,3723,2062,1033,1029,22,22,284,69,215,1351,1252,99,4,1051,1355
2021,Paston and Walton,E05010821,4517,2271,1051,1220,34,34,1325,410,915,879,806,73,8,1254,887
2021,Ravensthorpe,E05010822,4167,2069,1014,1055,44,44,1149,441,708,896,812,84,9,1099,905
2021,Stanground South,E05010823,4343,2745,1011,1734,115,115,687,174,513,794,727,67,2,1849,796
2021,Werrington (Peterborough),E05010824,4495,3048,1703,1345,46,46,531,111,420,870,799,71,0,1391,870
2021,West (Peterborough),E05010825,2290,1500,926,574,2,2,438,101,337,347,313,34,3,576,350
2021,Wittering,E05010826,1362,744,308,436,8,8,104,28,76,506,277,229,0,444,506
2021,Berechurch,E05010827,4453,2698,1126,1572,17,17,955,627,328,777,695,82,6,1589,783
2021,Castle (Colchester),E05010828,5555,2550,1305,1245,28,28,616,211,405,2355,2200,155,6,1273,2361
2021,Greenstead,E05010829,5682,2077,1136,941,18,18,1810,1269,541,1769,1695,74,8,959,1777
2021,Highwoods,E05010830,4413,2572,1043,1529,29,29,611,119,492,1199,1127,72,2,1558,1201
2021,Lexden and Braiswick,E05010831,3980,3204,1786,1418,7,7,264,227,37,503,440,63,2,1425,505
2021,Marks Tey and Layer,E05010832,4394,3503,1615,1888,38,38,357,154,203,494,416,78,2,1926,496
2021,Mersea and Pyefleet,E05010833,4455,3670,2463,1207,14,14,291,187,104,479,375,104,1,1221,480
2021,Mile End (Colchester),E05010834,5728,3441,1045,2396,83,83,712,157,555,1489,1404,85,3,2479,1492
2021,New Town and Christ Church,E05010835,6397,3423,1431,1992,26,26,599,140,459,2345,2183,162,4,2018,2349
2021,Old Heath and The Hythe,E05010836,5409,2949,1351,1598,27,27,1148,600,548,1279,1191,88,6,1625,1285
2021,Prettygate,E05010837,4300,3504,2068,1436,10,10,349,225,124,435,374,61,2,1446,437
2021,Rural North,E05010838,4371,3553,2012,1541,15,15,366,238,128,436,351,85,1,1556,437
2021,St Anne's and St John's,E05010839,4502,3290,1873,1417,24,24,601,469,132,580,507,73,7,1441,587
2021,Shrub End,E05010840,4541,2119,903,1216,19,19,1032,527,505,1362,657,705,9,1235,1371
2021,Stanway,E05010841,4011,2998,1465,1533,27,27,448,243,205,537,463,74,1,1560,538
2021,Tiptree,E05010842,4113,3297,1924,1373,18,18,274,160,114,522,402,120,2,1391,524
2021,Wivenhoe,E05010843,3405,2629,1579,1050,20,20,152,92,60,603,522,81,1,1070,604
2021,Downhall and Rawreth,E05010844,2549,2098,1028,1070,12,12,185,18,167,254,216,38,0,1082,254
2021,Foulness and The Wakerings,E05010845,2930,2199,1107,1092,28,28,357,71,286,346,256,90,0,1120,346
2021,Hawkwell East,E05010846,2571,2086,1123,963,7,7,126,14,112,352,319,33,0,970,352
2021,Hawkwell West,E05010847,2562,2308,1281,1027,17,17,75,6,69,162,130,32,0,1044,162
2021,Hockley,E05010848,2747,2256,1237,1019,9,9,161,21,140,321,276,45,0,1028,321
2021,Hockley and Ashingdon,E05010849,2529,2278,1286,992,10,10,57,11,46,184,152,32,0,1002,184
2021,Hullbridge,E05010850,2908,2593,1699,894,7,7,83,10,73,225,178,47,0,901,225
2021,Lodge,E05010851,2671,2307,1315,992,11,11,140,21,119,213,184,29,0,1003,213
2021,Roche North and Rural,E05010852,2688,1782,860,922,28,28,597,65,532,281,223,58,0,950,281
2021,Roche South,E05010853,2892,1913,923,990,52,52,423,41,382,501,431,70,3,1042,504
2021,Sweyne Park and Grange,E05010854,2867,2228,1064,1164,9,9,239,33,206,391,354,37,0,1173,391
2021,Trinity (Rochford),E05010855,2771,2446,1380,1066,6,6,153,17,136,166,128,38,0,1072,166
2021,Wheatley (Rochford),E05010856,2872,2182,1271,911,9,9,274,36,238,407,358,49,0,920,407
2021,Beauchief and Greenhill,E05010857,8988,4995,2784,2211,22,22,3099,2854,245,860,727,133,12,2233,872
2021,Beighton,E05010858,7679,5666,3101,2565,31,31,1143,859,284,834,693,141,5,2596,839
2021,Birley,E05010859,7342,4831,2429,2402,76,76,1658,1337,321,774,655,119,3,2478,777
2021,Broomhill and Sharrow Vale,E05010860,8067,2817,1508,1309,32,32,1246,499,747,3959,3783,176,13,1341,3972
2021,Burngreave,E05010861,9457,3750,2295,1455,56,56,3445,2570,875,2171,1897,274,35,1511,2206
2021,City (Sheffield),E05010862,6898,1138,459,679,27,27,774,253,521,4955,4790,165,4,706,4959
2021,Crookes and Crosspool,E05010863,7204,4789,2570,2219,20,20,415,252,163,1979,1836,143,1,2239,1980
2021,Darnall,E05010864,7698,3950,2082,1868,23,23,2034,1445,589,1680,1472,208,11,1891,1691
2021,Dore and Totley,E05010865,8118,6849,4054,2795,12,12,595,441,154,660,557,103,2,2807,662
2021,East Ecclesfield,E05010866,8030,6031,3345,2686,16,16,1091,952,139,891,748,143,1,2702,892
2021,Ecclesall,E05010867,8096,7097,3804,3293,13,13,163,54,109,823,721,102,0,3306,823
2021,Firth Park,E05010868,9064,3650,1840,1810,44,44,4138,3428,710,1216,1046,170,16,1854,1232
2021,Fulwood,E05010869,6271,5042,3003,2039,9,9,362,251,111,855,741,114,3,2048,858
2021,Gleadless Valley,E05010870,9308,4708,2243,2465,14,14,2962,2462,500,1613,1426,187,11,2479,1624
2021,Graves Park,E05010871,7643,5796,3025,2771,13,13,605,408,197,1227,1071,156,2,2784,1229
2021,Hillsborough,E05010872,8759,5537,2814,2723,12,12,1267,436,831,1939,1733,206,4,2735,1943
2021,Manor Castle,E05010873,9572,3195,1444,1751,41,41,4521,1098,3423,1793,1608,185,22,1792,1815
2021,Mosborough,E05010874,7845,5479,2918,2561,26,26,1475,1288,187,859,703,156,6,2587,865
2021,Nether Edge and Sharrow,E05010875,9410,4470,2258,2212,54,54,1304,874,430,3565,3300,265,17,2266,3582
2021,Park and Arbourthorne,E05010876,8299,3866,1965,1901,57,57,3180,2419,761,1188,1054,134,8,1958,1196
2021,Richmond (Sheffield),E05010877,8376,5340,2794,2546,20,20,2031,1305,726,983,856,127,2,2566,985
2021,Shiregreen and Brightside,E05010878,8567,4375,2201,2174,14,14,2821,735,2086,1348,1195,153,9,2188,1357
2021,Southey,E05010879,8850,4275,2102,2173,10,10,3620,3310,310,938,797,141,7,2183,945
2021,Stannington,E05010880,8170,6144,3428,2716,25,25,1322,1083,239,676,527,149,3,2741,679
2021,Stocksbridge and Upper Don,E05010881,8175,6161,3364,2797,23,23,1072,953,119,914,760,154,5,2820,919
2021,Walkley,E05010882,10195,4453,2200,2253,30,30,2624,1940,684,3062,2841,221,26,2283,3088
2021,West Ecclesfield,E05010883,7676,5754,3288,2466,10,10,1205,1102,103,705,601,104,2,2476,707
2021,Woodhouse (Sheffield),E05010884,8205,5015,2585,2430,48,48,2172,1504,668,960,838,122,10,2478,970
2021,Ashley,E05010885,8324,3254,1387,1867,129,129,1759,650,1109,3163,2949,214,19,1996,3182
2021,Avonmouth and Lawrence Weston,E05010886,9012,4902,2325,2577,28,28,2749,2313,436,1292,1138,154,41,2605,1333
2021,Bedminster,E05010887,5782,3482,1442,2040,34,34,696,550,146,1565,1441,124,5,2074,1570
2021,Bishopston and Ashley Down,E05010888,5050,3268,1394,1874,27,27,193,74,119,1562,1456,106,0,1901,1562
2021,Bishopsworth,E05010889,5140,3577,1737,1840,99,99,595,442,153,859,760,99,10,1939,869
2021,Brislington East,E05010890,5176,3358,1448,1910,23,23,806,732,74,980,882,98,9,1933,989
2021,Brislington West,E05010891,5003,3297,1380,1917,45,45,615,323,292,1041,948,93,5,1962,1046
2021,Central (Bristol),E05010892,6488,1266,552,714,94,94,1343,914,429,3764,3546,218,21,808,3785
2021,Clifton (Bristol),E05010893,5666,2448,1351,1097,17,17,483,245,238,2711,2566,145,7,1114,2718
2021,Clifton Down,E05010894,4920,1801,890,911,19,19,210,70,140,2890,2761,129,0,930,2890
2021,Cotham,E05010895,4807,2056,970,1086,16,16,324,97,227,2406,2307,99,5,1102,2411
2021,Easton (Bristol),E05010896,5897,3223,1274,1949,31,31,702,342,360,1932,1785,147,9,1980,1941
2021,Eastville,E05010897,6099,3254,1410,1844,59,59,940,455,485,1826,1667,159,20,1903,1846
2021,Filwood,E05010898,5406,2523,1026,1497,73,73,2063,1777,286,710,629,81,37,1570,747
2021,Frome Vale,E05010899,5618,3305,1696,1609,55,55,1060,757,303,1182,1058,124,16,1664,1198
2021,Hartcliffe and Withywood,E05010900,7586,2977,1455,1522,80,80,3761,3039,722,732,613,119,36,1602,768
2021,Henbury and Brentry,E05010901,5562,3019,1478,1541,45,45,1617,1394,223,865,763,102,16,1586,881
2021,Hengrove and Whitchurch Park,E05010902,7740,5432,2919,2513,85,85,1163,690,473,1032,906,126,28,2598,1060
2021,Hillfields,E05010903,5033,3039,1350,1689,39,39,890,692,198,1057,940,117,8,1728,1065
2021,Horfield,E05010904,5429,2762,1341,1421,49,49,1050,668,382,1559,1471,88,9,1470,1568
2021,Hotwells and Harbourside,E05010905,2832,1005,534,471,66,66,325,98,227,1431,1359,72,5,537,1436
2021,Knowle (Bristol),E05010906,5408,3554,1640,1914,71,71,932,687,245,846,761,85,5,1985,851
2021,Lawrence Hill,E05010907,7652,1636,655,981,118,118,3392,2396,996,2457,2291,166,49,1099,2506
2021,Lockleaze,E05010908,4996,2556,1114,1442,44,44,1323,955,368,1051,960,91,22,1486,1073
2021,Redland,E05010909,5162,3396,1615,1781,16,16,158,49,109,1591,1491,100,1,1797,1592
2021,St George Central,E05010910,5551,3345,1396,1949,17,17,751,542,209,1424,1288,136,14,1966,1438
2021,St George Troopers Hill,E05010911,2798,2045,961,1084,18,18,152,60,92,582,526,56,1,1102,583
2021,St George West,E05010912,3174,1687,583,1104,12,12,442,205,237,1027,941,86,6,1116,1033
2021,Southmead,E05010913,5050,2408,1117,1291,40,40,1709,1457,252,865,780,85,28,1331,893
2021,Southville,E05010914,5775,2806,1067,1739,39,39,914,545,369,2008,1882,126,8,1778,2016
2021,Stockwood,E05010915,4967,3460,1828,1632,28,28,950,639,311,519,438,81,10,1660,529
2021,Stoke Bishop,E05010916,4392,3292,1893,1399,15,15,548,473,75,530,454,76,7,1414,537
2021,Westbury-on-Trym and Henleaze,E05010917,8109,6553,3712,2841,30,30,446,220,226,1074,944,130,6,2871,1080
2021,Windmill Hill,E05010918,6030,3428,1255,2173,97,97,820,422,398,1682,1571,111,3,2270,1685
2021,Banbury Cross and Neithrop,E05010921,4694,2121,1097,1024,49,49,743,143,600,1773,1666,107,8,1073,1781
2021,Banbury Grimsbury and Hightown,E05010922,4469,2149,1018,1131,68,68,627,103,524,1625,1520,105,0,1199,1625
2021,Banbury Hardwick,E05010923,4266,2604,986,1618,101,101,594,116,478,967,892,75,0,1719,967
2021,Banbury Ruscote,E05010924,4381,2096,942,1154,69,69,1657,342,1315,554,487,67,5,1223,559
2021,Bicester East,E05010925,3697,2375,1176,1199,38,38,526,80,446,757,692,65,1,1237,758
2021,Bicester North and Caversfield,E05010926,3699,2409,857,1552,32,32,298,33,265,960,821,139,0,1584,960
2021,Bicester West,E05010928,3523,2555,1380,1175,18,18,516,87,429,433,380,53,1,1193,434
2021,"Cropredy, Sibfords and Wroxton",E05010929,3621,2849,1654,1195,45,45,269,37,232,458,368,90,0,1240,458
2021,Deddington,E05010930,4036,3079,1794,1285,45,45,390,57,333,522,415,107,0,1330,522
2021,Kidlington East,E05010932,4060,2777,1714,1063,43,43,464,133,331,767,671,96,9,1106,776
2021,Kidlington West,E05010933,4021,2843,1732,1111,100,100,333,45,288,745,657,88,0,1211,745
2021,Launton and Otmoor,E05010934,3386,2589,1371,1218,53,53,328,38,290,415,322,93,1,1271,416
2021,Cherryfield,E05010935,4620,2626,1300,1326,13,13,1195,468,727,780,689,91,6,1339,786
2021,Halewood North,E05010936,4407,3109,1489,1620,61,61,718,268,450,519,455,64,0,1681,519
2021,Halewood South,E05010937,4475,2775,1431,1344,62,62,1172,503,669,463,399,64,3,1406,466
2021,Northwood (Knowsley),E05010938,5043,1988,935,1053,21,21,2051,894,1157,969,897,72,14,1074,983
2021,Page Moss,E05010939,5000,2422,1044,1378,50,50,1855,872,983,662,595,67,11,1428,673
2021,Prescot North,E05010940,4893,2913,1277,1636,26,26,894,385,509,1049,933,116,11,1662,1060
2021,Prescot South,E05010941,4238,2692,1292,1400,25,25,878,435,443,639,556,83,4,1425,643
2021,Roby,E05010942,3918,3379,1764,1615,29,29,213,79,134,295,250,45,2,1644,297
2021,Shevington,E05010943,4545,2769,1005,1764,27,27,920,489,431,816,754,62,13,1791,829
2021,St Gabriels,E05010944,4145,2494,1283,1211,27,27,1002,489,513,616,515,101,6,1238,622
2021,St Michaels (Knowsley),E05010945,4002,2061,1038,1023,39,39,1420,654,766,473,406,67,9,1062,482
2021,Stockbridge,E05010946,4698,1844,801,1043,60,60,2188,599,1589,602,542,60,4,1103,606
2021,Swanside,E05010947,3866,3211,1521,1690,9,9,205,89,116,438,375,63,3,1699,441
2021,Whiston and Cronton,E05010948,3925,2585,1394,1191,18,18,810,397,413,507,425,82,5,1209,512
2021,Whitefield,E05010949,4300,2417,1327,1090,75,75,1164,488,676,638,573,65,6,1165,644
2021,Abbeydale,E05010950,2925,2460,1384,1076,16,16,139,56,83,308,258,50,2,1092,310
2021,Abbeymead,E05010951,2608,2039,889,1150,11,11,64,9,55,494,453,41,0,1161,494
2021,Barnwood,E05010952,2775,2146,1096,1050,31,31,243,70,173,355,316,39,0,1081,355
2021,Barton and Tredworth,E05010953,4607,2148,1146,1002,39,39,571,134,437,1840,1699,141,9,1041,1849
2021,Coney Hill,E05010954,1282,732,306,426,2,2,317,202,115,227,197,30,4,428,231
2021,Elmbridge,E05010955,2599,2035,1025,1010,14,14,162,76,86,386,355,31,2,1024,388
2021,Grange (Gloucester),E05010956,3141,2252,1262,990,45,45,245,77,168,599,533,66,0,1035,599
2021,Hucclecote,E05010957,2828,2355,1464,891,14,14,134,60,74,324,279,45,1,905,325
2021,Kingsholm and Wotton,E05010958,3180,1487,812,675,20,20,523,148,375,1148,1066,82,2,695,1150
2021,Kingsway (Gloucester),E05010959,2511,1380,221,1159,138,138,481,35,446,511,459,52,1,1297,512
2021,Longlevens,E05010960,4021,3442,1958,1484,18,18,86,27,59,475,390,85,0,1502,475
2021,"Matson, Robinswood and White City",E05010961,4244,2055,951,1104,18,18,1674,891,783,482,433,49,15,1122,497
2021,Moreland,E05010962,4208,2430,1073,1357,16,16,567,265,302,1188,1085,103,7,1373,1195
2021,Podsmead,E05010963,1472,788,365,423,5,5,522,218,304,151,134,17,6,428,157
2021,Quedgeley Fieldcourt,E05010964,3146,2202,964,1238,77,77,239,38,201,627,574,53,1,1315,628
2021,Quedgeley Severn Vale,E05010965,2540,1913,795,1118,12,12,73,7,66,541,490,51,1,1130,542
2021,Tuffley,E05010966,2533,1676,916,760,34,34,571,293,278,248,199,49,4,794,252
2021,Westgate (Gloucester),E05010967,4793,1841,883,958,121,121,926,190,736,1902,1771,131,3,1079,1905
2021,Berkeley Vale,E05010969,3128,2253,1282,971,44,44,353,248,105,472,393,79,6,1015,478
2021,Cam East,E05010972,2003,1541,939,602,21,21,277,201,76,158,132,26,6,623,164
2021,Cam West,E05010973,1820,1290,720,570,36,36,291,262,29,200,169,31,3,606,203
2021,Coaley and Uley,E05010975,1002,785,492,293,6,6,119,83,36,91,80,11,1,299,92
2021,Dursley,E05010976,3251,2158,1108,1050,44,44,562,424,138,479,420,59,8,1094,487
2021,Painswick and Upton,E05010981,3237,2510,1472,1038,33,33,251,127,124,441,376,65,2,1071,443
2021,"Randwick, Whiteshill and Ruscombe",E05010982,875,750,468,282,2,2,51,46,5,72,62,10,0,284,72
2021,Stroud Central,E05010986,1105,611,354,257,23,23,72,8,64,398,356,42,1,280,399
2021,Stroud Farmhill and Paganhill,E05010987,1122,732,421,311,2,2,274,231,43,112,96,16,2,313,114
2021,Stroud Slade,E05010988,1113,635,360,275,8,8,312,240,72,155,141,14,3,283,158
2021,Stroud Uplands,E05010990,951,655,379,276,3,3,157,149,8,136,122,14,0,279,136
2021,Stroud Valley,E05010991,1024,662,368,294,3,3,153,45,108,205,185,20,1,297,206
2021,The Stanleys,E05010992,2022,1532,926,606,42,42,270,203,67,173,144,29,5,648,178
2021,Alresford and Itchen Valley,E05010995,3862,2779,1757,1022,22,22,423,329,94,632,516,116,6,1044,638
2021,Badger Farm and Oliver's Battery,E05010996,3407,2672,1535,1137,25,25,141,121,20,569,493,76,0,1162,569
2021,Bishop's Waltham,E05010997,3564,2580,1503,1077,25,25,475,277,198,480,394,86,4,1102,484
2021,Central Meon Valley,E05010998,3925,3122,1712,1410,50,50,334,161,173,414,315,99,5,1460,419
2021,Colden Common and Twyford,E05010999,2515,1884,1048,836,28,28,342,223,119,261,222,39,0,864,261
2021,Denmead,E05011000,3697,2703,1378,1325,85,85,441,185,256,468,408,60,0,1410,468
2021,St Barnabas,E05011001,3606,2603,1467,1136,19,19,576,383,193,403,301,102,5,1155,408
2021,St Bartholomew (Winchester),E05011002,4155,1850,1001,849,67,67,1276,850,426,954,877,77,8,916,962
2021,St Luke (Winchester),E05011003,2254,695,356,339,30,30,1014,791,223,506,472,34,9,369,515
2021,St Michael (Winchester),E05011004,3990,1883,1128,755,17,17,1001,671,330,1083,902,181,6,772,1089
2021,St Paul (Winchester),E05011005,3077,1945,1025,920,32,32,326,65,261,773,693,80,1,952,774
2021,Southwick and Wickham,E05011006,2956,1675,880,795,108,108,492,261,231,674,525,149,7,903,681
2021,The Worthys,E05011007,2741,1750,888,862,91,91,429,259,170,467,233,234,4,953,471
2021,Upper Meon Valley,E05011008,2232,1565,909,656,13,13,217,136,81,437,325,112,0,669,437
2021,Whiteley and Shedfield,E05011009,2687,1930,832,1098,35,35,146,81,65,571,497,74,5,1133,576
2021,Wonston and Micheldever,E05011010,3044,2282,1229,1053,52,52,302,157,145,408,315,93,0,1105,408
2021,Alphington,E05011011,3556,2597,1471,1126,17,17,318,179,139,623,552,71,1,1143,624
2021,Duryard and St James,E05011012,3429,1460,922,538,26,26,346,64,282,1597,1510,87,0,564,1597
2021,Exwick,E05011013,4242,2465,1258,1207,51,51,872,271,601,849,773,76,5,1258,854
2021,Heavitree,E05011014,3901,2569,1437,1132,32,32,331,256,75,966,871,95,3,1164,969
2021,Mincinglake and Whipton,E05011015,3715,2004,1060,944,17,17,1207,1012,195,471,404,67,16,961,487
2021,Newtown and St Leonard's,E05011016,4559,2004,1112,892,33,33,790,281,509,1730,1637,93,2,925,1732
2021,Pennsylvania,E05011017,4114,2247,1180,1067,30,30,521,248,273,1312,1241,71,4,1097,1316
2021,Pinhoe,E05011018,3883,2729,1317,1412,124,124,627,213,414,402,346,56,1,1536,403
2021,Priory (Exeter),E05011019,3703,2022,1092,930,39,39,1063,893,170,568,464,104,11,969,579
2021,St David's (Exeter),E05011020,4776,1523,885,638,58,58,1046,375,671,2141,2020,121,8,696,2149
2021,St Loyes,E05011021,3984,2681,1414,1267,48,48,502,303,199,746,696,50,7,1315,753
2021,St Thomas (Exeter),E05011022,4294,2796,1479,1317,22,22,467,177,290,1007,896,111,2,1339,1009
2021,Topsham,E05011023,4402,2972,1742,1230,88,88,642,369,273,693,611,82,7,1318,700
2021,Appleton (Warrington),E05011024,4331,3789,2158,1631,27,27,244,123,121,271,221,50,0,1658,271
2021,Bewsey and Whitecross,E05011025,5686,2091,888,1203,34,34,1600,680,920,1950,1847,103,11,1237,1961
2021,Birchwood (Warrington),E05011026,4963,2847,1582,1265,58,58,1351,219,1132,703,633,70,4,1323,707
2021,Burtonwood and Winwick,E05011027,2576,2116,1191,925,14,14,193,110,83,253,196,57,0,939,253
2021,Chapelford and Old Hall,E05011028,4695,3429,1343,2086,61,61,528,56,472,677,602,75,0,2147,677
2021,"Culcheth, Glazebury and Croft",E05011029,4610,3743,2155,1588,11,11,400,190,210,454,374,80,2,1599,456
2021,Fairfield and Howley,E05011030,5712,2310,972,1338,56,56,1520,393,1127,1816,1677,139,10,1394,1826
2021,Grappenhall,E05011031,2574,2312,1194,1118,14,14,74,23,51,174,143,31,0,1132,174
2021,Great Sankey North and Whittle Hall,E05011032,4047,3600,1680,1920,35,35,156,44,112,255,214,41,1,1955,256
2021,Great Sankey South,E05011033,4766,3294,1509,1785,38,38,626,106,520,803,721,82,5,1823,808
2021,Latchford East,E05011034,4070,1968,768,1200,76,76,1018,480,538,1004,920,84,4,1276,1008
2021,Latchford West,E05011035,3681,2224,1252,972,7,7,426,146,280,1022,916,106,2,979,1024
2021,Lymm North and Thelwall,E05011036,4968,4183,2296,1887,27,27,279,86,193,477,403,74,2,1914,479
2021,Lymm South,E05011037,2684,2048,1145,903,28,28,264,117,147,344,297,47,0,931,344
2021,Orford,E05011038,5200,2956,1524,1432,12,12,1269,714,555,959,846,113,4,1444,963
2021,Penketh and Cuerdley,E05011039,4239,3718,2137,1581,17,17,159,67,92,345,269,76,0,1598,345
2021,Poplars and Hulme,E05011040,5315,2290,981,1309,27,27,2420,1075,1345,572,498,74,6,1336,578
2021,Poulton North,E05011041,4161,3088,1735,1353,23,23,655,151,504,393,330,63,2,1376,395
2021,Poulton South,E05011042,2800,2381,1277,1104,7,7,160,52,108,252,196,56,0,1111,252
2021,Rixton and Woolston,E05011043,3874,3345,1928,1417,6,6,186,86,100,337,271,66,0,1423,337
2021,Stockton Heath,E05011044,3020,2395,1247,1148,6,6,190,50,140,428,373,55,1,1154,429
2021,Westbrook (Warrington),E05011045,2569,2061,979,1082,102,102,122,14,108,283,247,36,1,1184,284
2021,Callowland,E05011046,3413,1716,606,1110,15,15,270,84,186,1408,1338,70,4,1125,1412
2021,Central (Watford),E05011047,4748,1535,684,851,95,95,509,68,441,2608,2507,101,1,946,2609
2021,Holywell (Watford),E05011048,3706,1395,510,885,103,103,1107,263,844,1100,1044,56,1,988,1101
2021,Leggatts,E05011049,2967,1763,678,1085,29,29,654,204,450,520,482,38,1,1114,521
2021,Meriden (Watford),E05011050,3130,1719,766,953,28,28,967,291,676,414,369,45,2,981,416
2021,Nascot,E05011051,3592,2208,1038,1170,32,32,296,45,251,1056,980,76,0,1202,1056
2021,Oxhey,E05011052,2923,1941,885,1056,12,12,403,104,299,566,528,38,1,1068,567
2021,Park (Watford),E05011053,3086,2276,1126,1150,36,36,173,27,146,601,564,37,0,1186,601
2021,Stanborough,E05011054,2960,2059,973,1086,16,16,436,111,325,448,397,51,1,1102,449
2021,Tudor (Watford),E05011055,2800,1868,901,967,6,6,368,76,292,556,519,37,2,973,558
2021,Vicarage,E05011056,3162,1544,647,897,13,13,217,25,192,1388,1308,80,0,910,1388
2021,Woodside (Watford),E05011057,3145,1822,764,1058,34,34,774,232,542,512,469,43,3,1092,515
2021,Brookmans Park and Little Heath,E05011058,2629,2135,1150,985,5,5,144,119,25,345,279,66,0,990,345
2021,Haldens,E05011059,2943,1590,800,790,17,17,968,618,350,361,330,31,7,807,368
2021,Handside,E05011060,3100,1992,1165,827,18,18,711,489,222,371,341,30,8,845,379
2021,Hatfield Central,E05011061,3327,1273,549,724,32,32,1271,984,287,733,690,43,18,756,751
2021,Hatfield East,E05011062,3121,1431,650,781,35,35,811,579,232,840,789,51,4,816,844
2021,Hatfield South West,E05011063,3018,1297,567,730,44,44,841,672,169,828,761,67,8,774,836
2021,Hatfield Villages,E05011064,3326,1632,629,1003,67,67,601,107,494,1026,969,57,0,1070,1026
2021,Hollybush,E05011065,2751,1293,478,815,36,36,989,712,277,429,403,26,4,851,433
2021,Howlands,E05011066,2912,1619,682,937,33,33,1071,699,372,188,170,18,1,970,189
2021,Northaw and Cuffley,E05011067,2377,1975,1115,860,8,8,116,68,48,278,238,40,0,868,278
2021,Panshanger,E05011068,2565,1585,746,839,23,23,596,437,159,353,330,23,8,862,361
2021,Peartree (Welwyn Hatfield),E05011069,3462,1207,383,824,272,272,1496,1074,422,476,448,28,11,1096,487
2021,Sherrards,E05011070,2398,1638,870,768,14,14,538,495,43,205,181,24,3,782,208
2021,Welham Green and Hatfield South,E05011071,3068,1628,868,760,13,13,802,661,141,615,562,53,10,773,625
2021,Welwyn East,E05011072,2648,2001,1028,973,6,6,371,335,36,269,233,36,1,979,270
2021,Welwyn West,E05011073,2566,1880,1031,849,25,25,386,305,81,271,230,41,4,874,275
2021,Claygate,E05011074,2806,2251,1162,1089,17,17,243,39,204,294,250,44,1,1106,295
2021,Cobham and Downside,E05011075,3718,2429,1303,1126,19,19,539,110,429,730,645,85,1,1145,731
2021,Esher,E05011076,3582,2480,1225,1255,26,26,478,102,376,598,529,69,0,1281,598
2021,Hersham Village,E05011077,3544,2423,979,1444,113,113,478,64,414,529,482,47,1,1557,530
2021,Hinchley Wood and Weston Green,E05011078,3165,2731,1238,1493,12,12,84,10,74,337,300,37,1,1505,338
2021,Long Ditton,E05011079,2811,2127,916,1211,8,8,317,44,273,357,321,36,2,1219,359
2021,Molesey East,E05011080,3589,2596,1290,1306,63,63,268,47,221,660,601,59,2,1369,662
2021,Molesey West,E05011081,3661,2584,1160,1424,29,29,571,102,469,474,431,43,3,1453,477
2021,Oatlands and Burwood Park,E05011082,3311,2584,1305,1279,2,2,148,25,123,574,536,38,3,1281,577
2021,Oxshott and Stoke D'Abernon,E05011083,3410,2775,1439,1336,17,17,126,18,108,492,422,70,0,1353,492
2021,Thames Ditton,E05011084,3618,2858,1290,1568,32,32,168,12,156,554,512,42,6,1600,560
2021,Walton Central,E05011085,3764,2469,1258,1211,70,70,293,52,241,931,874,57,1,1281,932
2021,Walton North,E05011086,3639,2122,822,1300,70,70,838,175,663,605,548,57,4,1370,609
2021,Walton South,E05011087,3626,2541,1226,1315,52,52,302,63,239,731,678,53,0,1367,731
2021,Weybridge Riverside,E05011088,3566,2295,1069,1226,25,25,374,57,317,872,803,69,0,1251,872
2021,Weybridge St George's Hill,E05011089,3781,2376,1127,1249,31,31,382,22,360,989,896,93,3,1280,992
2021,Borough & Bankside,E05011095,4106,903,403,500,94,94,1416,694,722,1685,1520,165,8,594,1693
2021,Camberwell Green,E05011096,6833,1504,410,1094,262,262,3552,2350,1202,1489,1359,130,26,1356,1515
2021,Champion Hill,E05011097,3842,1489,530,959,32,32,1481,1278,203,831,756,75,9,991,840
2021,Chaucer,E05011098,6123,1184,419,765,128,128,2599,2025,574,2196,2032,164,16,893,2212
2021,Dulwich Hill,E05011099,3884,2091,745,1346,19,19,725,301,424,1039,942,97,10,1365,1049
2021,Dulwich Village,E05011100,3769,2577,1272,1305,13,13,472,334,138,704,618,86,3,1318,707
2021,Dulwich Wood,E05011101,4336,2091,941,1150,66,66,1151,952,199,1022,918,104,6,1216,1028
2021,Faraday,E05011102,4795,751,267,484,90,90,2480,1998,482,1464,1358,106,10,574,1474
2021,Goose Green,E05011103,5912,2828,992,1836,45,45,1146,539,607,1885,1773,112,8,1881,1893
2021,London Bridge & West Bermondsey,E05011104,7201,1666,566,1100,174,174,2585,1566,1019,2767,2544,223,9,1274,2776
2021,Newington (Southwark),E05011105,5808,1188,458,730,68,68,3332,2771,561,1194,1070,124,26,798,1220
2021,North Bermondsey,E05011106,7158,1745,762,983,243,243,2507,1981,526,2655,2467,188,8,1226,2663
2021,North Walworth,E05011107,7161,1308,404,904,397,397,2901,1936,965,2526,2390,136,29,1301,2555
2021,Nunhead & Queen's Road,E05011108,6644,2001,614,1387,184,184,3155,2015,1140,1284,1140,144,20,1571,1304
2021,Old Kent Road,E05011109,7438,1311,402,909,219,219,4313,3059,1254,1543,1415,128,52,1128,1595
2021,Peckham,E05011110,5790,1111,274,837,149,149,3355,2374,981,1145,1037,108,30,986,1175
2021,Peckham Rye,E05011111,4001,2018,689,1329,34,34,1118,751,367,821,755,66,10,1363,831
2021,Rotherhithe,E05011112,6922,1577,647,930,194,194,2738,1755,983,2403,2210,193,10,1124,2413
2021,Rye Lane,E05011113,6220,2064,752,1312,158,158,2391,1556,835,1594,1492,102,13,1470,1607
2021,St George's (Southwark),E05011114,3647,814,326,488,212,212,1478,906,572,1138,1059,79,5,700,1143
2021,St Giles,E05011115,6431,2036,714,1322,98,98,2574,1836,738,1662,1460,202,61,1420,1723
2021,South Bermondsey,E05011116,6902,1408,500,908,148,148,3295,2194,1101,2033,1895,138,18,1056,2051
2021,Surrey Docks,E05011117,5893,2081,789,1292,155,155,1226,264,962,2426,2286,140,5,1447,2431
2021,Acocks Green,E05011118,9057,4755,2241,2514,41,41,1987,1333,654,2231,2060,171,43,2555,2274
2021,Allens Cross,E05011119,4423,2467,1261,1206,77,77,1156,940,216,707,630,77,16,1283,723
2021,Alum Rock,E05011120,7100,3504,2096,1408,26,26,1887,704,1183,1656,1430,226,27,1434,1683
2021,Aston (Birmingham),E05011121,6773,3166,1847,1319,22,22,1804,750,1054,1753,1537,216,28,1341,1781
2021,Balsall Heath West,E05011122,3881,1392,883,509,24,24,1597,577,1020,849,778,71,19,533,868
2021,Bartley Green,E05011123,9668,4634,2341,2293,183,183,3627,2932,695,1165,1015,150,59,2476,1224
2021,Billesley,E05011124,8169,4813,2447,2366,89,89,1922,1594,328,1311,1146,165,34,2455,1345
2021,Birchfield (Birmingham),E05011125,3986,1401,843,558,34,34,1686,379,1307,848,725,123,17,592,865
2021,Bordesley & Highgate,E05011126,5523,1329,619,710,46,46,1842,1070,772,2279,2146,133,27,756,2306
2021,Bordesley Green,E05011127,3696,1387,796,591,22,22,1228,577,651,1035,915,120,24,613,1059
2021,Bournbrook & Selly Park,E05011128,5931,2042,1126,916,47,47,625,279,346,3213,3077,136,4,963,3217
2021,Bournville & Cotteridge,E05011129,8291,4376,2280,2096,129,129,2409,544,1865,1363,1231,132,14,2225,1377
2021,Brandwood & King's Heath,E05011130,7805,5016,2616,2400,77,77,1248,831,417,1437,1291,146,27,2477,1464
2021,Bromford & Hodge Hill,E05011131,7087,4227,2014,2213,105,105,1634,1266,368,1099,938,161,22,2318,1121
2021,Castle Vale,E05011132,4212,1472,763,709,18,18,2316,273,2043,402,343,59,4,727,406
2021,Druids Heath & Monyhull,E05011133,4955,2539,1238,1301,105,105,1646,1348,298,620,549,71,45,1406,665
2021,Edgbaston,E05011134,6315,2990,1709,1281,44,44,1206,559,647,2052,1858,194,23,1325,2075
2021,Erdington,E05011135,9183,4785,2422,2363,152,152,1862,1177,685,2346,2151,195,38,2515,2384
2021,Frankley Great Park,E05011136,5170,2475,1035,1440,67,67,1819,1545,274,776,681,95,33,1507,809
2021,Garretts Green,E05011137,4119,1940,829,1111,52,52,1523,1232,291,571,490,81,33,1163,604
2021,Glebe Farm & Tile Cross,E05011138,9033,4393,2073,2320,73,73,2865,2324,541,1673,1494,179,29,2393,1702
2021,Gravelly Hill,E05011139,4062,1711,862,849,56,56,1132,497,635,1145,1059,86,18,905,1163
2021,Hall Green North,E05011140,7886,5448,2779,2669,64,64,818,564,254,1542,1358,184,14,2733,1556
2021,Hall Green South,E05011141,3997,3167,1625,1542,12,12,141,50,91,673,596,77,4,1554,677
2021,Handsworth,E05011142,3555,1610,1017,593,22,22,1061,287,774,846,697,149,16,615,862
2021,Handsworth Wood,E05011143,6766,4029,2195,1834,19,19,928,258,670,1760,1577,183,30,1853,1790
2021,Harborne,E05011144,9949,4961,2585,2376,153,153,2220,1534,686,2564,2416,148,51,2529,2615
2021,Heartlands,E05011145,3544,1741,864,877,35,35,879,728,151,868,765,103,21,912,889
2021,Highter's Heath,E05011146,4382,2944,1399,1545,55,55,688,557,131,680,605,75,15,1600,695
2021,Holyhead,E05011147,3641,1546,861,685,25,25,886,260,626,1170,1025,145,14,710,1184
2021,King's Norton North,E05011148,4889,2971,1580,1391,71,71,1199,703,496,630,548,82,18,1462,648
2021,King's Norton South,E05011149,4902,2243,1064,1179,47,47,1961,1652,309,615,532,83,36,1226,651
2021,Kingstanding,E05011150,8126,4466,2136,2330,42,42,1991,1721,270,1579,1454,125,48,2372,1627
2021,Ladywood,E05011151,13034,2287,907,1380,75,75,3843,1885,1958,6782,6527,255,47,1455,6829
2021,Longbridge & West Heath,E05011152,9692,5554,2844,2710,244,244,2472,1768,704,1378,1238,140,44,2954,1422
2021,Lozells,E05011153,3425,1295,677,618,13,13,1418,562,856,682,583,99,17,631,699
2021,Moseley,E05011154,9160,4698,2560,2138,37,37,1822,397,1425,2593,2387,206,10,2175,2603
2021,Nechells,E05011155,4913,807,477,330,34,34,2857,2011,846,1178,1090,88,37,364,1215
2021,Newtown (Birmingham),E05011156,4471,739,356,383,55,55,2902,2133,769,715,628,87,60,438,775
2021,North Edgbaston,E05011157,8380,3235,1684,1551,48,48,1684,640,1044,3388,3172,216,25,1599,3413
2021,Northfield (Birmingham),E05011158,4445,3140,1657,1483,52,52,564,159,405,681,619,62,8,1535,689
2021,Oscott,E05011159,8587,5824,2796,3028,40,40,1009,737,272,1696,1499,197,18,3068,1714
2021,Perry Barr,E05011160,7784,5435,2725,2710,32,32,538,234,304,1765,1554,211,14,2742,1779
2021,Perry Common,E05011161,4934,2552,1147,1405,64,64,1561,1054,507,734,650,84,23,1469,757
2021,Pype Hayes,E05011162,4585,2427,1016,1411,27,27,1359,823,536,748,664,84,24,1438,772
2021,Quinton (Birmingham),E05011163,8768,5565,2901,2664,45,45,1656,1328,328,1470,1322,148,32,2709,1502
2021,Rubery & Rednal,E05011164,4441,2550,1220,1330,43,43,1105,818,287,723,652,71,20,1373,743
2021,Shard End,E05011165,5266,2359,1103,1256,95,95,2105,1707,398,674,593,81,33,1351,707
2021,Sheldon,E05011166,8166,5560,2880,2680,49,49,1163,939,224,1376,1255,121,18,2729,1394
2021,Small Heath,E05011167,5354,3063,1848,1215,9,9,734,348,386,1537,1310,227,11,1224,1548
2021,Soho & Jewellery Quarter,E05011168,10720,2891,1324,1567,68,68,2810,1112,1698,4911,4588,323,40,1635,4951
2021,South Yardley,E05011169,4248,2687,1214,1473,37,37,589,475,114,919,831,88,16,1510,935
2021,Sparkbrook & Balsall Heath East,E05011170,7742,3322,1978,1344,43,43,2350,745,1605,2013,1712,301,14,1387,2027
2021,Sparkhill,E05011171,5427,3158,1872,1286,11,11,631,156,475,1618,1413,205,9,1297,1627
2021,Stirchley,E05011172,4364,2665,1190,1475,43,43,569,349,220,1081,966,115,6,1518,1087
2021,Stockland Green,E05011173,9211,4382,2174,2208,81,81,1963,1070,893,2747,2516,231,38,2289,2785
2021,Sutton Four Oaks,E05011174,3858,3122,1823,1299,10,10,247,80,167,473,418,55,6,1309,479
2021,Sutton Mere Green,E05011175,4247,3349,1864,1485,3,3,407,230,177,487,435,52,1,1488,488
2021,Sutton Reddicap,E05011176,4245,2729,1394,1335,21,21,867,743,124,609,546,63,19,1356,628
2021,Sutton Roughley,E05011177,4728,3839,1981,1858,13,13,385,217,168,486,434,52,5,1871,491
2021,Sutton Trinity,E05011178,4159,3035,1615,1420,7,7,206,124,82,898,822,76,13,1427,911
2021,Sutton Vesey,E05011179,8296,6562,3545,3017,58,58,582,273,309,1085,962,123,9,3075,1094
2021,Sutton Walmley & Minworth,E05011180,7034,5564,3062,2502,40,40,601,123,478,818,712,106,11,2542,829
2021,Sutton Wylde Green,E05011181,3790,3217,1874,1343,4,4,138,93,45,426,383,43,5,1347,431
2021,Tyseley & Hay Mills,E05011182,4050,1791,766,1025,8,8,1114,883,231,1109,1006,103,28,1033,1137
2021,Ward End,E05011183,3693,2015,975,1040,26,26,747,432,315,893,800,93,12,1066,905
2021,Weoley & Selly Oak,E05011184,9652,4543,2478,2065,132,132,2982,1732,1250,1972,1814,158,23,2197,1995
2021,Yardley East,E05011185,4209,2859,1531,1328,8,8,682,498,184,650,579,71,10,1336,660
2021,Yardley West & Stechford,E05011186,4290,2258,1066,1192,23,23,1040,683,357,945,868,77,24,1215,969
2021,Bishopstoke,E05011187,4523,3348,1799,1549,67,67,671,67,604,436,374,62,1,1616,437
2021,Botley,E05011188,2894,2075,948,1127,127,127,363,35,328,329,283,46,0,1254,329
2021,Bursledon & Hound North,E05011189,4206,2767,1144,1623,137,137,790,61,729,512,448,64,0,1760,512
2021,Chandler's Ford,E05011190,4571,3663,2054,1609,29,29,256,15,241,621,546,75,2,1638,623
2021,Eastleigh Central,E05011191,4619,2467,1087,1380,104,104,862,74,788,1185,1093,92,1,1484,1186
2021,Eastleigh North,E05011192,4118,2789,1384,1405,56,56,667,66,601,605,547,58,1,1461,606
2021,Eastleigh South,E05011193,4696,2325,886,1439,260,260,1533,154,1379,578,518,60,0,1699,578
2021,Fair Oak & Horton Heath,E05011194,4491,3650,1683,1967,113,113,287,29,258,440,379,61,1,2080,441
2021,Hamble & Netley,E05011195,4639,2994,1615,1379,44,44,784,68,716,817,729,88,0,1423,817
2021,Hedge End North,E05011196,4140,2918,1119,1799,72,72,399,30,369,751,693,58,0,1871,751
2021,Hedge End South,E05011197,4557,3727,2037,1690,49,49,302,31,271,478,415,63,1,1739,479
2021,Hiltingbury,E05011198,4149,3614,2049,1565,20,20,68,4,64,447,399,48,0,1585,447
2021,West End North,E05011199,2527,1881,1062,819,65,65,279,19,260,302,271,31,0,884,302
2021,West End South,E05011200,2783,2168,1140,1028,16,16,165,18,147,434,386,48,0,1044,434
2021,Ashdown,E05011201,2175,1651,829,822,8,8,182,36,146,334,291,43,0,830,334
2021,Baird,E05011202,2203,1218,679,539,35,35,661,107,554,289,257,32,0,574,289
2021,Braybrooke,E05011203,2492,1533,885,648,5,5,120,17,103,834,774,60,0,653,834
2021,Castle (Hastings),E05011204,3578,1428,829,599,14,14,308,61,247,1826,1716,110,2,613,1828
2021,Central St Leonards,E05011205,3986,1307,762,545,8,8,566,68,498,2102,1973,129,3,553,2105
2021,Conquest,E05011206,2167,1685,1001,684,16,16,49,7,42,417,353,64,0,700,417
2021,Gensing,E05011207,3209,1457,729,728,20,20,218,23,195,1511,1433,78,3,748,1514
2021,Hollington,E05011208,2215,1013,449,564,10,10,837,148,689,354,324,30,1,574,355
2021,Maze Hill,E05011209,2347,1550,924,626,8,8,215,16,199,574,531,43,0,634,574
2021,Old Hastings,E05011210,2433,1638,1000,638,4,4,173,21,152,616,526,90,2,642,618
2021,Ore,E05011211,2363,1419,775,644,10,10,368,80,288,563,520,43,3,654,566
2021,St Helens (Hastings),E05011212,2114,1652,1042,610,7,7,193,20,173,262,231,31,0,617,262
2021,Silverhill,E05011213,2460,1661,938,723,4,4,248,35,213,546,494,52,1,727,547
2021,Tressell,E05011214,2212,1068,514,554,1,1,583,104,479,559,524,35,1,555,560
2021,West St Leonards,E05011215,1998,1377,695,682,27,27,159,22,137,435,392,43,0,709,435
2021,Wishing Tree,E05011216,2491,1227,590,637,28,28,886,148,738,350,303,47,0,665,350
2021,Barnehurst,E05011217,4442,3286,1548,1738,51,51,608,109,499,495,437,58,2,1789,497
2021,Belvedere,E05011218,6835,3871,1743,2128,42,42,1106,246,860,1808,1644,164,8,2170,1816
2021,Bexleyheath,E05011219,6309,5020,2733,2287,75,75,400,79,321,812,722,90,2,2362,814
2021,Blackfen & Lamorbey,E05011220,6476,5287,2582,2705,42,42,296,39,257,851,750,101,0,2747,851
2021,Blendon & Penhill,E05011221,5991,5176,2483,2693,33,33,203,34,169,578,508,70,1,2726,579
2021,Crayford,E05011222,6542,4046,1660,2386,130,130,1371,226,1145,991,892,99,4,2516,995
2021,Crook Log,E05011223,5964,4564,2313,2251,50,50,378,45,333,969,868,101,3,2301,972
2021,East Wickham,E05011224,5931,4433,2139,2294,48,48,711,118,593,738,644,94,1,2342,739
2021,Erith,E05011225,5107,2340,883,1457,322,322,1437,287,1150,1003,911,92,5,1779,1008
2021,Falconwood & Welling,E05011226,6192,4908,2315,2593,61,61,298,51,247,925,826,99,0,2654,925
2021,Longlands,E05011227,4256,3112,1553,1559,33,33,523,60,463,586,525,61,2,1592,588
2021,Northumberland Heath,E05011228,4062,2798,1356,1442,35,35,700,144,556,527,458,69,2,1477,529
2021,St Mary's & St James (Bexley),E05011229,4330,3287,1753,1534,66,66,466,74,392,510,452,58,1,1600,511
2021,Sidcup,E05011230,6538,4123,2170,1953,147,147,1030,138,892,1238,1133,105,0,2100,1238
2021,Slade Green & Northend,E05011231,4674,2252,716,1536,60,60,1602,316,1286,754,706,48,6,1596,760
2021,Thamesmead East,E05011232,5707,1922,732,1190,26,26,2477,466,2011,1254,1150,104,28,1216,1282
2021,West Heath (Bexley),E05011233,5948,4993,2531,2462,46,46,372,59,313,536,450,86,1,2508,537
2021,Aldborough,E05011234,4981,2822,1300,1522,73,73,556,342,214,1520,1395,125,10,1595,1530
2021,Barkingside,E05011235,4895,3230,1595,1635,18,18,311,212,99,1326,1181,145,10,1653,1336
2021,Bridge (Redbridge),E05011236,5247,3477,1545,1932,19,19,705,529,176,1034,928,106,12,1951,1046
2021,Chadwell,E05011237,5408,3049,1203,1846,87,87,734,270,464,1528,1402,126,10,1933,1538
2021,Churchfields,E05011238,6176,3583,1603,1980,41,41,988,595,393,1554,1445,109,10,2021,1564
2021,Clayhall,E05011239,4187,3120,1482,1638,5,5,154,88,66,902,827,75,6,1643,908
2021,Clementswood,E05011240,3680,1789,979,810,12,12,301,193,108,1568,1424,144,10,822,1578
2021,Cranbrook (Redbridge),E05011241,3977,2456,1248,1208,17,17,220,92,128,1278,1171,107,6,1225,1284
2021,Fairlop,E05011242,5254,3207,1466,1741,59,59,553,356,197,1428,1299,129,7,1800,1435
2021,Fullwell,E05011243,5231,3431,1618,1813,41,41,757,475,282,991,889,102,11,1854,1002
2021,Goodmayes,E05011244,4704,2245,1085,1160,43,43,398,200,198,2008,1862,146,10,1203,2018
2021,Hainault,E05011245,5741,3195,1213,1982,157,157,1411,1076,335,953,859,94,25,2139,978
2021,Ilford Town,E05011246,4107,914,432,482,136,136,731,257,474,2311,2213,98,15,618,2326
2021,Loxford,E05011247,4557,1497,683,814,92,92,1023,469,554,1923,1812,111,22,906,1945
2021,Mayfield,E05011248,4427,2845,1250,1595,22,22,337,196,141,1218,1080,138,5,1617,1223
2021,Monkhams,E05011249,3719,2869,1613,1256,12,12,132,58,74,705,629,76,1,1268,706
2021,Newbury,E05011250,4306,2457,1132,1325,22,22,326,221,105,1475,1362,113,26,1347,1501
2021,Seven Kings,E05011251,4572,2280,1120,1160,15,15,352,110,242,1923,1796,127,2,1175,1925
2021,South Woodford,E05011252,5122,3199,1556,1643,32,32,329,186,143,1550,1443,107,12,1675,1562
2021,Valentines,E05011253,4745,2098,1068,1030,50,50,368,162,206,2222,2084,138,7,1080,2229
2021,Wanstead Park,E05011254,3059,2187,1103,1084,10,10,321,228,93,536,481,55,5,1094,541
2021,Wanstead Village,E05011255,5615,3272,1660,1612,19,19,698,288,410,1620,1498,122,6,1631,1626
2021,Alconbury,E05011256,1527,1242,724,518,6,6,123,21,102,156,132,24,0,524,156
2021,Brampton (Huntingdonshire),E05011257,3749,2385,1090,1295,127,127,512,84,428,724,577,147,1,1422,725
2021,Buckden,E05011258,1511,1168,697,471,8,8,151,18,133,184,160,24,0,479,184
2021,Fenstanton,E05011259,1687,1264,659,605,44,44,180,20,160,199,165,34,0,649,199
2021,Godmanchester & Hemingford Abbots,E05011260,4338,2864,1438,1426,88,88,684,91,593,702,641,61,0,1514,702
2021,Great Paxton,E05011261,1257,1053,586,467,1,1,77,10,67,126,98,28,0,468,126
2021,Great Staughton,E05011262,1408,1144,671,473,3,3,69,14,55,192,158,34,0,476,192
2021,Hemingford Grey & Houghton,E05011263,2682,1887,1087,800,38,38,223,36,187,533,339,194,1,838,534
2021,Holywell-cum-Needingworth,E05011264,2873,2414,1374,1040,18,18,174,41,133,266,207,59,1,1058,267
2021,Huntingdon East,E05011265,2875,2155,1186,969,15,15,335,83,252,369,334,35,1,984,370
2021,Huntingdon North,E05011266,5362,2232,993,1239,111,111,1575,342,1233,1437,1334,103,7,1350,1444
2021,Kimbolton,E05011267,1445,1135,642,493,8,8,116,14,102,186,136,50,0,501,186
2021,Ramsey,E05011268,4583,3143,1658,1485,45,45,613,122,491,781,663,118,1,1530,782
2021,St Ives East,E05011269,2891,1993,982,1011,38,38,217,36,181,643,598,45,0,1049,643
2021,St Ives South,E05011270,3597,2241,1317,924,35,35,461,55,406,859,770,89,1,959,860
2021,St Ives West,E05011271,1285,989,588,401,13,13,118,18,100,165,143,22,0,414,165
2021,St Neots East,E05011272,1496,786,161,625,120,120,349,45,304,241,218,23,0,745,241
2021,St Neots Eatons,E05011273,4826,3376,1803,1573,20,20,656,137,519,773,691,82,1,1593,774
2021,St Neots Eynesbury,E05011274,5284,3325,1620,1705,66,66,863,184,679,1028,927,101,2,1771,1030
2021,St Neots Priory Park & Little Paxton,E05011275,4658,3380,1882,1498,52,52,532,89,443,693,620,73,1,1550,694
2021,Sawtry,E05011276,2805,2031,998,1033,52,52,287,50,237,435,366,69,0,1085,435
2021,Somersham,E05011277,1634,1255,671,584,2,2,129,24,105,248,204,44,0,586,248
2021,"Stilton, Folksworth & Washingley",E05011278,2803,2058,1148,910,7,7,296,53,243,442,367,75,0,917,442
2021,The Stukeleys,E05011279,2370,1691,662,1029,35,35,149,37,112,494,387,107,1,1064,495
2021,Warboys,E05011280,3292,2447,1335,1112,49,49,426,73,353,370,313,57,0,1161,370
2021,Yaxley,E05011281,4636,3365,1651,1714,47,47,568,122,446,655,570,85,1,1761,656
2021,Balsham,E05011282,1500,1108,658,450,35,35,217,151,66,140,92,48,0,485,140
2021,Bar Hill,E05011283,1741,1309,726,583,13,13,72,18,54,347,307,40,0,596,347
2021,Barrington,E05011284,1483,1041,646,395,50,50,305,215,90,87,64,23,0,445,87
2021,Bassingbourn,E05011285,1596,1118,565,553,25,25,265,203,62,186,126,60,2,578,188
2021,Caldecote,E05011286,1347,976,505,471,35,35,155,85,70,177,143,34,4,506,181
2021,Cottenham,E05011289,2912,2152,1168,984,49,49,336,236,100,368,315,53,7,1033,375
2021,Fen Ditton & Fulbourn,E05011291,4622,2821,1655,1166,93,93,661,360,301,1039,953,86,8,1259,1047
2021,Foxton,E05011292,1428,1110,664,446,12,12,168,130,38,137,113,24,1,458,138
2021,Gamlingay,E05011293,1613,1207,669,538,29,29,204,142,62,169,137,32,4,567,173
2021,Girton,E05011294,2105,1514,910,604,47,47,271,151,120,268,216,52,5,651,273
2021,Hardwick,E05011295,1309,1033,600,433,28,28,106,70,36,140,120,20,2,461,142
2021,Harston & Comberton,E05011296,4426,3154,1730,1424,134,134,628,344,284,506,438,68,4,1558,510
2021,Histon & Impington,E05011297,4689,2839,1562,1277,178,178,896,338,558,769,701,68,7,1455,776
2021,Linton (South Cambridgeshire),E05011298,3068,2172,1261,911,39,39,491,364,127,362,292,70,4,950,366
2021,Melbourn,E05011300,3466,2360,1320,1040,95,95,654,406,248,355,285,70,2,1135,357
2021,Milton & Waterbeach,E05011301,4711,3093,1661,1432,89,89,562,297,265,960,816,144,7,1521,967
2021,Shelford,E05011304,3166,2206,1361,845,34,34,464,368,96,458,416,42,4,879,462
2021,Swavesey,E05011305,1608,1181,582,599,14,14,178,111,67,233,204,29,2,613,235
2021,The Mordens,E05011306,1384,1043,598,445,15,15,177,138,39,148,113,35,1,460,149
2021,Whittlesford,E05011307,1302,952,478,474,19,19,171,118,53,157,120,37,3,493,160
2021,"Adderbury, Bloxham and Bodicote",E05011348,4065,3094,1687,1407,88,88,403,32,371,479,404,75,1,1495,480
2021,Banbury Calthorpe and Easington,E05011349,4624,3472,1758,1714,136,136,552,59,493,464,404,60,0,1850,464
2021,Ancoats & Beswick,E05011350,7469,1899,487,1412,65,65,1675,597,1078,3825,3674,151,5,1477,3830
2021,Ardwick,E05011351,6737,1378,514,864,20,20,3101,1227,1874,2219,2080,139,19,884,2238
2021,Baguley,E05011352,6744,2683,1140,1543,115,115,2997,1216,1781,939,841,98,10,1658,949
2021,Brooklands (Manchester),E05011353,6795,3425,1536,1889,41,41,2278,828,1450,1039,917,122,12,1930,1051
2021,Burnage,E05011354,6522,3301,1480,1821,78,78,2147,683,1464,986,874,112,10,1899,996
2021,Charlestown,E05011355,7030,2934,1314,1620,49,49,2907,2146,761,1103,1014,89,37,1669,1140
2021,Cheetham,E05011356,6953,2050,937,1113,38,38,1882,802,1080,2960,2781,179,23,1151,2983
2021,Chorlton,E05011357,5678,3525,1648,1877,22,22,462,33,429,1666,1562,104,3,1899,1669
2021,Chorlton Park,E05011358,7103,3803,1684,2119,48,48,1717,400,1317,1527,1422,105,8,2167,1535
2021,Clayton & Openshaw,E05011359,7709,2249,1028,1221,92,92,3163,858,2305,2188,2022,166,17,1313,2205
2021,Crumpsall,E05011360,6022,2627,1324,1303,71,71,1017,237,780,2301,2146,155,6,1374,2307
2021,Deansgate,E05011361,6278,1436,546,890,30,30,252,32,220,4558,4322,236,2,920,4560
2021,Didsbury East,E05011362,6227,4207,2029,2178,46,46,406,63,343,1566,1459,107,2,2224,1568
2021,Didsbury West,E05011363,7431,3580,1450,2130,22,22,584,70,514,3244,3123,121,1,2152,3245
2021,Fallowfield,E05011364,4311,1238,582,656,23,23,1356,587,769,1664,1580,84,30,679,1694
2021,Gorton & Abbey Hey,E05011365,8352,2937,1450,1487,111,111,2534,841,1693,2741,2527,214,29,1598,2770
2021,Harpurhey,E05011366,7898,2240,1015,1225,67,67,3296,1994,1302,2265,2104,161,30,1292,2295
2021,Higher Blackley,E05011367,6400,2765,1355,1410,51,51,2370,1563,807,1190,1069,121,24,1461,1214
2021,Hulme,E05011368,7881,1477,523,954,22,22,2813,761,2052,3560,3406,154,9,976,3569
2021,Levenshulme,E05011369,7234,3232,1303,1929,68,68,1107,266,841,2817,2608,209,10,1997,2827
2021,Longsight,E05011370,6473,2080,796,1284,64,64,2407,723,1684,1906,1728,178,16,1348,1922
2021,Miles Platting & Newton Heath,E05011371,8130,2636,1147,1489,47,47,3826,2286,1540,1591,1462,129,30,1536,1621
2021,Moss Side (Manchester),E05011372,7271,1512,696,816,52,52,3117,804,2313,2570,2401,169,20,868,2590
2021,Moston,E05011373,7456,4031,2079,1952,21,21,1636,979,657,1746,1574,172,22,1973,1768
2021,Northenden,E05011374,6072,2810,1299,1511,40,40,2179,733,1446,1036,955,81,7,1551,1043
2021,Old Moat,E05011375,5756,1913,788,1125,61,61,1628,473,1155,2143,2032,111,11,1186,2154
2021,Piccadilly,E05011376,6263,1222,389,833,43,43,584,131,453,4412,4262,150,2,876,4414
2021,Rusholme,E05011377,4790,1499,717,782,17,17,1078,319,759,2189,2053,136,7,799,2196
2021,Sharston,E05011378,7104,2566,1158,1408,59,59,3357,1200,2157,1108,1013,95,14,1467,1122
2021,Whalley Range,E05011379,6619,2453,1076,1377,47,47,1449,232,1217,2652,2526,126,18,1424,2670
2021,Withington,E05011380,5538,1972,935,1037,22,22,868,195,673,2675,2569,106,1,1059,2676
2021,Woodhouse Park,E05011381,6495,2251,1001,1250,126,126,3084,1140,1944,1021,935,86,13,1376,1034
2021,Ardsley & Robin Hood,E05011384,9741,7271,3251,4020,63,63,1121,840,281,1275,1109,166,11,4083,1286
2021,Armley,E05011385,11816,4553,2102,2451,47,47,3635,2686,949,3544,3353,191,37,2498,3581
2021,Bramley & Stanningley,E05011387,10810,5574,2441,3133,73,73,3274,2673,601,1846,1645,201,43,3206,1889
2021,Burmantofts & Richmond Hill,E05011388,12375,3219,1570,1649,95,95,5373,4338,1035,3627,3403,224,61,1744,3688
2021,Calverley & Farsley,E05011389,10493,7699,3446,4253,44,44,853,713,140,1888,1712,176,9,4297,1897
2021,Chapel Allerton,E05011390,10817,5097,2359,2738,61,61,2951,1734,1217,2680,2492,188,28,2799,2708
2021,Cross Gates & Whinmoor,E05011391,10893,7225,3520,3705,38,38,2283,1684,599,1333,1129,204,14,3743,1347
2021,Gipton & Harehills,E05011394,10703,3415,1568,1847,90,90,3705,2580,1125,3450,3139,311,43,1937,3493
2021,Guiseley & Rawdon,E05011395,10515,8160,4047,4113,78,78,905,646,259,1359,1187,172,13,4191,1372
2021,Harewood (Leeds),E05011396,7851,6656,3837,2819,24,24,417,342,75,744,597,147,10,2843,754
2021,Headingley & Hyde Park,E05011397,10331,1734,872,862,53,53,1575,536,1039,6962,6816,146,7,915,6969
2021,Hunslet & Riverside,E05011399,11865,3057,1245,1812,52,52,2797,1800,997,5927,5659,268,32,1864,5959
2021,Killingbeck & Seacroft,E05011400,11376,4977,2044,2933,121,121,4909,3985,924,1323,1144,179,46,3054,1369
2021,Kippax & Methley,E05011401,9598,7127,3286,3841,93,93,1249,1012,237,1114,967,147,15,3934,1129
2021,Kirkstall,E05011402,9846,3916,1749,2167,45,45,2823,2356,467,3034,2833,201,28,2212,3062
2021,Little London & Woodhouse,E05011403,10000,1288,573,715,43,43,3021,1964,1057,5608,5368,240,40,758,5648
2021,Middleton Park,E05011404,12147,5800,2391,3409,87,87,4383,3491,892,1819,1630,189,58,3496,1877
2021,Moortown,E05011405,9940,6782,3268,3514,30,30,1281,472,809,1838,1627,211,9,3544,1847
2021,Morley North,E05011406,10294,7551,3733,3818,45,45,1105,881,224,1580,1373,207,13,3863,1593
2021,Morley South,E05011407,11088,6932,3082,3850,61,61,1489,1016,473,2594,2375,219,12,3911,2606
2021,Pudsey,E05011409,11093,7291,3415,3876,76,76,1923,1581,342,1778,1567,211,25,3952,1803
2021,Rothwell,E05011410,9029,6399,3267,3132,31,31,1485,1146,339,1102,950,152,12,3163,1114
2021,Roundhay,E05011411,9367,6718,3367,3351,28,28,934,580,354,1672,1507,165,15,3379,1687
2021,Weetwood,E05011413,9398,5683,2832,2851,41,41,1513,1224,289,2136,1976,160,25,2892,2161
2021,Wetherby,E05011414,9319,7095,4161,2934,94,94,1079,796,283,1038,885,153,13,3028,1051
2021,Audley,E05011415,3697,2757,1602,1155,20,20,498,154,344,419,341,78,3,1175,422
2021,Bradwell (Newcastle-under-Lyme),E05011416,3631,2617,1449,1168,6,6,565,162,403,441,365,76,2,1174,443
2021,Clayton,E05011417,1272,874,500,374,3,3,269,87,182,125,106,19,1,377,126
2021,Crackley & Red Street,E05011418,2375,1626,779,847,7,7,386,134,252,355,302,53,1,854,356
2021,Cross Heath,E05011419,2392,1140,543,597,59,59,883,309,574,308,262,46,2,656,310
2021,Holditch & Chesterton,E05011420,2402,1219,609,610,17,17,765,275,490,394,340,54,7,627,401
2021,Keele,E05011421,366,263,143,120,4,4,29,14,15,70,27,43,0,124,70
2021,Kidsgrove & Ravenscliffe,E05011422,3928,2788,1684,1104,7,7,556,179,377,575,505,70,2,1111,577
2021,Knutton,E05011423,1229,557,301,256,6,6,457,164,293,203,178,25,6,262,209
2021,Loggerheads,E05011424,1857,1539,978,561,5,5,111,28,83,202,162,40,0,566,202
2021,Madeley & Betley,E05011425,2458,1832,1124,708,16,16,285,67,218,321,259,62,4,724,325
2021,Maer & Whitmore,E05011426,1138,961,563,398,12,12,42,12,30,123,88,35,0,410,123
2021,May Bank,E05011427,3969,2804,1570,1234,9,9,552,128,424,601,505,96,3,1243,604
2021,Newchapel & Mow Cop,E05011428,2474,2135,1175,960,10,10,127,24,103,202,171,31,0,970,202
2021,Silverdale (Newcastle-under-Lyme),E05011429,2559,1518,797,721,33,33,550,182,368,456,400,56,2,754,458
2021,Talke & Butt Lane,E05011430,3932,2694,1539,1155,32,32,768,246,522,436,356,80,2,1187,438
2021,Thistleberry,E05011431,2478,1493,873,620,38,38,537,167,370,408,357,51,2,658,410
2021,Town (Newcastle-under-Lyme),E05011432,2685,935,580,355,11,11,740,170,570,995,917,78,4,366,999
2021,Westbury Park & Northwood,E05011433,2239,1797,1075,722,22,22,206,62,144,213,188,25,1,744,214
2021,Westlands,E05011434,3526,2657,1583,1074,12,12,495,138,357,361,306,55,1,1086,362
2021,Wolstanton,E05011435,2810,1946,967,979,19,19,319,72,247,526,476,50,0,998,526
2021,Arthur's Hill,E05011436,3630,566,336,230,6,6,1787,987,800,1254,1137,117,17,236,1271
2021,Benwell & Scotswood,E05011437,5531,2772,1359,1413,27,27,1652,1149,503,1059,860,199,21,1440,1080
2021,Blakelaw,E05011438,4837,1884,778,1106,79,79,2008,1631,377,853,760,93,13,1185,866
2021,Byker,E05011439,5864,1287,651,636,12,12,3197,1990,1207,1335,1231,104,33,648,1368
2021,Callerton & Throckley,E05011440,4748,2841,1396,1445,17,17,1316,1046,270,564,485,79,10,1462,574
2021,Castle (Newcastle upon Tyne),E05011441,5847,4359,1557,2802,28,28,707,493,214,749,659,90,4,2830,753
2021,Chapel,E05011442,4231,3763,2377,1386,4,4,136,77,59,325,250,75,3,1390,328
2021,Dene & South Gosforth,E05011443,4040,3004,1567,1437,25,25,224,140,84,787,709,78,0,1462,787
2021,Denton & Westerhope,E05011444,5458,3035,1546,1489,12,12,1656,1363,293,742,628,114,13,1501,755
2021,Elswick,E05011445,5657,1037,490,547,12,12,2867,2006,861,1697,1559,138,44,559,1741
2021,Fawdon & West Gosforth,E05011446,4663,2690,1540,1150,38,38,1152,936,216,777,685,92,6,1188,783
2021,Gosforth (Newcastle upon Tyne),E05011447,4558,3510,2015,1495,10,10,330,257,73,705,617,88,3,1505,708
2021,Heaton (Newcastle upon Tyne),E05011448,4798,2169,1021,1148,24,24,532,238,294,2070,1944,126,3,1172,2073
2021,Kenton (Newcastle upon Tyne),E05011449,4884,2299,1088,1211,10,10,2036,1695,341,528,443,85,11,1221,539
2021,Kingston Park South & Newbiggin Hall,E05011450,4700,2336,1210,1126,90,90,1628,1365,263,638,528,110,8,1216,646
2021,Lemington,E05011451,4683,2892,1488,1404,3,3,980,789,191,797,696,101,11,1407,808
2021,Manor Park (Newcastle upon Tyne),E05011452,4052,2876,1478,1398,11,11,470,413,57,687,577,110,8,1409,695
2021,Monument,E05011453,4679,820,396,424,13,13,1407,528,879,2431,2299,132,8,437,2439
2021,North Jesmond,E05011454,3620,1343,797,546,12,12,200,55,145,2062,1990,72,3,558,2065
2021,Ouseburn (Newcastle upon Tyne),E05011455,3565,878,427,451,13,13,1332,1022,310,1330,1216,114,12,464,1342
2021,Parklands,E05011456,5014,3737,2008,1729,3,3,257,190,67,1015,950,65,2,1732,1017
2021,South Jesmond,E05011457,3997,1244,679,565,55,55,516,206,310,2177,2101,76,5,620,2182
2021,Walker,E05011458,5311,1344,602,742,15,15,3500,2928,572,436,362,74,16,757,452
2021,Walkergate,E05011459,5638,3155,1707,1448,33,33,1626,1398,228,802,670,132,22,1481,824
2021,West Fenham,E05011460,4735,2589,1211,1378,16,16,1117,949,168,1006,897,109,7,1394,1013
2021,Wingrove,E05011461,4061,2040,981,1059,13,13,845,579,266,1158,1046,112,5,1072,1163
2021,Addiscombe East,E05011462,4635,2883,1360,1523,40,40,552,332,220,1154,1058,96,6,1563,1160
2021,Addiscombe West,E05011463,6851,2888,1171,1717,144,144,1052,338,714,2751,2577,174,16,1861,2767
2021,Bensham Manor,E05011464,6091,3122,1405,1717,105,105,782,282,500,2076,1903,173,6,1822,2082
2021,Broad Green,E05011465,7343,2695,1010,1685,183,183,1974,1027,947,2470,2281,189,21,1868,2491
2021,Coulsdon Town,E05011466,5722,4423,1772,2651,143,143,449,214,235,704,644,60,3,2794,707
2021,Crystal Palace & Upper Norwood,E05011467,7219,3965,1564,2401,118,118,1271,671,600,1856,1697,159,9,2519,1865
2021,Fairfield (Croydon),E05011468,7372,1652,433,1219,212,212,1221,388,833,4272,4119,153,15,1431,4287
2021,Kenley,E05011469,4137,3186,1365,1821,54,54,421,240,181,473,417,56,3,1875,476
2021,New Addington North,E05011470,3636,1049,462,587,9,9,2224,1857,367,337,311,26,17,596,354
2021,New Addington South,E05011471,4050,1987,923,1064,41,41,1593,1134,459,417,364,53,12,1105,429
2021,Norbury & Pollards Hill,E05011472,4476,2368,1114,1254,53,53,699,513,186,1346,1231,115,10,1307,1356
2021,Norbury Park,E05011473,3697,2401,1199,1202,24,24,521,361,160,746,649,97,5,1226,751
2021,Old Coulsdon,E05011474,3953,3087,1603,1484,30,30,567,416,151,264,229,35,5,1514,269
2021,Park Hill & Whitgift,E05011475,2406,1265,679,586,6,6,254,29,225,881,832,49,0,592,881
2021,Purley & Woodcote,E05011476,5897,3880,1749,2131,139,139,693,211,482,1177,1092,85,8,2270,1185
2021,Purley Oaks & Riddlesdown,E05011477,3791,2708,1205,1503,60,60,303,108,195,720,655,65,0,1563,720
2021,Sanderstead,E05011478,6006,5006,2698,2308,30,30,325,245,80,644,569,75,1,2338,645
2021,Selhurst,E05011479,5249,1780,665,1115,106,106,1548,872,676,1803,1716,87,12,1221,1815
2021,Selsdon & Addington Village,E05011480,3715,2857,1478,1379,12,12,442,337,105,397,339,58,7,1391,404
2021,Selsdon Vale & Forestdale,E05011481,4250,3261,1612,1649,33,33,255,140,115,698,631,67,3,1682,701
2021,Shirley North,E05011482,6038,4307,2184,2123,17,17,1065,672,393,642,549,93,7,2140,649
2021,Shirley South (Croydon),E05011483,3834,2716,1487,1229,8,8,779,622,157,321,284,37,10,1237,331
2021,South Croydon,E05011484,7753,3961,1536,2425,119,119,887,283,604,2772,2611,161,14,2544,2786
2021,South Norwood,E05011485,7094,2968,1057,1911,67,67,1611,695,916,2433,2292,141,15,1978,2448
2021,Thornton Heath,E05011486,7041,3570,1418,2152,83,83,1306,632,674,2061,1858,203,21,2235,2082
2021,Waddon,E05011487,7355,3281,1220,2061,133,133,1859,1093,766,2065,1929,136,17,2194,2082
2021,West Thornton,E05011488,6492,2949,1394,1555,98,98,1296,650,646,2117,1930,187,32,1653,2149
2021,Woodside (Croydon),E05011489,6843,3457,1229,2228,113,113,1424,409,1015,1841,1716,125,8,2341,1849
2021,Audley & Queen's Park,E05011508,3354,1702,1146,556,36,36,939,227,712,671,555,116,6,592,677
2021,Bastwell & Daisyfield,E05011509,2604,1392,952,440,11,11,705,142,563,491,404,87,5,451,496
2021,Billinge & Beardwood,E05011510,2978,2487,1447,1040,6,6,59,11,48,422,338,84,4,1046,426
2021,Blackburn Central,E05011511,3733,1022,662,360,19,19,1891,419,1472,796,718,78,5,379,801
2021,Blackburn South & Lower Darwen,E05011512,3089,2496,980,1516,6,6,216,22,194,371,315,56,0,1522,371
2021,Blackburn South East,E05011513,3976,1602,755,847,11,11,1731,549,1182,629,559,70,3,858,632
2021,Darwen East,E05011514,4605,2076,1087,989,21,21,961,253,708,1543,1422,121,4,1010,1547
2021,Darwen South,E05011515,3692,2625,1330,1295,30,30,362,63,299,673,596,77,2,1325,675
2021,Darwen West,E05011516,3644,2474,1268,1206,43,43,453,121,332,674,595,79,0,1249,674
2021,Ewood,E05011517,4085,2148,1141,1007,37,37,758,193,565,1139,1035,104,3,1044,1142
2021,Little Harwood & Whitebirk,E05011518,3016,1656,1022,634,10,10,734,214,520,613,500,113,3,644,616
2021,Livesey with Pleasington,E05011519,3442,2996,1672,1324,6,6,130,28,102,309,245,64,1,1330,310
2021,Mill Hill & Moorgate,E05011520,3802,1953,1009,944,24,24,802,180,622,1023,920,103,0,968,1023
2021,Roe Lee,E05011521,3482,2562,1366,1196,6,6,379,110,269,535,462,73,0,1202,535
2021,Shear Brow & Corporation Park,E05011522,2617,1871,1235,636,10,10,151,28,123,585,457,128,0,646,585
2021,Wensley Fold,E05011523,3204,1585,910,675,26,26,697,154,543,889,763,126,7,701,896
2021,West Pennine,E05011524,3436,2884,1591,1293,6,6,62,5,57,483,407,76,1,1299,484
2021,Avenue (Kingston upon Hull),E05011525,6137,2895,1446,1449,46,46,647,273,374,2543,2377,166,6,1495,2549
2021,Beverley & Newland,E05011526,6739,3427,1898,1529,28,28,446,125,321,2830,2654,176,8,1557,2838
2021,Boothferry,E05011527,5287,3532,1708,1824,8,8,803,597,206,929,832,97,15,1832,944
2021,Bricknell,E05011528,3600,2520,1324,1196,18,18,470,284,186,588,528,60,4,1214,592
2021,Central (Kingston upon Hull),E05011529,5043,1083,539,544,15,15,1925,1423,502,1991,1900,91,29,559,2020
2021,Derringham,E05011530,5642,3371,1645,1726,11,11,919,661,258,1328,1222,106,13,1737,1341
2021,Drypool,E05011531,5896,2724,1338,1386,9,9,1070,603,467,2045,1901,144,48,1395,2093
2021,Holderness,E05011532,5126,3892,1975,1917,11,11,176,110,66,1044,942,102,3,1928,1047
2021,Ings,E05011533,4042,2301,1081,1220,77,77,1302,826,476,341,285,56,21,1297,362
2021,Kingswood (Kingston upon Hull),E05011534,3834,3058,514,2544,4,4,58,21,37,714,644,70,0,2548,714
2021,Longhill & Bilton Grange,E05011535,5406,2561,1353,1208,6,6,2099,1971,128,720,626,94,20,1214,740
2021,Marfleet,E05011536,5681,1712,773,939,52,52,3038,2117,921,858,790,68,21,991,879
2021,Newington & Gipsyville,E05011537,7212,3090,1278,1812,36,36,1666,876,790,2391,2218,173,29,1848,2420
2021,North Carr,E05011538,5785,2508,966,1542,21,21,2515,1459,1056,729,666,63,12,1563,741
2021,Orchard Park,E05011539,6461,1989,1071,918,15,15,3606,2910,696,822,733,89,29,933,851
2021,Pickering (Kingston upon Hull),E05011540,3931,2073,1089,984,91,91,1192,935,257,557,502,55,18,1075,575
2021,St Andrew's & Docklands,E05011541,8263,1604,845,759,48,48,3335,2146,1189,3218,3029,189,58,807,3276
2021,Southcoates,E05011542,6170,3114,1511,1603,50,50,1668,987,681,1328,1211,117,10,1653,1338
2021,Sutton (Kingston upon Hull),E05011543,5923,3643,1848,1795,19,19,1441,1172,269,804,701,103,16,1814,820
2021,University (Kingston upon Hull),E05011544,3909,1524,747,777,14,14,1207,863,344,1155,1080,75,9,791,1164
2021,West Carr,E05011545,5380,3120,1746,1374,4,4,1581,1406,175,657,579,78,18,1378,675
2021,Horsforth,E05011547,10097,7448,3581,3867,55,55,1120,866,254,1464,1319,145,10,3922,1474
2021,Otley & Yeadon,E05011549,10487,7156,4082,3074,63,63,1869,1339,530,1379,1179,200,20,3137,1399
2021,Balderton North & Coddington,E05011552,3007,2257,1301,956,7,7,283,227,56,457,395,62,3,963,460
2021,Beacon (Newark and Sherwood),E05011553,4126,2577,1303,1274,60,60,458,249,209,1031,931,100,0,1334,1031
2021,Castle (Newark and Sherwood),E05011554,1774,778,492,286,14,14,320,56,264,660,601,59,2,300,662
2021,Farndon & Fernwood,E05011555,2972,2225,1051,1174,56,56,232,172,60,456,409,47,3,1230,459
2021,"Brasted, Chevening and Sundridge",E05011558,2567,1961,1067,894,14,14,221,20,201,370,303,67,1,908,371
2021,Seal and Weald,E05011559,1699,1225,647,578,37,37,220,25,195,217,176,41,0,615,217
2021,Bottisham,E05011560,2351,1647,970,677,35,35,348,48,300,321,250,71,0,712,321
2021,Burwell,E05011561,2762,2106,1171,935,28,28,319,42,277,309,263,46,0,963,309
2021,Downham Villages,E05011562,1231,967,521,446,6,6,126,13,113,132,99,33,0,452,132
2021,Ely East,E05011563,2845,1560,989,571,69,69,493,66,427,720,661,59,3,640,723
2021,Ely North,E05011564,1905,1334,522,812,30,30,161,21,140,379,341,38,1,842,380
2021,Ely West,E05011565,4216,2812,1528,1284,53,53,632,80,552,718,636,82,1,1337,719
2021,Fordham & Isleham,E05011566,2703,1899,1036,863,24,24,370,46,324,408,329,79,2,887,410
2021,Haddenham,E05011567,1451,1080,632,448,10,10,175,27,148,183,156,27,3,458,186
2021,Littleport,E05011568,4100,2569,1171,1398,68,68,741,94,647,722,638,84,0,1466,722
2021,Soham North,E05011569,2878,1814,863,951,63,63,407,57,350,592,531,61,2,1014,594
2021,Soham South,E05011570,2729,1628,797,831,66,66,492,82,410,543,474,69,0,897,543
2021,Stretham,E05011571,2773,2129,1187,942,37,37,319,45,274,288,237,51,0,979,288
2021,Sutton (East Cambridgeshire),E05011572,2356,1835,948,887,25,25,260,26,234,236,189,47,0,912,236
2021,Woodditton,E05011573,2902,1924,1152,772,53,53,359,40,319,566,298,268,0,825,566
2021,Devonshire,E05011574,6707,2606,1371,1235,54,54,879,417,462,3162,2995,167,6,1289,3168
2021,Hampden Park,E05011575,4369,2118,1039,1079,10,10,1387,768,619,841,782,59,13,1089,854
2021,Langney,E05011576,4360,2489,1320,1169,65,65,1106,733,373,691,614,77,9,1234,700
2021,Meads,E05011577,5724,3373,2659,714,23,23,240,54,186,2081,1892,189,7,737,2088
2021,Old Town (Eastbourne),E05011578,4489,3320,1823,1497,15,15,489,398,91,660,591,69,5,1512,665
2021,Ratton,E05011579,4199,3292,2162,1130,17,17,376,238,138,513,420,93,1,1147,514
2021,St Anthony's,E05011580,4780,3342,1794,1548,24,24,618,440,178,787,702,85,9,1572,796
2021,Sovereign,E05011581,5493,3754,2398,1356,36,36,328,28,300,1374,1259,115,1,1392,1375
2021,Upperton,E05011582,5489,2937,1739,1198,26,26,517,148,369,2007,1862,145,2,1224,2009
2021,"Chailey, Barcombe & Hamsey",E05011583,2083,1509,794,715,30,30,272,175,97,270,221,49,2,745,272
2021,Ditchling & Westmeston,E05011584,1054,875,611,264,3,3,65,51,14,110,94,16,1,267,111
2021,East Saltdean & Telscombe Cliffs,E05011585,3170,2466,1300,1166,13,13,199,101,98,489,426,63,3,1179,492
2021,Kingston,E05011586,834,636,431,205,3,3,54,50,4,141,106,35,0,208,141
2021,Lewes Bridge,E05011587,2383,1406,848,558,23,23,375,230,145,578,515,63,1,581,579
2021,Lewes Castle,E05011588,1770,998,578,420,8,8,454,413,41,303,265,38,7,428,310
2021,Lewes Priory,E05011589,3239,2418,1452,966,8,8,375,299,76,437,380,57,1,974,438
2021,Newhaven North,E05011590,1987,1534,787,747,11,11,195,112,83,245,225,20,2,758,247
2021,Newhaven South,E05011591,3410,1849,981,868,18,18,506,417,89,1027,963,64,10,886,1037
2021,Newick,E05011592,1043,815,472,343,19,19,110,88,22,99,74,25,0,362,99
2021,Ouse Valley & Ringmer,E05011593,2781,1822,1137,685,19,19,380,170,210,559,476,83,1,704,560
2021,Peacehaven East,E05011594,2348,1679,954,725,55,55,236,166,70,375,337,38,3,780,378
2021,Peacehaven North,E05011595,2135,1556,818,738,33,33,274,93,181,272,239,33,0,771,272
2021,Peacehaven West,E05011596,2310,1536,942,594,5,5,195,148,47,571,522,49,3,599,574
2021,"Plumpton, Streat, East Chiltington & St John",E05011597,879,685,392,293,6,6,79,57,22,108,81,27,1,299,109
2021,Seaford Central,E05011598,2592,1643,1075,568,46,46,122,43,79,781,735,46,0,614,781
2021,Seaford East,E05011599,2132,1785,1240,545,4,4,183,162,21,157,129,28,3,549,160
2021,Seaford North,E05011600,2209,1637,1010,627,21,21,308,195,113,240,207,33,3,648,243
2021,Seaford South,E05011601,2076,1506,1022,484,23,23,237,120,117,307,266,41,3,507,310
2021,Seaford West,E05011602,2079,1819,1277,542,4,4,37,28,9,218,184,34,1,546,219
2021,Wivelsfield,E05011603,1165,898,404,494,58,58,116,45,71,91,78,13,2,552,93
2021,Bexhill Central,E05011604,2935,1435,919,516,29,29,253,31,222,1218,1125,93,0,545,1218
2021,Bexhill Collington,E05011605,2122,1827,1435,392,10,10,55,8,47,230,203,27,0,402,230
2021,Bexhill Kewhurst,E05011606,2305,1916,1438,478,5,5,123,17,106,261,227,34,0,483,261
2021,Bexhill Old Town & Worsham,E05011607,1891,1377,810,567,35,35,184,18,166,294,270,24,1,602,295
2021,Bexhill Pebsham & St Michaels,E05011608,2248,1666,1077,589,14,14,186,18,168,382,339,43,0,603,382
2021,Bexhill Sackville,E05011609,2646,1788,1330,458,15,15,96,15,81,746,667,79,1,473,747
2021,Bexhill Sidley,E05011610,2548,1289,737,552,26,26,831,159,672,402,346,56,0,578,402
2021,Bexhill St Marks,E05011611,2284,1977,1449,528,38,38,55,9,46,214,178,36,0,566,214
2021,Bexhill St Stephens,E05011612,2094,1636,1030,606,9,9,159,21,138,290,247,43,0,615,290
2021,Brede & Udimore,E05011613,961,773,524,249,10,10,61,10,51,117,86,31,0,259,117
2021,Burwash & the Weald,E05011614,1863,1466,859,607,15,15,130,19,111,252,190,62,0,622,252
2021,Catsfield & Crowhurst,E05011615,986,749,470,279,8,8,69,9,60,160,128,32,0,287,160
2021,Eastern Rother,E05011616,2181,1538,1087,451,27,27,266,31,235,350,267,83,0,478,350
2021,Hurst Green & Ticehurst,E05011617,2238,1690,948,742,44,44,257,39,218,247,200,47,0,786,247
2021,"North Battle, Netherfield & Whatlington",E05011618,1974,1450,955,495,7,7,212,43,169,305,267,38,0,502,305
2021,Northern Rother,E05011619,2228,1695,1132,563,26,26,254,30,224,252,192,60,1,589,253
2021,Robertsbridge,E05011620,1047,795,473,322,2,2,126,18,108,124,101,23,0,324,124
2021,Rye & Winchelsea,E05011621,2386,1496,1041,455,26,26,429,77,352,434,383,51,1,481,435
2021,Sedlescombe & Westfield,E05011622,2250,1782,1148,634,21,21,230,24,206,217,172,45,0,655,217
2021,South Battle & Telham,E05011623,1029,719,410,309,1,1,133,28,105,176,157,19,0,310,176
2021,Southern Rother,E05011624,1883,1543,1122,421,6,6,182,21,161,152,114,38,0,427,152
2021,Arlington,E05011625,1268,1050,751,299,5,5,18,5,13,195,139,56,0,304,195
2021,Buxted,E05011626,1566,1250,701,549,29,29,122,67,55,164,130,34,1,578,165
2021,"Chiddingly, East Hoathly & Waldron",E05011627,1372,1089,671,418,9,9,68,22,46,205,155,50,1,427,206
2021,Crowborough Central,E05011628,1891,1365,803,562,25,25,164,68,96,336,306,30,1,587,337
2021,Crowborough Jarvis Brook,E05011629,1761,1257,614,643,43,43,247,179,68,213,192,21,1,686,214
2021,Crowborough North,E05011630,1340,1088,662,426,22,22,53,4,49,177,155,22,0,448,177
2021,Crowborough South East,E05011631,1394,1142,579,563,20,20,62,16,46,170,145,25,0,583,170
2021,Crowborough South West,E05011632,1276,962,522,440,4,4,189,118,71,120,101,19,1,444,121
2021,Crowborough St Johns,E05011633,1269,1112,739,373,2,2,49,7,42,106,80,26,0,375,106
2021,Danehill & Fletching,E05011634,1588,1281,722,559,9,9,88,59,29,209,148,61,1,568,210
2021,Forest Row,E05011635,1741,1258,777,481,0,0,163,134,29,319,276,43,1,481,320
2021,Framfield & Cross-in-Hand,E05011636,1327,1106,650,456,7,7,66,21,45,148,108,40,0,463,148
2021,Frant & Wadhurst,E05011637,2946,2277,1316,961,20,20,252,152,100,395,321,74,2,981,397
2021,Hadlow Down & Rotherfield,E05011638,1376,1141,676,465,7,7,93,63,30,133,110,23,2,472,135
2021,Hailsham Central,E05011639,1626,1126,664,462,18,18,141,49,92,340,294,46,1,480,341
2021,Hailsham East,E05011640,2031,1044,567,477,56,56,693,440,253,235,201,34,3,533,238
2021,Hailsham North,E05011641,1183,1026,517,509,10,10,9,5,4,138,122,16,0,519,138
2021,Hailsham North West,E05011642,1587,1245,696,549,29,29,136,23,113,177,151,26,0,578,177
2021,Hailsham South,E05011643,1438,1172,689,483,24,24,66,34,32,176,151,25,0,507,176
2021,Hailsham West,E05011644,1858,1263,760,503,20,20,353,91,262,222,187,35,0,523,222
2021,Hartfield,E05011645,1337,1023,617,406,4,4,93,55,38,217,151,66,0,410,217
2021,Heathfield North,E05011646,1858,1263,731,532,26,26,216,154,62,353,331,22,0,558,353
2021,Heathfield South,E05011647,1744,1439,774,665,12,12,31,23,8,262,224,38,0,677,262
2021,Hellingly,E05011648,1958,1416,657,759,91,91,264,23,241,187,145,42,0,850,187
2021,Herstmonceux & Pevensey Levels,E05011649,3040,2400,1538,862,28,28,256,171,85,353,274,79,3,890,356
2021,Horam & Punnetts Town,E05011650,2900,2377,1430,947,32,32,151,79,72,339,267,72,1,979,340
2021,Lower Willingdon,E05011651,1505,1329,831,498,4,4,15,6,9,157,126,31,0,502,157
2021,Maresfield,E05011652,1517,1238,778,460,14,14,141,73,68,124,93,31,0,474,124
2021,Mayfield & Five Ashes,E05011653,1545,1193,722,471,8,8,121,48,73,223,180,43,0,479,223
2021,Pevensey Bay,E05011654,1453,1168,773,395,6,6,8,4,4,271,223,48,0,401,271
2021,Polegate Central,E05011655,2023,1559,718,841,46,46,184,34,150,234,203,31,0,887,234
2021,Polegate North,E05011656,1811,1274,754,520,37,37,91,17,74,408,359,49,1,557,409
2021,Polegate South & Willingdon Watermill,E05011657,1615,1264,822,442,6,6,187,162,25,157,125,32,1,448,158
2021,South Downs,E05011658,1416,1150,850,300,6,6,65,48,17,195,158,37,0,306,195
2021,Stone Cross,E05011659,1442,1171,504,667,35,35,97,15,82,139,116,23,0,702,139
2021,Uckfield East,E05011660,1395,1006,561,445,11,11,65,24,41,312,288,24,1,456,313
2021,Uckfield New Town,E05011661,2570,1940,1086,854,16,16,259,150,109,354,317,37,1,870,355
2021,Uckfield North,E05011662,1343,866,438,428,12,12,256,187,69,209,181,28,0,440,209
2021,Uckfield Ridgewood & Little Horsted,E05011663,1228,935,424,511,24,24,82,7,75,187,162,25,0,535,187
2021,Upper Willingdon,E05011664,1514,1332,915,417,7,7,14,6,8,160,129,31,1,424,161
2021,Withyham,E05011665,1196,946,510,436,6,6,68,39,29,176,132,44,0,442,176
2021,Chichester Central,E05011666,1528,696,536,160,14,14,248,28,220,569,513,56,1,174,570
2021,Chichester East,E05011667,2978,1122,723,399,49,49,974,120,854,832,774,58,1,448,833
2021,Chichester North,E05011668,2833,1791,1283,508,140,140,331,40,291,569,470,99,2,648,571
2021,Chichester South,E05011669,3075,1604,955,649,46,46,730,101,629,692,643,49,3,695,695
2021,Chichester West,E05011670,2849,1775,1250,525,13,13,586,116,470,472,403,69,3,538,475
2021,Easebourne,E05011671,1340,890,537,353,5,5,157,24,133,288,222,66,0,358,288
2021,Fernhurst,E05011672,2679,1994,1091,903,24,24,336,47,289,323,237,86,2,927,325
2021,Fittleworth,E05011673,1377,1015,674,341,3,3,109,18,91,249,175,74,1,344,250
2021,Goodwood,E05011674,1542,883,515,368,39,39,265,24,241,354,292,62,1,407,355
2021,Harbour Villages,E05011675,4582,3390,2112,1278,54,54,448,37,411,687,589,98,3,1332,690
2021,Harting,E05011676,1527,1094,653,441,5,5,225,39,186,203,157,46,0,446,203
2021,Lavant,E05011677,1435,998,655,343,13,13,238,36,202,183,136,47,3,356,186
2021,Loxwood,E05011678,2952,2254,1274,980,18,18,316,38,278,364,277,87,0,998,364
2021,Midhurst,E05011679,3479,2150,1378,772,43,43,624,82,542,661,557,104,1,815,662
2021,North Mundham & Tangmere,E05011680,3357,2012,1086,926,99,99,716,70,646,528,443,85,2,1025,530
2021,Petworth,E05011681,1619,874,574,300,10,10,349,50,299,386,311,75,0,310,386
2021,Selsey South,E05011682,2908,2259,1638,621,10,10,142,10,132,497,432,65,0,631,497
2021,Sidlesham with Selsey North,E05011683,2681,1973,1372,601,27,27,340,34,306,341,257,84,0,628,341
2021,Southbourne,E05011684,3141,2153,1380,773,67,67,353,45,308,567,339,228,1,840,568
2021,The Witterings,E05011685,4701,3406,2371,1035,61,61,477,46,431,757,628,129,0,1096,757
2021,Westbourne (Chichester),E05011686,1528,1038,659,379,15,15,189,49,140,284,234,50,2,394,286
2021,Cholsey,E05011701,3719,2704,1448,1256,83,83,505,81,424,426,334,92,1,1339,427
2021,Didcot North East,E05011702,4434,2827,1076,1751,73,73,290,45,245,1244,1183,61,0,1824,1244
2021,Didcot South,E05011703,5367,3473,1480,1993,224,224,969,160,809,693,605,88,8,2217,701
2021,Forest Hill & Holton,E05011704,1473,1111,691,420,11,11,135,18,117,216,165,51,0,431,216
2021,Haseley Brook,E05011705,1745,1249,653,596,22,22,226,25,201,246,185,61,2,618,248
2021,Kidmore End & Whitchurch,E05011707,1443,1168,635,533,9,9,100,10,90,165,119,46,1,542,166
2021,Sandford & the Wittenhams,E05011708,1610,1247,730,517,11,11,76,8,68,276,238,38,0,528,276
2021,Wallingford,E05011710,3703,2409,1288,1121,102,102,670,102,568,522,446,76,0,1223,522
2021,Wheatley (South Oxfordshire),E05011711,1871,1382,831,551,14,14,165,21,144,310,269,41,0,565,310
2021,Woodcote & Rotherfield,E05011712,3411,2618,1518,1100,24,24,324,42,282,444,322,122,1,1124,445
2021,Blewbury & Harwell,E05011713,3707,2652,1174,1478,162,162,514,78,436,379,291,88,0,1640,379
2021,Cumnor,E05011714,2678,2030,1203,827,27,27,208,25,183,408,343,65,5,854,413
2021,Drayton,E05011715,1539,1129,547,582,30,30,220,40,180,160,132,28,0,612,160
2021,Sutton Courtenay,E05011717,1366,980,494,486,20,20,239,35,204,127,109,18,0,506,127
2021,Thames (Vale of White Horse),E05011718,1395,1055,597,458,17,17,109,20,89,214,178,36,0,475,214
2021,Wootton (Vale of White Horse),E05011719,1440,1021,593,428,10,10,228,49,179,181,129,52,0,438,181
2021,Aylesford & East Stour,E05011743,2630,1236,448,788,62,62,730,446,284,595,542,53,7,850,602
2021,Beaver,E05011744,2867,1455,616,839,52,52,902,739,163,446,385,61,12,891,458
2021,Biddenden,E05011745,1291,1022,671,351,18,18,125,89,36,126,101,25,0,369,126
2021,Bircholt,E05011746,1151,922,552,370,10,10,70,60,10,149,123,26,0,380,149
2021,Bockhanger,E05011747,990,592,323,269,3,3,275,191,84,118,102,16,2,272,120
2021,Bybrook,E05011748,1346,984,542,442,5,5,203,197,6,154,121,33,0,447,154
2021,Charing,E05011749,1196,856,553,303,15,15,175,130,45,148,111,37,2,318,150
2021,Conningbrook & Little Burton Farm,E05011750,791,538,190,348,24,24,75,4,71,154,146,8,0,372,154
2021,Downs North,E05011751,1069,786,449,337,8,8,108,77,31,166,125,41,1,345,167
2021,Downs West,E05011752,1056,906,499,407,6,6,29,27,2,115,87,28,0,413,115
2021,Furley,E05011753,2580,1532,793,739,10,10,314,52,262,724,651,73,0,749,724
2021,Goat Lees,E05011754,1078,682,268,414,23,23,173,112,61,200,187,13,0,437,200
2021,Godinton,E05011755,1050,843,349,494,6,6,21,4,17,180,162,18,0,500,180
2021,Highfield (Ashford),E05011756,947,787,385,402,6,6,12,10,2,142,135,7,0,408,142
2021,Isle of Oxney,E05011757,1175,840,534,306,7,7,197,155,42,128,102,26,3,313,131
2021,Kennington (Ashford),E05011758,930,816,503,313,1,1,14,3,11,99,79,20,0,314,99
2021,Kingsnorth Village & Bridgefield,E05011759,970,754,286,468,28,28,57,16,41,131,110,21,0,496,131
2021,"Mersham, Sevington South with Finberry",E05011760,1045,742,254,488,83,83,86,19,67,134,105,29,0,571,134
2021,Norman,E05011761,1263,647,289,358,3,3,269,216,53,339,303,36,5,361,344
2021,Park Farm North,E05011762,893,698,239,459,6,6,13,5,8,176,159,17,0,465,176
2021,Park Farm South,E05011763,967,658,247,411,48,48,45,10,35,216,201,15,0,459,216
2021,Repton (Ashford),E05011764,1972,1171,308,863,63,63,272,126,146,464,428,36,2,926,466
2021,Rolvenden & Tenterden West,E05011765,1069,760,522,238,11,11,136,113,23,161,126,35,1,249,162
2021,Roman (Ashford),E05011766,1252,900,285,615,45,45,75,15,60,232,214,18,0,660,232
2021,Saxon Shore,E05011767,1073,841,485,356,35,35,106,47,59,91,61,30,0,391,91
2021,Singleton East,E05011768,1203,782,328,454,7,7,58,41,17,356,325,31,0,461,356
2021,Singleton West,E05011769,1155,772,252,520,46,46,32,9,23,304,290,14,1,566,305
2021,Stanhope,E05011770,1064,379,145,234,32,32,440,157,283,211,189,22,2,266,213
2021,Tenterden North,E05011771,1110,782,577,205,3,3,131,62,69,193,162,31,1,208,194
2021,Tenterden South,E05011772,1293,860,596,264,46,46,228,150,78,157,130,27,2,310,159
2021,Tenterden St Michael's,E05011773,1149,901,577,324,13,13,90,61,29,144,120,24,1,337,145
2021,Upper Weald,E05011774,1086,755,416,339,7,7,178,150,28,144,109,35,2,346,146
2021,Victoria (Ashford),E05011775,3062,1308,568,740,57,57,678,476,202,1006,927,79,13,797,1019
2021,Washford,E05011776,983,650,300,350,17,17,115,31,84,201,187,14,0,367,201
2021,Weald Central,E05011777,1740,1271,742,529,8,8,209,161,48,249,183,66,3,537,252
2021,Weald North,E05011778,1029,791,460,331,12,12,120,75,45,106,68,38,0,343,106
2021,Weald South,E05011779,2259,1781,1063,718,43,43,198,133,65,233,187,46,4,761,237
2021,Willesborough,E05011780,2668,1882,983,899,35,35,349,225,124,401,317,84,1,934,402
2021,Wye with Hinxhill,E05011781,1124,710,434,276,12,12,190,152,38,208,179,29,4,288,212
2021,Axminster,E05011782,3678,2395,1537,858,79,79,577,329,248,625,550,75,2,937,627
2021,Beer & Branscombe,E05011783,1066,740,552,188,5,5,124,75,49,197,152,45,0,193,197
2021,Broadclyst,E05011784,2817,1893,757,1136,100,100,448,124,324,375,303,72,1,1236,376
2021,Budleigh & Raleigh,E05011785,3599,2725,2048,677,30,30,280,193,87,562,469,93,2,707,564
2021,Clyst Valley,E05011786,1017,840,524,316,15,15,28,5,23,133,109,24,1,331,134
2021,Coly Valley,E05011787,2119,1613,1189,424,8,8,214,131,83,283,221,62,1,432,284
2021,Cranbrook (East Devon),E05011788,2502,1528,256,1272,253,253,400,44,356,321,259,62,0,1525,321
2021,Dunkeswell & Otterhead,E05011789,2377,1853,1240,613,21,21,133,62,71,370,280,90,0,634,370
2021,Exe Valley,E05011790,1064,791,500,291,3,3,82,69,13,183,151,32,5,294,188
2021,Exmouth Brixington,E05011791,3254,2460,1514,946,17,17,378,254,124,397,318,79,2,963,399
2021,Exmouth Halsdon,E05011792,3319,2650,1706,944,17,17,173,43,130,477,400,77,2,961,479
2021,Exmouth Littleham,E05011793,3812,2740,1995,745,18,18,533,452,81,518,449,69,3,763,521
2021,Exmouth Town,E05011794,3502,1901,1085,816,20,20,201,89,112,1377,1238,139,3,836,1380
2021,Exmouth Withycombe Raleigh,E05011795,2113,1368,720,648,31,31,480,304,176,231,184,47,3,679,234
2021,Feniton,E05011796,1157,893,480,413,25,25,63,17,46,175,142,33,1,438,176
2021,Honiton St Michael's,E05011797,3130,2148,1355,793,21,21,345,242,103,614,550,64,2,814,616
2021,Honiton St Paul's,E05011798,2370,1570,1038,532,8,8,352,245,107,438,389,49,2,540,440
2021,Newbridges,E05011799,1113,865,642,223,3,3,120,89,31,125,89,36,0,226,125
2021,Newton Poppleford & Harpford,E05011800,992,780,508,272,4,4,93,66,27,113,98,15,2,276,115
2021,Ottery St Mary,E05011801,3399,2463,1504,959,76,76,330,186,144,526,441,85,4,1035,530
2021,Seaton (East Devon),E05011802,3624,2631,2000,631,30,30,262,177,85,698,620,78,3,661,701
2021,Sidmouth Rural,E05011803,1002,820,653,167,1,1,49,41,8,132,95,37,0,168,132
2021,Sidmouth Sidford,E05011804,3686,2678,1995,683,70,70,553,346,207,379,338,41,6,753,385
2021,Sidmouth Town,E05011805,2289,1727,1428,299,15,15,120,69,51,423,340,83,4,314,427
2021,Tale Vale,E05011806,992,761,471,290,3,3,69,61,8,157,114,43,2,293,159
2021,Trinity (East Devon),E05011807,1112,909,654,255,4,4,59,42,17,140,104,36,0,259,140
2021,West Hill & Aylesbeare,E05011808,1080,940,631,309,17,17,56,44,12,67,59,8,0,326,67
2021,Whimple & Rockbeare,E05011809,1259,980,583,397,18,18,121,64,57,140,113,27,0,415,140
2021,Woodbury & Lympstone,E05011810,2263,1642,1033,609,27,27,210,150,60,380,277,103,4,636,384
2021,Yarty,E05011811,1092,889,628,261,7,7,53,24,29,143,108,35,0,268,143
2021,Billingshurst,E05011812,4416,3124,1504,1620,128,128,602,67,535,562,479,83,0,1748,562
2021,"Bramber, Upper Beeding & Woodmancote",E05011813,2270,1811,1088,723,11,11,135,17,118,313,263,50,0,734,313
2021,Broadbridge Heath,E05011814,2511,1726,598,1128,117,117,333,28,305,335,304,31,0,1245,335
2021,Colgate & Rusper,E05011815,2430,1581,648,933,129,129,162,7,155,557,486,71,1,1062,558
2021,"Cowfold, Shermanbury & West Grinstead",E05011816,2258,1790,1002,788,9,9,156,12,144,303,239,64,0,797,303
2021,Denne,E05011817,4854,2863,1514,1349,78,78,774,110,664,1135,1041,94,4,1427,1139
2021,Forest (Horsham),E05011818,3672,2501,1290,1211,34,34,634,61,573,502,446,56,1,1245,503
2021,Henfield,E05011819,2667,1864,1145,719,67,67,410,34,376,325,279,46,1,786,326
2021,Holbrook East,E05011820,2386,1772,862,910,53,53,224,15,209,337,315,22,0,963,337
2021,Holbrook West,E05011821,2698,1934,1009,925,11,11,256,40,216,496,466,30,1,936,497
2021,"Itchingfield, Slinfold & Warnham",E05011822,2292,1730,979,751,22,22,274,30,244,266,194,72,0,773,266
2021,Nuthurst & Lower Beeding,E05011823,1238,1011,605,406,10,10,67,8,59,150,112,38,0,416,150
2021,"Pulborough, Coldwaltham & Amberley",E05011824,3307,2317,1355,962,41,41,480,65,415,468,382,86,1,1003,469
2021,Roffey North,E05011825,2667,2081,1169,912,12,12,332,38,294,239,213,26,3,924,242
2021,Roffey South,E05011826,3119,1902,939,963,25,25,479,40,439,710,638,72,3,988,713
2021,Rudgwick,E05011827,1162,928,525,403,16,16,74,6,68,144,105,39,0,419,144
2021,Southwater North,E05011828,2290,1845,869,976,32,32,103,4,99,309,217,92,1,1008,310
2021,Southwater South & Shipley,E05011829,2745,1934,971,963,142,142,339,36,303,329,279,50,1,1105,330
2021,Steyning & Ashurst,E05011830,2775,2129,1391,738,23,23,243,28,215,380,325,55,0,761,380
2021,Storrington & Washington,E05011831,4231,3098,1962,1136,46,46,618,84,534,467,381,86,2,1182,469
2021,Trafalgar,E05011832,2717,2037,1136,901,7,7,274,27,247,396,350,46,3,908,399
2021,"West Chiltington, Thakeham & Ashington",E05011833,3670,3090,1923,1167,61,61,184,18,166,333,281,52,2,1228,335
2021,Bacton (North Norfolk),E05011834,1136,833,620,213,10,10,89,16,73,204,164,40,0,223,204
2021,Beeston Regis & The Runtons,E05011835,1223,978,788,190,7,7,93,14,79,144,107,37,1,197,145
2021,Briston,E05011836,1157,800,502,298,7,7,159,23,136,189,162,27,2,305,191
2021,Coastal (North Norfolk),E05011837,1132,792,636,156,12,12,201,37,164,126,89,37,1,168,127
2021,Cromer Town,E05011838,2699,1581,1219,362,20,20,304,26,278,792,738,54,2,382,794
2021,Erpingham,E05011839,1199,890,598,292,11,11,111,16,95,187,144,43,0,303,187
2021,Gresham,E05011840,1073,759,545,214,10,10,128,17,111,176,140,36,0,224,176
2021,Happisburgh,E05011841,1210,943,674,269,0,0,71,12,59,196,158,38,0,269,196
2021,Hickling,E05011842,1184,904,662,242,1,1,133,33,100,146,118,28,0,243,146
2021,Holt (North Norfolk),E05011843,2373,1611,1301,310,31,31,420,53,367,311,261,50,0,341,311
2021,Hoveton & Tunstead,E05011844,2373,1758,1241,517,29,29,262,45,217,324,258,66,0,546,324
2021,Lancaster North,E05011845,1115,726,467,259,20,20,174,39,135,195,162,33,0,279,195
2021,Lancaster South,E05011846,2657,1707,1161,546,15,15,475,84,391,456,399,57,4,561,460
2021,Mundesley,E05011847,1382,950,746,204,15,15,186,32,154,231,209,22,0,219,231
2021,North Walsham East,E05011848,2251,1473,955,518,17,17,435,70,365,324,293,31,2,535,326
2021,North Walsham Market Cross,E05011849,1460,1029,735,294,6,6,154,26,128,271,238,33,0,300,271
2021,North Walsham West,E05011850,2423,1590,950,640,18,18,414,65,349,400,335,65,1,658,401
2021,Poppyland,E05011851,1230,960,736,224,5,5,85,9,76,180,143,37,0,229,180
2021,Priory (North Norfolk),E05011852,1040,654,493,161,5,5,158,35,123,223,158,65,0,166,223
2021,Roughton (North Norfolk),E05011853,1243,886,580,306,16,16,160,16,144,180,144,36,1,322,181
2021,St Benet's,E05011854,1144,839,645,194,0,0,163,32,131,141,113,28,1,194,142
2021,Sheringham North,E05011855,1266,798,586,212,0,0,121,18,103,347,283,64,0,212,347
2021,Sheringham South,E05011856,2273,1700,1336,364,7,7,188,21,167,378,316,62,0,371,378
2021,Stalham,E05011857,2727,1794,1171,623,10,10,366,52,314,557,502,55,0,633,557
2021,Stibbard,E05011858,1214,877,604,273,9,9,147,17,130,180,145,35,1,282,181
2021,Stody,E05011859,1131,804,528,276,7,7,81,11,70,239,209,30,0,283,239
2021,Suffield Park,E05011860,1162,748,543,205,4,4,191,30,161,218,183,35,1,209,219
2021,The Raynhams,E05011861,1195,791,470,321,8,8,82,17,65,313,262,51,1,329,314
2021,Trunch,E05011862,1181,907,643,264,12,12,137,28,109,125,92,33,0,276,125
2021,Walsingham,E05011863,1170,715,457,258,6,6,182,29,153,267,207,60,0,264,267
2021,Wells with Holkham,E05011864,1200,642,533,109,13,13,302,65,237,242,196,46,1,122,243
2021,Worstead,E05011865,1156,777,387,390,1,1,105,14,91,273,244,29,0,391,273
2021,"Beck Vale, Dickleburgh & Scole",E05011866,2913,2077,1310,767,40,40,341,70,271,455,388,67,0,807,455
2021,Bressingham & Burston,E05011867,1398,1055,701,354,9,9,149,31,118,185,144,41,0,363,185
2021,Brooke,E05011868,1467,1166,760,406,6,6,137,37,100,158,131,27,0,412,158
2021,Bunwell,E05011869,1275,1047,632,415,10,10,104,24,80,114,79,35,0,425,114
2021,Central Wymondham,E05011870,2750,1842,1272,570,42,42,418,103,315,448,388,60,0,612,448
2021,Cringleford,E05011871,2192,1575,810,765,51,51,195,16,179,371,318,53,0,816,371
2021,Diss & Roydon,E05011872,5099,3206,2043,1163,44,44,786,182,604,1061,958,103,2,1207,1063
2021,Easton (South Norfolk),E05011874,826,647,360,287,10,10,54,10,44,115,86,29,0,297,115
2021,Forncett,E05011875,1369,1149,632,517,8,8,90,21,69,120,92,28,2,525,122
2021,Hempnall,E05011877,1333,1087,676,411,3,3,87,19,68,156,107,49,0,414,156
2021,Hethersett,E05011878,3761,2818,1534,1284,45,45,450,100,350,447,389,58,1,1329,448
2021,Hingham & Deopham,E05011879,1407,1053,679,374,8,8,192,38,154,152,123,29,2,382,154
2021,Loddon & Chedgrave,E05011880,2580,1802,1063,739,12,12,362,84,278,404,337,67,0,751,404
2021,Mulbarton & Stoke Holy Cross,E05011881,3973,3121,1763,1358,47,47,383,70,313,422,348,74,0,1405,422
2021,New Costessey,E05011882,2828,2139,1375,764,28,28,400,46,354,261,206,55,0,792,261
2021,Newton Flotman,E05011883,1285,991,601,390,3,3,141,36,105,149,112,37,1,393,150
2021,North Wymondham,E05011884,2716,1949,871,1078,67,67,312,24,288,388,350,38,0,1145,388
2021,Old Costessey,E05011885,4303,2958,1011,1947,82,82,543,93,450,717,643,74,3,2029,720
2021,"Poringland, Framinghams & Trowse",E05011886,3613,2701,1437,1264,36,36,417,78,339,457,394,63,2,1300,459
2021,Rockland,E05011887,1425,1146,732,414,7,7,104,22,82,168,135,33,0,421,168
2021,South Wymondham,E05011888,2566,1846,810,1036,66,66,302,60,242,352,299,53,0,1102,352
2021,Stratton (South Norfolk),E05011889,1947,1320,711,609,35,35,278,50,228,312,269,43,2,644,314
2021,Thurlton,E05011890,1365,1105,673,432,6,6,113,28,85,141,104,37,0,438,141
2021,Wicklewood,E05011891,1335,1061,649,412,4,4,109,24,85,161,122,39,0,416,161
2021,Ambrook,E05011892,2453,1945,1149,796,31,31,118,28,90,358,293,65,1,827,359
2021,Ashburton & Buckfastleigh,E05011893,3976,2544,1623,921,44,44,505,143,362,877,734,143,6,965,883
2021,Bishopsteignton,E05011894,1254,1079,808,271,20,20,37,2,35,118,94,24,0,291,118
2021,Bovey,E05011895,3670,2733,1762,971,47,47,328,72,256,558,480,78,4,1018,562
2021,Bradley (Teignbridge),E05011896,3160,2261,1048,1213,101,101,357,77,280,435,391,44,6,1314,441
2021,Buckland & Milber,E05011897,3936,2743,1589,1154,45,45,598,216,382,548,479,69,2,1199,550
2021,Bushell,E05011898,2717,1445,735,710,33,33,482,95,387,753,700,53,4,743,757
2021,Chudleigh,E05011899,2580,1876,1015,861,37,37,280,52,228,387,342,45,0,898,387
2021,College (Teignbridge),E05011900,2400,1539,832,707,16,16,214,16,198,631,573,58,0,723,631
2021,Dawlish North East,E05011901,4005,2781,1772,1009,91,91,423,65,358,709,633,76,1,1100,710
2021,Dawlish South West,E05011902,2902,1861,1300,561,43,43,293,84,209,705,632,73,0,604,705
2021,Haytor,E05011903,1066,891,579,312,5,5,42,5,37,128,113,15,0,317,128
2021,Ipplepen,E05011904,1104,874,559,315,4,4,66,19,47,160,132,28,0,319,160
2021,Kenn Valley,E05011905,3530,2586,1474,1112,53,53,275,66,209,616,534,82,0,1165,616
2021,Kenton & Starcross,E05011906,1362,983,617,366,2,2,128,28,100,249,220,29,0,368,249
2021,Kerswell-with-Combe,E05011907,2466,1988,1238,750,34,34,147,30,117,297,259,38,0,784,297
2021,Kingsteignton East,E05011908,2879,2051,1097,954,70,70,255,35,220,503,444,59,0,1024,503
2021,Kingsteignton West,E05011909,2557,1916,1039,877,21,21,224,54,170,396,328,68,0,898,396
2021,Moretonhampstead,E05011910,1332,986,689,297,1,1,89,23,66,256,209,47,0,298,256
2021,Shaldon & Stokeinteignhead,E05011911,1125,908,637,271,1,1,37,14,23,179,153,26,0,272,179
2021,Teign Valley,E05011912,2215,1764,1204,560,23,23,147,39,108,281,228,53,0,583,281
2021,Teignmouth Central,E05011913,2707,1833,1128,705,14,14,172,46,126,687,625,62,1,719,688
2021,Teignmouth East,E05011914,2296,1685,1251,434,21,21,106,21,85,484,440,44,0,455,484
2021,Teignmouth West,E05011915,2155,1389,743,646,22,22,369,92,277,373,322,51,2,668,375
2021,Appledore,E05011916,1784,1241,850,391,24,24,237,51,186,282,240,42,0,415,282
2021,Bideford East,E05011917,2467,1460,788,672,51,51,518,91,427,438,391,47,0,723,438
2021,Bideford North,E05011918,2784,1668,1019,649,18,18,268,28,240,830,739,91,0,667,830
2021,Bideford South,E05011919,1694,1117,617,500,28,28,192,31,161,354,306,48,3,528,357
2021,Bideford West,E05011920,1250,785,388,397,32,32,261,65,196,172,157,15,0,429,172
2021,Broadheath (Torridge),E05011921,1781,1368,954,414,7,7,98,12,86,308,227,81,0,421,308
2021,Great Torrington,E05011922,2521,1633,989,644,14,14,300,51,249,573,502,71,1,658,574
2021,Hartland,E05011923,2596,1787,1190,597,10,10,190,26,164,609,458,151,0,607,609
2021,Holsworthy,E05011924,1581,859,569,290,18,18,242,34,208,462,434,28,0,308,462
2021,Milton & Tamarside,E05011925,1734,1386,1038,348,9,9,65,11,54,273,195,78,1,357,274
2021,Monkleigh & Putford,E05011926,1629,1304,895,409,12,12,63,13,50,250,182,68,0,421,250
2021,Northam,E05011927,2325,1810,1264,546,11,11,118,15,103,385,321,64,1,557,386
2021,Shebbear & Langtree,E05011928,1652,1288,886,402,8,8,74,6,68,282,215,67,0,410,282
2021,Two Rivers & Three Moors,E05011929,1743,1421,980,441,7,7,80,11,69,235,169,66,0,448,235
2021,Westward Ho!,E05011930,1933,1358,954,404,20,20,73,10,63,482,441,41,0,424,482
2021,Winkleigh,E05011931,994,702,491,211,0,0,72,13,59,220,183,37,0,211,220
2021,Alresford & Elmstead,E05011932,2853,2414,1394,1020,33,33,137,77,60,266,203,63,3,1053,269
2021,Ardleigh & Little Bromley,E05011933,1177,942,465,477,12,12,80,49,31,142,107,35,1,489,143
2021,Bluehouse,E05011934,2574,1430,908,522,5,5,743,429,314,392,349,43,4,527,396
2021,Brightlingsea,E05011935,3992,2937,1785,1152,13,13,226,126,100,813,739,74,3,1165,816
2021,Burrsville,E05011936,2432,1976,1395,581,9,9,166,14,152,281,232,49,0,590,281
2021,Cann Hall (Tendring),E05011937,2630,1865,1109,756,13,13,208,11,197,542,489,53,2,769,544
2021,Coppins,E05011938,3115,1770,1083,687,11,11,368,144,224,966,890,76,0,698,966
2021,Dovercourt All Saints,E05011939,3217,2218,1394,824,12,12,470,208,262,509,453,56,8,836,517
2021,Dovercourt Bay,E05011940,1434,839,461,378,6,6,180,69,111,408,377,31,1,384,409
2021,Dovercourt Tollgate,E05011941,1125,894,534,360,7,7,60,43,17,162,135,27,2,367,164
2021,Dovercourt Vines & Parkeston,E05011942,1268,848,430,418,7,7,121,87,34,292,264,28,0,425,292
2021,Eastcliff (Tendring),E05011943,1371,1143,852,291,1,1,54,9,45,173,141,32,0,292,173
2021,Frinton,E05011944,2845,2243,1792,451,9,9,84,38,46,509,424,85,0,460,509
2021,Harwich & Kingsway,E05011945,1811,802,484,318,6,6,241,184,57,758,723,35,4,324,762
2021,Homelands,E05011946,1780,1210,934,276,3,3,307,55,252,259,214,45,1,279,260
2021,Kirby Cross,E05011947,1474,1186,781,405,21,21,52,39,13,215,182,33,0,426,215
2021,Kirby-le-Soken & Hamford,E05011948,1550,1286,911,375,21,21,52,30,22,191,163,28,0,396,191
2021,"Lawford, Manningtree & Mistley",E05011949,3937,2774,1510,1264,15,15,420,320,100,724,645,79,4,1279,728
2021,Little Clacton,E05011950,1402,1236,865,371,8,8,20,17,3,138,108,30,0,379,138
2021,Pier,E05011951,1326,532,321,211,4,4,44,10,34,746,721,25,0,215,746
2021,St Bartholomew's (Tendring),E05011952,2911,2483,1951,532,8,8,57,26,31,363,282,81,0,540,363
2021,St James (Tendring),E05011953,3335,1995,1389,606,14,14,296,121,175,1030,961,69,0,620,1030
2021,St John's (Tendring),E05011954,3156,2118,1385,733,13,13,286,148,138,734,667,67,5,746,739
2021,St Osyth,E05011955,2382,1769,1230,539,8,8,184,62,122,419,353,66,2,547,421
2021,St Paul's (Tendring),E05011956,1283,905,643,262,4,4,57,7,50,317,276,41,0,266,317
2021,Stour Valley,E05011957,1241,1022,638,384,0,0,108,55,53,111,90,21,0,384,111
2021,The Bentleys & Frating,E05011958,1418,1179,684,495,15,15,84,47,37,140,108,32,0,510,140
2021,The Oakleys & Wix,E05011959,1250,1026,606,420,4,4,80,76,4,138,103,35,2,424,140
2021,"Thorpe, Beaumont & Great Holland",E05011960,1456,1212,768,444,7,7,82,55,27,154,110,44,1,451,155
2021,Walton (Tendring),E05011961,1542,992,639,353,18,18,83,68,15,448,398,50,1,371,449
2021,Weeley & Tendring,E05011962,1252,1056,618,438,3,3,72,66,6,119,89,30,2,441,121
2021,West Clacton & Jaywick Sands,E05011963,2918,1912,1551,361,5,5,83,10,73,918,833,85,0,366,918
2021,Billesdon & Tilton,E05011964,1119,855,525,330,15,15,83,6,77,166,124,42,0,345,166
2021,Bosworth,E05011965,1367,1031,545,486,18,18,118,23,95,200,168,32,0,504,200
2021,Broughton Astley-Primethorpe & Sutton,E05011966,2055,1619,852,767,54,54,193,18,175,189,160,29,0,821,189
2021,Broughton Astley South & Leire,E05011967,2091,1720,797,923,28,28,61,8,53,282,249,33,0,951,282
2021,Dunton,E05011968,1088,935,541,394,2,2,51,10,41,99,76,23,1,396,100
2021,Fleckney,E05011969,2428,1974,1048,926,21,21,153,14,139,280,240,40,0,947,280
2021,Glen (Harborough),E05011970,2377,1869,1033,836,36,36,157,11,146,314,275,39,1,872,315
2021,Kibworths,E05011971,3626,2673,1407,1266,100,100,393,31,362,460,391,69,0,1366,460
2021,Lubenham,E05011972,1021,790,423,367,15,15,77,9,68,139,113,26,0,382,139
2021,Lutterworth East,E05011973,2383,1453,773,680,91,91,473,54,419,366,318,48,0,771,366
2021,Lutterworth West,E05011974,2177,1692,925,767,36,36,155,23,132,294,262,32,0,803,294
2021,Market Harborough-Great Bowden & Arden,E05011975,2722,1731,993,738,81,81,443,73,370,466,423,43,1,819,467
2021,Market Harborough-Little Bowden,E05011976,2328,1791,895,896,48,48,65,2,63,424,381,43,0,944,424
2021,Market Harborough-Logan,E05011977,2542,1858,1173,685,24,24,249,22,227,411,357,54,0,709,411
2021,Market Harborough-Welland,E05011978,3781,2776,1392,1384,82,82,374,50,324,547,478,69,2,1466,549
2021,Misterton (Harborough),E05011979,1196,940,487,453,20,20,78,19,59,158,130,28,0,473,158
2021,Nevill,E05011980,1166,914,551,363,3,3,69,4,65,180,157,23,0,366,180
2021,Thurnby & Houghton,E05011981,3689,3025,1603,1422,115,115,210,17,193,337,281,56,2,1537,339
2021,Ullesthorpe,E05011982,1263,990,525,465,14,14,127,11,116,132,106,26,0,479,132
2021,Ault Hucknall,E05011983,2749,1952,1039,913,20,20,382,342,40,386,335,51,9,933,395
2021,Barlborough,E05011984,1785,1386,720,666,2,2,156,134,22,239,214,25,2,668,241
2021,Blackwell,E05011985,1911,1377,788,589,2,2,308,294,14,219,185,34,5,591,224
2021,Bolsover East,E05011986,1952,1245,671,574,14,14,458,365,93,232,202,30,3,588,235
2021,Bolsover North & Shuttlewood,E05011987,1465,938,500,438,6,6,241,193,48,280,260,20,0,444,280
2021,Bolsover South,E05011988,2069,1416,864,552,8,8,287,214,73,358,324,34,0,560,358
2021,Clowne East,E05011989,2512,1804,1023,781,3,3,312,258,54,393,347,46,0,784,393
2021,Clowne West,E05011990,1169,888,407,481,2,2,107,93,14,169,146,23,3,483,172
2021,Elmton-with-Creswell,E05011991,2940,1644,835,809,9,9,602,449,153,676,617,59,9,818,685
2021,Langwith,E05011992,1957,1067,533,534,3,3,540,390,150,343,311,32,4,537,347
2021,Pinxton,E05011993,1910,1250,707,543,1,1,340,276,64,316,270,46,3,544,319
2021,Shirebrook North,E05011994,2138,1013,583,430,16,16,726,619,107,378,332,46,5,446,383
2021,Shirebrook South,E05011995,2016,1238,627,611,4,4,157,97,60,616,575,41,1,615,617
2021,South Normanton East,E05011996,2071,1405,641,764,5,5,338,275,63,315,279,36,8,769,323
2021,South Normanton West,E05011997,2967,2137,1124,1013,10,10,201,92,109,617,536,81,2,1023,619
2021,Tibshelf,E05011998,1845,1304,621,683,10,10,258,242,16,268,227,41,5,693,273
2021,Whitwell,E05011999,1812,1200,708,492,4,4,354,318,36,249,212,37,5,496,254
2021,Alston & Hothersall,E05012000,1142,914,529,385,6,6,41,6,35,181,151,30,0,391,181
2021,Billington & Langho,E05012001,1547,1256,781,475,35,35,107,13,94,149,118,31,0,510,149
2021,Bowland,E05012002,607,428,286,142,4,4,5,0,5,170,137,33,0,146,170
2021,Brockhall & Dinckley,E05012003,565,510,213,297,0,0,6,0,6,49,40,9,0,297,49
2021,Chatburn,E05012004,584,383,217,166,0,0,52,1,51,149,133,16,0,166,149
2021,Chipping,E05012005,611,430,273,157,2,2,62,9,53,117,84,33,0,159,117
2021,Clayton-le-Dale & Salesbury,E05012006,676,567,354,213,8,8,35,3,32,66,45,21,0,221,66
2021,Derby & Thornley,E05012007,1527,997,580,417,15,15,187,28,159,328,287,41,0,432,328
2021,Dilworth,E05012008,1206,961,539,422,23,23,45,8,37,177,156,21,0,445,177
2021,"East Whalley, Read & Simonstone",E05012009,1130,950,576,374,6,6,28,4,24,146,122,24,0,380,146
2021,Edisford & Low Moor,E05012010,1470,1048,508,540,22,22,255,49,206,145,120,25,0,562,145
2021,Gisburn & Rimington,E05012011,592,448,265,183,7,7,26,1,25,111,92,19,0,190,111
2021,Hurst Green & Whitewell,E05012012,551,378,228,150,9,9,21,1,20,143,85,58,0,159,143
2021,Littlemoor,E05012013,1487,988,566,422,42,42,263,54,209,194,165,29,0,464,194
2021,Mellor,E05012014,1244,1035,681,354,20,20,67,9,58,122,98,24,0,374,122
2021,Primrose (Ribble Valley),E05012015,1694,1144,535,609,51,51,209,38,171,290,250,40,0,660,290
2021,Ribchester,E05012016,675,534,344,190,3,3,55,1,54,82,54,28,1,193,83
2021,Sabden,E05012017,714,521,274,247,11,11,84,9,75,98,80,18,0,258,98
2021,St Mary's (Ribble Valley),E05012018,1433,1036,655,381,7,7,159,14,145,231,198,33,0,388,231
2021,Salthill,E05012019,1596,1049,568,481,15,15,140,15,125,391,333,58,1,496,392
2021,"Waddington, Bashall Eaves & Mitton",E05012020,683,510,370,140,4,4,42,2,40,127,103,24,0,144,127
2021,West Bradford & Grindleton,E05012021,731,610,408,202,2,2,30,2,28,89,67,22,0,204,89
2021,Whalley & Painter Wood,E05012022,1427,1081,642,439,44,44,126,18,108,176,134,42,0,483,176
2021,Whalley Nethertown,E05012023,537,449,182,267,12,12,21,1,20,55,46,9,0,279,55
2021,Wilpshire & Ramsgreave,E05012024,1341,1215,694,521,1,1,13,1,12,112,84,28,0,522,112
2021,Wiswell & Barrow,E05012025,975,739,383,356,57,57,73,6,67,106,92,14,0,413,106
2021,Bagshot,E05012026,3112,2314,1121,1193,29,29,315,40,275,454,389,65,0,1222,454
2021,Bisley & West End,E05012027,3576,2912,1319,1593,97,97,182,18,164,385,325,60,0,1690,385
2021,Frimley,E05012028,2051,1508,791,717,8,8,214,27,187,319,272,47,2,725,321
2021,Frimley Green,E05012029,2727,2045,1030,1015,33,33,314,23,291,333,296,37,2,1048,335
2021,Heatherside,E05012030,2950,2517,1225,1292,19,19,74,13,61,340,311,29,0,1311,340
2021,Lightwater,E05012031,2794,2342,1291,1051,7,7,121,18,103,324,283,41,0,1058,324
2021,Mytchett & Deepcut,E05012032,2903,2164,1026,1138,20,20,204,37,167,515,325,190,0,1158,515
2021,Old Dean,E05012033,2106,1122,507,615,35,35,763,113,650,183,164,19,3,650,186
2021,Parkside (Surrey Heath),E05012034,1940,1655,826,829,6,6,71,8,63,207,181,26,1,835,208
2021,St Michaels (Surrey Heath),E05012035,2610,1397,592,805,74,74,415,59,356,721,643,78,3,879,724
2021,St Pauls (Surrey Heath),E05012036,1852,1665,843,822,0,0,9,2,7,178,144,34,0,822,178
2021,Town (Surrey Heath),E05012037,2237,1266,640,626,6,6,145,30,115,820,655,165,0,632,820
2021,Watchetts,E05012038,2127,1406,669,737,9,9,342,44,298,367,309,58,3,746,370
2021,Windlesham & Chobham,E05012039,3024,2338,1274,1064,20,20,279,45,234,386,314,72,1,1084,387
2021,Ashover,E05012040,850,670,458,212,2,2,91,67,24,87,64,23,0,214,87
2021,Barlow & Holmesfield,E05012041,857,648,408,240,2,2,132,104,28,73,49,24,2,242,75
2021,Brampton & Walton,E05012042,1491,1217,794,423,3,3,140,106,34,130,105,25,1,426,131
2021,Clay Cross North,E05012043,3200,1941,1036,905,12,12,768,621,147,474,425,49,5,917,479
2021,Clay Cross South,E05012044,1712,936,580,356,16,16,568,522,46,188,146,42,4,372,192
2021,Coal Aston,E05012045,1783,1555,1035,520,3,3,78,70,8,147,123,24,0,523,147
2021,Dronfield North,E05012046,1683,988,516,472,16,16,543,348,195,132,110,22,4,488,136
2021,Dronfield South,E05012047,2651,2233,1294,939,4,4,166,110,56,248,198,50,0,943,248
2021,Dronfield Woodhouse,E05012048,804,711,415,296,3,3,37,30,7,53,42,11,0,299,53
2021,Eckington North,E05012049,1889,1323,796,527,2,2,304,253,51,257,220,37,3,529,260
2021,Eckington South & Renishaw,E05012050,2694,1484,696,788,21,21,802,676,126,375,327,48,12,809,387
2021,Gosforth Valley,E05012051,2539,2205,1411,794,18,18,131,93,38,185,150,35,0,812,185
2021,Grassmoor,E05012052,1829,1046,570,476,29,29,565,427,138,183,166,17,6,505,189
2021,Holmewood & Heath,E05012053,1980,1113,588,525,3,3,589,521,68,275,244,31,0,528,275
2021,Killamarsh East,E05012054,1601,1116,607,509,9,9,256,208,48,219,175,44,1,518,220
2021,Killamarsh West,E05012055,2390,1722,962,760,9,9,479,435,44,175,148,27,5,769,180
2021,North Wingfield Central,E05012056,2784,1729,1018,711,28,28,695,580,115,326,285,41,6,739,332
2021,Pilsley & Morton,E05012057,2373,1772,960,812,10,10,299,261,38,281,224,57,11,822,292
2021,Ridgeway & Marsh Lane,E05012058,785,582,375,207,2,2,130,120,10,70,49,21,1,209,71
2021,Shirland,E05012059,2710,1713,1003,710,23,23,747,610,137,216,180,36,11,733,227
2021,Sutton (North East Derbyshire),E05012060,1855,1320,794,526,4,4,329,197,132,199,160,39,3,530,202
2021,Tupton,E05012061,2529,1881,965,916,30,30,442,405,37,173,136,37,3,946,176
2021,Unstone,E05012062,854,540,324,216,0,0,247,222,25,62,53,9,5,216,67
2021,Wingerworth,E05012063,2169,1988,1360,628,27,27,67,34,33,86,64,22,1,655,87
2021,Badgeworth,E05012064,1151,881,553,328,36,36,110,16,94,124,97,27,0,364,124
2021,Brockworth East,E05012065,1642,1053,602,451,18,18,391,112,279,180,153,27,0,469,180
2021,Brockworth West,E05012066,2245,1580,651,929,57,57,301,61,240,303,256,47,4,986,307
2021,Churchdown Brookfield with Hucclecote,E05012067,2846,2210,1200,1010,40,40,193,22,171,402,345,57,1,1050,403
2021,Churchdown St John's,E05012068,3149,2218,1164,1054,12,12,408,78,330,511,465,46,0,1066,511
2021,Cleeve Grange,E05012069,1403,1051,635,416,7,7,114,10,104,231,206,25,0,423,231
2021,Cleeve Hill,E05012070,2215,1923,1248,675,39,39,78,7,71,175,134,41,0,714,175
2021,Cleeve St Michael's,E05012071,2475,1575,759,816,174,174,489,58,431,235,202,33,2,990,237
2021,Cleeve West,E05012072,2211,1539,720,819,88,88,197,18,179,387,348,39,0,907,387
2021,Highnam with Haw Bridge,E05012073,1878,1508,909,599,29,29,142,15,127,199,159,40,0,628,199
2021,Innsworth,E05012074,2277,1293,545,748,72,72,357,76,281,553,288,265,2,820,555
2021,Isbourne,E05012075,1860,1334,772,562,60,60,113,22,91,353,273,80,0,622,353
2021,Northway,E05012076,2092,1381,693,688,19,19,362,50,312,330,289,41,0,707,330
2021,Severn Vale North,E05012077,1038,803,445,358,24,24,110,9,101,101,68,33,0,382,101
2021,Severn Vale South,E05012078,999,787,484,303,10,10,52,16,36,150,124,26,0,313,150
2021,Shurdington,E05012079,1093,739,387,352,25,25,235,55,180,92,74,18,2,377,94
2021,Tewkesbury East,E05012080,2196,1637,741,896,36,36,131,15,116,392,335,57,0,932,392
2021,Tewkesbury North & Twyning,E05012081,2351,1753,1142,611,51,51,186,21,165,361,314,47,0,662,361
2021,Tewkesbury South,E05012082,2729,1478,865,613,20,20,777,147,630,452,387,65,2,633,454
2021,Winchcombe,E05012083,3065,2212,1470,742,95,95,445,53,392,311,249,62,2,837,313
2021,Andover Downlands,E05012085,2444,1457,274,1183,230,230,507,64,443,249,194,55,1,1413,250
2021,Andover Romans,E05012088,3976,2201,562,1639,234,234,1069,251,818,469,384,85,3,1873,472
2021,Blackwater,E05012093,2617,2114,1328,786,18,18,149,38,111,336,253,83,0,804,336
2021,Harewood (Test Valley),E05012097,1405,990,583,407,6,6,150,35,115,258,172,86,1,413,259
2021,Mid Test,E05012098,3834,2431,1472,959,43,43,534,114,420,826,445,381,0,1002,826
2021,Romsey Abbey,E05012100,2806,1783,1279,504,12,12,496,148,348,512,448,64,3,516,515
2021,Romsey Tadburn,E05012102,2684,2089,1318,771,20,20,225,64,161,349,300,49,1,791,350
2021,Bitton & Oldland Common,E05012104,3867,3125,1639,1486,17,17,297,35,262,428,367,61,0,1503,428
2021,Boyd Valley,E05012105,3694,2896,1749,1147,30,30,337,56,281,431,335,96,0,1177,431
2021,Bradley Stoke North,E05012106,4609,3123,1494,1629,11,11,64,12,52,1409,1321,88,2,1640,1411
2021,Bradley Stoke South,E05012107,3879,2311,833,1478,16,16,340,11,329,1212,1150,62,0,1494,1212
2021,Charfield,E05012108,1765,1390,679,711,26,26,150,25,125,199,167,32,0,737,199
2021,Charlton & Cribbs,E05012109,3771,2215,681,1534,148,148,729,100,629,674,619,55,5,1682,679
2021,Chipping Sodbury & Cotswold Edge,E05012110,4264,3200,1916,1284,37,37,451,97,354,576,471,105,0,1321,576
2021,Dodington,E05012111,3950,3156,1456,1700,13,13,131,23,108,649,577,72,1,1713,650
2021,Emersons Green,E05012112,6810,4737,1754,2983,117,117,796,88,708,1159,953,206,1,3100,1160
2021,Filton,E05012113,4590,2718,1450,1268,48,48,615,96,519,1205,1125,80,4,1316,1209
2021,Frampton Cotterell,E05012114,5321,4368,2454,1914,50,50,443,77,366,457,364,93,3,1964,460
2021,Frenchay & Downend,E05012115,5550,4605,2506,2099,24,24,301,45,256,619,549,70,1,2123,620
2021,Hanham,E05012116,5437,4263,2324,1939,37,37,505,82,423,629,540,89,3,1976,632
2021,Kingswood (South Gloucestershire),E05012117,3898,2449,1096,1353,87,87,439,68,371,917,824,93,6,1440,923
2021,Longwell Green,E05012118,4291,3418,1938,1480,27,27,384,63,321,460,395,65,2,1507,462
2021,New Cheltenham,E05012119,3712,2624,1322,1302,40,40,592,82,510,456,409,47,0,1342,456
2021,Parkwall & Warmley,E05012120,3917,2824,1395,1429,14,14,528,98,430,547,479,68,4,1443,551
2021,Patchway Coniston,E05012121,2297,1374,607,767,10,10,563,130,433,347,308,39,3,777,350
2021,Pilning & Severn Beach,E05012122,2030,1636,903,733,1,1,111,23,88,280,241,39,2,734,282
2021,Severn Vale,E05012123,3898,3207,1943,1264,22,22,229,33,196,439,369,70,1,1286,440
2021,Staple Hill & Mangotsfield,E05012124,6422,4106,2033,2073,56,56,1198,220,978,1060,924,136,2,2129,1062
2021,Stoke Gifford,E05012125,5788,4202,2028,2174,43,43,517,97,420,1022,936,86,4,2217,1026
2021,Stoke Park & Cheswick,E05012126,1991,879,262,617,165,165,334,44,290,612,564,48,1,782,613
2021,Thornbury,E05012127,6107,4666,2595,2071,57,57,699,149,550,684,599,85,1,2128,685
2021,Winterbourne,E05012128,3044,2421,1348,1073,11,11,271,57,214,339,291,48,2,1084,341
2021,Woodstock (South Gloucestershire),E05012129,4244,2847,1419,1428,26,26,752,155,597,614,536,78,5,1454,619
2021,Yate Central,E05012130,3843,2865,1564,1301,34,34,448,62,386,495,427,68,1,1335,496
2021,Yate North,E05012131,5107,3864,1831,2033,60,60,514,92,422,669,605,64,0,2093,669
2021,Aldermaston,E05012132,1694,1208,642,566,29,29,215,16,199,242,194,48,0,595,242
2021,Basildon,E05012133,1365,1065,573,492,4,4,98,4,94,198,157,41,0,496,198
2021,Bradfield,E05012134,1531,978,466,512,22,22,227,36,191,304,227,77,0,534,304
2021,Bucklebury,E05012135,1446,1079,640,439,9,9,174,21,153,183,142,41,1,448,184
2021,Burghfield & Mortimer,E05012136,4332,3097,1611,1486,41,41,541,52,489,653,457,196,0,1527,653
2021,Chieveley & Cold Ash,E05012137,2776,2129,1111,1018,39,39,208,14,194,400,238,162,0,1057,400
2021,Downlands,E05012138,1535,994,546,448,9,9,248,16,232,284,208,76,0,457,284
2021,Hungerford & Kintbury,E05012139,5039,3226,1915,1311,31,31,732,57,675,1050,895,155,0,1342,1050
2021,Lambourn,E05012140,1874,1093,614,479,8,8,373,40,333,399,276,123,1,487,400
2021,Newbury Central,E05012141,3740,1707,870,837,46,46,760,75,685,1226,1122,104,1,883,1227
2021,Newbury Clay Hill,E05012142,3081,1765,774,991,66,66,627,59,568,623,576,47,0,1057,623
2021,Newbury Greenham,E05012143,5671,3118,1317,1801,263,263,1014,94,920,1276,1183,93,0,2064,1276
2021,Newbury Speen,E05012144,3328,1986,1141,845,30,30,674,58,616,638,556,82,0,875,638
2021,Newbury Wash Common,E05012145,3638,2830,1529,1301,27,27,371,37,334,409,349,60,1,1328,410
2021,Pangbourne,E05012146,1568,1127,679,448,16,16,112,8,104,313,246,67,0,464,313
2021,Ridgeway (West Berkshire),E05012147,1644,981,469,512,13,13,274,16,258,376,307,69,0,525,376
2021,Thatcham Central,E05012148,3137,2044,883,1161,68,68,472,39,433,553,498,55,0,1229,553
2021,Thatcham Colthrop & Crookham,E05012149,1410,1158,632,526,12,12,65,6,59,175,161,14,0,538,175
2021,Thatcham North East,E05012150,3059,2022,916,1106,28,28,603,30,573,405,363,42,1,1134,406
2021,Thatcham West,E05012151,2991,2202,1045,1157,45,45,384,30,354,359,310,49,1,1202,360
2021,Theale,E05012152,1396,820,365,455,21,21,302,17,285,253,233,20,0,476,253
2021,Tilehurst & Purley,E05012153,4165,3614,1923,1691,24,24,159,15,144,368,306,62,0,1715,368
2021,Tilehurst Birch Copse,E05012154,3165,2521,1446,1075,8,8,328,27,301,307,267,40,1,1083,308
2021,Tilehurst South & Holybrook,E05012155,3067,2270,1099,1171,19,19,340,20,320,438,397,41,0,1190,438
2021,Berry Hill (Forest of Dean),E05012156,1895,1441,889,552,5,5,309,56,253,138,114,24,2,557,140
2021,Bream,E05012157,2117,1574,922,652,17,17,291,49,242,235,199,36,0,669,235
2021,Cinderford East,E05012158,1900,1333,761,572,6,6,243,42,201,317,265,52,1,578,318
2021,Cinderford West,E05012159,2034,1162,670,492,10,10,469,68,401,392,352,40,1,502,393
2021,Coleford,E05012160,3515,2317,1448,869,31,31,596,105,491,570,498,72,1,900,571
2021,Dymock,E05012161,832,666,437,229,10,10,56,7,49,99,70,29,1,239,100
2021,Hartpury & Redmarley,E05012162,1796,1431,877,554,21,21,118,17,101,226,168,58,0,575,226
2021,Longhope & Huntley,E05012163,1660,1381,915,466,9,9,84,15,69,186,148,38,0,475,186
2021,Lydbrook,E05012164,973,732,445,287,2,2,142,27,115,97,72,25,0,289,97
2021,Lydney East,E05012165,2831,1758,946,812,50,50,610,113,497,413,363,50,0,862,413
2021,Lydney North,E05012166,784,701,471,230,0,0,8,3,5,75,54,21,0,230,75
2021,Lydney West & Aylburton,E05012167,1132,784,471,313,9,9,126,10,116,213,178,35,0,322,213
2021,"Mitcheldean, Ruardean & Drybrook",E05012168,3091,2401,1440,961,39,39,345,68,277,305,246,59,1,1000,306
2021,Newent & Taynton,E05012169,2983,1950,1216,734,41,41,435,81,354,556,467,89,1,775,557
2021,Newland & Sling,E05012170,1052,812,501,311,6,6,91,16,75,142,108,34,1,317,143
2021,Newnham (Forest of Dean),E05012171,2056,1501,924,577,10,10,250,41,209,293,229,64,2,587,295
2021,Pillowell,E05012172,819,663,423,240,8,8,100,15,85,48,36,12,0,248,48
2021,Ruspidge,E05012173,1056,785,431,354,2,2,138,23,115,131,111,20,0,356,131
2021,St. Briavels,E05012174,1032,851,570,281,2,2,83,7,76,96,75,21,0,283,96
2021,Tidenham,E05012175,2863,2156,1314,842,31,31,293,57,236,382,240,142,1,873,383
2021,Westbury-on-Severn,E05012176,787,616,395,221,7,7,47,11,36,117,80,37,0,228,117
2021,Aldenham East,E05012177,1918,1524,812,712,8,8,64,5,59,322,289,33,0,720,322
2021,Aldenham West,E05012178,2010,1402,699,703,20,20,253,37,216,334,273,61,1,723,335
2021,Bentley Heath & The Royds,E05012179,2416,1823,1094,729,10,10,292,130,162,289,256,33,2,739,291
2021,Borehamwood Brookmeadow,E05012180,3404,1725,713,1012,39,39,908,88,820,732,678,54,0,1051,732
2021,Borehamwood Cowley Hill,E05012181,3725,1673,619,1054,44,44,1538,238,1300,461,410,51,9,1098,470
2021,Borehamwood Hillside,E05012182,3234,1829,772,1057,82,82,588,60,528,731,679,52,4,1139,735
2021,Borehamwood Kenilworth,E05012183,3832,2035,823,1212,106,106,939,88,851,750,682,68,2,1318,752
2021,Bushey Heath,E05012184,2316,1688,998,690,12,12,148,8,140,467,316,151,1,702,468
2021,Bushey North,E05012185,3120,2053,894,1159,37,37,448,19,429,582,539,43,0,1196,582
2021,Bushey Park,E05012186,2945,2307,1091,1216,15,15,208,25,183,414,378,36,1,1231,415
2021,Bushey St James,E05012187,3071,1939,947,992,51,51,593,45,548,487,417,70,1,1043,488
2021,Elstree,E05012188,1829,1341,603,738,10,10,135,21,114,343,314,29,0,748,343
2021,Potters Bar Furzefield,E05012189,2263,1554,752,802,13,13,352,22,330,343,317,26,1,815,344
2021,Potters Bar Oakmere,E05012190,2389,1513,821,692,10,10,467,34,433,396,379,17,3,702,399
2021,Potters Bar Parkfield,E05012191,2113,1584,952,632,2,2,82,9,73,445,403,42,0,634,445
2021,Shenley,E05012192,2101,1414,638,776,29,29,383,41,342,274,216,58,1,805,275
2021,Ashton (Preston),E05012193,4069,2498,1316,1182,11,11,313,33,280,1245,1132,113,2,1193,1247
2021,Brookfield (Preston),E05012194,3282,1904,937,967,9,9,966,222,744,402,336,66,1,976,403
2021,Cadley,E05012195,3750,2655,1467,1188,30,30,394,40,354,671,607,64,0,1218,671
2021,City Centre,E05012196,5004,1422,838,584,30,30,1110,130,980,2432,2283,149,10,614,2442
2021,Deepdale,E05012197,3211,1739,1039,700,12,12,536,117,419,921,789,132,3,712,924
2021,Fishwick & Frenchwood,E05012198,3476,1627,985,642,24,24,813,151,662,1010,899,111,2,666,1012
2021,Garrison,E05012199,3571,2642,1376,1266,34,34,317,34,283,578,493,85,0,1300,578
2021,Greyfriars (Preston),E05012200,3379,2874,1594,1280,19,19,117,6,111,369,297,72,0,1299,369
2021,Ingol & Cottam,E05012201,4146,2493,1152,1341,69,69,1115,149,966,467,411,56,2,1410,469
2021,Lea & Larches,E05012202,4031,2475,1132,1343,18,18,1026,194,832,506,416,90,6,1361,512
2021,Plungington,E05012203,4371,1546,758,788,13,13,893,106,787,1913,1788,125,6,801,1919
2021,Preston Rural East,E05012204,3339,2808,1464,1344,53,53,137,12,125,341,286,55,0,1397,341
2021,Preston Rural North,E05012205,2767,2398,1059,1339,100,100,66,8,58,203,152,51,0,1439,203
2021,Ribbleton,E05012206,3602,1703,786,917,42,42,1444,396,1048,410,363,47,3,959,413
2021,St Matthew's (Preston),E05012207,4190,1375,755,620,27,27,1433,268,1165,1349,1224,125,6,647,1355
2021,Sharoe Green,E05012208,3423,2582,1561,1021,21,21,299,15,284,521,451,70,0,1042,521
2021,Blacon,E05012209,6011,2964,1549,1415,28,28,2225,663,1562,789,636,153,5,1443,794
2021,Central & Grange,E05012210,5457,2424,998,1426,49,49,1695,1138,557,1272,1176,96,17,1475,1289
2021,Chester City & the Garden Quarter,E05012211,8636,3248,1757,1491,201,201,1502,243,1259,3680,3432,248,5,1692,3685
2021,Christleton & Huntington,E05012212,4717,3747,1799,1948,118,118,248,53,195,604,479,125,0,2066,604
2021,"Davenham, Moulton & Kingsmead",E05012213,4571,3587,1780,1807,146,146,313,84,229,519,451,68,6,1953,525
2021,Farndon,E05012214,2077,1461,837,624,49,49,177,25,152,390,295,95,0,673,390
2021,Frodsham,E05012215,4172,3176,1878,1298,54,54,436,162,274,504,434,70,2,1352,506
2021,Gowy Rural,E05012216,3917,3162,1832,1330,32,32,292,65,227,431,354,77,0,1362,431
2021,Great Boughton,E05012217,4877,3757,2166,1591,29,29,383,63,320,706,634,72,2,1620,708
2021,Handbridge Park,E05012218,4330,3199,1992,1207,8,8,292,120,172,830,743,87,1,1215,831
2021,Hartford & Greenbank,E05012219,3814,2966,1623,1343,76,76,311,104,207,459,407,52,2,1419,461
2021,Helsby,E05012220,2386,1836,1008,828,87,87,154,34,120,308,266,42,1,915,309
2021,Lache,E05012221,2587,1350,631,719,15,15,735,293,442,482,436,46,5,734,487
2021,Ledsham & Manor,E05012222,4010,3601,1866,1735,38,38,70,23,47,301,257,44,0,1773,301
2021,Little Neston,E05012223,2167,1853,1190,663,7,7,99,61,38,207,182,25,1,670,208
2021,Malpas (Cheshire West and Chester),E05012224,2093,1448,837,611,27,27,283,35,248,335,280,55,0,638,335
2021,Marbury,E05012225,5690,4552,2714,1838,47,47,471,202,269,618,511,107,2,1885,620
2021,Neston,E05012226,2571,1451,842,609,12,12,738,359,379,367,321,46,3,621,370
2021,Netherpool,E05012227,2513,1628,875,753,69,69,439,269,170,373,314,59,4,822,377
2021,Newton & Hoole,E05012228,6702,4380,2311,2069,46,46,955,212,743,1319,1211,108,2,2115,1321
2021,Northwich Leftwich,E05012229,2279,1273,729,544,31,31,589,237,352,381,347,34,5,575,386
2021,Northwich Winnington & Castle,E05012230,4065,2861,1083,1778,52,52,303,91,212,846,787,59,3,1830,849
2021,Northwich Witton,E05012231,2336,1238,622,616,20,20,394,143,251,680,629,51,4,636,684
2021,Parkgate,E05012232,2266,1939,1251,688,5,5,57,11,46,265,230,35,0,693,265
2021,Rudheath,E05012233,2484,1684,822,862,46,46,474,246,228,272,222,50,8,908,280
2021,Sandstone,E05012234,2129,1822,1182,640,16,16,120,27,93,171,137,34,0,656,171
2021,Saughall & Mollington,E05012235,2186,1768,1033,735,18,18,194,59,135,206,156,50,0,753,206
2021,Shakerley,E05012236,2182,1641,939,702,38,38,270,101,169,233,192,41,0,740,233
2021,Strawberry,E05012237,2274,2060,1175,885,9,9,19,8,11,186,147,39,0,894,186
2021,Sutton Villages,E05012238,4845,3108,1584,1524,9,9,1109,866,243,604,510,94,15,1533,619
2021,Tarporley,E05012239,2242,1770,1093,677,46,46,156,57,99,270,228,42,0,723,270
2021,Tarvin & Kelsall,E05012240,3918,3149,1882,1267,69,69,253,55,198,445,363,82,2,1336,447
2021,Tattenhall,E05012241,2191,1554,975,579,46,46,183,26,157,406,323,83,2,625,408
2021,Upton (Cheshire West and Chester),E05012242,3910,2910,1629,1281,32,32,484,114,370,482,328,154,2,1313,484
2021,Weaver & Cuddington,E05012243,6425,4977,2907,2070,62,62,761,348,413,622,530,92,3,2132,625
2021,Westminster,E05012244,2608,1024,314,710,30,30,939,536,403,609,548,61,6,740,615
2021,Whitby Groves,E05012245,1800,1602,837,765,11,11,18,13,5,169,143,26,0,776,169
2021,Whitby Park,E05012246,2230,1809,995,814,9,9,152,105,47,258,221,37,2,823,260
2021,Willaston & Thornton,E05012247,2285,1932,1190,742,12,12,112,42,70,228,182,46,1,754,229
2021,Winsford Dene,E05012248,2289,1548,668,880,31,31,298,125,173,397,351,46,15,911,412
2021,Winsford Gravel,E05012249,1817,1358,789,569,16,16,165,64,101,275,236,39,3,585,278
2021,Winsford Over & Verdin,E05012250,6447,3573,1731,1842,138,138,1815,835,980,897,775,122,24,1980,921
2021,Winsford Swanlow,E05012251,1951,1334,767,567,9,9,400,55,345,207,167,40,1,576,208
2021,Winsford Wharton,E05012252,2225,1229,509,720,16,16,532,235,297,447,415,32,1,736,448
2021,Wolverham,E05012253,2493,1012,434,578,43,43,1096,801,295,336,304,32,6,621,342
2021,Barton with Watcombe,E05012254,5083,3024,1613,1411,72,72,890,109,781,1095,990,105,2,1483,1097
2021,Churston with Galmpton,E05012255,3126,2628,1803,825,45,45,122,10,112,331,282,49,0,870,331
2021,Clifton with Maidenway,E05012256,3446,2616,1437,1179,16,16,155,15,140,658,574,84,1,1195,659
2021,Cockington with Chelston,E05012257,3604,2523,1489,1034,12,12,162,22,140,907,832,75,0,1046,907
2021,Collaton St Mary,E05012258,1349,985,555,430,15,15,142,15,127,207,186,21,0,445,207
2021,Ellacombe,E05012259,3713,2072,1036,1036,19,19,145,11,134,1475,1372,103,2,1055,1477
2021,Furzeham with Summercombe,E05012260,4717,3428,2399,1029,26,26,270,26,244,993,872,121,0,1055,993
2021,Goodrington with Roselands,E05012261,3421,2475,1583,892,79,79,266,10,256,601,520,81,0,971,601
2021,King's Ash,E05012262,3094,1769,879,890,92,92,714,102,612,518,475,43,1,982,519
2021,Preston (Torbay),E05012263,4611,3575,2218,1357,26,26,158,13,145,852,738,114,0,1383,852
2021,Roundham with Hyde,E05012264,4480,2036,1359,677,31,31,312,18,294,2101,1943,158,0,708,2101
2021,St Marychurch,E05012265,5703,3644,2259,1385,22,22,347,34,313,1689,1527,162,1,1407,1690
2021,St Peter's with St Mary's,E05012266,3226,2212,1516,696,32,32,273,30,243,709,617,92,0,728,709
2021,Shiphay,E05012267,3288,2321,1274,1047,35,35,352,42,310,579,500,79,1,1082,580
2021,Tormohun,E05012268,6346,2622,1519,1103,80,80,775,96,679,2862,2664,198,7,1183,2869
2021,Wellswood,E05012269,3789,2432,1724,708,20,20,144,7,137,1192,1106,86,1,728,1193
2021,Aspley,E05012270,6743,2587,1047,1540,13,13,2889,2702,187,1233,1091,142,21,1553,1254
2021,Basford,E05012271,7094,3573,1619,1954,41,41,1812,1228,584,1648,1473,175,20,1995,1668
2021,Berridge,E05012272,6721,3070,1401,1669,26,26,785,184,601,2826,2670,156,14,1695,2840
2021,Bestwood,E05012273,7360,3282,1504,1778,14,14,2741,2344,397,1290,1167,123,33,1792,1323
2021,Bilborough,E05012274,6877,3268,1463,1805,17,17,2708,2180,528,859,724,135,25,1822,884
2021,Bulwell,E05012275,7039,2929,1466,1463,19,19,2653,2205,448,1411,1278,133,27,1482,1438
2021,Bulwell Forest,E05012276,6036,4093,2268,1825,25,25,919,614,305,992,884,108,7,1850,999
2021,Castle (Nottingham),E05012277,5168,1474,768,706,28,28,393,119,274,3271,3122,149,2,734,3273
2021,Clifton East,E05012278,7129,3683,1842,1841,11,11,2033,1806,227,1378,1217,161,24,1852,1402
2021,Clifton West,E05012279,4243,2888,1610,1278,139,139,643,402,241,569,491,78,4,1417,573
2021,Dales,E05012280,6804,3281,1603,1678,16,16,1449,968,481,2035,1864,171,23,1694,2058
2021,Hyson Green & Arboretum,E05012281,6876,1666,758,908,43,43,1714,612,1102,3443,3272,171,10,951,3453
2021,Leen Valley,E05012282,3519,2434,1129,1305,48,48,420,237,183,613,538,75,4,1353,617
2021,Lenton & Wollaton East,E05012283,5773,1681,982,699,17,17,1240,924,316,2820,2695,125,15,716,2835
2021,Mapperley,E05012284,7399,3511,1774,1737,59,59,1314,600,714,2508,2349,159,7,1796,2515
2021,Meadows,E05012285,4704,1624,768,856,28,28,1441,1093,348,1598,1497,101,13,884,1611
2021,Radford (Nottingham),E05012286,4656,596,299,297,20,20,1549,969,580,2480,2373,107,11,317,2491
2021,St. Ann's (Nottingham),E05012287,7913,2176,1063,1113,23,23,3441,2687,754,2218,2063,155,55,1136,2273
2021,Sherwood (Nottingham),E05012288,6738,3882,1876,2006,10,10,1121,803,318,1713,1570,143,12,2016,1725
2021,Wollaton West,E05012289,5959,4622,2700,1922,13,13,533,180,353,786,702,84,5,1935,791
2021,Alton Amery,E05012290,1107,878,507,371,20,20,69,3,66,140,98,42,0,391,140
2021,Alton Ashdell,E05012291,1080,800,460,340,8,8,82,11,71,190,172,18,0,348,190
2021,Alton Eastbrooke,E05012292,1324,553,276,277,1,1,519,81,438,251,237,14,0,278,251
2021,Alton Holybourne,E05012293,1157,832,464,368,29,29,141,12,129,155,123,32,0,397,155
2021,Alton Westbrooke,E05012294,1484,937,607,330,22,22,221,23,198,303,272,31,1,352,304
2021,Alton Whitedown,E05012295,973,697,401,296,16,16,201,31,170,59,47,12,0,312,59
2021,Alton Wooteys,E05012296,1388,853,402,451,34,34,345,62,283,156,129,27,0,485,156
2021,Bentworth & Froyle,E05012297,1110,860,513,347,9,9,77,9,68,164,128,36,0,356,164
2021,"Binsted, Bentley & Selborne",E05012298,2440,1812,1015,797,26,26,196,19,177,406,333,73,0,823,406
2021,Bramshott & Liphook,E05012299,4052,3002,1586,1416,69,69,494,68,426,487,411,76,0,1485,487
2021,Buriton & East Meon,E05012300,1139,795,456,339,9,9,177,18,159,158,112,46,0,348,158
2021,Clanfield,E05012301,2441,1961,1062,899,52,52,239,29,210,189,155,34,0,951,189
2021,Four Marks & Medstead,E05012302,3257,2676,1439,1237,85,85,233,26,207,263,215,48,0,1322,263
2021,"Froxfield, Sheet & Steep",E05012303,1233,890,552,338,9,9,108,16,92,226,154,72,0,347,226
2021,Grayshott,E05012304,1192,902,557,345,17,17,117,27,90,156,129,27,0,362,156
2021,Headley,E05012305,2338,1902,1112,790,10,10,242,50,192,182,141,41,2,800,184
2021,Horndean Catherington,E05012306,1136,1029,547,482,2,2,30,2,28,75,63,12,0,484,75
2021,Horndean Downs,E05012307,1303,1101,589,512,1,1,90,12,78,111,96,15,0,513,111
2021,Horndean Kings & Blendworth,E05012308,2098,1737,990,747,23,23,116,11,105,222,179,43,0,770,222
2021,Horndean Murray,E05012309,1071,751,412,339,3,3,210,29,181,107,91,16,0,342,107
2021,Lindford,E05012310,1141,860,422,438,16,16,148,23,125,117,102,15,0,454,117
2021,Liss,E05012311,2596,1927,1097,830,8,8,306,40,266,354,301,53,1,838,355
2021,Petersfield Bell Hill,E05012312,1140,812,442,370,4,4,136,10,126,188,159,29,0,374,188
2021,Petersfield Causeway,E05012313,1444,897,512,385,58,58,385,61,324,104,89,15,0,443,104
2021,Petersfield Heath,E05012314,1202,902,521,381,8,8,152,24,128,140,126,14,0,389,140
2021,Petersfield St Peter's,E05012315,2795,1763,1143,620,33,33,294,34,260,705,635,70,0,653,705
2021,"Ropley, Hawkley & Hangers",E05012316,1186,851,508,343,12,12,102,4,98,221,156,65,0,355,221
2021,Rowlands Castle,E05012317,1449,1091,647,444,44,44,157,20,137,156,138,18,1,488,157
2021,Whitehill Chase,E05012318,2706,1747,738,1009,16,16,523,88,435,419,342,77,1,1025,420
2021,Whitehill Hogmoor & Greatham,E05012319,2566,1984,998,986,15,15,251,43,208,315,216,99,1,1001,316
2021,Whitehill Pinewood,E05012320,1157,666,104,562,93,93,243,30,213,155,142,13,0,655,155
2021,Airfield,E05012321,2260,1478,922,556,9,9,140,38,102,632,329,303,1,565,633
2021,Bircham with Rudhams,E05012322,1175,788,547,241,4,4,162,36,126,221,173,48,0,245,221
2021,Brancaster,E05012323,1107,769,616,153,10,10,110,18,92,217,177,40,1,163,218
2021,Burnham Market & Docking,E05012324,1205,758,548,210,6,6,223,51,172,218,169,49,0,216,218
2021,Clenchwarton,E05012325,1198,995,645,350,2,2,97,20,77,104,77,27,0,352,104
2021,Denver,E05012326,1081,781,490,291,4,4,111,18,93,183,144,39,2,295,185
2021,Dersingham,E05012327,2879,2065,1508,557,7,7,235,24,211,571,452,119,1,564,572
2021,Downham Old Town,E05012328,1481,737,408,329,8,8,263,56,207,472,429,43,1,337,473
2021,East Downham,E05012329,1289,840,401,439,11,11,190,29,161,248,221,27,0,450,248
2021,Emneth & Outwell,E05012330,2161,1631,978,653,5,5,238,46,192,287,216,71,0,658,287
2021,Fairstead,E05012331,2776,1113,453,660,48,48,813,221,592,799,744,55,3,708,802
2021,Feltwell,E05012332,2580,1668,1004,664,12,12,274,53,221,625,425,200,1,676,626
2021,Gayton & Grimston,E05012333,2600,1984,1252,732,7,7,277,55,222,331,262,69,1,739,332
2021,Gaywood Chase,E05012334,1094,656,336,320,2,2,122,35,87,311,282,29,3,322,314
2021,Gaywood Clock,E05012335,1319,672,353,319,4,4,403,147,256,237,205,32,3,323,240
2021,Gaywood North Bank,E05012336,3686,2800,1463,1337,29,29,328,88,240,529,450,79,0,1366,529
2021,Heacham,E05012337,2559,1932,1466,466,8,8,266,38,228,352,289,63,1,474,353
2021,Hunstanton,E05012338,2187,1455,1163,292,14,14,283,35,248,432,383,49,3,306,435
2021,Massingham with Castle Acre,E05012339,1439,842,565,277,9,9,234,58,176,351,271,80,3,286,354
2021,Methwold,E05012340,1209,869,508,361,3,3,114,25,89,223,183,40,0,364,223
2021,North Downham,E05012341,1216,892,634,258,2,2,35,0,35,287,251,36,0,260,287
2021,North Lynn,E05012342,2747,1005,443,562,13,13,1089,370,719,633,573,60,7,575,640
2021,St. Margaret's with St. Nicholas,E05012343,3106,964,632,332,10,10,821,186,635,1301,1229,72,10,342,1311
2021,Snettisham,E05012344,1302,954,737,217,7,7,134,15,119,206,164,42,1,224,207
2021,South & West Lynn,E05012345,2157,1157,505,652,34,34,520,159,361,445,397,48,1,686,446
2021,South Downham,E05012346,1305,1047,832,215,7,7,111,11,100,140,114,26,0,222,140
2021,Springwood,E05012347,1185,895,519,376,9,9,65,6,59,216,182,34,0,385,216
2021,Terrington,E05012348,2451,1857,1083,774,4,4,302,50,252,288,223,65,0,778,288
2021,The Woottons,E05012349,2843,2458,1552,906,8,8,107,14,93,270,228,42,0,914,270
2021,"Tilney, Mershe Lande & Wiggenhall",E05012350,2176,1659,979,680,7,7,222,61,161,286,218,68,2,687,288
2021,Upwell & Delph,E05012351,2678,1987,1227,760,9,9,246,69,177,431,340,91,5,769,436
2021,"Walsoken, West Walton & Walpole",E05012352,2483,1974,1177,797,3,3,232,52,180,272,201,71,2,800,274
2021,Watlington (King's Lynn and West Norfolk),E05012353,1216,909,491,418,2,2,87,15,72,218,184,34,0,420,218
2021,West Winch,E05012354,2121,1703,1055,648,6,6,189,47,142,223,174,49,0,654,223
2021,Wissey,E05012355,1203,908,561,347,4,4,144,25,119,146,123,23,1,351,147
2021,Bean & Village Park,E05012392,996,789,384,405,4,4,99,82,17,102,94,8,2,409,104
2021,Brent (Dartford),E05012393,2277,1797,921,876,29,29,128,103,25,323,292,31,0,905,323
2021,Bridge (Dartford),E05012394,1450,1158,79,1079,41,41,42,5,37,209,198,11,0,1120,209
2021,Burnham,E05012395,1302,758,217,541,15,15,88,42,46,438,408,30,3,556,441
2021,Darenth,E05012396,1155,743,315,428,6,6,272,241,31,133,113,20,1,434,134
2021,Ebbsfleet,E05012397,1864,1110,89,1021,224,224,152,30,122,378,364,14,0,1245,378
2021,Greenhithe & Knockhall,E05012398,3121,1874,622,1252,103,103,291,113,178,849,791,58,4,1355,853
2021,Heath (Dartford),E05012399,2092,1866,965,901,2,2,20,14,6,204,172,32,0,903,204
2021,Joyden's Wood,E05012400,2100,1900,1182,718,11,11,61,46,15,128,106,22,0,729,128
2021,"Longfield, New Barn & Southfleet",E05012401,2729,2291,1347,944,43,43,138,115,23,252,218,34,5,987,257
2021,Maypole & Leyton Cross,E05012402,1084,865,362,503,10,10,81,15,66,127,118,9,1,513,128
2021,Newtown (Dartford),E05012403,2361,1491,625,866,12,12,178,82,96,677,634,43,3,878,680
2021,Princes,E05012404,2368,1170,483,687,20,20,844,586,258,326,300,26,8,707,334
2021,Stone Castle,E05012405,3269,1869,550,1319,164,164,360,185,175,873,822,51,3,1483,876
2021,Stone House,E05012406,2665,1557,557,1000,52,52,557,384,173,496,456,40,3,1052,499
2021,Swanscombe,E05012407,2745,1359,575,784,10,10,777,668,109,586,536,50,13,794,599
2021,Temple Hill,E05012408,3731,1630,601,1029,79,79,1416,1131,285,590,548,42,16,1108,606
2021,Town (Dartford),E05012409,2072,1062,170,892,134,134,250,88,162,626,590,36,0,1026,626
2021,West Hill (Dartford),E05012410,3135,2221,1020,1201,69,69,185,67,118,658,605,53,2,1270,660
2021,"Wilmington, Sutton-at-Hone & Hawley",E05012411,3171,2485,1237,1248,12,12,373,279,94,299,252,47,2,1260,301
2021,Barnstaple Central,E05012412,1506,501,278,223,4,4,389,66,323,610,545,65,2,227,612
2021,Barnstaple with Pilton,E05012413,3510,2210,1243,967,38,38,626,157,469,634,570,64,2,1005,636
2021,Barnstaple with Westacott,E05012414,3259,1767,975,792,33,33,690,242,448,769,691,78,0,825,769
2021,Bickington,E05012415,3088,2144,1225,919,112,112,393,77,316,439,389,50,0,1031,439
2021,Bishop's Nympton,E05012416,921,697,450,247,6,6,67,11,56,150,102,48,1,253,151
2021,Bratton Fleming,E05012417,989,728,470,258,8,8,79,12,67,174,135,39,0,266,174
2021,Braunton East,E05012418,2075,1627,992,635,6,6,95,22,73,347,284,63,0,641,347
2021,Braunton West & Georgeham,E05012419,2093,1589,1050,539,20,20,146,23,123,336,278,58,2,559,338
2021,Chittlehampton,E05012420,982,731,499,232,6,6,39,6,33,206,148,58,0,238,206
2021,Chulmleigh,E05012421,987,697,475,222,17,17,112,22,90,161,125,36,0,239,161
2021,Combe Martin,E05012422,1194,868,626,242,3,3,65,15,50,258,220,38,0,245,258
2021,Fremington,E05012423,2283,1856,1259,597,51,51,182,38,144,194,147,47,0,648,194
2021,Heanton Punchardon,E05012424,999,499,267,232,30,30,163,44,119,307,129,178,0,262,307
2021,Ilfracombe East,E05012425,3111,1622,998,624,16,16,280,72,208,1190,1081,109,3,640,1193
2021,Ilfracombe West,E05012426,1932,1346,805,541,5,5,235,53,182,346,289,57,0,546,346
2021,Instow,E05012427,964,706,495,211,5,5,43,9,34,210,168,42,0,216,210
2021,Landkey,E05012428,1913,1468,841,627,19,19,134,22,112,292,237,55,0,646,292
2021,Lynton & Lynmouth,E05012429,941,661,453,208,4,4,73,12,61,202,160,42,1,212,203
2021,Marwood,E05012430,973,789,543,246,3,3,27,8,19,154,112,42,0,249,154
2021,Mortehoe,E05012431,885,677,437,240,2,2,32,8,24,174,114,60,0,242,174
2021,Newport (North Devon),E05012432,2159,1408,758,650,13,13,303,51,252,433,395,38,2,663,435
2021,North Molton,E05012433,933,611,402,209,7,7,86,14,72,228,187,41,1,216,229
2021,Roundswell,E05012434,1609,1288,824,464,22,22,61,14,47,238,205,33,0,486,238
2021,South Molton,E05012435,2852,1814,1175,639,42,42,388,78,310,606,537,69,2,681,608
2021,Witheridge,E05012436,1041,781,513,268,7,7,99,27,72,154,112,42,0,275,154
2021,Belmont (Redcar and Cleveland),E05012437,1991,1712,1024,688,5,5,39,15,24,235,208,27,0,693,235
2021,Brotton,E05012438,3054,2057,1236,821,6,6,446,148,298,545,484,61,0,827,545
2021,Coatham,E05012439,2404,1191,696,495,10,10,226,50,176,977,884,93,0,505,977
2021,Dormanstown,E05012440,2105,1072,562,510,6,6,707,331,376,320,265,55,0,516,320
2021,Eston,E05012441,3495,1731,906,825,14,14,1142,585,557,604,527,77,4,839,608
2021,Grangetown (Redcar and Cleveland),E05012442,2673,739,378,361,8,8,1521,843,678,398,373,25,7,369,405
2021,Guisborough,E05012443,3699,2103,1238,865,31,31,801,345,456,761,670,91,3,896,764
2021,Hutton,E05012444,2893,2432,1482,950,34,34,198,84,114,228,189,39,1,984,229
2021,Kirkleatham,E05012445,3445,1662,878,784,14,14,1396,597,799,364,311,53,9,798,373
2021,Lockwood,E05012446,1114,654,415,239,0,0,251,95,156,207,183,24,2,239,209
2021,Loftus,E05012447,2838,1662,1026,636,24,24,639,295,344,511,438,73,2,660,513
2021,Longbeck,E05012448,1834,1518,948,570,3,3,64,17,47,248,204,44,1,573,249
2021,Newcomen,E05012449,2210,1445,685,760,34,34,466,202,264,262,208,54,3,794,265
2021,Normanby,E05012450,2963,2140,1266,874,8,8,459,222,237,355,294,61,1,882,356
2021,Ormesby (Redcar and Cleveland),E05012451,2909,2166,1267,899,6,6,401,205,196,334,267,67,2,905,336
2021,St Germain's,E05012452,3167,2385,1569,816,3,3,350,127,223,428,354,74,1,819,429
2021,Saltburn,E05012453,3114,2078,1317,761,14,14,396,97,299,625,550,75,1,775,626
2021,Skelton East,E05012454,1871,1284,669,615,9,9,313,156,157,265,236,29,0,624,265
2021,Skelton West,E05012455,1998,1242,654,588,6,6,331,139,192,419,384,35,0,594,419
2021,South Bank,E05012456,2279,1178,517,661,29,29,740,374,366,332,287,45,0,690,332
2021,Teesville,E05012457,2793,2020,1188,832,4,4,423,204,219,345,276,69,1,836,346
2021,West Dyke,E05012458,2725,2163,1274,889,7,7,76,28,48,477,403,74,2,896,479
2021,Wheatlands,E05012459,2078,1764,641,1123,68,68,72,19,53,174,145,29,0,1191,174
2021,Zetland,E05012460,1983,1456,813,643,4,4,188,87,101,334,272,62,1,647,335
2021,Bathavon North,E05012461,2929,2311,1351,960,5,5,272,74,198,341,278,63,0,965,341
2021,Bathavon South,E05012462,2180,1709,1023,686,7,7,139,40,99,325,251,74,0,693,325
2021,Bathwick,E05012463,2535,1449,1021,428,31,31,293,44,249,762,698,64,0,459,762
2021,Chew Valley,E05012464,2380,1907,1133,774,19,19,198,43,155,254,197,57,2,793,256
2021,Clutton & Farmborough,E05012465,1292,1038,550,488,13,13,125,31,94,116,96,20,0,501,116
2021,Combe Down,E05012466,2790,1713,975,738,33,33,645,208,437,391,331,60,8,771,399
2021,High Littleton,E05012467,1236,1033,590,443,6,6,98,33,65,99,77,22,0,449,99
2021,Keynsham East,E05012468,2480,2075,1237,838,13,13,123,30,93,268,230,38,1,851,269
2021,Keynsham North,E05012469,2980,1998,1065,933,37,37,503,152,351,439,384,55,3,970,442
2021,Keynsham South,E05012470,3020,1922,875,1047,83,83,710,202,508,301,251,50,4,1130,305
2021,Kingsmead,E05012471,2973,969,543,426,18,18,580,81,499,1404,1305,99,2,444,1406
2021,Lambridge,E05012472,2608,1846,1076,770,19,19,278,76,202,465,416,49,0,789,465
2021,Lansdown (Bath and North East Somerset),E05012473,3069,1600,938,662,26,26,431,90,341,1011,934,77,1,688,1012
2021,Mendip,E05012474,1201,917,492,425,18,18,146,43,103,118,94,24,2,443,120
2021,Midsomer Norton North,E05012475,2464,1979,1065,914,17,17,146,48,98,322,283,39,0,931,322
2021,Midsomer Norton Redfield,E05012476,2663,1911,1142,769,29,29,372,89,283,348,300,48,3,798,351
2021,Moorlands,E05012477,1368,836,469,367,6,6,336,95,241,189,161,28,1,373,190
2021,Newbridge (Bath and North East Somerset),E05012478,2787,1795,971,824,31,31,396,65,331,561,511,50,4,855,565
2021,Odd Down,E05012479,2965,1814,948,866,47,47,561,114,447,541,487,54,2,913,543
2021,Oldfield Park,E05012480,1455,720,393,327,6,6,142,47,95,587,556,31,0,333,587
2021,Paulton,E05012481,2714,1961,1003,958,57,57,320,101,219,374,323,51,2,1015,376
2021,Peasedown,E05012482,2754,2023,1042,981,26,26,312,100,212,391,351,40,2,1007,393
2021,Publow & Whitchurch,E05012483,1260,939,468,471,27,27,149,31,118,144,120,24,1,498,145
2021,Radstock,E05012484,2554,1663,755,908,15,15,493,155,338,381,342,39,2,923,383
2021,Saltford,E05012485,2229,1842,1132,710,5,5,177,49,128,205,164,41,0,715,205
2021,Southdown,E05012486,2876,1830,1017,813,17,17,368,113,255,657,608,49,4,830,661
2021,Timsbury,E05012487,1134,831,520,311,3,3,159,49,110,141,114,27,0,314,141
2021,Twerton,E05012488,2788,945,496,449,27,27,1347,468,879,461,420,41,8,476,469
2021,Walcot,E05012489,2715,1299,695,604,9,9,432,103,329,975,913,62,0,613,975
2021,Westfield (Bath and North East Somerset),E05012490,2611,1915,962,953,46,46,312,106,206,337,292,45,1,999,338
2021,Westmoreland,E05012491,2722,1046,579,467,47,47,267,59,208,1362,1317,45,0,514,1362
2021,Weston,E05012492,2465,1668,973,695,22,22,384,98,286,390,353,37,1,717,391
2021,Widcombe & Lyncombe,E05012493,3050,2227,1354,873,28,28,145,29,116,650,605,45,0,901,650
2021,Ascot & Sunninghill,E05012494,4654,3231,1630,1601,14,14,564,47,517,845,721,124,0,1615,845
2021,Belmont (Windsor and Maidenhead),E05012495,2736,1801,764,1037,18,18,204,20,184,712,664,48,1,1055,713
2021,Bisham & Cookham,E05012496,2850,2207,1243,964,17,17,234,12,222,390,322,68,2,981,392
2021,Boyn Hill,E05012497,2702,1907,925,982,30,30,123,11,112,642,576,66,0,1012,642
2021,Bray,E05012498,2959,2347,1236,1111,9,9,189,7,182,413,340,73,1,1120,414
2021,Clewer & Dedworth East,E05012499,3192,1651,768,883,22,22,1055,125,930,462,374,88,2,905,464
2021,Clewer & Dedworth West,E05012500,2872,2124,1240,884,10,10,210,35,175,528,292,236,0,894,528
2021,Clewer East,E05012501,2768,1761,877,884,24,24,388,40,348,595,520,75,0,908,595
2021,Cox Green,E05012502,2905,2275,1161,1114,17,17,326,29,297,286,242,44,1,1131,287
2021,"Datchet, Horton & Wraysbury",E05012503,4143,2959,1404,1555,15,15,458,76,382,710,600,110,1,1570,711
2021,Eton & Castle,E05012504,5199,2722,1334,1388,17,17,637,57,580,1822,1549,273,1,1405,1823
2021,Furze Platt,E05012505,2965,2128,1082,1046,22,22,453,27,426,361,315,46,1,1068,362
2021,Hurley & Walthams,E05012506,2663,1803,972,831,12,12,454,30,424,394,275,119,0,843,394
2021,Old Windsor,E05012507,3214,2128,1024,1104,3,3,269,20,249,812,571,241,2,1107,814
2021,Oldfield,E05012508,2896,1569,730,839,44,44,725,56,669,556,510,46,2,883,558
2021,Pinkneys Green,E05012509,2863,2131,1116,1015,9,9,382,29,353,338,298,40,3,1024,341
2021,Riverside (Windsor and Maidenhead),E05012510,3241,2276,1134,1142,5,5,62,4,58,898,834,64,0,1147,898
2021,St Mary's (Windsor and Maidenhead),E05012511,3460,1376,635,741,92,92,748,56,692,1238,1164,74,6,833,1244
2021,Sunningdale & Cheapside,E05012512,2656,1918,1122,796,14,14,172,24,148,552,470,82,0,810,552
2021,Assington,E05012565,1172,990,615,375,1,1,63,31,32,117,87,30,1,376,118
2021,Box Vale,E05012566,1232,929,579,350,9,9,160,84,76,133,110,23,1,359,134
2021,Brantham,E05012567,1082,850,494,356,7,7,102,54,48,123,97,26,0,363,123
2021,Brett Vale,E05012568,1344,1080,680,400,4,4,95,66,29,161,132,29,4,404,165
2021,Bures St Mary & Nayland,E05012569,1265,894,561,333,4,4,165,117,48,202,153,49,0,337,202
2021,Capel St Mary,E05012570,1326,1142,704,438,28,28,72,31,41,84,63,21,0,466,84
2021,Chadacre,E05012571,2644,2000,1211,789,2,2,258,154,104,382,312,70,2,791,384
2021,Copdock & Washbrook,E05012572,1362,1073,648,425,10,10,141,111,30,136,112,24,2,435,138
2021,East Bergholt,E05012573,1175,923,600,323,4,4,110,76,34,138,104,34,0,327,138
2021,Ganges,E05012574,1086,851,500,351,3,3,87,56,31,142,123,19,3,354,145
2021,Great Cornard,E05012575,4050,2680,1437,1243,53,53,759,493,266,555,494,61,3,1296,558
2021,Hadleigh North,E05012576,1035,636,388,248,14,14,119,23,96,264,140,124,2,262,266
2021,Hadleigh South,E05012577,2650,1711,1102,609,7,7,493,384,109,422,369,53,17,616,439
2021,Lavenham,E05012578,2419,1738,1176,562,16,16,397,252,145,261,208,53,7,578,268
2021,Long Melford,E05012579,2728,1963,1278,685,11,11,346,251,95,398,328,70,10,696,408
2021,North West Cosford,E05012580,1169,827,518,309,10,10,166,95,71,165,121,44,1,319,166
2021,Orwell,E05012581,1128,855,558,297,5,5,92,73,19,173,144,29,3,302,176
2021,South East Cosford,E05012582,1156,913,592,321,13,13,98,64,34,131,97,34,1,334,132
2021,Sproughton & Pinewood,E05012583,2604,1832,894,938,3,3,298,57,241,471,411,60,0,941,471
2021,Stour,E05012584,1260,894,569,325,12,12,166,122,44,188,105,83,0,337,188
2021,Sudbury North East,E05012585,1309,653,362,291,30,30,386,260,126,238,215,23,2,321,240
2021,Sudbury North West,E05012586,2477,1508,912,596,31,31,406,253,153,529,494,35,3,627,532
2021,Sudbury South East,E05012587,1129,669,448,221,5,5,199,174,25,255,235,20,1,226,256
2021,Sudbury South West,E05012588,1403,943,632,311,7,7,153,86,67,294,254,40,6,318,300
2021,Bacton (Mid Suffolk),E05012589,1178,979,641,338,5,5,63,52,11,129,85,44,2,343,131
2021,Battisford & Ringshall,E05012590,1289,905,569,336,11,11,82,59,23,290,90,200,1,347,291
2021,Blakenham,E05012591,1553,1242,501,741,33,33,129,62,67,147,121,26,2,774,149
2021,Bramford,E05012592,1223,931,550,381,14,14,164,111,53,111,90,21,3,395,114
2021,Chilton (Mid Suffolk),E05012593,2993,2010,1040,970,28,28,491,306,185,460,407,53,4,998,464
2021,Claydon & Barham,E05012594,2440,1926,1084,842,12,12,192,127,65,306,265,41,4,854,310
2021,Combs Ford,E05012595,2430,1648,937,711,10,10,407,263,144,362,308,54,3,721,365
2021,Debenham,E05012596,1394,1026,650,376,7,7,143,74,69,214,174,40,4,383,218
2021,Elmswell & Woolpit,E05012597,2883,2137,1198,939,53,53,390,150,240,298,237,61,5,992,303
2021,Eye,E05012598,1296,887,589,298,8,8,220,159,61,180,147,33,1,306,181
2021,Fressingfield,E05012599,1256,963,658,305,3,3,137,108,29,151,120,31,2,308,153
2021,Gislingham,E05012600,1348,1078,663,415,14,14,99,37,62,157,129,28,0,429,157
2021,"Haughley, Stowupland & Wetherden",E05012601,2582,1836,1109,727,77,77,458,278,180,208,166,42,3,804,211
2021,Hoxne & Worlingworth,E05012602,1150,888,582,306,6,6,110,82,28,146,109,37,0,312,146
2021,Mendlesham,E05012603,1268,984,611,373,9,9,125,92,33,148,112,36,2,382,150
2021,Needham Market,E05012604,2864,2045,1241,804,12,12,318,212,106,486,422,64,3,816,489
2021,Onehouse,E05012605,1131,908,547,361,10,10,98,46,52,115,99,16,0,371,115
2021,Palgrave,E05012606,1195,957,610,347,5,5,104,81,23,128,93,35,1,352,129
2021,Rattlesden,E05012607,1319,1034,647,387,6,6,148,111,37,131,108,23,0,393,131
2021,Rickinghall,E05012608,1291,976,649,327,6,6,123,97,26,186,146,40,0,333,186
2021,St Peter's (Mid Suffolk),E05012609,1608,934,575,359,5,5,267,159,108,401,352,49,1,364,402
2021,Stonham,E05012610,1189,932,577,355,4,4,57,48,9,195,148,47,1,359,196
2021,Stow Thorney,E05012611,2275,1593,491,1102,52,52,137,44,93,492,463,29,1,1154,493
2021,Stradbroke & Laxfield,E05012612,1355,988,669,319,6,6,182,143,39,176,119,57,3,325,179
2021,Thurston,E05012613,2474,1963,1170,793,35,35,181,123,58,292,234,58,3,828,295
2021,Walsham-le-Willows,E05012614,1348,978,587,391,13,13,185,119,66,171,132,39,1,404,172
2021,Bishop's Tachbrook,E05012615,2580,1752,599,1153,139,139,541,117,424,148,121,27,0,1292,148
2021,Budbrooke,E05012616,2715,2100,1101,999,48,48,220,95,125,346,302,44,1,1047,347
2021,Cubbington & Leek Wootton,E05012617,2223,1828,1117,711,12,12,188,144,44,195,145,50,0,723,195
2021,Kenilworth Abbey & Arden,E05012618,4087,3273,1920,1353,27,27,218,116,102,568,473,95,1,1380,569
2021,Kenilworth Park Hill,E05012619,4303,3288,1864,1424,50,50,291,210,81,672,603,69,2,1474,674
2021,Kenilworth St John's,E05012620,4317,3328,2092,1236,13,13,366,264,102,605,547,58,5,1249,610
2021,Leamington Brunswick,E05012621,4073,1437,648,789,85,85,1256,911,345,1291,1221,70,4,874,1295
2021,Leamington Clarendon,E05012622,5025,2292,1245,1047,51,51,753,350,403,1927,1830,97,2,1098,1929
2021,Leamington Lillington,E05012623,4945,3335,1740,1595,40,40,1105,962,143,455,405,50,10,1635,465
2021,Leamington Milverton,E05012624,4311,2963,1685,1278,28,28,326,153,173,994,911,83,0,1306,994
2021,Leamington Willes,E05012625,4472,2295,991,1304,103,103,663,219,444,1408,1332,76,3,1407,1411
2021,Radford Semele,E05012626,1457,1099,541,558,20,20,156,90,66,182,150,32,0,578,182
2021,Warwick All Saints & Woodloes,E05012627,4344,2937,1520,1417,72,72,763,432,331,570,508,62,2,1489,572
2021,Warwick Aylesford,E05012628,2981,1858,789,1069,91,91,531,375,156,496,457,39,5,1160,501
2021,Warwick Myton & Heathcote,E05012629,3277,2379,1137,1242,49,49,307,61,246,542,499,43,0,1291,542
2021,Warwick Saltisford,E05012630,3521,1871,977,894,32,32,666,545,121,938,838,100,14,926,952
2021,Whitnash,E05012631,3984,2915,1443,1472,42,42,452,205,247,571,501,70,4,1514,575
2021,Barleythorpe,E05012632,1195,779,309,470,39,39,113,9,104,264,235,29,0,509,264
2021,Braunston & Martinsthorpe,E05012633,1092,827,526,301,3,3,91,24,67,171,134,37,0,304,171
2021,Cottesmore,E05012634,1084,638,384,254,4,4,109,20,89,333,108,225,0,258,333
2021,Exton,E05012635,624,418,286,132,15,15,49,9,40,142,118,24,0,147,142
2021,Greetham,E05012636,601,468,278,190,8,8,46,8,38,79,53,26,0,198,79
2021,Ketton,E05012637,1212,925,568,357,12,12,132,24,108,143,122,21,0,369,143
2021,Langham,E05012638,635,537,350,187,9,9,29,9,20,60,51,9,0,196,60
2021,Lyddington,E05012639,600,495,316,179,2,2,26,4,22,75,62,13,2,181,77
2021,Normanton (Rutland),E05012640,1323,926,564,362,29,29,89,11,78,279,174,105,0,391,279
2021,Oakham North East,E05012641,1345,817,501,316,17,17,177,29,148,334,281,53,0,333,334
2021,Oakham North West,E05012642,1358,867,503,364,22,22,266,55,211,200,170,30,3,386,203
2021,Oakham South,E05012643,1982,1568,1097,471,32,32,171,27,144,211,175,36,0,503,211
2021,Ryhall & Casterton,E05012644,1231,945,554,391,9,9,138,18,120,139,110,29,0,400,139
2021,Uppingham,E05012645,1876,1209,764,445,30,30,322,49,273,312,248,64,3,475,315
2021,Whissendine,E05012646,538,428,291,137,2,2,57,12,45,48,40,8,3,139,51
2021,Beeston & Holbeck,E05012647,11674,4465,2229,2236,64,64,2922,2332,590,4181,3966,215,42,2300,4223
2021,Farnley & Wortley,E05012648,11072,6658,3121,3537,67,67,2600,2281,319,1714,1531,183,33,3604,1747
2021,Alderney & Bourne Valley,E05012649,6681,4506,2143,2363,33,33,1015,712,303,1122,986,136,5,2396,1127
2021,Bearwood & Merley,E05012650,5795,4704,2720,1984,26,26,436,266,170,626,533,93,3,2010,629
2021,Boscombe East & Pokesdown,E05012651,4930,2655,1252,1403,41,41,317,50,267,1916,1802,114,1,1444,1917
2021,Boscombe West,E05012652,5656,1662,754,908,67,67,548,177,371,3375,3237,138,4,975,3379
2021,Bournemouth Central,E05012653,6287,2032,1097,935,30,30,554,176,378,3667,3484,183,4,965,3671
2021,Broadstone,E05012654,4275,3882,2397,1485,5,5,89,57,32,296,243,53,3,1490,299
2021,Burton & Grange,E05012655,3969,2363,1294,1069,58,58,1116,131,985,430,375,55,2,1127,432
2021,Canford Cliffs,E05012656,4700,3750,2769,981,13,13,82,20,62,855,743,112,0,994,855
2021,Canford Heath,E05012657,5941,4071,2032,2039,57,57,797,255,542,1014,935,79,2,2096,1016
2021,Christchurch Town,E05012658,4856,2915,1743,1172,76,76,859,64,795,1004,907,97,2,1248,1006
2021,Commons,E05012659,4321,3336,2033,1303,33,33,381,47,334,571,488,83,0,1336,571
2021,Creekmoor,E05012660,4095,2987,1551,1436,14,14,488,329,159,598,525,73,8,1450,606
2021,East Cliff & Springbourne,E05012661,7675,2932,1366,1566,40,40,908,396,512,3789,3583,206,6,1606,3795
2021,East Southbourne & Tuckton,E05012662,4222,3210,2072,1138,9,9,171,47,124,830,742,88,2,1147,832
2021,Hamworthy,E05012663,5975,3587,1866,1721,54,54,1088,643,445,1238,992,246,8,1775,1246
2021,Highcliffe & Walkford,E05012664,4861,3999,2872,1127,23,23,292,71,221,546,480,66,1,1150,547
2021,Kinson,E05012665,7437,4221,2306,1915,43,43,2250,1777,473,903,782,121,20,1958,923
2021,Littledown & Iford,E05012666,4037,3181,1625,1556,10,10,172,115,57,671,569,102,3,1566,674
2021,Moordown,E05012667,4077,2974,1259,1715,13,13,204,120,84,884,822,62,2,1728,886
2021,"Mudeford, Stanpit & West Highcliffe",E05012668,4820,3930,2720,1210,41,41,200,22,178,649,558,91,0,1251,649
2021,Muscliff & Strouden Park,E05012669,6990,4510,2296,2214,57,57,1180,792,388,1230,1109,121,13,2271,1243
2021,Newtown & Heatherlands,E05012670,7540,4846,2209,2637,85,85,963,533,430,1632,1501,131,14,2722,1646
2021,Oakdale,E05012671,4579,3571,1850,1721,18,18,451,291,160,534,456,78,5,1739,539
2021,Parkstone,E05012672,5165,3350,1788,1562,22,22,465,168,297,1326,1208,118,2,1584,1328
2021,Penn Hill,E05012673,5028,3610,1876,1734,8,8,218,60,158,1191,1102,89,1,1742,1192
2021,Poole Town,E05012674,6093,2869,1801,1068,160,160,1175,547,628,1880,1736,144,9,1228,1889
2021,"Queen's Park (Bournemouth, Christchurch and Poole)",E05012675,4642,2772,1234,1538,23,23,287,53,234,1558,1439,119,2,1561,1560
2021,Redhill & Northbourne,E05012676,4155,3223,1743,1480,24,24,225,112,113,681,602,79,2,1504,683
2021,Talbot & Branksome Woods,E05012677,6028,3435,1862,1573,18,18,561,62,499,2013,1883,130,1,1591,2014
2021,Wallisdown & Winton West,E05012678,4285,2597,1292,1305,19,19,550,423,127,1106,1019,87,13,1324,1119
2021,West Southbourne,E05012679,4577,2830,1392,1438,16,16,456,133,323,1275,1156,119,0,1454,1275
2021,Westbourne & West Cliff,E05012680,5723,2641,1690,951,70,70,321,147,174,2689,2514,175,2,1021,2691
2021,Winton East,E05012681,4421,2068,834,1234,19,19,284,67,217,2049,1949,100,1,1253,2050
2021,Beacon (Dorset),E05012682,1990,1577,1114,463,5,5,136,17,119,272,195,77,0,468,272
2021,Beaminster,E05012683,2045,1377,1013,364,18,18,332,28,304,318,249,69,0,382,318
2021,Blackmore Vale,E05012684,1973,1457,980,477,21,21,259,20,239,236,160,76,0,498,236
2021,Blandford,E05012685,4767,3013,1664,1349,63,63,885,74,811,797,694,103,9,1412,806
2021,Bridport,E05012686,7181,4766,3501,1265,69,69,1169,94,1075,1177,967,210,0,1334,1177
2021,Chalk Valleys,E05012687,2111,1509,1028,481,21,21,194,21,173,387,277,110,0,502,387
2021,Charminster St Mary's,E05012688,2245,1600,971,629,34,34,298,19,279,313,262,51,0,663,313
2021,Chesil Bank,E05012689,1847,1329,1016,313,20,20,174,11,163,324,259,65,0,333,324
2021,Chickerell,E05012690,3443,2482,1512,970,61,61,444,42,402,456,375,81,0,1031,456
2021,Colehill & Wimborne Minster East,E05012691,3655,3083,1790,1293,36,36,230,28,202,305,256,49,1,1329,306
2021,Corfe Mullen,E05012692,4299,3542,2026,1516,14,14,301,28,273,442,368,74,0,1530,442
2021,Cranborne & Alderholt,E05012693,2050,1504,894,610,4,4,170,20,150,372,312,60,0,614,372
2021,Cranborne Chase,E05012694,1878,1038,650,388,6,6,191,23,168,643,347,296,0,394,643
2021,Crossways,E05012695,1636,1210,752,458,10,10,197,13,184,219,166,53,0,468,219
2021,Dorchester East,E05012696,3802,2550,1627,923,38,38,583,37,546,631,573,58,0,961,631
2021,Dorchester Poundbury,E05012697,2003,1128,842,286,116,116,420,20,400,339,309,30,0,402,339
2021,Dorchester West,E05012698,4196,2610,1651,959,22,22,763,46,717,799,692,107,2,981,801
2021,Eggardon,E05012699,2304,1624,1140,484,26,26,223,10,213,431,343,88,0,510,431
2021,Ferndown North,E05012700,4178,3436,2446,990,19,19,234,26,208,489,416,73,0,1009,489
2021,Ferndown South,E05012701,3780,2909,1919,990,34,34,441,48,393,396,332,64,0,1024,396
2021,Gillingham,E05012702,6963,5045,3090,1955,68,68,667,82,585,1183,1022,161,0,2023,1183
2021,Hill Forts & Upper Tarrants,E05012703,1917,1388,923,465,11,11,216,13,203,302,227,75,0,476,302
2021,Littlemoor & Preston,E05012704,4627,3262,2192,1070,33,33,703,143,560,627,549,78,2,1103,629
2021,Lyme & Charmouth,E05012705,2512,1774,1343,431,32,32,403,17,386,303,234,69,0,463,303
2021,Lytchett Matravers & Upton,E05012706,5334,4037,2333,1704,56,56,482,84,398,759,656,103,0,1760,759
2021,Marshwood Vale,E05012707,2057,1575,1216,359,12,12,178,13,165,291,208,83,1,371,292
2021,Melcombe Regis,E05012708,2434,1037,705,332,15,15,155,37,118,1224,1148,76,3,347,1227
2021,Portland (Dorset),E05012709,5722,3716,2269,1447,64,64,734,136,598,1207,1083,124,1,1511,1208
2021,Puddletown & Lower Winterborne,E05012710,2342,1662,1056,606,18,18,279,28,251,383,301,82,0,624,383
2021,Radipole,E05012711,4351,3082,1982,1100,45,45,344,20,324,880,770,110,0,1145,880
2021,Rodwell & Wyke,E05012712,6317,4226,2678,1548,38,38,858,136,722,1195,1049,146,0,1586,1195
2021,St Leonards & St Ives,E05012713,3477,3062,2127,935,42,42,122,17,105,250,182,68,1,977,251
2021,Shaftesbury Town,E05012714,4136,2590,1563,1027,98,98,661,54,607,786,695,91,1,1125,787
2021,Sherborne East,E05012715,2217,1397,1067,330,13,13,374,22,352,433,374,59,0,343,433
2021,Sherborne Rural,E05012716,2186,1546,1043,503,11,11,195,17,178,432,348,84,2,514,434
2021,Sherborne West,E05012717,2477,1454,972,482,30,30,518,36,482,475,391,84,0,512,475
2021,South East Purbeck,E05012718,1841,1235,916,319,15,15,215,10,205,376,294,82,0,334,376
2021,Stalbridge & Marnhull,E05012719,2359,1768,1288,480,14,14,309,25,284,268,212,56,0,494,268
2021,Stour & Allen Vale,E05012720,1996,1444,879,565,7,7,194,18,176,351,260,91,0,572,351
2021,Sturminster Newton,E05012721,2084,1333,877,456,20,20,334,41,293,397,334,63,0,476,397
2021,Swanage,E05012722,4513,3145,2293,852,28,28,547,67,480,791,658,133,2,880,793
2021,Upwey & Broadwey,E05012723,2010,1576,965,611,13,13,152,27,125,269,225,44,0,624,269
2021,Verwood,E05012724,5808,4789,2746,2043,29,29,358,32,326,630,540,90,2,2072,632
2021,Wareham,E05012725,4438,3129,2169,960,30,30,657,106,551,621,540,81,1,990,622
2021,West Moors & Three Legged Cross,E05012726,4114,3322,2375,947,16,16,395,44,351,381,268,113,0,963,381
2021,West Parley,E05012727,1603,1454,969,485,4,4,14,4,10,131,102,29,0,489,131
2021,West Purbeck,E05012728,4022,2402,1483,919,38,38,654,100,554,924,549,375,4,957,928
2021,Westham,E05012729,4229,2429,1278,1151,40,40,1023,204,819,735,664,71,2,1191,737
2021,Wimborne Minster,E05012730,3900,2257,1423,834,64,64,845,68,777,733,608,125,1,898,734
2021,Winterborne & Broadmayne,E05012731,1880,1391,920,471,26,26,159,5,154,304,237,67,0,497,304
2021,Winterborne North,E05012732,1852,1319,791,528,20,20,287,22,265,225,188,37,1,548,226
2021,Yetminster,E05012733,2164,1567,1097,470,36,36,162,11,151,397,311,86,2,506,399
2021,Aldeburgh & Leiston,E05012734,5786,3853,2838,1015,19,19,919,146,773,994,839,155,1,1034,995
2021,Beccles & Worlingham,E05012735,6725,4561,2966,1595,38,38,961,480,481,1154,1024,130,11,1633,1165
2021,Bungay & Wainford,E05012736,3929,2677,1756,921,18,18,502,340,162,730,616,114,2,939,732
2021,Carlford & Fynn Valley,E05012737,3524,2840,1805,1035,16,16,334,40,294,334,268,66,0,1051,334
2021,Carlton & Whitton,E05012738,4752,3347,2171,1176,8,8,784,412,372,608,528,80,5,1184,613
2021,Carlton Colville,E05012739,4020,3139,1679,1460,14,14,206,98,108,659,578,81,2,1474,661
2021,Deben,E05012740,2047,1407,937,470,3,3,176,20,156,460,273,187,1,473,461
2021,Eastern Felixstowe,E05012741,6218,4431,3174,1257,14,14,518,110,408,1254,1119,135,1,1271,1255
2021,Framlingham,E05012742,3811,2710,1741,969,22,22,478,46,432,601,476,125,0,991,601
2021,Gunton & St Margarets,E05012743,4212,2830,1853,977,9,9,888,668,220,476,423,53,9,986,485
2021,Halesworth & Blything,E05012744,3843,2699,1966,733,20,20,555,360,195,567,473,94,2,753,569
2021,Harbour & Normanston,E05012745,7307,3165,1789,1376,36,36,1563,816,747,2534,2351,183,9,1412,2543
2021,Kelsale & Yoxford,E05012746,1808,1269,915,354,5,5,256,45,211,276,212,64,2,359,278
2021,Kesgrave,E05012747,6047,4637,2498,2139,14,14,357,49,308,1038,949,89,1,2153,1039
2021,Kessingland,E05012748,2057,1459,1000,459,11,11,319,157,162,268,225,43,0,470,268
2021,Kirkley & Pakefield,E05012749,6343,3803,2410,1393,14,14,779,308,471,1745,1598,147,2,1407,1747
2021,Lothingland (East Suffolk),E05012750,1586,1214,787,427,11,11,118,89,29,242,201,41,1,438,243
2021,Martlesham & Purdis Farm,E05012751,3376,2711,1778,933,18,18,146,30,116,500,437,63,1,951,501
2021,Melton,E05012752,2028,1449,947,502,6,6,283,39,244,290,241,49,0,508,290
2021,Orwell & Villages,E05012753,4314,3329,2024,1305,23,23,380,54,326,580,501,79,2,1328,582
2021,Oulton Broad,E05012754,5789,4437,2766,1671,19,19,510,84,426,822,726,96,1,1690,823
2021,Rendlesham & Orford,E05012755,2118,1479,763,716,16,16,177,17,160,445,388,57,1,732,446
2021,Rushmere St Andrew,E05012756,1781,1646,1017,629,11,11,18,7,11,106,88,18,0,640,106
2021,Saxmundham,E05012757,2173,1288,783,505,20,20,528,77,451,337,301,36,0,525,337
2021,Southwold,E05012758,1938,1395,1083,312,19,19,311,173,138,213,168,45,0,331,213
2021,Western Felixstowe,E05012759,5248,3000,1692,1308,9,9,1293,205,1088,943,844,99,3,1317,946
2021,Wickham Market,E05012760,2215,1530,1031,499,12,12,363,36,327,309,269,40,1,511,310
2021,Woodbridge,E05012761,3825,2592,1838,754,12,12,571,73,498,648,553,95,2,766,650
2021,"Wrentham, Wangford & Westleton",E05012762,1930,1383,1007,376,6,6,191,120,71,348,283,65,2,382,350
2021,Abbeygate,E05012763,2649,1148,741,407,9,9,500,91,409,992,923,69,0,416,992
2021,Bardwell,E05012764,1145,795,418,377,3,3,144,48,96,203,153,50,0,380,203
2021,Barningham,E05012765,1153,898,606,292,6,6,139,64,75,108,79,29,2,298,110
2021,Barrow,E05012766,1107,789,469,320,7,7,171,40,131,140,116,24,0,327,140
2021,Brandon Central,E05012767,1583,784,453,331,32,32,383,110,273,380,347,33,4,363,384
2021,Brandon East,E05012768,1348,1056,682,374,7,7,40,6,34,245,219,26,0,381,245
2021,Brandon West,E05012769,1458,883,521,362,5,5,238,71,167,332,294,38,0,367,332
2021,Chedburgh & Chevington,E05012770,1178,878,534,344,4,4,116,33,83,180,157,23,0,348,180
2021,"Clare, Hundon & Kedington",E05012771,3493,2596,1580,1016,25,25,460,164,296,409,333,76,3,1041,412
2021,Eastgate,E05012772,1380,627,413,214,17,17,320,61,259,415,385,30,1,231,416
2021,Exning,E05012773,1034,641,315,326,7,7,192,38,154,194,161,33,0,333,194
2021,Haverhill Central,E05012774,1470,786,389,397,7,7,283,81,202,394,364,30,0,404,394
2021,Haverhill East,E05012775,1695,867,390,477,3,3,488,163,325,337,314,23,0,480,337
2021,Haverhill North,E05012776,1916,1399,611,788,37,37,223,34,189,257,219,38,0,825,257
2021,Haverhill South,E05012777,2596,1167,554,613,12,12,1012,515,497,399,356,43,6,625,405
2021,Haverhill South East,E05012778,1019,803,433,370,9,9,91,29,62,116,99,17,0,379,116
2021,Haverhill West,E05012779,2357,1643,696,947,15,15,286,74,212,413,385,28,0,962,413
2021,Horringer,E05012780,1056,829,511,318,13,13,103,37,66,111,85,26,0,331,111
2021,Iceni,E05012781,2750,1405,397,1008,118,118,363,78,285,864,816,48,0,1126,864
2021,Ixworth,E05012782,981,711,447,264,4,4,157,43,114,106,80,26,3,268,109
2021,Kentford & Moulton,E05012783,1280,878,466,412,22,22,157,34,123,223,177,46,0,434,223
2021,Lakenheath,E05012784,3632,1771,924,847,10,10,336,71,265,1512,993,519,3,857,1515
2021,Manor (West Suffolk),E05012785,1226,873,469,404,20,20,124,34,90,209,175,34,0,424,209
2021,Mildenhall Great Heath,E05012786,1408,682,343,339,13,13,441,135,306,267,240,27,5,352,272
2021,Mildenhall Kingsway & Market,E05012787,1451,834,489,345,12,12,249,65,184,356,325,31,0,357,356
2021,Mildenhall Queensway,E05012788,1190,611,372,239,8,8,124,26,98,445,419,26,2,247,447
2021,Minden,E05012789,2657,1658,1072,586,20,20,591,204,387,388,334,54,0,606,388
2021,Moreton Hall,E05012790,3447,2261,1086,1175,74,74,237,33,204,875,820,55,0,1249,875
2021,Newmarket East,E05012791,2803,1115,618,497,68,68,749,238,511,868,757,111,3,565,871
2021,Newmarket North,E05012792,2659,1386,643,743,29,29,389,111,278,854,757,97,1,772,855
2021,Newmarket West,E05012793,2725,1419,806,613,14,14,470,180,290,820,700,120,2,627,822
2021,Pakenham & Troston,E05012794,1071,577,379,198,2,2,93,28,65,398,236,162,1,200,399
2021,Risby,E05012795,1217,880,532,348,9,9,120,47,73,206,159,47,2,357,208
2021,Rougham,E05012796,1026,724,419,305,7,7,142,42,100,152,117,35,1,312,153
2021,St Olaves,E05012797,2180,1111,474,637,51,51,742,312,430,272,245,27,4,688,276
2021,Southgate (West Suffolk),E05012798,1829,1318,892,426,2,2,272,78,194,236,199,37,1,428,237
2021,Stanton (West Suffolk),E05012799,1354,974,641,333,15,15,131,42,89,233,158,75,1,348,234
2021,The Fornhams & Great Barton,E05012800,1868,1414,960,454,23,23,161,50,111,269,243,26,1,477,270
2021,The Rows,E05012801,3034,1531,846,685,125,125,306,58,248,1072,866,206,0,810,1072
2021,Tollgate,E05012802,2924,1370,718,652,55,55,843,301,542,650,592,58,6,707,656
2021,Westgate (West Suffolk),E05012803,2397,1819,1224,595,20,20,180,43,137,378,336,42,0,615,378
2021,Whepstead & Wickhambrook,E05012804,1085,849,545,304,2,2,116,33,83,115,81,34,3,306,118
2021,Withersfield,E05012805,913,628,322,306,2,2,52,15,37,230,182,48,1,308,231
2021,Adel & Wharfedale,E05012841,9042,7204,3968,3236,53,53,900,626,274,872,746,126,13,3289,885
2021,Alwoodley,E05012842,9955,7119,3784,3335,56,56,1399,1033,366,1366,1191,175,15,3391,1381
2021,Ampthill,E05012843,5804,4450,2213,2237,100,100,639,50,589,614,526,88,1,2337,615
2021,Caddington,E05012844,4222,3348,1943,1405,34,34,443,307,136,394,320,74,3,1439,397
2021,Dunstable-Manshead,E05012845,2393,1428,656,772,23,23,684,513,171,255,224,31,3,795,258
2021,Dunstable-Northfields,E05012846,4509,2784,1055,1729,118,118,909,640,269,689,627,62,9,1847,698
2021,Houghton Conquest and Haynes,E05012847,1716,1287,586,701,66,66,227,23,204,134,110,24,2,767,136
2021,Houghton Hall,E05012848,3921,2479,915,1564,87,87,832,293,539,520,466,54,3,1651,523
2021,Northill,E05012849,1918,1327,783,544,20,20,266,20,246,305,256,49,0,564,305
2021,Sandy,E05012850,5579,3752,1815,1937,80,80,1039,122,917,708,633,75,0,2017,708
2021,Ditchingham & Earsham,E05012851,2813,2102,1354,748,16,16,312,65,247,383,309,74,0,764,383
2021,Harleston,E05012852,2838,1928,1257,671,70,70,405,80,325,433,383,50,2,741,435
2021,Henley-on-Thames,E05012853,5585,3618,2176,1442,45,45,717,100,617,1204,1084,120,1,1487,1205
2021,Sonning Common,E05012854,3080,2346,1391,955,36,36,332,56,276,365,292,73,1,991,366
2021,Alkham & Capel-le-Ferne,E05012855,1458,1236,859,377,9,9,80,66,14,133,98,35,0,386,133
2021,"Aylesham, Eythorne & Shepherdswell",E05012856,4602,3261,1522,1739,62,62,836,560,276,439,367,72,4,1801,443
2021,Buckland (Dover),E05012857,3192,1731,821,910,4,4,833,511,322,621,562,59,3,914,624
2021,Dover Downs & River,E05012858,2751,2419,1432,987,8,8,65,40,25,259,203,56,0,995,259
2021,Eastry Rural,E05012859,2685,1998,1281,717,36,36,297,176,121,351,281,70,3,753,354
2021,"Guston, Kingsdown & St Margaret's-at-Cliffe",E05012860,3240,2505,1632,873,14,14,226,161,65,494,338,156,1,887,495
2021,Little Stour & Ashstone,E05012861,3007,2192,1321,871,27,27,350,198,152,435,347,88,3,898,438
2021,Maxton & Elms Vale,E05012862,1681,1326,682,644,5,5,50,13,37,299,267,32,1,649,300
2021,Middle Deal,E05012863,3329,2256,1359,897,30,30,484,308,176,549,476,73,10,927,559
2021,Mill Hill (Dover),E05012864,3359,2210,1211,999,29,29,618,401,217,502,425,77,0,1028,502
2021,North Deal,E05012865,3683,2396,1676,720,54,54,278,152,126,952,844,108,3,774,955
2021,St Radigunds,E05012866,2940,1120,540,580,11,11,731,400,331,1069,1001,68,9,591,1078
2021,Sandwich,E05012867,2824,2019,1332,687,18,18,327,263,64,454,390,64,6,705,460
2021,Tower Hamlets,E05012868,1998,773,353,420,18,18,489,184,305,714,675,39,4,438,718
2021,Town & Castle,E05012869,3881,1562,892,670,10,10,755,501,254,1549,1453,96,5,680,1554
2021,Walmer,E05012870,3221,2402,1654,748,17,17,270,105,165,532,457,75,0,765,532
2021,Whitfield (Dover),E05012871,2698,2070,1184,886,32,32,350,157,193,244,197,47,2,918,246
2021,Banstead Village,E05012872,3676,2946,1725,1221,28,28,243,48,195,459,405,54,0,1249,459
2021,"Chipstead, Kingswood & Woodmansterne",E05012873,3778,3197,1623,1574,21,21,167,23,144,393,340,53,0,1595,393
2021,Earlswood & Whitebushes,E05012874,4182,2675,1086,1589,37,37,563,82,481,907,844,63,0,1626,907
2021,"Hooley, Merstham & Netherne",E05012875,4353,2864,1095,1769,93,93,859,171,688,536,474,62,1,1862,537
2021,Horley Central & South,E05012876,4254,2698,1406,1292,110,110,462,72,390,982,909,73,2,1402,984
2021,Horley East & Salfords,E05012877,3947,2932,1285,1647,83,83,219,24,195,713,646,67,0,1730,713
2021,Horley West & Sidlow,E05012878,4231,3128,1349,1779,150,150,584,101,483,367,310,57,2,1929,369
2021,"Lower Kingswood, Tadworth & Walton",E05012879,4033,3467,1929,1538,9,9,161,28,133,396,341,55,0,1547,396
2021,Meadvale & St John's,E05012880,3523,2598,1068,1530,22,22,215,20,195,688,633,55,0,1552,688
2021,Nork,E05012881,3522,3102,1565,1537,8,8,159,16,143,253,222,31,0,1545,253
2021,Redhill East,E05012882,3843,2302,882,1420,116,116,348,22,326,1070,1000,70,7,1536,1077
2021,Redhill West & Wray Common,E05012883,4161,2422,1238,1184,98,98,752,152,600,888,808,80,1,1282,889
2021,Reigate,E05012884,4563,3189,1645,1544,30,30,301,23,278,1043,948,95,0,1574,1043
2021,South Park & Woodhatch,E05012885,3549,2257,1075,1182,35,35,938,169,769,319,273,46,0,1217,319
2021,Tattenham Corner & Preston,E05012886,4228,2792,1224,1568,126,126,936,131,805,371,327,44,3,1694,374
2021,Addlestone North,E05012887,2807,1848,756,1092,63,63,308,184,124,582,526,56,6,1155,588
2021,Addlestone South,E05012888,2923,1824,998,826,38,38,531,388,143,527,472,55,3,864,530
2021,Chertsey Riverside,E05012889,2685,1657,594,1063,40,40,373,106,267,613,561,52,2,1103,615
2021,Chertsey St Ann's,E05012890,2836,1748,792,956,24,24,597,450,147,462,419,43,5,980,467
2021,Egham Hythe,E05012891,2891,1677,674,1003,22,22,687,521,166,498,451,47,7,1025,505
2021,Egham Town,E05012892,2971,1532,795,737,26,26,343,207,136,1064,1013,51,6,763,1070
2021,Englefield Green East,E05012893,1159,756,377,379,0,0,28,19,9,375,342,33,0,379,375
2021,Englefield Green West,E05012894,2333,980,524,456,43,43,649,386,263,657,597,60,4,499,661
2021,"Longcross, Lyne & Chertsey South",E05012895,1608,1144,618,526,15,15,182,65,117,267,187,80,0,541,267
2021,New Haw,E05012896,2854,2210,1022,1188,19,19,248,209,39,374,321,53,3,1207,377
2021,Ottershaw,E05012897,2686,2093,1041,1052,19,19,228,107,121,345,297,48,1,1071,346
2021,Thorpe (Runnymede),E05012898,2398,2073,1249,824,14,14,35,24,11,275,216,59,1,838,276
2021,Virginia Water,E05012899,2334,1747,953,794,30,30,82,63,19,475,401,74,0,824,475
2021,Woodham & Rowtown,E05012900,2363,1853,1038,815,152,152,212,44,168,144,109,35,2,967,146
2021,Bowthorpe,E05012901,4081,1502,719,783,30,30,1549,923,626,989,920,69,11,813,1000
2021,Catton Grove,E05012902,4955,2305,1059,1246,13,13,1641,1254,387,992,890,102,4,1259,996
2021,Crome,E05012903,5162,2467,1338,1129,22,22,2027,1771,256,635,551,84,11,1151,646
2021,Eaton,E05012904,4504,3192,2097,1095,10,10,558,385,173,741,643,98,3,1105,744
2021,Lakenham,E05012905,5010,2106,1052,1054,20,20,1883,1503,380,991,901,90,10,1074,1001
2021,Mancroft,E05012906,5523,1466,828,638,13,13,2191,1362,829,1837,1711,126,16,651,1853
2021,Mile Cross,E05012907,4862,1665,734,931,40,40,2257,1801,456,892,808,84,8,971,900
2021,Nelson (Norwich),E05012908,4858,2446,1314,1132,11,11,511,369,142,1883,1759,124,7,1143,1890
2021,Sewell,E05012909,5084,2455,1023,1432,30,30,787,638,149,1802,1656,146,10,1462,1812
2021,Thorpe Hamlet,E05012910,5664,2089,1107,982,36,36,1051,311,740,2483,2332,151,5,1018,2488
2021,Town Close,E05012911,5236,2209,1278,931,38,38,1219,1016,203,1760,1632,128,10,969,1770
2021,University (Norwich),E05012912,4123,1286,818,468,59,59,1695,1158,537,1077,1021,56,6,527,1083
2021,Wensum,E05012913,5388,1917,945,972,42,42,2148,1749,399,1269,1162,107,12,1014,1281
2021,Bewbush & North Broadfield,E05012914,3939,1883,626,1257,48,48,1268,1170,98,724,676,48,16,1305,740
2021,Broadfield (Crawley),E05012915,4118,1721,587,1134,47,47,1553,879,674,788,753,35,9,1181,797
2021,Furnace Green,E05012916,2362,1584,897,687,21,21,462,410,52,286,263,23,9,708,295
2021,Gossops Green & North East Broadfield,E05012917,2490,1626,800,826,16,16,492,433,59,348,311,37,8,842,356
2021,Ifield,E05012918,4038,2401,1002,1399,85,85,1002,841,161,535,473,62,15,1484,550
2021,Langley Green & Tushmore,E05012919,3146,1548,724,824,16,16,804,573,231,767,696,71,11,840,778
2021,Maidenbower,E05012920,3654,2493,892,1601,32,32,259,142,117,869,824,45,1,1633,870
2021,Northgate & West Green,E05012921,4662,1988,842,1146,83,83,1397,1132,265,1172,1080,92,22,1229,1194
2021,Pound Hill North & Forge Wood,E05012922,3634,2708,1013,1695,14,14,413,346,67,493,456,37,6,1709,499
2021,Pound Hill South & Worth,E05012923,3336,2291,1141,1150,46,46,386,328,58,605,564,41,8,1196,613
2021,Southgate (Crawley),E05012924,3784,1932,950,982,33,33,925,575,350,890,819,71,4,1015,894
2021,Three Bridges,E05012925,3902,1764,816,948,106,106,781,505,276,1240,1182,58,11,1054,1251
2021,Tilgate,E05012926,2437,1427,650,777,13,13,690,635,55,296,255,41,11,790,307
2021,Ampfield & Braishfield,E05012927,1003,832,526,306,17,17,33,3,30,121,101,20,0,323,121
2021,Andover Harroway,E05012928,4138,2562,1202,1360,44,44,893,265,628,636,515,121,3,1404,639
2021,Andover Millway,E05012929,3765,2576,1254,1322,40,40,342,67,275,806,624,182,1,1362,807
2021,Andover St Mary's,E05012930,3820,1949,1030,919,38,38,1144,350,794,683,601,82,6,957,689
2021,Andover Winton,E05012931,2810,2001,1076,925,16,16,300,80,220,492,424,68,1,941,493
2021,Anna,E05012932,2763,2109,1263,846,39,39,288,88,200,324,265,59,3,885,327
2021,Bellinger,E05012933,1429,979,540,439,3,3,173,50,123,274,158,116,0,442,274
2021,Bourne Valley,E05012934,1341,803,426,377,8,8,312,31,281,218,167,51,0,385,218
2021,Charlton & the Pentons,E05012935,1427,1126,659,467,33,33,103,27,76,164,132,32,1,500,165
2021,"Chilworth, Nursling & Rownhams",E05012936,3252,2639,1412,1227,64,64,208,50,158,341,277,64,0,1291,341
2021,North Baddesley,E05012937,3142,2408,1336,1072,26,26,414,105,309,291,247,44,3,1098,294
2021,Romsey Cupernham,E05012938,3688,2719,1283,1436,157,157,395,93,302,415,362,53,2,1593,417
2021,Valley Park,E05012939,2366,1948,919,1029,5,5,102,8,94,311,288,23,0,1034,311
2021,Little Stour & Adisham,E05012953,1678,1217,674,543,14,14,180,98,82,265,207,58,2,557,267
2021,Nailbourne,E05012954,1652,1333,858,475,3,3,95,74,21,218,167,51,3,478,221
2021,Reculver,E05012955,1853,1484,923,561,47,47,95,56,39,227,177,50,0,608,227
2021,Sturry,E05012956,3358,2476,1363,1113,26,26,396,278,118,454,376,78,6,1139,460
2021,Credenhill,E05012957,1404,959,575,384,22,22,169,29,140,253,149,104,1,406,254
2021,Queenswood,E05012958,1404,1097,735,362,21,21,120,17,103,165,128,37,1,383,166
2021,Stoney Street,E05012959,1514,1088,692,396,23,23,210,77,133,189,151,38,4,419,193
2021,Sutton Walls,E05012960,1402,1093,713,380,16,16,123,22,101,170,130,40,0,396,170
2021,Gosfield & Greenstead Green,E05012961,1182,949,592,357,23,23,106,21,85,104,71,33,0,380,104
2021,Halstead St Andrew's,E05012962,2766,1949,1006,943,20,20,331,69,262,463,424,39,3,963,466
2021,Halstead Trinity,E05012963,3092,1867,910,957,30,30,705,182,523,486,425,61,4,987,490
2021,Hatfield Peverel & Terling,E05012964,2496,1738,1014,724,10,10,358,78,280,389,325,64,1,734,390
2021,Silver End & Cressing,E05012965,2851,1971,890,1081,62,62,589,118,471,226,180,46,3,1143,229
2021,Witham Central,E05012966,3090,1808,854,954,36,36,620,114,506,625,569,56,1,990,626
2021,Witham North,E05012967,3127,1874,815,1059,11,11,686,196,490,554,498,56,2,1070,556
2021,Bicester South and Ambrosden,E05012968,5533,3224,968,2256,267,267,725,82,643,1317,1052,265,0,2523,1317
2021,Fringford and Heyfords,E05012969,3824,2600,1294,1306,103,103,320,42,278,801,704,97,0,1409,801
2021,Abingdon Dunmore,E05012970,2498,1981,1078,903,9,9,131,25,106,377,321,56,0,912,377
2021,Abingdon Peachcroft,E05012971,2818,2201,1207,994,15,15,193,99,94,407,370,37,2,1009,409
2021,Botley & Sunningwell,E05012972,2753,1876,1008,868,30,30,252,41,211,595,532,63,0,898,595
2021,Faringdon,E05012973,3715,2293,1064,1229,94,94,713,109,604,614,475,139,1,1323,615
2021,Grove North,E05012974,2697,1944,886,1058,51,51,431,62,369,271,215,56,0,1109,271
2021,Hendreds,E05012975,1367,852,398,454,24,24,212,23,189,279,229,50,0,478,279
2021,Kennington & Radley,E05012976,2692,2091,1333,758,15,15,175,29,146,409,266,143,2,773,411
2021,Marcham,E05012977,1336,748,403,345,22,22,211,36,175,355,131,224,0,367,355
2021,Wantage & Grove Brook,E05012978,3334,2326,1306,1020,79,79,480,57,423,449,343,106,0,1099,449
2021,Wantage Charlton,E05012979,3210,2065,1084,981,122,122,568,87,481,453,401,52,2,1103,455
2021,Watchfield & Shrivenham,E05012980,3209,1897,1034,863,68,68,487,46,441,756,373,383,1,931,757
2021,Bishop's Stortford All Saints,E05012981,3200,2141,1040,1101,49,49,384,50,334,625,584,41,1,1150,626
2021,Bishop's Stortford Central,E05012982,4252,2308,1063,1245,62,62,874,110,764,1007,933,74,1,1307,1008
2021,Bishop's Stortford Meads,E05012983,2986,1940,988,952,50,50,239,17,222,755,700,55,2,1002,757
2021,Bishop's Stortford Silverleys,E05012984,2677,2059,881,1178,124,124,195,26,169,299,257,42,0,1302,299
2021,Bishop's Stortford South,E05012985,3523,2924,1385,1539,18,18,115,16,99,466,426,40,0,1557,466
2021,Buntingford,E05012986,3276,2450,1180,1270,91,91,441,41,400,293,251,42,1,1361,294
2021,Mundens and Cottered,E05012987,1030,758,404,354,3,3,154,22,132,115,82,33,0,357,115
2021,East Malling,E05012988,2143,1195,604,591,50,50,704,104,600,194,162,32,0,641,194
2021,Kings Hill,E05012989,3393,2611,895,1716,93,93,307,27,280,381,347,34,1,1809,382
2021,Barton (Canterbury),E05012990,4572,2144,1235,909,63,63,1072,757,315,1290,1148,142,3,972,1293
2021,Chartham & Stone Street,E05012991,3017,2213,1136,1077,10,10,308,169,139,484,423,61,2,1087,486
2021,Kingston Bagpuize,E05012992,1958,1445,698,747,61,61,232,24,208,220,161,59,0,808,220
2021,Anston & Woodsetts,E05012993,5220,4255,2575,1680,7,7,425,395,30,523,423,100,10,1687,533
2021,Aston & Todwick,E05012994,4050,3352,1926,1426,5,5,331,308,23,359,294,65,3,1431,362
2021,Aughton & Swallownest,E05012995,3517,2445,1227,1218,4,4,623,527,96,435,373,62,10,1222,445
2021,Boston Castle,E05012996,6100,3036,1765,1271,17,17,1458,988,470,1551,1343,208,38,1288,1589
2021,Bramley & Ravenfield,E05012997,3772,3003,1703,1300,36,36,326,259,67,404,315,89,3,1336,407
2021,Brinsworth,E05012998,4133,3103,1745,1358,13,13,424,361,63,588,496,92,5,1371,593
2021,Dalton & Thrybergh,E05012999,3992,1776,860,916,15,15,1740,1569,171,430,382,48,31,931,461
2021,Dinnington,E05013000,5365,3504,1805,1699,16,16,844,565,279,991,862,129,10,1715,1001
2021,Greasbrough,E05013001,3955,1840,1034,806,7,7,1638,1482,156,449,393,56,21,813,470
2021,Hellaby & Maltby West,E05013002,3412,2730,1440,1290,6,6,303,276,27,367,292,75,6,1296,373
2021,Hoober,E05013003,5376,3455,1473,1982,25,25,1064,870,194,818,698,120,14,2007,832
2021,Keppel,E05013004,5880,3789,2038,1751,6,6,1466,1383,83,595,496,99,24,1757,619
2021,Kilnhurst & Swinton East,E05013005,3460,2476,1288,1188,7,7,626,578,48,342,283,59,9,1195,351
2021,Maltby East,E05013006,4113,2165,1223,942,7,7,984,571,413,946,856,90,11,949,957
2021,Rawmarsh East,E05013007,4201,2258,1121,1137,19,19,1134,947,187,767,680,87,23,1156,790
2021,Rawmarsh West,E05013008,4130,2475,1267,1208,37,37,1127,995,132,474,415,59,17,1245,491
2021,Rother Vale,E05013009,3484,2419,681,1738,48,48,552,459,93,451,402,49,14,1786,465
2021,Rotherham East,E05013010,6627,2625,1346,1279,36,36,2555,2002,553,1372,1187,185,39,1315,1411
2021,Rotherham West,E05013011,6218,3431,1932,1499,58,58,1426,938,488,1279,1122,157,24,1557,1303
2021,Sitwell,E05013012,5257,4273,2437,1836,4,4,479,371,108,496,403,93,5,1840,501
2021,Swinton Rockingham,E05013013,3723,2404,1357,1047,17,17,842,680,162,450,392,58,10,1064,460
2021,Thurcroft & Wickersley South,E05013014,4339,3042,1665,1377,27,27,676,557,119,580,486,94,14,1404,594
2021,Wales,E05013015,4061,2788,1377,1411,14,14,631,518,113,619,501,118,9,1425,628
2021,Wath,E05013016,4018,2230,1205,1025,30,30,1135,834,301,609,532,77,14,1055,623
2021,Wickersley North,E05013017,5521,3621,1828,1793,5,5,738,550,188,1137,1025,112,20,1798,1157
2021,Barton & Winton,E05013018,7125,3273,1421,1852,66,66,2267,1041,1226,1497,1346,151,22,1918,1519
2021,Blackfriars & Trinity,E05013019,5885,1045,336,709,19,19,1090,361,729,3725,3613,112,6,728,3731
2021,Boothstown & Ellenbrook,E05013020,5169,4373,2248,2125,20,20,222,115,107,552,476,76,2,2145,554
2021,Broughton (Salford),E05013021,6227,1307,576,731,42,42,2894,948,1946,1953,1818,135,31,773,1984
2021,Cadishead & Lower Irlam,E05013022,5226,3335,1541,1794,11,11,1044,610,434,825,710,115,11,1805,836
2021,Claremont (Salford),E05013023,5519,3731,1808,1923,44,44,746,276,470,987,873,114,11,1967,998
2021,Eccles,E05013024,6756,3436,1566,1870,29,29,1668,786,882,1596,1451,145,27,1899,1623
2021,Higher Irlam & Peel Green,E05013025,5878,3268,1459,1809,28,28,1628,847,781,942,834,108,12,1837,954
2021,Kersal & Broughton Park,E05013026,5306,2478,1234,1244,25,25,1119,454,665,1677,1538,139,7,1269,1684
2021,Little Hulton,E05013027,5718,2035,965,1070,44,44,2804,1667,1137,803,734,69,32,1114,835
2021,Ordsall,E05013028,4944,961,328,633,12,12,1776,872,904,2180,2117,63,15,645,2195
2021,Pendlebury & Clifton,E05013029,5772,3085,1469,1616,37,37,1557,761,796,1075,970,105,18,1653,1093
2021,Pendleton & Charlestown,E05013030,6456,1370,635,735,30,30,3150,1488,1662,1866,1768,98,40,765,1906
2021,Quays,E05013031,5142,791,263,528,7,7,309,100,209,4030,3926,104,5,535,4035
2021,Swinton & Wardley,E05013032,5512,3444,1794,1650,13,13,929,512,417,1116,1004,112,10,1663,1126
2021,Swinton Park,E05013033,5374,3656,1754,1902,28,28,897,441,456,770,675,95,23,1930,793
2021,Walkden North,E05013034,5982,2968,1294,1674,62,62,1681,910,771,1256,1142,114,15,1736,1271
2021,Walkden South,E05013035,5155,3610,1735,1875,27,27,627,296,331,886,794,92,5,1902,891
2021,Weaste & Seedley,E05013036,7124,2488,1176,1312,94,94,2009,695,1314,2512,2331,181,21,1406,2533
2021,Worsley & Westwood Park,E05013037,4848,3418,1695,1723,10,10,806,416,390,606,531,75,8,1733,614
2021,Burn Valley,E05013038,3344,1857,1018,839,6,6,725,270,455,749,673,76,7,845,756
2021,De Bruce,E05013039,3401,1589,867,722,26,26,1301,583,718,482,413,69,3,748,485
2021,Fens & Greatham,E05013040,2971,2379,1514,865,4,4,264,83,181,323,263,60,1,869,324
2021,Foggy Furze,E05013041,3735,2271,1375,896,24,24,609,201,408,822,736,86,9,920,831
2021,Hart,E05013042,3225,2463,1013,1450,49,49,319,90,229,394,332,62,0,1499,394
2021,Headland & Harbour,E05013043,4046,1630,824,806,7,7,1368,541,827,1029,957,72,12,813,1041
2021,Manor House,E05013044,3671,1422,732,690,20,20,1604,864,740,616,554,62,9,710,625
2021,Rossmere,E05013045,3356,1506,757,749,2,2,1345,635,710,492,435,57,11,751,503
2021,Rural West,E05013046,2986,2661,1484,1177,15,15,73,22,51,237,178,59,0,1192,237
2021,Seaton (Hartlepool),E05013047,3127,2549,1361,1188,8,8,233,39,194,335,273,62,2,1196,337
2021,Throston,E05013048,3527,1945,957,988,61,61,966,434,532,548,468,80,7,1049,555
2021,Victoria (Hartlepool),E05013049,3542,1564,860,704,17,17,788,226,562,1168,1057,111,5,721,1173
2021,Abbey (Cambridge),E05013050,4441,1773,898,875,36,36,1401,1031,370,1220,1140,80,11,911,1231
2021,Arbury (Cambridge),E05013051,4001,1888,1077,811,24,24,1104,938,166,969,904,65,16,835,985
2021,Castle (Cambridge),E05013052,2448,1002,616,386,25,25,395,102,293,1023,713,310,3,411,1026
2021,Cherry Hinton,E05013053,3747,2113,1104,1009,26,26,846,639,207,757,691,66,5,1035,762
2021,Coleridge,E05013054,3936,1718,945,773,31,31,864,642,222,1310,1223,87,13,804,1323
2021,East Chesterton,E05013055,4084,1499,845,654,79,79,1425,476,949,1077,1010,67,4,733,1081
2021,King's Hedges,E05013056,4389,1659,841,818,96,96,1462,1195,267,1159,1064,95,13,914,1172
2021,Market,E05013057,2660,883,579,304,17,17,414,190,224,1344,1078,266,2,321,1346
2021,Newnham (Cambridge),E05013058,1649,900,624,276,18,18,189,50,139,542,351,191,0,294,542
2021,Petersfield,E05013059,4331,1628,952,676,84,84,735,275,460,1882,1759,123,2,760,1884
2021,Queen Edith's,E05013060,4155,2179,1295,884,49,49,898,526,372,1027,908,119,2,933,1029
2021,Romsey,E05013061,4042,1788,870,918,54,54,563,353,210,1635,1548,87,2,972,1637
2021,Trumpington,E05013062,4867,2102,974,1128,299,299,1219,381,838,1244,1138,106,3,1427,1247
2021,West Chesterton,E05013063,3720,2001,1277,724,32,32,372,112,260,1308,1210,98,7,756,1315
2021,Adlington & Anderton,E05013064,3506,2617,1436,1181,9,9,337,87,250,543,476,67,0,1190,543
2021,Buckshaw & Whittle,E05013065,4129,3021,936,2085,18,18,337,46,291,752,688,64,1,2103,753
2021,Chorley East,E05013066,3749,2202,1063,1139,17,17,737,157,580,789,702,87,4,1156,793
2021,Chorley North East,E05013067,3005,2475,1321,1154,28,28,209,30,179,293,219,74,0,1182,293
2021,Chorley North West,E05013068,3704,2449,1449,1000,19,19,374,108,266,862,779,83,0,1019,862
2021,Chorley North & Astley,E05013069,3614,2216,1322,894,18,18,887,109,778,491,435,56,2,912,493
2021,Chorley South East & Heath Charnock,E05013070,4033,2944,1459,1485,23,23,518,119,399,545,468,77,3,1508,548
2021,Chorley South West,E05013071,3539,2156,852,1304,34,34,803,212,591,545,492,53,1,1338,546
2021,"Clayton East, Brindle & Hoghton",E05013072,3996,2464,1283,1181,14,14,1064,101,963,451,374,77,3,1195,454
2021,Clayton West & Cuerden,E05013073,3716,3050,1600,1450,69,69,283,23,260,314,252,62,0,1519,314
2021,Coppull,E05013074,3540,2573,1297,1276,23,23,483,113,370,460,402,58,1,1299,461
2021,"Croston, Mawdesley & Euxton South",E05013075,3212,2593,1505,1088,19,19,207,31,176,390,327,63,3,1107,393
2021,"Eccleston, Heskin & Charnock Richard",E05013076,3147,2642,1552,1090,38,38,187,32,155,279,234,45,1,1128,280
2021,Euxton,E05013077,3244,2754,1483,1271,28,28,211,51,160,251,209,42,0,1299,251
2021,Basing & Upton Grey,E05013078,4257,3369,1889,1480,51,51,289,19,270,548,471,77,0,1531,548
2021,Bramley,E05013079,3704,2610,1168,1442,113,113,564,31,533,417,340,77,0,1555,417
2021,Brighton Hill,E05013080,4531,2582,1107,1475,43,43,1184,51,1133,722,674,48,0,1518,722
2021,Brookvale & Kings Furlong,E05013081,4947,2082,903,1179,87,87,740,45,695,2037,1939,98,1,1266,2038
2021,Chineham,E05013082,4606,3238,1217,2021,118,118,384,16,368,865,815,50,1,2139,866
2021,Eastrop & Grove,E05013083,4110,2670,1356,1314,66,66,574,28,546,799,729,70,1,1380,800
2021,Evingar,E05013084,3761,2670,1499,1171,61,61,478,41,437,552,388,164,0,1232,552
2021,Hatch Warren & Beggarwood,E05013085,3913,3067,1118,1949,33,33,266,8,258,547,502,45,0,1982,547
2021,Kempshott & Buckskin,E05013086,4119,3130,1630,1500,24,24,651,32,619,313,271,42,1,1524,314
2021,Norden (Basingstoke and Deane),E05013087,4341,1994,780,1214,164,164,1502,101,1401,680,606,74,1,1378,681
2021,Oakley & The Candovers,E05013088,3790,2920,1586,1334,84,84,342,21,321,443,343,100,1,1418,444
2021,Popley,E05013089,4442,2055,780,1275,127,127,1557,88,1469,699,641,58,4,1402,703
2021,Sherborne St John & Rooksdown,E05013090,4789,2750,674,2076,278,278,980,46,934,781,714,67,0,2354,781
2021,South Ham,E05013091,4591,2388,1290,1098,28,28,1705,95,1610,470,408,62,0,1126,470
2021,Tadley & Pamber,E05013092,4579,3718,2048,1670,18,18,350,18,332,492,414,78,1,1688,493
2021,"Tadley North, Kingsclere & Baughurst",E05013093,4721,3354,1805,1549,63,63,741,43,698,561,427,134,2,1612,563
2021,"Whitchurch, Overton & Laverstoke",E05013094,4541,3060,1633,1427,87,87,814,57,757,578,472,106,2,1514,580
2021,Winklebury & Manydown,E05013095,2902,1987,992,995,30,30,592,27,565,293,258,35,0,1025,293
2021,Barton & Sandhills,E05013096,2661,1017,445,572,42,42,940,755,185,654,604,50,8,614,662
2021,Blackbird Leys,E05013097,2339,834,394,440,38,38,1120,882,238,341,306,35,6,478,347
2021,Carfax & Jericho,E05013098,1289,320,216,104,15,15,224,172,52,729,643,86,1,119,730
2021,Churchill (Oxford),E05013099,2459,703,367,336,27,27,958,699,259,761,708,53,10,363,771
2021,Cowley,E05013100,2701,1487,733,754,38,38,345,300,45,822,767,55,9,792,831
2021,Cutteslowe & Sunnymead,E05013101,2964,1712,1101,611,22,22,388,275,113,840,736,104,2,633,842
2021,Donnington (Oxford),E05013102,2483,1047,553,494,11,11,430,370,60,992,921,71,3,505,995
2021,Headington,E05013103,2762,1437,911,526,23,23,306,148,158,994,889,105,2,549,996
2021,Headington Hill & Northway,E05013104,2067,907,514,393,28,28,477,283,194,654,583,71,1,421,655
2021,Hinksey Park,E05013105,2422,1198,667,531,22,22,407,320,87,784,714,70,11,553,795
2021,Holywell (Oxford),E05013106,116,3,3,0,0,0,37,32,5,76,36,40,0,0,76
2021,Littlemore,E05013107,2434,1128,560,568,28,28,617,511,106,659,604,55,2,596,661
2021,Lye Valley,E05013108,2219,1044,512,532,18,18,458,244,214,695,657,38,4,550,699
2021,Marston,E05013109,2639,1584,971,613,13,13,277,234,43,762,695,67,3,626,765
2021,Northfield Brook,E05013110,2647,861,283,578,182,182,1217,397,820,381,344,37,6,760,387
2021,Osney & St Thomas,E05013111,2589,906,526,380,13,13,508,227,281,1159,1053,106,3,393,1162
2021,Quarry & Risinghurst,E05013112,2855,1663,889,774,14,14,344,220,124,832,761,71,2,788,834
2021,Rose Hill & Iffley,E05013113,2582,1191,674,517,52,52,764,554,210,566,522,44,9,569,575
2021,St Clement's (Oxford),E05013114,2197,751,461,290,12,12,450,264,186,980,913,67,4,302,984
2021,St Mary's (Oxford),E05013115,2446,877,527,350,14,14,253,69,184,1301,1236,65,1,364,1302
2021,Summertown,E05013116,2107,1165,825,340,33,33,198,52,146,711,587,124,0,373,711
2021,Temple Cowley,E05013117,2467,1075,533,542,95,95,371,128,243,922,861,61,4,637,926
2021,Walton Manor,E05013118,1719,838,536,302,26,26,132,34,98,723,620,103,0,328,723
2021,Wolvercote,E05013119,2061,1281,788,493,26,26,326,240,86,426,392,34,2,519,428
2021,Abbey (Buckinghamshire),E05013120,4822,2778,1179,1599,45,45,463,79,384,1534,1405,129,2,1644,1536
2021,Amersham and Chesham Bois,E05013121,4217,3016,1668,1348,10,10,539,65,474,651,591,60,1,1358,652
2021,Aston Clinton and Bierton,E05013122,5427,4387,2047,2340,100,100,533,108,425,405,311,94,2,2440,407
2021,Aylesbury East,E05013123,4349,3311,1811,1500,87,87,393,65,328,557,462,95,1,1587,558
2021,Aylesbury North,E05013124,5738,2879,1291,1588,142,142,1090,236,854,1623,1506,117,4,1730,1627
2021,Aylesbury North West,E05013125,5234,2970,1135,1835,83,83,1318,440,878,853,761,92,10,1918,863
2021,Aylesbury South East,E05013126,4770,3392,1638,1754,65,65,490,100,390,820,723,97,3,1819,823
2021,Aylesbury South West,E05013127,4386,2291,919,1372,77,77,1224,458,766,787,716,71,7,1449,794
2021,Aylesbury West,E05013128,4758,2938,1064,1874,40,40,645,210,435,1131,1043,88,4,1914,1135
2021,Beaconsfield,E05013129,4465,3117,1710,1407,20,20,603,56,547,725,643,82,0,1427,725
2021,Bernwood,E05013130,4556,3476,1935,1541,66,66,548,141,407,464,395,69,2,1607,466
2021,"Booker, Cressex and Castlefield",E05013131,4371,2254,999,1255,52,52,828,197,631,1234,1118,116,3,1307,1237
2021,Buckingham East,E05013132,4049,2620,1449,1171,50,50,572,145,427,804,701,103,3,1221,807
2021,Buckingham West,E05013133,4687,3409,1727,1682,133,133,480,117,363,662,565,97,3,1815,665
2021,Chalfont St Giles,E05013134,4411,3532,1943,1589,28,28,438,66,372,413,337,76,0,1617,413
2021,Chalfont St Peter,E05013135,4303,3509,1873,1636,20,20,319,38,281,454,375,79,1,1656,455
2021,Chesham,E05013136,4131,2806,1431,1375,30,30,819,142,677,476,421,55,0,1405,476
2021,Chess Valley,E05013137,4475,2917,1462,1455,23,23,756,110,646,776,708,68,3,1478,779
2021,Chiltern Ridges,E05013138,4310,3221,1781,1440,24,24,617,111,506,445,349,96,3,1464,448
2021,Chiltern Villages,E05013139,4465,3348,1869,1479,31,31,411,85,326,671,413,258,4,1510,675
2021,Cliveden,E05013140,4432,2958,1547,1411,52,52,623,67,556,799,712,87,0,1463,799
2021,Denham,E05013141,4168,2823,1448,1375,69,69,643,67,576,633,551,82,0,1444,633
2021,Downley,E05013142,4608,3159,1496,1663,101,101,708,139,569,635,565,70,5,1764,640
2021,Farnham Common and Burnham Beeches,E05013143,3756,2809,1532,1277,38,38,439,45,394,465,394,71,5,1315,470
2021,"Flackwell Heath, Little Marlow and Marlow South East",E05013144,4503,3512,1947,1565,21,21,416,104,312,550,474,76,4,1586,554
2021,Gerrards Cross,E05013145,3408,2505,1331,1174,7,7,209,14,195,687,615,72,0,1181,687
2021,Great Brickhill,E05013146,4849,3686,1947,1739,47,47,535,157,378,580,466,114,1,1786,581
2021,Great Missenden,E05013147,4205,3321,1857,1464,11,11,417,53,364,454,379,75,2,1475,456
2021,Grendon Underwood,E05013148,4517,3430,1707,1723,54,54,444,109,335,588,494,94,1,1777,589
2021,Hazlemere,E05013149,3802,3222,1732,1490,17,17,226,20,206,337,283,54,0,1507,337
2021,Iver,E05013150,4129,2859,1311,1548,105,105,565,64,501,600,517,83,0,1653,600
2021,Ivinghoe,E05013151,4552,3623,1833,1790,42,42,454,130,324,432,353,79,1,1832,433
2021,Little Chalfont and Amersham Common,E05013152,4303,3086,1496,1590,98,98,583,77,506,536,486,50,0,1688,536
2021,Marlow,E05013153,4738,3439,1937,1502,22,22,503,117,386,772,675,97,2,1524,774
2021,Penn Wood and Old Amersham,E05013154,4427,3482,2007,1475,25,25,403,47,356,517,438,79,0,1500,517
2021,Ridgeway East,E05013155,4205,3602,2014,1588,25,25,125,15,110,452,252,200,1,1613,453
2021,Ridgeway West,E05013156,4171,3121,1637,1484,26,26,377,64,313,646,411,235,1,1510,647
2021,Ryemead and Micklefield,E05013157,4684,2575,966,1609,106,106,1005,208,797,990,911,79,8,1715,998
2021,Stoke Poges and Wexham,E05013158,3920,2895,1534,1361,69,69,414,41,373,542,464,78,0,1430,542
2021,Stone and Waddesdon,E05013159,5867,3995,1305,2690,253,253,878,120,758,737,627,110,4,2943,741
2021,Terriers and Amersham Hill,E05013160,4385,2565,1094,1471,51,51,414,58,356,1355,1256,99,0,1522,1355
2021,The Risboroughs,E05013161,4531,3331,1982,1349,55,55,634,128,506,508,440,68,3,1404,511
2021,"The Wooburns, Bourne End and Hedsor",E05013162,4904,3479,1783,1696,32,32,549,133,416,842,730,112,2,1728,844
2021,Totteridge and Bowerdean,E05013163,4280,2479,1033,1446,97,97,951,237,714,747,678,69,6,1543,753
2021,Tylers Green and Loudwater,E05013164,4756,3402,1567,1835,28,28,595,99,496,730,647,83,1,1863,731
2021,"Wendover, Halton and Stoke Mandeville",E05013165,4813,3241,1624,1617,40,40,615,141,474,914,577,337,3,1657,917
2021,West Wycombe,E05013166,4199,2767,1236,1531,56,56,565,114,451,809,723,86,2,1587,811
2021,Wing,E05013167,4983,3499,1606,1893,114,114,685,95,590,684,577,107,1,2007,685
2021,Winslow,E05013168,4313,3205,1777,1428,28,28,471,132,339,607,534,73,2,1456,609
2021,Appleton (Halton),E05013169,3063,1675,792,883,8,8,575,166,409,798,735,63,7,891,805
2021,Bankfield,E05013170,2771,1729,975,754,5,5,780,266,514,257,211,46,0,759,257
2021,Beechwood & Heath,E05013171,3285,2907,1729,1178,19,19,108,14,94,251,197,54,0,1197,251
2021,Birchfield (Halton),E05013172,3071,2663,1105,1558,7,7,74,16,58,327,299,28,0,1565,327
2021,Bridgewater,E05013173,3439,1763,858,905,14,14,862,157,705,796,729,67,4,919,800
2021,Central & West Bank,E05013174,3060,1107,571,536,14,14,1276,400,876,660,601,59,3,550,663
2021,"Daresbury, Moore & Sandymoor",E05013175,1863,1706,705,1001,19,19,29,5,24,109,90,19,0,1020,109
2021,"Ditton, Hale Village & Halebank",E05013176,3215,1928,997,931,12,12,838,300,538,433,383,50,4,943,437
2021,Farnworth (Halton),E05013177,3290,2757,1313,1444,4,4,229,65,164,299,247,52,1,1448,300
2021,Grange (Halton),E05013178,3489,1785,897,888,9,9,1209,305,904,482,408,74,4,897,486
2021,Halton Castle,E05013179,3140,1338,687,651,79,79,1425,176,1249,297,255,42,1,730,298
2021,Halton Lea,E05013180,3047,1119,603,516,9,9,1462,155,1307,455,399,56,2,525,457
2021,Halton View,E05013181,3338,2121,1141,980,68,68,635,155,480,512,444,68,2,1048,514
2021,Highfield (Halton),E05013182,2775,2085,1081,1004,29,29,290,72,218,370,313,57,1,1033,371
2021,Hough Green,E05013183,3110,1674,917,757,8,8,1083,246,837,337,294,43,8,765,345
2021,Mersey & Weston,E05013184,3803,2024,976,1048,20,20,703,144,559,1054,982,72,2,1068,1056
2021,Norton North (Halton),E05013185,3158,1930,975,955,92,92,874,117,757,262,221,41,0,1047,262
2021,Norton South & Preston Brook,E05013186,3034,1530,775,755,14,14,1166,135,1031,320,280,40,4,769,324
2021,Amberley and Woodchester,E05013187,940,788,516,272,6,6,53,44,9,93,69,24,0,278,93
2021,Bisley,E05013188,966,785,515,270,11,11,67,43,24,102,74,28,1,281,103
2021,Chalford,E05013189,2706,2250,1228,1022,9,9,92,80,12,353,302,51,2,1031,355
2021,Hardwicke,E05013190,3406,2469,1055,1414,92,92,280,128,152,562,493,69,3,1506,565
2021,Kingswood (Stroud),E05013191,869,691,364,327,14,14,67,43,24,96,78,18,1,341,97
2021,Minchinhampton,E05013192,1976,1509,1002,507,13,13,263,203,60,186,154,32,5,520,191
2021,Nailsworth,E05013193,2880,2028,1198,830,21,21,391,248,143,435,380,55,5,851,440
2021,Rodborough,E05013194,1961,1562,871,691,4,4,98,60,38,295,245,50,2,695,297
2021,Severn (Stroud),E05013195,2486,1871,988,883,68,68,277,153,124,264,211,53,6,951,270
2021,Stonehouse,E05013196,3258,2178,1179,999,32,32,592,487,105,450,382,68,6,1031,456
2021,Stroud Trinity,E05013197,1025,657,396,261,19,19,182,80,102,167,138,29,0,280,167
2021,Thrupp,E05013198,974,827,473,354,10,10,58,39,19,79,66,13,0,364,79
2021,Wotton-under-Edge,E05013199,2974,2168,1324,844,23,23,344,278,66,431,365,66,8,867,439
2021,Barnoldswick,E05013200,4027,2821,1541,1280,3,3,222,67,155,981,875,106,0,1283,981
2021,Barrowford & Pendleside,E05013201,3415,2602,1535,1067,5,5,195,45,150,610,531,79,3,1072,613
2021,Boulsworth & Foulridge,E05013202,3511,2734,1542,1192,10,10,256,80,176,508,431,77,3,1202,511
2021,Bradley (Pendle),E05013203,3251,1521,937,584,12,12,712,259,453,996,872,124,10,596,1006
2021,Brierfield East & Clover Hill,E05013204,3097,2237,1342,895,4,4,243,92,151,612,498,114,1,899,613
2021,Brierfield West & Reedley,E05013205,2154,1540,879,661,4,4,190,38,152,418,332,86,2,665,420
2021,Earby & Coates,E05013206,3659,2663,1534,1129,13,13,411,137,274,570,495,75,2,1142,572
2021,Fence & Higham,E05013207,1076,870,516,354,2,2,75,24,51,129,106,23,0,356,129
2021,Marsden & Southfield,E05013208,3622,1929,1068,861,7,7,559,177,382,1123,998,125,4,868,1127
2021,Vivary Bridge,E05013209,3337,1945,991,954,6,6,661,250,411,721,652,69,4,960,725
2021,Waterside & Horsfield,E05013210,3494,1946,1023,923,3,3,634,186,448,910,826,84,1,926,911
2021,Whitefield & Walverden,E05013211,3426,1918,1219,699,8,8,335,68,267,1164,1006,158,1,707,1165
2021,Cainscross,E05013212,3304,2182,1149,1033,41,41,526,368,158,549,493,56,6,1074,555
2021,Brickhill and Queensway,E05013213,5622,3002,1554,1448,90,90,1753,596,1157,767,676,91,10,1538,777
2021,Burton and Broughton,E05013214,5461,3841,1757,2084,177,177,746,370,376,689,615,74,8,2261,697
2021,Clover Hill,E05013215,5232,3200,1630,1570,25,25,334,120,214,1669,1559,110,4,1595,1673
2021,Corby Rural,E05013216,5958,4333,1672,2661,54,54,561,315,246,1004,916,88,6,2715,1010
2021,Corby West,E05013217,5526,3479,1843,1636,55,55,1053,936,117,928,818,110,11,1691,939
2021,Croyland and Swanspool,E05013218,6078,2970,1327,1643,100,100,1611,535,1076,1390,1264,126,7,1743,1397
2021,Desborough,E05013219,5917,4436,2258,2178,86,86,561,331,230,828,725,103,6,2264,834
2021,Earls Barton,E05013220,5943,4735,2657,2078,47,47,490,126,364,670,549,121,1,2125,671
2021,Finedon,E05013221,6665,3539,1666,1873,159,159,912,216,696,2053,1899,154,2,2032,2055
2021,Hatton Park,E05013222,5576,4028,2103,1925,20,20,714,317,397,812,727,85,2,1945,814
2021,Higham Ferrers,E05013223,5337,3832,1797,2035,44,44,627,95,532,832,735,97,2,2079,834
2021,Irchester,E05013224,4836,3585,1955,1630,28,28,487,167,320,734,635,99,2,1658,736
2021,Irthlingborough,E05013225,5699,3905,1924,1981,67,67,925,123,802,799,703,96,3,2048,802
2021,Ise,E05013226,4669,3718,1965,1753,36,36,245,100,145,666,587,79,4,1789,670
2021,Kingswood (North Northamptonshire),E05013227,6345,2933,1366,1567,14,14,1839,1415,424,1544,1425,119,15,1581,1559
2021,Lloyds,E05013228,6368,3496,1632,1864,33,33,1534,1225,309,1286,1154,132,19,1897,1305
2021,Northall,E05013229,6692,3225,1474,1751,110,110,1144,564,580,2203,2063,140,10,1861,2213
2021,Oakley (North Northamptonshire),E05013230,5675,3977,1331,2646,38,38,467,343,124,1186,1091,95,7,2684,1193
2021,Oundle,E05013231,5574,3818,2334,1484,92,92,759,128,631,905,742,163,0,1576,905
2021,Raunds,E05013232,5164,3825,1845,1980,59,59,612,95,517,666,577,89,2,2039,668
2021,Rothwell and Mawsley,E05013233,5371,3655,1777,1878,89,89,691,374,317,930,844,86,6,1967,936
2021,Rushden Pemberton West,E05013234,5292,3814,2135,1679,29,29,655,104,551,792,703,89,2,1708,794
2021,Rushden South,E05013235,6870,4450,2095,2355,82,82,1004,144,860,1333,1206,127,1,2437,1334
2021,Thrapston,E05013236,6144,4380,2226,2154,104,104,671,101,570,988,851,137,1,2258,989
2021,Wicksteed,E05013237,5772,3914,1925,1989,74,74,898,501,397,869,768,101,17,2063,886
2021,Windmill,E05013238,5139,2771,1369,1402,51,51,1381,1070,311,913,813,100,23,1453,936
2021,Abington and Phippsville,E05013239,5600,2875,1299,1576,32,32,522,267,255,2167,2013,154,4,1608,2171
2021,Billing and Rectory Farm,E05013240,6116,3364,1407,1957,137,137,1553,1223,330,1047,944,103,15,2094,1062
2021,Boothville and Parklands,E05013241,4909,3894,2287,1607,92,92,357,212,145,557,463,94,9,1699,566
2021,Brackley,E05013242,6691,5017,2058,2959,119,119,607,109,498,948,831,117,0,3078,948
2021,Braunston and Crick,E05013243,5644,4097,2229,1868,117,117,696,89,607,734,646,88,0,1985,734
2021,Brixworth,E05013244,4957,3830,1978,1852,60,60,418,74,344,648,523,125,1,1912,649
2021,Bugbrooke,E05013245,5465,4202,2441,1761,50,50,615,158,457,595,462,133,3,1811,598
2021,Castle (West Northamptonshire),E05013246,7879,1761,691,1070,165,165,1848,925,923,4068,3849,219,37,1235,4105
2021,Dallington Spencer,E05013247,5490,2161,895,1266,97,97,2125,1643,482,1075,984,91,32,1363,1107
2021,Daventry East,E05013248,4973,2945,1424,1521,74,74,1069,244,825,882,788,94,3,1595,885
2021,Daventry West,E05013249,5251,3118,1467,1651,45,45,1040,278,762,1045,944,101,3,1696,1048
2021,Deanshanger,E05013250,5250,4036,2012,2024,109,109,492,84,408,613,514,99,0,2133,613
2021,Delapre and Rushmere,E05013251,5511,2750,1172,1578,48,48,835,514,321,1865,1747,118,13,1626,1878
2021,Duston East,E05013252,5020,3914,2134,1780,34,34,407,267,140,660,549,111,5,1814,665
2021,Duston West and St. Crispin,E05013253,4662,3382,1465,1917,145,145,357,72,285,775,707,68,3,2062,778
2021,East Hunsbury and Shelfleys,E05013254,5025,3884,1824,2060,53,53,118,50,68,969,901,68,1,2113,970
2021,Hackleton and Grange Park,E05013255,5601,4123,1830,2293,88,88,483,103,380,905,792,113,2,2381,907
2021,Headlands,E05013256,5808,3684,1764,1920,38,38,1178,882,296,896,773,123,12,1958,908
2021,Kingsthorpe North,E05013257,5461,4259,2349,1910,43,43,458,282,176,696,609,87,5,1953,701
2021,Kingsthorpe South,E05013258,5789,3172,1366,1806,106,106,1227,814,413,1265,1156,109,19,1912,1284
2021,Long Buckby,E05013259,4929,3667,2014,1653,66,66,559,93,466,637,531,106,0,1719,637
2021,Middleton Cheney,E05013260,4929,3636,2020,1616,58,58,578,134,444,654,506,148,3,1674,657
2021,Moulton,E05013261,5919,4577,2155,2422,158,158,581,122,459,601,498,103,2,2580,603
2021,Nene Valley,E05013262,4519,3491,1466,2025,37,37,342,195,147,645,579,66,4,2062,649
2021,Riverside Park,E05013263,5481,4190,2237,1953,51,51,359,207,152,874,746,128,7,2004,881
2021,St. George (West Northamptonshire),E05013264,5634,2576,1155,1421,54,54,933,605,328,2057,1893,164,14,1475,2071
2021,Silverstone,E05013265,5432,4129,2229,1900,62,62,525,105,420,715,570,145,1,1962,716
2021,Sixfields,E05013266,6903,3758,1161,2597,182,182,1415,713,702,1539,1396,143,9,2779,1548
2021,Talavera,E05013267,5722,2747,1141,1606,86,86,1555,1247,308,1322,1216,106,12,1692,1334
2021,Towcester and Roade,E05013268,6869,4912,2173,2739,176,176,905,188,717,871,756,115,5,2915,876
2021,Woodford and Weedon,E05013269,5196,3805,1940,1865,59,59,651,133,518,680,582,98,1,1924,681
2021,Newsham,E05013270,2372,1282,620,662,18,18,688,557,131,380,330,50,4,680,384
2021,Seghill with Seaton Delaval,E05013271,2886,1702,768,934,42,42,755,529,226,378,329,49,9,976,387
2021,Bodmin St Mary's & St Leonard,E05013273,3216,1526,830,696,9,9,1024,730,294,645,573,72,12,705,657
2021,Bodmin St Petroc's,E05013274,2898,1814,1021,793,49,49,307,111,196,725,670,55,3,842,728
2021,Bude,E05013275,2956,1758,1252,506,43,43,542,199,343,609,555,54,4,549,613
2021,Callington & St Dominic,E05013276,3041,2042,1310,732,40,40,332,154,178,624,543,81,3,772,627
2021,Calstock,E05013277,3040,2368,1566,802,25,25,261,183,78,384,316,68,2,827,386
2021,Camborne Roskear & Tuckingmill,E05013278,3032,1735,920,815,116,116,485,126,359,696,631,65,0,931,696
2021,Camborne Trelowarren,E05013279,2750,1606,1012,594,19,19,266,66,200,858,775,83,1,613,859
2021,Camborne West & Treswithian,E05013280,2823,1850,1222,628,10,10,525,162,363,430,351,79,8,638,438
2021,Camelford & Boscastle,E05013281,2951,2028,1417,611,22,22,374,181,193,525,407,118,2,633,527
2021,"Constantine, Mabe & Mawnan",E05013282,2290,1674,1136,538,23,23,233,58,175,360,286,74,0,561,360
2021,Falmouth Arwenack,E05013284,2482,1536,1072,464,8,8,128,56,72,808,722,86,2,472,810
2021,Falmouth Penwerris,E05013286,2960,1301,813,488,15,15,625,474,151,1017,928,89,2,503,1019
2021,Feock & Kea,E05013288,2401,1954,1367,587,25,25,124,73,51,296,244,52,2,612,298
2021,"Four Lanes, Beacon & Troon",E05013289,2993,2006,1159,847,40,40,490,144,346,454,382,72,3,887,457
2021,"Fowey, Tywardreath & Par",E05013290,2604,1946,1340,606,13,13,150,32,118,494,425,69,1,619,495
2021,"Gloweth, Malabar & Shortlanesend",E05013291,2352,1351,642,709,29,29,442,254,188,525,476,49,5,738,530
2021,Gwinear-Gwithian & Hayle East,E05013292,2541,1730,1149,581,79,79,305,49,256,427,319,108,0,660,427
2021,Hayle West,E05013293,3236,1975,1180,795,68,68,620,123,497,570,494,76,3,863,573
2021,Helston South & Meneage,E05013295,3040,1810,1092,718,43,43,333,74,259,854,535,319,0,761,854
2021,Land's End,E05013297,3215,2221,1592,629,15,15,350,66,284,628,495,133,1,644,629
2021,"Lanivet, Blisland & Bodmin St Lawrence",E05013298,2821,2002,1323,679,12,12,325,166,159,479,383,96,3,691,482
2021,Launceston South,E05013301,3143,1779,955,824,32,32,490,218,272,842,770,72,0,856,842
2021,Liskeard Central,E05013302,3352,1826,1003,823,45,45,551,348,203,917,835,82,13,868,930
2021,Liskeard South & Dobwalls,E05013303,3323,2160,1387,773,54,54,602,301,301,501,402,99,6,827,507
2021,Looe East & Deviock,E05013305,2864,2034,1375,659,35,35,299,211,88,495,398,97,1,694,496
2021,"Looe West, Pelynt, Lansallos & Lanteglos",E05013306,2803,1948,1461,487,31,31,401,282,119,418,328,90,5,518,423
2021,Lostwithiel & Lanreath,E05013307,2765,2021,1380,641,27,27,208,78,130,509,411,98,0,668,509
2021,"Ludgvan, Madron, Gulval & Heamoor",E05013308,3090,2044,1375,669,22,22,404,68,336,620,509,111,0,691,620
2021,Lynher,E05013309,2509,1952,1306,646,11,11,217,162,55,326,241,85,3,657,329
2021,"Mousehole, Newlyn & St Buryan",E05013311,2856,1950,1388,562,10,10,301,49,252,590,479,111,5,572,595
2021,Mullion & St Keverne,E05013312,3103,2177,1582,595,33,33,393,67,326,500,386,114,0,628,500
2021,"Mylor, Perranarworthal & Ponsanooth",E05013313,2899,2237,1561,676,33,33,250,156,94,379,299,80,0,709,379
2021,Newquay Central & Pentire,E05013314,3139,1655,886,769,6,6,295,45,250,1183,1054,129,0,775,1183
2021,Newquay Porth & Tretherras,E05013315,2798,2078,1159,919,64,64,134,32,102,522,452,70,0,983,522
2021,Padstow,E05013317,2869,1778,1168,610,59,59,474,307,167,555,409,146,3,669,558
2021,Penwithick & Boscoppa,E05013319,2673,1820,876,944,46,46,244,43,201,563,502,61,0,990,563
2021,Penzance East,E05013320,3530,1670,1095,575,28,28,893,154,739,936,833,103,3,603,939
2021,Penzance Promenade,E05013321,3104,1616,1148,468,31,31,698,188,510,759,677,82,0,499,759
2021,Pool & Tehidy,E05013323,3133,1872,1041,831,52,52,550,88,462,657,596,61,2,883,659
2021,"Porthleven, Breage & Germoe",E05013324,3088,2287,1583,704,33,33,350,78,272,417,336,81,1,737,418
2021,Poundstock,E05013325,2268,1708,1227,481,20,20,190,100,90,348,263,85,2,501,350
2021,Rame Peninsula & St Germans,E05013327,3224,2231,1510,721,27,27,347,218,129,617,481,136,2,748,619
2021,Redruth North,E05013329,2822,1314,722,592,31,31,805,214,591,667,594,73,5,623,672
2021,Redruth South,E05013330,2900,1920,1041,879,20,20,252,43,209,708,612,96,0,899,708
2021,Roche & Bugle,E05013331,3122,1942,1110,832,35,35,354,63,291,789,670,119,2,867,791
2021,St Blazey,E05013336,2968,1980,1147,833,16,16,386,88,298,585,514,71,1,849,586
2021,St Cleer & Menheniot,E05013337,2770,2063,1344,719,15,15,249,183,66,438,331,107,5,734,443
2021,"St Columb Major, St Mawgan & St Wenn",E05013338,2594,1726,1125,601,34,34,307,54,253,526,428,98,1,635,527
2021,"St Goran, Tregony & the Roseland",E05013341,2646,1784,1328,456,32,32,298,153,145,531,396,135,1,488,532
2021,St Stephen-in-Brannel,E05013346,2938,2017,1209,808,61,61,350,99,251,510,430,80,0,869,510
2021,St Teath & Tintagel,E05013347,2908,2125,1495,630,21,21,254,140,114,508,406,102,0,651,508
2021,Saltash Essa,E05013348,2967,2080,1245,835,17,17,460,322,138,403,350,53,7,852,410
2021,Saltash Tamar,E05013349,2855,1945,1104,841,44,44,406,282,124,449,398,51,11,885,460
2021,Saltash Trematon & Landrake,E05013350,2435,1977,1154,823,9,9,91,60,31,358,305,53,0,832,358
2021,"Stratton, Kilkhampton & Morwenstow",E05013351,2861,2031,1356,675,36,36,217,110,107,575,503,72,2,711,577
2021,Torpoint,E05013353,3008,1988,1151,837,8,8,435,325,110,573,501,72,4,845,577
2021,Truro Boscawen & Redannick,E05013354,2731,1785,1033,752,77,77,239,67,172,629,567,62,1,829,630
2021,Truro Moresk & Trehaverne,E05013355,3223,1895,1273,622,17,17,586,367,219,712,623,89,13,639,725
2021,Truro Tregolls,E05013356,2827,1728,1061,667,27,27,574,398,176,495,432,63,3,694,498
2021,Wadebridge East & St Minver,E05013357,2646,1788,1204,584,31,31,348,211,137,475,369,106,4,615,479
2021,Wadebridge West & St Mabyn,E05013358,3169,2045,1386,659,38,38,438,247,191,641,524,117,7,697,648
2021,Bembridge,E05013359,1753,1417,1117,300,8,8,97,5,92,231,181,50,0,308,231
2021,Binstead & Fishbourne,E05013360,1597,1366,940,426,8,8,36,4,32,187,161,26,0,434,187
2021,Brading & St Helens,E05013361,1566,1155,805,350,5,5,169,15,154,237,201,36,0,355,237
2021,"Brighstone, Calbourne & Shalfleet",E05013362,1445,1148,849,299,17,17,105,11,94,175,136,39,0,316,175
2021,Carisbrooke & Gunville,E05013363,1560,1117,669,448,7,7,124,12,112,312,268,44,0,455,312
2021,Central Rural,E05013364,1550,1195,786,409,5,5,121,2,119,229,168,61,0,414,229
2021,"Chale, Niton & Shorwell",E05013365,1594,1229,869,360,12,12,158,16,142,195,155,40,0,372,195
2021,Cowes Medina,E05013366,1990,1207,590,617,8,8,260,28,232,514,457,57,1,625,515
2021,Cowes North,E05013367,1425,844,506,338,14,14,97,5,92,470,424,46,0,352,470
2021,Cowes South & Northwood,E05013368,1446,1186,734,452,7,7,82,3,79,171,137,34,0,459,171
2021,Cowes West & Gurnard,E05013369,1854,1495,1026,469,7,7,39,2,37,313,269,44,0,476,313
2021,East Cowes,E05013370,1808,1253,776,477,35,35,122,10,112,398,359,39,0,512,398
2021,Fairlee & Whippingham,E05013371,1725,1314,874,440,4,4,99,5,94,308,272,36,0,444,308
2021,Freshwater North & Yarmouth,E05013372,1553,1143,881,262,9,9,174,12,162,227,191,36,0,271,227
2021,Freshwater South,E05013373,1809,1312,997,315,17,17,193,14,179,287,239,48,0,332,287
2021,Haylands & Swanmore,E05013374,1642,1161,607,554,8,8,161,16,145,312,284,28,0,562,312
2021,Lake North,E05013375,1611,1134,752,382,3,3,204,15,189,270,229,41,0,385,270
2021,Lake South,E05013376,1701,1214,942,272,7,7,303,28,275,177,141,36,0,279,177
2021,Mountjoy & Shide,E05013377,1645,1056,614,442,11,11,329,35,294,247,212,35,2,453,249
2021,Nettlestone & Seaview,E05013378,1207,1014,757,257,2,2,35,5,30,156,127,29,0,259,156
2021,"Newchurch, Havenstreet & Ashey",E05013379,1521,1284,888,396,7,7,64,6,58,166,134,32,0,403,166
2021,Newport Central,E05013380,1966,849,505,344,9,9,235,23,212,873,806,67,0,353,873
2021,Newport West,E05013381,1529,1123,615,508,27,27,121,7,114,258,223,35,0,535,258
2021,Osborne,E05013382,1979,1066,512,554,24,24,459,41,418,430,388,42,0,578,430
2021,Pan & Barton,E05013383,1837,881,406,475,71,71,635,69,566,249,215,34,1,546,250
2021,Parkhurst & Hunnyhill,E05013384,1434,992,468,524,5,5,166,18,148,269,228,41,2,529,271
2021,Ryde Appley & Elmfield,E05013385,1787,1178,774,404,6,6,210,30,180,392,354,38,1,410,393
2021,Ryde Monktonmead,E05013386,1814,986,553,433,3,3,212,22,190,613,563,50,0,436,613
2021,Ryde North West,E05013387,2272,1075,711,364,9,9,164,29,135,1024,948,76,0,373,1024
2021,Ryde South East,E05013388,1113,482,278,204,6,6,362,31,331,263,245,18,0,210,263
2021,Ryde West,E05013389,1426,872,530,342,11,11,247,30,217,296,256,40,0,353,296
2021,Sandown North,E05013390,1566,1056,695,361,6,6,119,12,107,384,347,37,1,367,385
2021,Sandown South,E05013391,1687,922,592,330,55,55,212,30,182,498,454,44,0,385,498
2021,Shanklin Central,E05013392,1826,1230,857,373,13,13,131,16,115,452,397,55,0,386,452
2021,Shanklin South,E05013393,1616,1049,769,280,1,1,53,5,48,513,471,42,0,281,513
2021,Totland & Colwell,E05013394,1673,1201,887,314,9,9,168,15,153,295,257,38,0,323,295
2021,Ventnor & St Lawrence,E05013395,1722,1054,812,242,6,6,197,17,180,465,406,59,0,248,465
2021,Wootton Bridge,E05013396,1628,1228,861,367,43,43,115,14,101,242,193,49,0,410,242
2021,"Wroxall, Lowtherville & Bonchurch",E05013397,1896,1333,932,401,7,7,276,20,256,280,236,44,0,408,280
2021,Aldbourne & Ramsbury,E05013398,2432,1692,1015,677,14,14,330,38,292,395,283,112,1,691,396
2021,Alderbury & Whiteparish,E05013399,2372,1841,1078,763,19,19,167,120,47,345,279,66,0,782,345
2021,Amesbury East & Bulford,E05013400,2277,920,494,426,12,12,252,138,114,1087,244,843,6,438,1093
2021,Amesbury South,E05013401,2030,1128,261,867,130,130,397,87,310,375,245,130,0,997,375
2021,Amesbury West,E05013402,2637,1590,960,630,31,31,605,380,225,406,344,62,5,661,411
2021,Avon Valley,E05013403,2097,880,459,421,8,8,257,61,196,952,221,731,0,429,952
2021,Box & Colerne,E05013405,2159,1616,952,664,11,11,146,24,122,386,186,200,0,675,386
2021,Bradford-on-Avon North,E05013406,2309,1809,1092,717,20,20,267,38,229,213,178,35,0,737,213
2021,Bradford-on-Avon South,E05013407,2462,1666,1125,541,9,9,422,49,373,365,314,51,0,550,365
2021,Brinkworth,E05013408,1888,1536,916,620,11,11,99,18,81,241,175,66,1,631,242
2021,"Bromham, Rowde & Roundway",E05013409,2184,1478,810,668,38,38,392,39,353,273,219,54,3,706,276
2021,By Brook,E05013410,1872,1416,836,580,7,7,131,14,117,318,171,147,0,587,318
2021,Calne Central,E05013411,2294,1537,792,745,58,58,403,45,358,296,252,44,0,803,296
2021,Calne Chilvester & Abberd,E05013412,2467,1536,725,811,40,40,579,82,497,312,262,50,0,851,312
2021,Calne North,E05013413,1978,1212,480,732,55,55,368,50,318,343,311,32,0,787,343
2021,Calne Rural,E05013414,2238,1722,939,783,18,18,158,17,141,340,278,62,0,801,340
2021,Calne South,E05013415,1827,1437,761,676,28,28,130,18,112,231,200,31,1,704,232
2021,Chippenham Cepen Park & Derriads,E05013416,2191,1586,802,784,30,30,239,38,201,336,297,39,0,814,336
2021,Chippenham Cepen Park & Hunters Moon,E05013417,1899,1533,776,757,14,14,72,15,57,276,245,31,4,771,280
2021,Chippenham Hardenhuish,E05013418,1842,1278,596,682,31,31,370,40,330,163,123,40,0,713,163
2021,Chippenham Hardens & Central,E05013419,2471,1378,707,671,27,27,398,28,370,667,606,61,1,698,668
2021,Chippenham Lowden & Rowden,E05013420,1627,1031,533,498,20,20,299,26,273,277,244,33,0,518,277
2021,Chippenham Monkton,E05013421,1300,962,639,323,20,20,108,14,94,209,176,33,1,343,210
2021,Chippenham Pewsham,E05013422,2176,1593,773,820,15,15,69,13,56,499,458,41,0,835,499
2021,Chippenham Sheldon,E05013423,2337,1298,624,674,28,28,768,88,680,237,187,50,6,702,243
2021,Corsham Ladbrook,E05013424,2660,1658,976,682,22,22,564,74,490,413,349,64,3,704,416
2021,Corsham Pickwick,E05013425,2246,1606,756,850,62,62,275,31,244,303,243,60,0,912,303
2021,Corsham Without,E05013426,2047,1377,816,561,23,23,291,50,241,355,215,140,1,584,356
2021,Cricklade & Latton,E05013427,2195,1655,1007,648,48,48,238,33,205,253,212,41,1,696,254
2021,Devizes East,E05013428,2640,1733,942,791,55,55,493,66,427,359,291,68,0,846,359
2021,Devizes North,E05013429,2227,1028,704,324,18,18,815,134,681,365,325,40,1,342,366
2021,Devizes Rural West,E05013430,1934,1445,925,520,12,12,285,32,253,192,136,56,0,532,192
2021,Devizes South,E05013431,2184,1567,984,583,18,18,329,36,293,270,219,51,0,601,270
2021,Downton & Ebble Valley,E05013432,2166,1547,910,637,29,29,208,147,61,379,258,121,3,666,382
2021,Durrington (Wiltshire),E05013433,1994,1410,738,672,14,14,286,175,111,282,243,39,2,686,284
2021,Ethandune,E05013434,1992,1554,935,619,7,7,200,26,174,231,173,58,0,626,231
2021,Fovant & Chalke Valley,E05013435,1927,1340,902,438,10,10,182,132,50,394,308,86,1,448,395
2021,Hilperton,E05013436,1891,1436,753,683,9,9,245,34,211,201,173,28,0,692,201
2021,Holt (Wiltshire),E05013437,2065,1474,811,663,2,2,260,35,225,329,274,55,0,665,329
2021,Kington (Wiltshire),E05013438,2104,1638,939,699,22,22,163,21,142,281,201,80,0,721,281
2021,Laverstock,E05013439,2380,1753,965,788,56,56,327,74,253,241,193,48,3,844,244
2021,Ludgershall North & Rural,E05013440,2337,1387,750,637,14,14,505,82,423,431,341,90,0,651,431
2021,Lyneham,E05013441,2246,1362,801,561,10,10,174,35,139,700,288,412,0,571,700
2021,Malmesbury,E05013442,2570,1604,881,723,28,28,425,36,389,513,464,49,0,751,513
2021,Marlborough East,E05013443,2316,1364,861,503,29,29,567,95,472,355,310,45,1,532,356
2021,Marlborough West,E05013444,2453,1620,1095,525,27,27,289,38,251,515,367,148,2,552,517
2021,Melksham Forest,E05013446,2323,1390,830,560,9,9,628,86,542,293,253,40,3,569,296
2021,Melksham South,E05013447,2146,1571,974,597,10,10,274,37,237,290,245,45,1,607,291
2021,Melksham Without North & Shurnhold,E05013448,2003,1497,810,687,18,18,224,25,199,263,220,43,1,705,264
2021,Melksham Without West & Rural,E05013449,2046,1607,923,684,12,12,193,19,174,234,190,44,0,696,234
2021,Mere,E05013450,2047,1372,936,436,24,24,330,225,105,318,254,64,3,460,321
2021,Minety,E05013451,2036,1616,964,652,21,21,157,18,139,242,190,52,0,673,242
2021,Nadder Valley,E05013452,2061,1407,910,497,11,11,231,174,57,406,317,89,6,508,412
2021,Old Sarum & Lower Bourne Valley,E05013453,2508,1508,654,854,170,170,457,65,392,372,212,160,1,1024,373
2021,Pewsey Vale East,E05013455,2326,1564,902,662,39,39,343,38,305,380,284,96,0,701,380
2021,Purton,E05013457,2663,1993,869,1124,62,62,325,34,291,281,231,50,2,1186,283
2021,Redlynch & Landford,E05013458,1879,1548,998,550,5,5,98,70,28,227,185,42,1,555,228
2021,Royal Wootton Bassett East,E05013459,2180,1844,1027,817,16,16,88,7,81,232,197,35,0,833,232
2021,Royal Wootton Bassett North,E05013460,2397,1525,909,616,17,17,465,63,402,388,338,50,2,633,390
2021,Royal Wootton Bassett South & West,E05013461,2410,1734,876,858,52,52,264,33,231,360,317,43,0,910,360
2021,Salisbury Bemerton Heath,E05013462,1757,919,353,566,74,74,584,408,176,178,147,31,2,640,180
2021,Salisbury Fisherton & Bemerton Village,E05013463,2486,1508,832,676,22,22,645,428,217,310,258,52,1,698,311
2021,Salisbury Harnham East,E05013464,2534,1427,835,592,52,52,508,236,272,544,440,104,3,644,547
2021,Salisbury Harnham West,E05013465,1757,1226,780,446,8,8,313,202,111,206,170,36,4,454,210
2021,Salisbury Milford,E05013466,2684,1502,821,681,30,30,504,419,85,644,572,72,4,711,648
2021,Salisbury St Edmund's,E05013467,2539,1248,849,399,13,13,367,110,257,908,815,93,3,412,911
2021,Salisbury St Francis & Stratford,E05013468,2292,1769,1059,710,18,18,302,202,100,198,148,50,5,728,203
2021,Salisbury St Paul's,E05013469,2606,1432,701,731,71,71,300,143,157,803,725,78,0,802,803
2021,Sherston,E05013470,2199,1607,964,643,23,23,155,29,126,413,308,105,1,666,414
2021,Southwick (Wiltshire),E05013471,1844,1530,948,582,6,6,118,19,99,190,149,41,0,588,190
2021,The Lavingtons,E05013472,1913,1425,820,605,11,11,265,32,233,212,152,60,0,616,212
2021,Tidworth East & Ludgershall South,E05013473,2187,719,257,462,40,40,381,66,315,1046,190,856,1,502,1047
2021,Tidworth North & West,E05013474,2245,706,196,510,55,55,434,81,353,1050,402,648,0,565,1050
2021,Till Valley,E05013475,2210,1466,887,579,15,15,296,239,57,430,336,94,3,594,433
2021,Tisbury,E05013476,2014,1345,915,430,20,20,337,239,98,310,258,52,2,450,312
2021,Trowbridge Adcroft,E05013477,2834,1653,1013,640,22,22,558,104,454,597,538,59,4,662,601
2021,Trowbridge Central,E05013478,2730,1510,737,773,12,12,371,45,326,835,752,83,2,785,837
2021,Trowbridge Drynham,E05013479,2062,1481,754,727,32,32,183,27,156,366,325,41,0,759,366
2021,Trowbridge Grove,E05013480,2346,1655,872,783,20,20,257,44,213,412,356,56,2,803,414
2021,Trowbridge Lambrok,E05013481,2188,1473,848,625,5,5,498,72,426,211,163,48,1,630,212
2021,Trowbridge Park,E05013482,1771,1164,612,552,23,23,405,95,310,177,151,26,2,575,179
2021,Trowbridge Paxcroft,E05013483,2045,1429,461,968,5,5,298,42,256,313,277,36,0,973,313
2021,Urchfont & Bishops Cannings,E05013484,2103,1421,751,670,89,89,307,31,276,286,242,44,0,759,286
2021,Warminster Broadway,E05013485,2170,1690,1050,640,20,20,231,32,199,227,182,45,2,660,229
2021,Warminster East,E05013486,2448,1495,993,502,8,8,427,49,378,515,455,60,3,510,518
2021,Warminster North & Rural,E05013487,2423,1355,845,510,14,14,260,34,226,793,423,370,1,524,794
2021,Warminster West,E05013488,2025,1370,707,663,5,5,315,35,280,335,286,49,0,668,335
2021,Westbury East,E05013489,2130,1655,869,786,18,18,87,8,79,369,319,50,1,804,370
2021,Westbury North,E05013490,2452,1532,726,806,18,18,357,42,315,545,492,53,0,824,545
2021,Westbury West,E05013491,2392,1466,592,874,20,20,592,68,524,314,271,43,0,894,314
2021,Wilton,E05013492,2211,1353,760,593,27,27,385,246,139,444,336,108,2,620,446
2021,Winsley & Westwood,E05013493,2113,1713,1102,611,5,5,169,23,146,224,170,54,2,616,226
2021,Winterslow & Upper Bourne Valley,E05013494,2089,1780,1057,723,14,14,95,71,24,198,146,52,2,737,200
2021,Wylye Valley,E05013495,2072,1471,952,519,8,8,213,20,193,380,288,92,0,527,380
2021,Alperton,E05013496,4489,1987,967,1020,191,191,633,194,439,1676,1522,154,2,1211,1678
2021,Barnhill,E05013497,3766,1506,773,733,44,44,996,317,679,1214,1116,98,6,777,1220
2021,Brondesbury Park,E05013498,5508,2308,1110,1198,55,55,1163,592,571,1973,1843,130,9,1253,1982
2021,Cricklewood & Mapesbury,E05013499,5719,1870,955,915,73,73,1183,505,678,2582,2425,157,11,988,2593
2021,Dollis Hill,E05013500,7331,2921,1799,1122,104,104,1448,651,797,2843,2656,187,15,1226,2858
2021,Harlesden & Kensal Green,E05013501,8061,2270,1085,1185,99,99,2641,685,1956,3036,2855,181,15,1284,3051
2021,Kenton (Brent),E05013502,5702,3307,1960,1347,46,46,760,329,431,1586,1449,137,3,1393,1589
2021,Kilburn (Brent),E05013503,7648,1845,768,1077,113,113,3125,1627,1498,2553,2412,141,12,1190,2565
2021,Kingsbury (Brent),E05013504,3782,1867,861,1006,126,126,662,210,452,1123,1012,111,4,1132,1127
2021,Northwick Park,E05013505,3877,2374,1336,1038,33,33,473,139,334,995,908,87,2,1071,997
2021,Preston (Brent),E05013506,3944,1808,993,815,69,69,598,120,478,1465,1351,114,4,884,1469
2021,Queens Park (Brent),E05013507,7043,3068,1440,1628,54,54,1515,601,914,2397,2245,152,9,1682,2406
2021,Queensbury (Brent),E05013508,5388,2893,1658,1235,124,124,606,141,465,1762,1615,147,3,1359,1765
2021,Roundwood,E05013509,6225,1414,674,740,230,230,2568,602,1966,2001,1880,121,12,970,2013
2021,Stonebridge,E05013510,7242,1279,545,734,245,245,4039,1982,2057,1652,1535,117,27,979,1679
2021,Sudbury,E05013511,4331,1936,926,1010,88,88,566,173,393,1738,1623,115,3,1098,1741
2021,Tokyngton,E05013512,2826,1664,1074,590,25,25,229,71,158,904,814,90,4,615,908
2021,Welsh Harp,E05013513,5944,2754,1509,1245,99,99,1001,408,593,2085,1961,124,5,1344,2090
2021,Wembley Central,E05013514,4932,1993,1092,901,72,72,838,338,500,2026,1815,211,3,973,2029
2021,Wembley Hill,E05013515,4627,1762,1025,737,100,100,613,253,360,2148,1988,160,4,837,2152
2021,Wembley Park,E05013516,2667,373,87,286,145,145,496,62,434,1650,1581,69,3,431,1653
2021,Willesden Green,E05013517,7561,2397,1299,1098,114,114,1722,443,1279,3311,3125,186,17,1212,3328
2021,Central Greenford,E05013518,5050,2649,1351,1298,99,99,518,331,187,1768,1639,129,16,1397,1784
2021,Dormers Wells,E05013519,4809,2140,1243,897,82,82,1199,900,299,1368,1244,124,20,979,1388
2021,Ealing Broadway,E05013520,6213,2355,1236,1119,119,119,675,143,532,3059,2908,151,5,1238,3064
2021,Ealing Common,E05013521,6693,2946,1464,1482,63,63,972,550,422,2699,2523,176,13,1545,2712
2021,East Acton,E05013522,5886,1941,979,962,142,142,1440,595,845,2356,2167,189,7,1104,2363
2021,Greenford Broadway,E05013523,6110,2793,1212,1581,273,273,1418,665,753,1605,1500,105,21,1854,1626
2021,Hanger Hill,E05013524,6759,3433,1908,1525,102,102,389,117,272,2833,2645,188,2,1627,2835
2021,Hanwell Broadway,E05013525,6207,2746,1210,1536,203,203,1224,384,840,2015,1892,123,19,1739,2034
2021,Lady Margaret,E05013526,4608,2732,1476,1256,19,19,397,226,171,1455,1234,221,5,1275,1460
2021,North Acton,E05013527,7058,2458,1295,1163,157,157,1201,345,856,3229,3021,208,13,1320,3242
2021,North Greenford,E05013528,5237,3056,1486,1570,45,45,622,252,370,1512,1388,124,2,1615,1514
2021,North Hanwell,E05013529,5477,2744,1301,1443,72,72,1369,1038,331,1268,1161,107,24,1515,1292
2021,Northfield (Ealing),E05013530,5583,3556,1764,1792,28,28,389,193,196,1608,1492,116,2,1820,1610
2021,Northolt Mandeville,E05013531,6139,2951,1298,1653,80,80,1435,918,517,1635,1513,122,38,1733,1673
2021,Northolt West End,E05013532,5616,2289,903,1386,76,76,1824,1296,528,1402,1308,94,25,1462,1427
2021,Norwood Green,E05013533,5015,1929,823,1106,262,262,1520,498,1022,1284,1134,150,20,1368,1304
2021,Perivale,E05013534,5657,3101,1613,1488,52,52,491,203,288,2009,1834,175,4,1540,2013
2021,Pitshanger,E05013535,5918,2969,1508,1461,69,69,1264,843,421,1602,1500,102,14,1530,1616
2021,South Acton,E05013536,7235,2353,828,1525,339,339,2170,799,1371,2355,2215,140,18,1864,2373
2021,Southall Broadway,E05013537,2844,1268,802,466,17,17,420,139,281,1133,1013,120,6,483,1139
2021,Southall Green,E05013538,4248,1697,948,749,53,53,561,162,399,1924,1724,200,13,802,1937
2021,Southall West,E05013539,1800,746,460,286,70,70,338,94,244,642,575,67,4,356,646
2021,Southfield,E05013540,7296,3770,1621,2149,182,182,786,399,387,2539,2391,148,19,2331,2558
2021,Walpole,E05013541,6197,3193,1545,1648,56,56,760,237,523,2186,2042,144,2,1704,2188
2021,Belmont (Harrow),E05013542,2887,2160,1076,1084,6,6,145,122,23,571,502,69,5,1090,576
2021,Canons,E05013543,3678,2353,1397,956,15,15,347,199,148,956,845,111,7,971,963
2021,Centenary,E05013544,4728,2991,1527,1464,94,94,220,65,155,1420,1304,116,3,1558,1423
2021,Edgware (Harrow),E05013545,4779,2581,1441,1140,40,40,380,288,92,1772,1646,126,6,1180,1778
2021,Greenhill (Harrow),E05013546,4495,1634,656,978,79,79,637,288,349,2136,2044,92,9,1057,2145
2021,Harrow on the Hill,E05013547,3941,1910,935,975,43,43,527,366,161,1450,1265,185,11,1018,1461
2021,Harrow Weald,E05013548,5023,2912,1515,1397,33,33,902,539,363,1163,1073,90,13,1430,1176
2021,Hatch End,E05013549,3528,2564,1386,1178,13,13,196,103,93,754,686,68,1,1191,755
2021,Headstone,E05013550,5174,3439,1589,1850,50,50,341,172,169,1338,1245,93,6,1900,1344
2021,Kenton East,E05013551,4179,2298,1338,960,28,28,510,362,148,1331,1204,127,12,988,1343
2021,Kenton West,E05013552,3055,2284,1314,970,42,42,68,43,25,660,599,61,1,1012,661
2021,Marlborough,E05013553,4248,1916,880,1036,54,54,314,136,178,1954,1842,112,10,1090,1964
2021,North Harrow,E05013554,3159,2036,1155,881,42,42,133,51,82,943,869,74,5,923,948
2021,Pinner,E05013555,5000,3384,1858,1526,46,46,553,395,158,1006,919,87,11,1572,1017
2021,Pinner South,E05013556,5586,4218,2138,2080,20,20,286,200,86,1056,968,88,6,2100,1062
2021,Rayners Lane,E05013557,2908,1938,970,968,12,12,86,50,36,871,806,65,1,980,872
2021,Roxbourne,E05013558,3329,1471,551,920,32,32,1043,416,627,769,713,56,14,952,783
2021,Roxeth,E05013559,5328,2937,1399,1538,63,63,504,199,305,1822,1694,128,2,1601,1824
2021,Stanmore,E05013560,5056,3044,1652,1392,66,66,791,433,358,1145,944,201,10,1458,1155
2021,Wealdstone North,E05013561,3385,1644,754,890,47,47,528,271,257,1157,1079,78,9,937,1166
2021,Wealdstone South,E05013562,2586,1094,527,567,88,88,325,85,240,1078,1031,47,1,655,1079
2021,West Harrow,E05013563,3584,1880,890,990,91,91,464,195,269,1141,1075,66,8,1081,1149
2021,Belmore,E05013564,5149,2872,1368,1504,50,50,578,306,272,1638,1461,177,11,1554,1649
2021,Charville,E05013565,3800,2420,1073,1347,73,73,420,270,150,886,809,77,1,1420,887
2021,Colham & Cowley,E05013566,6628,3363,1493,1870,97,97,1369,907,462,1787,1640,147,12,1967,1799
2021,Eastcote,E05013567,6752,5051,2615,2436,46,46,603,321,282,1049,945,104,3,2482,1052
2021,Harefield Village,E05013568,2328,1551,791,760,17,17,455,368,87,305,267,38,0,777,305
2021,Hayes Town,E05013569,4943,1697,668,1029,170,170,988,448,540,2070,1943,127,18,1199,2088
2021,Heathrow Villages,E05013570,4821,1915,925,990,26,26,677,415,262,2198,2073,125,5,1016,2203
2021,Hillingdon East,E05013571,5467,3632,1670,1962,36,36,710,427,283,1089,1010,79,0,1998,1089
2021,Hillingdon West,E05013572,3732,2008,763,1245,73,73,542,305,237,1107,899,208,2,1318,1109
2021,Ickenham & South Harefield,E05013573,6042,4538,2345,2193,54,54,407,247,160,1039,803,236,4,2247,1043
2021,Northwood (Hillingdon),E05013574,4757,2811,1562,1249,16,16,664,246,418,1266,1133,133,0,1265,1266
2021,Northwood Hills,E05013575,4515,2784,1398,1386,20,20,690,490,200,1019,946,73,2,1406,1021
2021,Pinkwell,E05013576,5095,2590,1158,1432,32,32,894,485,409,1556,1417,139,23,1464,1579
2021,Ruislip,E05013577,6223,4423,2396,2027,38,38,688,376,312,1071,911,160,3,2065,1074
2021,Ruislip Manor,E05013578,4203,3259,1573,1686,36,36,139,71,68,769,707,62,0,1722,769
2021,South Ruislip,E05013579,6139,4149,1845,2304,56,56,519,367,152,1405,1217,188,10,2360,1415
2021,Uxbridge,E05013580,6413,3165,1585,1580,97,97,1252,800,452,1887,1727,160,12,1677,1899
2021,West Drayton,E05013581,6519,3008,1207,1801,165,165,1577,667,910,1764,1657,107,5,1966,1769
2021,Wood End,E05013582,6324,2750,1074,1676,80,80,1827,1200,627,1654,1549,105,13,1756,1667
2021,Yeading,E05013583,4734,2123,831,1292,81,81,1316,694,622,1208,1138,70,6,1373,1214
2021,Yiewsley,E05013584,4651,1722,654,1068,107,107,1304,770,534,1510,1440,70,8,1175,1518
2021,Alexandra Park,E05013585,3318,2263,1083,1180,16,16,327,203,124,708,668,40,4,1196,712
2021,Bounds Green,E05013586,4096,1477,737,740,69,69,1022,502,520,1515,1426,89,13,809,1528
2021,Bruce Castle,E05013587,5104,1159,510,649,178,178,2053,1231,822,1676,1585,91,38,827,1714
2021,Crouch End,E05013588,6086,2960,1352,1608,139,139,810,324,486,2170,2055,115,7,1747,2177
2021,Fortis Green,E05013589,4880,2889,1389,1500,48,48,603,342,261,1331,1247,84,9,1548,1340
2021,Harringay,E05013590,6189,2271,998,1273,59,59,744,321,423,3109,2985,124,6,1332,3115
2021,Hermitage & Gardens,E05013591,3069,1003,481,522,54,54,787,545,242,1211,1144,67,14,576,1225
2021,Highgate (Haringey),E05013592,5773,2927,1512,1415,31,31,637,402,235,2168,2000,168,10,1446,2178
2021,Hornsey,E05013593,6704,2784,1105,1679,168,168,1725,976,749,2003,1904,99,24,1847,2027
2021,Muswell Hill,E05013594,3813,2111,1119,992,26,26,301,159,142,1370,1296,74,5,1018,1375
2021,Noel Park,E05013595,5342,1512,709,803,115,115,1885,1319,566,1805,1674,131,25,918,1830
2021,Northumberland Park,E05013596,5649,1238,563,675,88,88,2335,1622,713,1950,1841,109,38,763,1988
2021,St Ann's (Haringey),E05013597,4074,1425,650,775,59,59,1033,702,331,1530,1429,101,27,834,1557
2021,Seven Sisters,E05013598,3457,893,409,484,37,37,1289,899,390,1222,1136,86,16,521,1238
2021,South Tottenham,E05013599,5441,1421,720,701,141,141,1667,954,713,2186,2018,168,26,842,2212
2021,Stroud Green,E05013600,4920,2126,837,1289,28,28,1167,652,515,1592,1496,96,7,1317,1599
2021,Tottenham Central,E05013601,6040,1705,754,951,138,138,1641,535,1106,2527,2364,163,29,1089,2556
2021,Tottenham Hale,E05013602,4038,1156,505,651,149,149,1315,626,689,1402,1296,106,16,800,1418
2021,West Green,E05013603,5849,2134,1038,1096,79,79,1552,937,615,2054,1872,182,30,1175,2084
2021,White Hart Lane,E05013604,5067,1802,798,1004,41,41,1976,1433,543,1220,1143,77,28,1045,1248
2021,Woodside (Haringey),E05013605,6190,1860,870,990,74,74,1607,948,659,2631,2473,158,18,1064,2649
2021,Bedfont,E05013606,5316,2353,955,1398,280,280,1435,840,595,1237,1149,88,11,1678,1248
2021,Brentford East,E05013607,3647,895,327,568,150,150,1565,1162,403,1017,966,51,20,718,1037
2021,Brentford West,E05013608,3365,1646,745,901,109,109,617,347,270,985,914,71,8,1010,993
2021,Chiswick Gunnersbury,E05013609,5730,2649,1424,1225,39,39,825,609,216,2206,2072,134,11,1264,2217
2021,Chiswick Homefields,E05013610,5815,3103,1610,1493,59,59,882,585,297,1760,1624,136,11,1552,1771
2021,Chiswick Riverside,E05013611,4459,2319,1061,1258,29,29,707,370,337,1400,1297,103,4,1287,1404
2021,Cranford,E05013612,4991,1816,990,826,50,50,1389,735,654,1720,1545,175,16,876,1736
2021,Feltham North,E05013613,4221,2191,960,1231,47,47,997,835,162,944,846,98,42,1278,986
2021,Feltham West,E05013614,5692,2562,870,1692,192,192,1469,834,635,1461,1368,93,8,1884,1469
2021,Hanworth Park,E05013615,3871,2084,961,1123,61,61,790,456,334,925,852,73,11,1184,936
2021,Hanworth Village,E05013616,5659,2654,1103,1551,126,126,1843,1145,698,1017,937,80,19,1677,1036
2021,Heston Central,E05013617,4329,2127,1039,1088,67,67,780,292,488,1333,1240,93,22,1155,1355
2021,Heston East,E05013618,3549,1690,883,807,71,71,546,353,193,1233,1125,108,9,878,1242
2021,Heston West,E05013619,4708,2235,1052,1183,62,62,1106,927,179,1280,1150,130,25,1245,1305
2021,Hounslow Central,E05013620,3636,1014,513,501,106,106,454,211,243,2056,1987,69,6,607,2062
2021,Hounslow East,E05013621,3040,1078,532,546,149,149,726,282,444,1076,1022,54,11,695,1087
2021,Hounslow Heath,E05013622,5154,1970,963,1007,82,82,945,465,480,2145,2025,120,12,1089,2157
2021,Hounslow South,E05013623,4805,3080,1503,1577,36,36,491,331,160,1191,1101,90,7,1613,1198
2021,Hounslow West,E05013624,4879,1785,955,830,119,119,895,477,418,2065,1942,123,15,949,2080
2021,Isleworth,E05013625,5453,2623,1038,1585,55,55,1461,1088,373,1310,1225,85,4,1640,1314
2021,Osterley & Spring Grove,E05013626,5273,2970,1404,1566,97,97,352,84,268,1851,1689,162,3,1663,1854
2021,Syon & Brentford Lock,E05013627,5366,2200,874,1326,238,238,1340,822,518,1577,1459,118,11,1564,1588
2021,Barnet Vale,E05013628,7097,4508,2300,2208,47,47,582,199,383,1954,1829,125,6,2255,1960
2021,Brunswick Park,E05013629,5990,4245,2145,2100,76,76,560,187,373,1109,1016,93,0,2176,1109
2021,Burnt Oak,E05013630,7394,2787,1220,1567,103,103,2476,1671,805,2018,1858,160,10,1670,2028
2021,Childs Hill,E05013631,7978,3467,1910,1557,43,43,737,484,253,3721,3510,211,10,1600,3731
2021,Colindale North,E05013632,4472,1239,396,843,147,147,1905,962,943,1163,1054,109,18,990,1181
2021,Colindale South,E05013633,7469,2580,1004,1576,306,306,1324,251,1073,3246,3065,181,13,1882,3259
2021,Cricklewood,E05013634,3968,1384,701,683,52,52,950,510,440,1573,1481,92,9,735,1582
2021,East Barnet,E05013635,6991,4372,2113,2259,37,37,651,436,215,1927,1762,165,4,2296,1931
2021,East Finchley,E05013636,6899,3325,1675,1650,45,45,1574,712,862,1942,1818,124,13,1695,1955
2021,Edgware (Barnet),E05013637,7210,4290,2190,2100,130,130,654,115,539,2134,1966,168,2,2230,2136
2021,Edgwarebury,E05013638,3995,2494,1151,1343,37,37,525,295,230,936,835,101,3,1380,939
2021,Finchley Church End,E05013639,7562,4354,2399,1955,26,26,356,212,144,2825,2639,186,1,1981,2826
2021,Friern Barnet,E05013640,7651,4008,1836,2172,38,38,1104,713,391,2491,2284,207,10,2210,2501
2021,Garden Suburb,E05013641,4893,3391,1913,1478,16,16,268,66,202,1217,1060,157,1,1494,1218
2021,Golders Green,E05013642,5028,2205,1241,964,23,23,381,88,293,2416,2257,159,3,987,2419
2021,Hendon (Barnet),E05013643,8268,3523,1785,1738,28,28,809,438,371,3905,3621,284,3,1766,3908
2021,High Barnet,E05013644,4793,3241,1726,1515,41,41,520,307,213,990,881,109,1,1556,991
2021,Mill Hill (Barnet),E05013645,6919,4419,2126,2293,44,44,621,292,329,1833,1665,168,2,2337,1835
2021,Totteridge & Woodside,E05013646,5483,3646,1849,1797,49,49,493,135,358,1293,1192,101,2,1846,1295
2021,Underhill,E05013647,4844,2720,1330,1390,73,73,1161,705,456,886,813,73,4,1463,890
2021,West Finchley,E05013648,7751,4060,2136,1924,31,31,457,171,286,3197,3028,169,6,1955,3203
2021,West Hendon,E05013649,6457,2686,1272,1414,54,54,926,550,376,2786,2633,153,5,1468,2791
2021,Whetstone,E05013650,4285,2763,1307,1456,101,101,381,233,148,1037,943,94,3,1557,1040
2021,Woodhouse (Barnet),E05013651,5514,2701,1356,1345,85,85,614,295,319,2101,1971,130,13,1430,2114
2021,Belsize,E05013652,5991,2449,1389,1060,23,23,519,309,210,2997,2791,206,3,1083,3000
2021,Bloomsbury,E05013653,4612,1081,701,380,36,36,1519,913,606,1959,1733,226,17,416,1976
2021,Camden Square,E05013654,3403,849,424,425,17,17,1399,1025,374,1126,1017,109,12,442,1138
2021,Camden Town,E05013655,2816,619,341,278,20,20,1080,556,524,1084,1008,76,13,298,1097
2021,Fortune Green,E05013656,5064,1927,879,1048,49,49,894,526,368,2188,2084,104,6,1097,2194
2021,Frognal,E05013657,3303,1577,921,656,27,27,287,170,117,1409,1286,123,3,683,1412
2021,Gospel Oak,E05013658,5187,1519,763,756,37,37,2454,1936,518,1160,1041,119,17,793,1177
2021,Hampstead Town,E05013659,3724,1960,1257,703,14,14,328,210,118,1412,1274,138,10,717,1422
2021,Haverstock,E05013660,5111,1271,629,642,31,31,2382,1954,428,1414,1285,129,13,673,1427
2021,Highgate (Camden),E05013661,4449,2079,1183,896,31,31,1474,1147,327,848,733,115,17,927,865
2021,Holborn & Covent Garden,E05013662,5059,952,551,401,35,35,2314,1394,920,1739,1568,171,19,436,1758
2021,Kentish Town North,E05013663,3307,1144,529,615,21,21,991,656,335,1142,1058,84,9,636,1151
2021,Kentish Town South,E05013664,4375,1341,664,677,44,44,1677,1287,390,1299,1207,92,14,721,1313
2021,Kilburn (Camden),E05013665,5560,1087,448,639,36,36,2350,1762,588,2057,1927,130,30,675,2087
2021,King's Cross,E05013666,4420,807,492,315,94,94,2000,995,1005,1501,1374,127,18,409,1519
2021,Primrose Hill,E05013667,5658,2091,1240,851,20,20,1551,923,628,1987,1807,180,9,871,1996
2021,Regent's Park (Camden),E05013668,4966,895,524,371,23,23,2550,1677,873,1476,1346,130,22,394,1498
2021,St Pancras & Somers Town,E05013669,4870,582,269,313,50,50,3117,2279,838,1101,1016,85,20,363,1121
2021,South Hampstead,E05013670,5548,1693,842,851,73,73,1141,733,408,2629,2472,157,12,924,2641
2021,West Hampstead,E05013671,5343,1585,734,851,35,35,1224,599,625,2487,2358,129,12,886,2499
2021,Arnos Grove,E05013672,2959,2155,1194,961,65,65,79,32,47,657,577,80,3,1026,660
2021,Bowes,E05013673,3836,1889,1053,836,36,36,525,201,324,1371,1270,101,15,872,1386
2021,Brimsdown,E05013674,5636,2591,1215,1376,44,44,1248,839,409,1736,1625,111,17,1420,1753
2021,Bullsmoor,E05013675,3974,1809,901,908,38,38,1053,677,376,1063,944,119,11,946,1074
2021,Bush Hill Park,E05013676,4878,3764,2088,1676,12,12,198,125,73,899,820,79,5,1688,904
2021,Carterhatch,E05013677,4049,1539,615,924,19,19,1375,1095,280,1081,1024,57,35,943,1116
2021,Cockfosters,E05013678,4021,2646,1410,1236,59,59,473,371,102,836,740,96,7,1295,843
2021,Edmonton Green,E05013679,6256,1651,788,863,112,112,2439,1347,1092,2013,1881,132,41,975,2054
2021,Enfield Lock,E05013680,6408,2555,1076,1479,225,225,1558,832,726,2056,1937,119,14,1704,2070
2021,Grange Park,E05013681,3675,2712,1486,1226,9,9,101,49,52,853,794,59,0,1235,853
2021,Haselbury,E05013682,6145,2821,1434,1387,20,20,1124,811,313,2153,2001,152,27,1407,2180
2021,Highfield (Enfield),E05013683,3288,2194,1173,1021,7,7,393,254,139,692,618,74,2,1028,694
2021,Jubilee (Enfield),E05013684,5747,2801,1425,1376,61,61,853,580,273,2021,1873,148,11,1437,2032
2021,Lower Edmonton,E05013685,5826,2082,1081,1001,61,61,1627,807,820,2037,1918,119,19,1062,2056
2021,New Southgate,E05013686,4574,2158,1082,1076,64,64,638,340,298,1704,1599,105,10,1140,1714
2021,Oakwood (Enfield),E05013687,3258,2211,1126,1085,48,48,200,85,115,798,737,61,1,1133,799
2021,Palmers Green,E05013688,4202,2301,1133,1168,32,32,273,77,196,1593,1498,95,3,1200,1596
2021,Ponders End,E05013689,4536,1651,743,908,113,113,1099,582,517,1656,1553,103,17,1021,1673
2021,Ridgeway (Enfield),E05013690,5447,3669,1947,1722,21,21,465,256,209,1287,1172,115,5,1743,1292
2021,Southbury,E05013691,5965,3252,1357,1895,81,81,1026,667,359,1599,1487,112,7,1976,1606
2021,Southgate (Enfield),E05013692,5668,3352,1811,1541,35,35,388,223,165,1893,1756,137,0,1576,1893
2021,Town (Enfield),E05013693,5496,3575,1746,1829,46,46,436,287,149,1436,1320,116,3,1875,1439
2021,Upper Edmonton,E05013694,5581,1874,876,998,58,58,1780,1076,704,1837,1719,118,32,1056,1869
2021,Whitewebbs,E05013695,5503,3327,1627,1700,39,39,1025,827,198,1098,993,105,14,1739,1112
2021,Winchmore Hill,E05013696,3999,2769,1354,1415,14,14,193,88,105,1022,919,103,1,1429,1023
2021,Arsenal,E05013697,6013,1764,671,1093,250,250,1881,1092,789,2105,1962,143,13,1343,2118
2021,Barnsbury,E05013698,5554,1711,855,856,67,67,1936,770,1166,1834,1716,118,6,923,1840
2021,Bunhill,E05013699,5069,1052,439,613,82,82,2249,1332,917,1672,1548,124,14,695,1686
2021,Caledonian,E05013700,5043,851,377,474,72,72,2406,1225,1181,1697,1597,100,17,546,1714
2021,Canonbury,E05013701,5867,1584,658,926,78,78,2610,2045,565,1574,1451,123,21,1004,1595
2021,Clerkenwell,E05013702,4920,1267,622,645,46,46,2083,1725,358,1511,1374,137,13,691,1524
2021,Finsbury Park,E05013703,6103,1238,529,709,58,58,2488,1509,979,2291,2161,130,28,767,2319
2021,Highbury,E05013704,6013,2324,1067,1257,75,75,1779,1080,699,1825,1691,134,10,1332,1835
2021,Hillrise,E05013705,6439,1959,805,1154,84,84,2858,2000,858,1518,1428,90,20,1238,1538
2021,Holloway,E05013706,5365,1182,510,672,155,155,2318,1185,1133,1689,1566,123,21,827,1710
2021,Junction,E05013707,5853,1563,681,882,60,60,2395,1264,1131,1822,1720,102,13,942,1835
2021,Laycock,E05013708,5364,1251,526,725,90,90,2565,1313,1252,1440,1347,93,18,815,1458
2021,Mildmay,E05013709,6151,1603,624,979,61,61,2665,2078,587,1805,1664,141,17,1040,1822
2021,St Mary's & St James' (Islington),E05013710,5647,1527,689,838,74,74,2223,1282,941,1815,1705,110,8,912,1823
2021,St Peter's & Canalside,E05013711,5472,1269,643,626,209,209,2228,1429,799,1752,1655,97,14,835,1766
2021,Tollington,E05013712,6113,1810,696,1114,55,55,2086,1388,698,2098,1984,114,64,1169,2162
2021,Tufnell Park,E05013713,5513,1785,759,1026,63,63,2018,1365,653,1633,1515,118,14,1089,1647
2021,Bellingham (Lewisham),E05013714,4643,1374,495,879,74,74,2205,735,1470,980,858,122,10,953,990
2021,Blackheath (Lewisham),E05013715,7385,2878,1224,1654,124,124,2053,1195,858,2318,2157,161,12,1778,2330
2021,Brockley,E05013716,7348,2695,903,1792,138,138,1865,951,914,2642,2481,161,8,1930,2650
2021,Catford South,E05013717,6264,3796,1602,2194,70,70,1105,252,853,1289,1175,114,4,2264,1293
2021,Crofton Park,E05013718,6205,3550,1258,2292,64,64,1008,362,646,1576,1441,135,7,2356,1583
2021,Deptford,E05013719,7097,1692,469,1223,107,107,3105,1961,1144,2169,2021,148,24,1330,2193
2021,Downham,E05013720,6888,2976,1117,1859,50,50,2618,682,1936,1239,1117,122,5,1909,1244
2021,Evelyn,E05013721,6131,1423,365,1058,223,223,2531,1681,850,1945,1850,95,9,1281,1954
2021,Forest Hill,E05013722,6411,3145,1168,1977,66,66,1544,700,844,1639,1515,124,17,2043,1656
2021,Grove Park,E05013723,6304,3205,1324,1881,82,82,1678,318,1360,1334,1217,117,5,1963,1339
2021,Hither Green,E05013724,7965,3600,1339,2261,104,104,1951,627,1324,2305,2145,160,5,2365,2310
2021,Ladywell,E05013725,6239,2935,1138,1797,59,59,1689,726,963,1549,1409,140,7,1856,1556
2021,Lee Green,E05013726,6141,3293,1321,1972,44,44,1275,456,819,1523,1401,122,6,2016,1529
2021,Lewisham Central,E05013727,3804,959,258,701,161,161,851,228,623,1831,1741,90,2,862,1833
2021,New Cross Gate,E05013728,4232,970,296,674,201,201,1756,845,911,1296,1225,71,9,875,1305
2021,Perry Vale,E05013729,7627,4046,1479,2567,76,76,1742,948,794,1750,1608,142,13,2643,1763
2021,Rushey Green,E05013730,7825,3219,1100,2119,108,108,1923,590,1333,2568,2358,210,7,2227,2575
2021,Sydenham,E05013731,7118,3075,1211,1864,52,52,2420,1363,1057,1558,1451,107,13,1916,1571
2021,Telegraph Hill,E05013732,6761,2398,784,1614,146,146,2431,1425,1006,1774,1625,149,12,1760,1786
2021,Addison,E05013733,3787,1044,462,582,36,36,1109,556,553,1587,1509,78,11,618,1598
2021,Avonmore,E05013734,3658,1062,570,492,22,22,915,431,484,1649,1542,107,10,514,1659
2021,Brook Green,E05013735,3872,1366,702,664,22,22,787,294,493,1693,1575,118,4,686,1697
2021,College Park & Old Oak,E05013736,3877,804,436,368,109,109,1970,488,1482,987,874,113,7,477,994
2021,Coningham,E05013737,4803,1264,552,712,70,70,1726,611,1115,1733,1625,108,10,782,1743
2021,Fulham Reach,E05013738,5361,1765,830,935,44,44,1605,985,620,1942,1774,168,5,979,1947
2021,Fulham Town,E05013739,3375,1304,610,694,47,47,527,288,239,1492,1381,111,5,741,1497
2021,Grove,E05013740,3364,1304,598,706,39,39,791,203,588,1225,1122,103,5,745,1230
2021,Hammersmith Broadway,E05013741,3609,879,440,439,44,44,1365,706,659,1307,1198,109,14,483,1321
2021,Lillie,E05013742,3206,759,360,399,33,33,1223,664,559,1187,1102,85,4,432,1191
2021,Munster,E05013743,5300,2256,1039,1217,30,30,855,369,486,2148,1985,163,11,1247,2159
2021,Palace & Hurlingham,E05013744,4645,2375,1270,1105,36,36,760,520,240,1470,1331,139,4,1141,1474
2021,Parsons Green & Sandford,E05013745,3121,1540,768,772,14,14,505,233,272,1059,952,107,3,786,1062
2021,Ravenscourt,E05013746,3079,1096,576,520,63,63,772,266,506,1146,1060,86,2,583,1148
2021,Sands End,E05013747,5138,1599,664,935,235,235,1484,583,901,1813,1637,176,7,1170,1820
2021,Shepherd's Bush Green,E05013748,2625,445,221,224,52,52,1211,730,481,903,855,48,14,276,917
2021,Walham Green,E05013749,3594,943,427,516,40,40,1309,756,553,1291,1190,101,11,556,1302
2021,Wendell Park,E05013750,3142,1368,636,732,119,119,776,293,483,877,817,60,2,851,879
2021,West Kensington,E05013751,4501,1025,451,574,44,44,1461,911,550,1960,1827,133,11,618,1971
2021,White City,E05013752,4201,910,407,503,70,70,1922,1468,454,1282,1190,92,17,573,1299
2021,Wormholt,E05013753,2988,980,465,515,38,38,1159,483,676,806,738,68,5,553,811
2021,Beddington,E05013754,4155,3230,1350,1880,13,13,347,201,146,565,503,62,0,1893,565
2021,Belmont (Sutton),E05013755,4865,3164,1481,1683,47,47,509,280,229,1142,1072,70,3,1730,1145
2021,Carshalton Central,E05013756,4630,3398,1583,1815,20,20,312,94,218,896,819,77,4,1835,900
2021,Carshalton South & Clockhouse,E05013757,3600,2904,1330,1574,11,11,358,285,73,326,287,39,1,1585,327
2021,Cheam,E05013758,4085,3224,1707,1517,16,16,159,60,99,685,603,82,1,1533,686
2021,Hackbridge,E05013759,2756,1659,378,1281,132,132,330,140,190,635,601,34,0,1413,635
2021,North Cheam,E05013760,4176,3382,1589,1793,11,11,132,38,94,651,588,63,0,1804,651
2021,St Helier East,E05013761,3131,1506,471,1035,21,21,1240,743,497,356,313,43,8,1056,364
2021,St Helier West,E05013762,4420,2080,678,1402,59,59,1673,1293,380,597,542,55,11,1461,608
2021,South Beddington & Roundshaw,E05013763,4067,2206,1056,1150,86,86,1447,226,1221,324,275,49,4,1236,328
2021,Stonecot,E05013764,2958,2344,1144,1200,11,11,131,41,90,472,415,57,0,1211,472
2021,Sutton Central,E05013765,5407,2200,816,1384,189,189,1075,603,472,1934,1832,102,9,1573,1943
2021,Sutton North,E05013766,4251,2994,1381,1613,30,30,465,252,213,757,702,55,5,1643,762
2021,Sutton South,E05013767,5594,2539,1241,1298,14,14,605,151,454,2433,2317,116,3,1312,2436
2021,Sutton West & East Cheam,E05013768,4468,2865,1232,1633,17,17,340,126,214,1244,1169,75,2,1650,1246
2021,The Wrythe,E05013769,4245,2883,1182,1701,101,101,680,298,382,577,528,49,4,1802,581
2021,Wallington North,E05013770,4980,3140,1348,1792,53,53,703,311,392,1079,990,89,5,1845,1084
2021,Wallington South,E05013771,4654,2832,1389,1443,14,14,757,138,619,1050,961,89,1,1457,1051
2021,Worcester Park North,E05013772,3208,2190,868,1322,37,37,294,89,205,687,627,60,0,1359,687
2021,Worcester Park South,E05013773,2695,2303,1172,1131,7,7,110,30,80,275,229,46,0,1138,275
2021,Barnes (Richmond upon Thames),E05013774,4290,2475,1385,1090,8,8,686,169,517,1113,1005,108,8,1098,1121
2021,East Sheen,E05013775,4125,2926,1397,1529,4,4,236,32,204,958,872,86,1,1533,959
2021,Fulwell & Hampton Hill,E05013776,4439,3091,1384,1707,13,13,353,46,307,979,919,60,3,1720,982
2021,"Ham, Petersham & Richmond Riverside",E05013777,4401,2576,1392,1184,24,24,821,202,619,975,861,114,5,1208,980
2021,Hampton (Richmond upon Thames),E05013778,4254,2950,1500,1450,33,33,519,112,407,747,670,77,5,1483,752
2021,Hampton North,E05013779,4095,2454,1258,1196,63,63,908,191,717,664,605,59,6,1259,670
2021,Hampton Wick & South Teddington,E05013780,4635,2857,1413,1444,43,43,630,109,521,1100,1016,84,5,1487,1105
2021,Heathfield,E05013781,3750,2320,1189,1131,24,24,835,200,635,565,512,53,6,1155,571
2021,Kew (Richmond upon Thames),E05013782,5002,3049,1508,1541,50,50,500,96,404,1403,1297,106,0,1591,1403
2021,Mortlake & Barnes Common,E05013783,5227,2882,1227,1655,26,26,870,163,707,1447,1342,105,2,1681,1449
2021,North Richmond,E05013784,4544,2525,1158,1367,48,48,706,109,597,1257,1168,89,8,1415,1265
2021,St Margarets & North Twickenham,E05013785,4805,3161,1319,1842,49,49,200,32,168,1394,1320,74,1,1891,1395
2021,South Richmond,E05013786,5046,2584,1434,1150,12,12,661,48,613,1786,1649,137,3,1162,1789
2021,South Twickenham,E05013787,4166,2852,1344,1508,21,21,278,38,240,1015,934,81,0,1529,1015
2021,Teddington,E05013788,4721,3029,1575,1454,53,53,408,64,344,1230,1140,90,1,1507,1231
2021,Twickenham Riverside,E05013789,4855,2722,1303,1419,40,40,300,34,266,1792,1678,114,1,1459,1793
2021,West Twickenham,E05013790,4325,3003,1260,1743,23,23,490,131,359,804,750,54,5,1766,809
2021,Whitton (Richmond upon Thames),E05013791,4024,2902,1489,1413,27,27,348,52,296,745,656,89,2,1440,747
2021,Abbey Road,E05013792,6085,2191,1355,836,14,14,845,506,339,3021,2729,292,14,850,3035
2021,Bayswater,E05013793,6211,1951,1146,805,32,32,1033,342,691,3186,2919,267,9,837,3195
2021,Church Street,E05013794,4544,622,368,254,34,34,2648,1811,837,1180,1106,74,60,288,1240
2021,Harrow Road,E05013795,5105,1135,459,676,35,35,2260,525,1735,1658,1534,124,17,711,1675
2021,Hyde Park,E05013796,4690,1297,814,483,67,67,752,189,563,2568,2302,266,6,550,2574
2021,Knightsbridge & Belgravia,E05013797,4942,1765,1205,560,57,57,1049,302,747,2060,1685,375,11,617,2071
2021,Lancaster Gate,E05013798,5521,1589,937,652,14,14,661,423,238,3240,3042,198,17,666,3257
2021,Little Venice,E05013799,4464,1582,883,699,11,11,931,537,394,1924,1780,144,16,710,1940
2021,Maida Vale,E05013800,4976,1473,676,797,25,25,1342,630,712,2122,1995,127,14,822,2136
2021,Marylebone,E05013801,6186,1900,1201,699,39,39,549,156,393,3693,3360,333,5,738,3698
2021,Pimlico North,E05013802,5242,1577,862,715,37,37,1699,734,965,1919,1665,254,10,752,1929
2021,Pimlico South,E05013803,4997,1031,629,402,31,31,2209,1035,1174,1706,1550,156,20,433,1726
2021,Queen's Park (Westminster),E05013804,5097,1056,450,606,54,54,2767,1699,1068,1201,1111,90,19,660,1220
2021,Regent's Park (Westminster),E05013805,5575,1969,1258,711,36,36,686,345,341,2877,2617,260,7,747,2884
2021,St James's (Westminster),E05013806,5297,1189,787,402,30,30,1491,262,1229,2582,2188,394,5,432,2587
2021,Vincent Square,E05013807,5034,1375,855,520,58,58,1868,876,992,1722,1399,323,11,578,1733
2021,West End (Westminster),E05013808,6237,1419,913,506,47,47,1480,431,1049,3276,2861,415,15,553,3291
2021,Westbourne (Westminster),E05013809,4605,831,411,420,71,71,2541,1619,922,1128,1025,103,34,491,1162
2021,Abbey (Merton),E05013810,4461,2118,817,1301,30,30,599,135,464,1714,1620,94,0,1331,1714
2021,Cannon Hill,E05013811,3520,2608,1312,1296,14,14,234,54,180,663,605,58,1,1310,664
2021,Colliers Wood,E05013812,4760,2020,826,1194,188,188,592,130,462,1960,1851,109,0,1382,1960
2021,Cricket Green,E05013813,4236,1597,689,908,65,65,1436,325,1111,1132,1049,83,6,973,1138
2021,Figge's Marsh,E05013814,4212,1806,795,1011,89,89,1216,291,925,1100,979,121,1,1100,1101
2021,Graveney,E05013815,4178,2330,1102,1228,31,31,240,49,191,1576,1461,115,1,1259,1577
2021,Hillside (Merton),E05013816,3759,1785,949,836,8,8,382,21,361,1583,1473,110,1,844,1584
2021,Lavender Fields,E05013817,4298,1888,722,1166,58,58,890,155,735,1460,1371,89,2,1224,1462
2021,Longthornton,E05013818,4106,2553,1045,1508,45,45,447,69,378,1060,964,96,1,1553,1061
2021,Lower Morden,E05013819,4106,3194,1523,1671,18,18,247,29,218,645,563,82,2,1689,647
2021,Merton Park,E05013820,3056,2181,1207,974,16,16,121,17,104,737,663,74,1,990,738
2021,Pollards Hill,E05013821,3889,2091,900,1191,54,54,1001,146,855,742,657,85,1,1245,743
2021,Ravensbury,E05013822,3436,1910,863,1047,20,20,782,217,565,720,663,57,4,1067,724
2021,Raynes Park,E05013823,5123,3012,1355,1657,22,22,391,79,312,1696,1594,102,2,1679,1698
2021,St Helier,E05013824,4084,1782,697,1085,37,37,1207,291,916,1055,980,75,3,1122,1058
2021,Village (Merton),E05013825,4822,3206,1893,1313,25,25,360,53,307,1230,1114,116,1,1338,1231
2021,Wandle (Merton),E05013826,2452,1152,399,753,11,11,501,77,424,784,748,36,4,764,788
2021,West Barnes,E05013827,3889,2757,1231,1526,43,43,249,50,199,832,747,85,8,1569,840
2021,Wimbledon Park,E05013828,4221,2453,1044,1409,66,66,438,115,323,1261,1180,81,3,1475,1264
2021,Wimbledon Town & Dundonald,E05013829,5120,3025,1326,1699,29,29,267,39,228,1799,1714,85,0,1728,1799
2021,Garforth & Swillington,E05013830,8961,6923,3813,3110,41,41,997,822,175,984,846,138,16,3151,1000
2021,Temple Newsam,E05013831,9464,6396,3451,2945,32,32,1850,1342,508,1168,979,189,18,2977,1186
2021,Bowerhill,E05013832,1764,1369,645,724,2,2,198,13,185,195,156,39,0,726,195
2021,Melksham East,E05013833,2066,1514,607,907,22,22,245,27,218,284,248,36,1,929,285
2021,Pewsey,E05013834,2259,1486,933,553,17,17,408,68,340,345,273,72,3,570,348
2021,Pewsey Vale West,E05013835,2160,1494,939,555,8,8,236,35,201,422,243,179,0,563,422
2021,St Austell Poltair & Mount Charles,E05013836,2978,1773,971,802,34,34,606,180,426,561,452,109,4,836,565
2021,Altarnun & Stoke Climsland,E05013837,2900,2265,1547,718,21,21,163,91,72,448,361,87,3,739,451
2021,"Crowan, Sithney & Wendron",E05013838,2784,2215,1340,875,40,40,127,21,106,402,307,95,0,915,402
2021,Falmouth Boslowick,E05013839,2700,2008,1122,886,34,34,257,83,174,401,331,70,0,920,401
2021,Falmouth Trescobeas & Budock,E05013840,2602,1717,1038,679,25,25,498,382,116,359,297,62,3,704,362
2021,Helston North,E05013841,2893,2038,1183,855,15,15,342,76,266,497,430,67,1,870,498
2021,Illogan & Portreath,E05013842,2846,2085,1264,821,24,24,311,86,225,424,345,79,2,845,426
2021,"Lanner, Stithians & Gwennap",E05013843,2855,2142,1330,812,25,25,266,98,168,422,347,75,0,837,422
2021,Launceston North & North Petherwin,E05013844,2940,1923,1259,664,9,9,385,272,113,618,523,95,5,673,623
2021,"Long Rock, Marazion & St Erth",E05013845,3068,2110,1426,684,56,56,399,71,328,501,400,101,2,740,503
2021,Mevagissey & St Austell Bay,E05013846,2454,1833,1300,533,37,37,139,24,115,444,367,77,1,570,445
2021,Newquay Trenance,E05013847,3249,1943,1031,912,56,56,445,82,363,802,700,102,3,968,805
2021,Penryn,E05013848,3260,1755,978,777,32,32,481,311,170,987,889,98,5,809,992
2021,Perranporth,E05013849,2711,1913,1208,705,56,56,250,107,143,490,391,99,2,761,492
2021,Probus & St Erme,E05013850,2822,1965,1112,853,50,50,265,133,132,539,466,73,3,903,542
2021,"Redruth Central, Carharrack & St Day",E05013851,2868,2164,1318,846,27,27,215,30,185,462,381,81,0,873,462
2021,St Agnes (Cornwall),E05013852,2898,2023,1215,808,50,50,297,140,157,522,423,99,6,858,528
2021,St Austell Bethel & Holmbush,E05013853,3063,2240,1471,769,16,16,305,53,252,501,423,78,1,785,502
2021,St Austell Central & Gover,E05013854,3303,1765,1131,634,38,38,583,129,454,914,823,91,3,672,917
2021,St Columb Minor & Colan,E05013855,2506,1570,826,744,69,69,354,57,297,512,392,120,1,813,513
2021,St Dennis & St Enoder,E05013856,3205,2119,1211,908,51,51,358,109,249,676,566,110,1,959,677
2021,"St Ives East, Lelant & Carbis Bay",E05013857,2791,2176,1515,661,41,41,157,35,122,417,331,86,0,702,417
2021,St Ives West & Towednack,E05013858,2859,1624,1099,525,45,45,653,96,557,535,423,112,2,570,537
2021,St Mewan & Grampound,E05013859,2477,1913,1305,608,37,37,137,39,98,390,293,97,0,645,390
2021,"St Newlyn East, Cubert & Goonhavern",E05013860,2699,1917,1159,758,67,67,301,113,188,412,320,92,2,825,414
2021,Threemilestone & Chacewater,E05013861,2262,1561,934,627,25,25,168,108,60,507,439,68,1,652,508
2021,Bothal,E05013862,2293,1521,762,759,23,23,353,154,199,395,338,57,1,782,396
2021,Pegswood,E05013863,2615,1746,907,839,14,14,451,136,315,404,335,69,0,853,404
2021,Abbey (Reading),E05013864,4763,955,352,603,93,93,519,122,397,3193,3086,107,3,696,3196
2021,Battle,E05013865,4327,1813,658,1155,80,80,486,85,401,1947,1825,122,1,1235,1948
2021,Caversham,E05013866,4672,2998,1423,1575,59,59,598,185,413,1013,941,72,4,1634,1017
2021,Caversham Heights,E05013867,3622,3103,1604,1499,11,11,175,126,49,331,299,32,2,1510,333
2021,Church (Reading),E05013868,4211,1946,863,1083,36,36,1518,923,595,699,626,73,12,1119,711
2021,Coley,E05013869,4621,2044,917,1127,67,67,919,513,406,1583,1509,74,8,1194,1591
2021,Emmer Green,E05013870,3793,3049,1615,1434,47,47,221,118,103,476,418,58,0,1481,476
2021,Katesgrove,E05013871,4640,1462,534,928,59,59,659,353,306,2454,2330,124,6,987,2460
2021,Kentwood,E05013872,3488,2519,1116,1403,16,16,338,275,63,609,544,65,6,1419,615
2021,Norcot,E05013873,4587,2289,915,1374,109,109,1073,658,415,1104,1039,65,12,1483,1116
2021,Park (Reading),E05013874,3823,1831,818,1013,40,40,226,62,164,1725,1610,115,1,1053,1726
2021,Redlands,E05013875,4594,1583,760,823,19,19,599,403,196,2383,2291,92,10,842,2393
2021,Southcote,E05013876,4573,2446,1168,1278,40,40,1174,800,374,894,825,69,19,1318,913
2021,Thames (Reading),E05013877,3525,1312,525,787,56,56,655,351,304,1497,1436,61,5,843,1502
2021,Tilehurst,E05013878,3934,2804,1450,1354,9,9,546,419,127,563,506,57,12,1363,575
2021,Whitley,E05013879,4509,1980,707,1273,142,142,1219,752,467,1151,1089,62,17,1415,1168
2021,Longstanton,E05013880,2846,2064,761,1303,89,89,299,136,163,393,349,44,1,1392,394
2021,Over & Willingham,E05013881,3001,2253,1205,1048,51,51,391,230,161,304,259,45,2,1099,306
2021,Cann Hall (Waltham Forest),E05013882,5652,2149,894,1255,57,57,1750,1173,577,1683,1502,181,13,1312,1696
2021,Cathall,E05013883,3823,1259,558,701,19,19,1138,503,635,1396,1330,66,11,720,1407
2021,Chapel End,E05013884,4868,2703,919,1784,87,87,861,305,556,1213,1121,92,4,1871,1217
2021,Chingford Green,E05013885,4707,3126,1680,1446,40,40,697,302,395,839,765,74,5,1486,844
2021,Endlebury,E05013886,3559,2425,1198,1227,23,23,602,312,290,507,450,57,2,1250,509
2021,Forest (Waltham Forest),E05013887,5831,2707,1215,1492,118,118,1343,301,1042,1655,1535,120,8,1610,1663
2021,Grove Green,E05013888,5487,2560,961,1599,42,42,587,197,390,2291,2159,132,7,1641,2298
2021,Hale End & Highams Park South,E05013889,3553,2168,802,1366,66,66,712,472,240,602,549,53,5,1432,607
2021,Hatch Lane & Highams Park North,E05013890,4991,3094,1443,1651,16,16,1139,902,237,738,665,73,4,1667,742
2021,High Street (Waltham Forest),E05013891,4484,1754,659,1095,116,116,822,328,494,1789,1690,99,3,1211,1792
2021,Higham Hill,E05013892,4983,1974,638,1336,256,256,1735,961,774,1007,921,86,11,1592,1018
2021,Hoe Street,E05013893,5697,2290,915,1375,62,62,1440,908,532,1892,1711,181,13,1437,1905
2021,Larkswood,E05013894,5096,2994,1373,1621,157,157,991,420,571,949,856,93,5,1778,954
2021,Lea Bridge (Waltham Forest),E05013895,5557,2552,949,1603,123,123,862,460,402,2003,1812,191,17,1726,2020
2021,Leyton,E05013896,4832,1724,703,1021,122,122,1435,262,1173,1542,1399,143,9,1143,1551
2021,Leytonstone,E05013897,4817,2247,1014,1233,43,43,762,155,607,1762,1653,109,3,1276,1765
2021,Markhouse,E05013898,3197,1402,584,818,46,46,698,328,370,1044,972,72,7,864,1051
2021,St James (Waltham Forest),E05013899,4563,2012,637,1375,129,129,834,433,401,1582,1493,89,6,1504,1588
2021,Upper Walthamstow,E05013900,2900,1609,681,928,15,15,686,435,251,587,551,36,3,943,590
2021,Valley (Waltham Forest),E05013901,5012,3204,1485,1719,40,40,866,376,490,896,797,99,6,1759,902
2021,William Morris,E05013902,5647,2793,981,1812,58,58,1062,473,589,1730,1608,122,4,1870,1734
2021,Wood Street,E05013903,3638,1604,525,1079,65,65,1073,729,344,884,820,64,12,1144,896
2021,Beckton,E05013904,5480,1577,500,1077,92,92,2046,614,1432,1758,1648,110,7,1169,1765
2021,Boleyn,E05013905,4560,1657,591,1066,103,103,1210,752,458,1585,1467,118,5,1169,1590
2021,Canning Town North,E05013906,3823,820,267,553,123,123,1662,1025,637,1214,1135,79,4,676,1218
2021,Canning Town South,E05013907,2796,557,140,417,108,108,1048,552,496,1077,1019,58,6,525,1083
2021,Custom House,E05013908,6206,1664,522,1142,205,205,2658,1608,1050,1659,1539,120,20,1347,1679
2021,East Ham,E05013909,4298,1713,821,892,27,27,705,409,296,1843,1696,147,10,919,1853
2021,East Ham South,E05013910,5442,2235,820,1415,45,45,1526,1172,354,1619,1483,136,17,1460,1636
2021,Forest Gate North,E05013911,3810,1455,626,829,87,87,1084,424,660,1178,1093,85,6,916,1184
2021,Forest Gate South,E05013912,5859,1756,871,885,93,93,1632,799,833,2354,2113,241,24,978,2378
2021,Green Street East,E05013913,4437,1771,959,812,33,33,593,355,238,2029,1844,185,11,845,2040
2021,Green Street West,E05013914,4135,1708,1006,702,14,14,604,216,388,1802,1642,160,7,716,1809
2021,Little Ilford,E05013915,5062,1681,784,897,66,66,1497,1168,329,1800,1650,150,18,963,1818
2021,Manor Park (Newham),E05013916,4687,1634,820,814,52,52,988,537,451,2000,1868,132,13,866,2013
2021,Maryland,E05013917,4520,1280,548,732,78,78,1457,946,511,1692,1599,93,13,810,1705
2021,Plaistow North,E05013918,5740,1669,737,932,150,150,1999,1181,818,1901,1764,137,21,1082,1922
2021,Plaistow South,E05013919,4223,1707,689,1018,38,38,1041,651,390,1410,1272,138,27,1056,1437
2021,Plaistow West & Canning Town East,E05013920,5817,1452,603,849,97,97,2144,1400,744,2103,1940,163,21,946,2124
2021,Plashet,E05013921,2947,1320,791,529,16,16,428,235,193,1173,1037,136,10,545,1183
2021,Royal Albert,E05013922,3658,807,222,585,159,159,1248,842,406,1431,1376,55,13,744,1444
2021,Royal Victoria,E05013923,6748,1562,307,1255,296,296,1172,160,1012,3716,3590,126,2,1551,3718
2021,Stratford,E05013924,6805,1413,431,982,361,361,1829,783,1046,3164,3021,143,38,1343,3202
2021,Stratford Olympic Park,E05013925,4523,762,123,639,374,374,1089,137,952,2294,2198,96,4,1013,2298
2021,Wall End,E05013926,4596,1831,819,1012,35,35,749,537,212,1976,1796,180,5,1047,1981
2021,West Ham,E05013927,5333,1545,698,847,84,84,1981,1485,496,1701,1601,100,22,931,1723
2021,Alexandra (Kingston upon Thames),E05013928,2379,1831,892,939,8,8,65,37,28,475,430,45,0,947,475
2021,Berrylands,E05013929,2561,1662,812,850,12,12,188,106,82,697,666,31,2,862,699
2021,Canbury Gardens,E05013930,3458,1800,861,939,97,97,355,94,261,1200,1124,76,6,1036,1206
2021,Chessington South & Malden Rushett,E05013931,3706,2646,1188,1458,24,24,457,235,222,577,509,68,2,1482,579
2021,Coombe Hill,E05013932,2667,1751,957,794,6,6,143,92,51,765,686,79,2,800,767
2021,Coombe Vale,E05013933,3820,2585,1274,1311,9,9,259,220,39,964,899,65,3,1320,967
2021,Green Lane & St James,E05013934,2452,1468,708,760,38,38,395,182,213,549,506,43,2,798,551
2021,Hook & Chessington North,E05013935,4155,3062,1432,1630,30,30,507,406,101,553,475,78,3,1660,556
2021,King George's & Sunray,E05013936,2050,1439,662,777,16,16,156,78,78,437,396,41,2,793,439
2021,Kingston Gate,E05013937,4205,2400,1018,1382,9,9,549,441,108,1237,1055,182,10,1391,1247
2021,Kingston Town,E05013938,4293,1813,775,1038,32,32,618,378,240,1825,1709,116,5,1070,1830
2021,Motspur Park & Old Malden East,E05013939,2496,2034,1020,1014,4,4,82,59,23,375,334,41,1,1018,376
2021,New Malden Village,E05013940,3710,2309,1120,1189,36,36,315,196,119,1046,956,90,4,1225,1050
2021,Norbiton,E05013941,4164,1732,730,1002,44,44,1137,958,179,1234,1159,75,17,1046,1251
2021,Old Malden,E05013942,2481,1747,951,796,9,9,286,232,54,436,393,43,3,805,439
2021,St Mark's & Seething Wells,E05013943,5341,2699,1153,1546,18,18,345,112,233,2279,2157,122,0,1564,2279
2021,Surbiton Hill,E05013944,4964,2262,967,1295,19,19,739,465,274,1935,1850,85,9,1314,1944
2021,Tolworth,E05013945,4185,2744,1023,1721,31,31,470,301,169,937,869,68,3,1752,940
2021,Tudor (Kingston upon Thames),E05013946,2543,1949,972,977,18,18,182,56,126,392,363,29,2,995,394
2021,Batchwood,E05013947,2954,1830,794,1036,14,14,812,486,326,294,259,35,4,1050,298
2021,Bernards Heath,E05013948,3297,2064,884,1180,21,21,370,188,182,842,788,54,0,1201,842
2021,Clarence,E05013949,3178,2396,1062,1334,14,14,131,51,80,637,587,50,0,1348,637
2021,Colney Heath,E05013950,1100,774,417,357,2,2,191,159,32,131,99,32,2,359,133
2021,Cunningham,E05013951,3274,1921,957,964,17,17,752,618,134,579,534,45,5,981,584
2021,Harpenden East,E05013952,2934,2103,950,1153,14,14,452,312,140,361,326,35,4,1167,365
2021,Harpenden North & Rural,E05013953,3033,2457,1129,1328,10,10,213,154,59,351,310,41,2,1338,353
2021,Harpenden South,E05013954,2788,2409,1288,1121,2,2,104,95,9,269,242,27,4,1123,273
2021,Harpenden West,E05013955,3293,2453,1342,1111,13,13,162,88,74,665,602,63,0,1124,665
2021,Hill End,E05013956,2702,2074,897,1177,12,12,331,60,271,285,247,38,0,1189,285
2021,London Colney,E05013957,3261,2180,1030,1150,15,15,497,394,103,566,516,50,3,1165,569
2021,Marshalswick East & Jersey Farm,E05013958,3036,2314,1243,1071,26,26,201,113,88,492,458,34,3,1097,495
2021,Marshalswick West,E05013959,1868,1551,753,798,4,4,153,99,54,159,140,19,1,802,160
2021,Park Street,E05013960,3257,2353,1189,1164,50,50,450,198,252,398,345,53,6,1214,404
2021,Redbourn,E05013961,2318,1727,954,773,7,7,344,258,86,239,199,40,1,780,240
2021,Sandridge & Wheathampstead,E05013962,3199,2322,1259,1063,7,7,550,467,83,319,287,32,1,1070,320
2021,Sopwell,E05013963,3000,1702,748,954,12,12,712,576,136,564,505,59,10,966,574
2021,St Peters (St Albans),E05013964,4094,1967,758,1209,17,17,532,212,320,1574,1495,79,4,1226,1578
2021,St Stephen (St Albans),E05013965,3303,2759,1546,1213,19,19,127,63,64,395,344,51,3,1232,398
2021,Verulam,E05013966,3098,2493,1415,1078,20,20,102,29,73,483,417,66,0,1098,483
2021,Beam Park,E05013967,1816,866,331,535,86,86,624,162,462,237,211,26,3,621,240
2021,Cranham,E05013968,5149,4381,2427,1954,22,22,259,228,31,484,414,70,3,1976,487
2021,Elm Park,E05013969,6438,4730,2359,2371,35,35,808,618,190,861,749,112,4,2406,865
2021,Emerson Park,E05013970,3512,3072,1732,1340,4,4,145,31,114,290,254,36,1,1344,291
2021,Gooshays,E05013971,6581,3362,1360,2002,77,77,2323,1989,334,811,725,86,8,2079,819
2021,Hacton,E05013972,3359,2788,1545,1243,19,19,197,157,40,354,303,51,1,1262,355
2021,Harold Wood,E05013973,5643,4004,1864,2140,124,124,505,257,248,1006,911,95,4,2264,1010
2021,Havering-atte-Bower,E05013974,5947,4060,1966,2094,57,57,1070,793,277,754,652,102,6,2151,760
2021,Heaton (Havering),E05013975,6474,3129,1195,1934,36,36,2431,2018,413,855,755,100,23,1970,878
2021,Hylands & Harrow Lodge,E05013976,5295,4261,2238,2023,25,25,365,289,76,637,561,76,7,2048,644
2021,Marshalls & Rise Park,E05013977,4886,4113,2264,1849,21,21,214,122,92,536,471,65,2,1870,538
2021,Mawneys,E05013978,5487,4040,1965,2075,25,25,643,562,81,777,704,73,2,2100,779
2021,Rainham & Wennington,E05013979,5117,3706,1912,1794,33,33,479,232,247,896,811,85,3,1827,899
2021,Rush Green & Crowlands,E05013980,5904,3243,1338,1905,91,91,993,400,593,1567,1458,109,10,1996,1577
2021,St Alban's,E05013981,3519,1721,699,1022,92,92,469,257,212,1233,1164,69,4,1114,1237
2021,St Andrew's (Havering),E05013982,6202,4553,2523,2030,10,10,567,349,218,1070,974,96,2,2040,1072
2021,St Edward's,E05013983,4479,2420,1077,1343,133,133,631,265,366,1292,1218,74,3,1476,1295
2021,South Hornchurch,E05013984,3987,2917,1427,1490,26,26,475,355,120,565,494,71,4,1516,569
2021,Squirrels Heath,E05013985,6313,4582,2158,2424,51,51,504,259,245,1171,1088,83,5,2475,1176
2021,Upminster,E05013986,5165,4430,2538,1892,10,10,105,81,24,619,535,84,1,1902,620
2021,Beckenham Town & Copers Cope,E05013987,8019,4545,2238,2307,113,113,686,55,631,2674,2474,200,1,2420,2675
2021,Bickley & Sundridge,E05013988,7149,5385,2631,2754,23,23,545,30,515,1194,1098,96,2,2777,1196
2021,Biggin Hill,E05013989,4285,3708,1940,1768,22,22,203,22,181,350,294,56,2,1790,352
2021,Bromley Common & Holwood,E05013990,7589,5261,2252,3009,60,60,1078,133,945,1190,1073,117,0,3069,1190
2021,Bromley Town,E05013991,6718,3775,1715,2060,111,111,636,53,583,2192,2022,170,4,2171,2196
2021,Chelsfield,E05013992,4392,3674,1892,1782,20,20,243,21,222,454,393,61,1,1802,455
2021,Chislehurst,E05013993,6268,4829,2439,2390,47,47,447,30,417,945,825,120,0,2437,945
2021,Clock House,E05013994,7467,4913,1947,2966,83,83,872,91,781,1598,1483,115,1,3049,1599
2021,Crystal Palace & Anerley,E05013995,5682,2064,550,1514,103,103,1670,204,1466,1839,1741,98,6,1617,1845
2021,Darwin,E05013996,2287,1914,1099,815,12,12,113,14,99,248,181,67,0,827,248
2021,Farnborough & Crofton,E05013997,7053,5826,3205,2621,12,12,580,32,548,635,544,91,0,2633,635
2021,Hayes & Coney Hall,E05013998,5918,5164,2646,2518,23,23,220,14,206,508,439,69,3,2541,511
2021,Kelsey & Eden Park,E05013999,5994,4649,2307,2342,34,34,540,40,500,771,668,103,0,2376,771
2021,Mottingham,E05014000,4633,2535,1050,1485,47,47,1288,179,1109,759,658,101,4,1532,763
2021,Orpington,E05014001,4729,3379,1870,1509,38,38,750,103,647,557,492,65,5,1547,562
2021,Penge & Cator,E05014002,8405,3908,1447,2461,105,105,2375,322,2053,2012,1867,145,5,2566,2017
2021,Petts Wood & Knoll,E05014003,6910,5789,3078,2711,25,25,260,31,229,835,746,89,1,2736,836
2021,Plaistow,E05014004,5494,3569,1579,1990,37,37,883,80,803,1003,913,90,2,2027,1005
2021,Shortlands & Park Langley,E05014005,6703,4782,2347,2435,26,26,414,47,367,1477,1368,109,4,2461,1481
2021,St Mary Cray,E05014006,7614,4881,2421,2460,121,121,1613,220,1393,997,885,112,2,2581,999
2021,St Paul's Cray,E05014007,6814,3668,1579,2089,84,84,2244,355,1889,817,724,93,1,2173,818
2021,West Wickham,E05014008,5709,4811,2561,2250,23,23,269,17,252,605,527,78,1,2273,606
2021,Balham,E05014009,7432,3669,1483,2186,73,73,882,376,506,2803,2645,158,5,2259,2808
2021,Battersea Park,E05014010,8504,2734,1457,1277,221,221,2472,2180,292,3060,2812,248,17,1498,3077
2021,East Putney,E05014011,7482,3431,1506,1925,141,141,735,491,244,3157,2879,278,18,2066,3175
2021,Falconbrook,E05014012,5042,1182,500,682,113,113,2273,1950,323,1461,1362,99,13,795,1474
2021,Furzedown,E05014013,6850,3273,1363,1910,89,89,1323,620,703,2162,2025,137,3,1999,2165
2021,Lavender,E05014014,5883,2391,927,1464,28,28,721,146,575,2739,2522,217,4,1492,2743
2021,Nine Elms,E05014015,2819,639,322,317,214,214,319,50,269,1647,1546,101,0,531,1647
2021,Northcote,E05014016,4607,2861,1176,1685,16,16,381,140,241,1348,1241,107,1,1701,1349
2021,Roehampton,E05014017,6695,1881,921,960,157,157,2916,2523,393,1716,1508,208,25,1117,1741
2021,St Mary's (Wandsworth),E05014018,6900,2632,1093,1539,322,322,1067,536,531,2878,2632,246,1,1861,2879
2021,Shaftesbury & Queenstown,E05014019,6659,1960,788,1172,84,84,2546,1266,1280,2058,1921,137,11,1256,2069
2021,South Balham,E05014020,4426,1905,725,1180,16,16,839,173,666,1662,1582,80,4,1196,1666
2021,Southfields,E05014021,5192,3036,1166,1870,73,73,363,149,214,1718,1627,91,2,1943,1720
2021,Thamesfield,E05014022,7441,3738,1698,2040,232,232,620,318,302,2846,2658,188,5,2272,2851
2021,Tooting Bec,E05014023,6646,3104,1410,1694,60,60,1016,748,268,2457,2307,150,9,1754,2466
2021,Tooting Broadway,E05014024,6958,2583,1032,1551,81,81,1056,612,444,3221,3038,183,17,1632,3238
2021,Trinity (Wandsworth),E05014025,4926,2449,1002,1447,60,60,517,144,373,1900,1767,133,0,1507,1900
2021,Wandle (Wandsworth),E05014026,4364,1996,624,1372,64,64,770,344,426,1530,1451,79,4,1436,1534
2021,Wandsworth Common,E05014027,6524,3381,1193,2188,112,112,1117,487,630,1910,1756,154,4,2300,1914
2021,Wandsworth Town,E05014028,8299,3276,1095,2181,200,200,1595,819,776,3222,3020,202,6,2381,3228
2021,West Hill (Wandsworth),E05014029,6603,2682,1221,1461,66,66,1571,1379,192,2274,2118,156,10,1527,2284
2021,West Putney,E05014030,7145,3522,1708,1814,91,91,1447,1201,246,2064,1875,189,21,1905,2085
2021,Cambourne,E05014031,4361,2577,693,1884,354,354,663,76,587,765,709,56,2,2238,767
2021,Caxton & Papworth,E05014032,2618,1764,741,1023,53,53,484,116,368,317,273,44,0,1076,317
2021,Balderstone & Kirkholt,E05014033,4536,2297,956,1341,7,7,1598,1180,418,614,523,91,20,1348,634
2021,Bamford,E05014034,4218,3237,1941,1296,15,15,314,188,126,641,562,79,11,1311,652
2021,Castleton,E05014035,4385,2730,1405,1325,19,19,726,333,393,907,778,129,3,1344,910
2021,Central Rochdale,E05014036,4259,1908,975,933,10,10,894,406,488,1438,1320,118,9,943,1447
2021,East Middleton,E05014037,4951,3040,1526,1514,16,16,950,513,437,937,837,100,8,1530,945
2021,Healey,E05014038,4216,3000,1589,1411,3,3,483,301,182,721,639,82,9,1414,730
2021,Hopwood Hall,E05014039,4609,2863,1432,1431,56,56,964,641,323,720,638,82,6,1487,726
2021,Kingsway (Rochdale),E05014040,4118,2199,984,1215,11,11,1084,503,581,817,713,104,7,1226,824
2021,Littleborough Lakeside,E05014041,4259,3054,1628,1426,6,6,340,202,138,859,739,120,0,1432,859
2021,Milkstone & Deeplish,E05014042,3722,1584,1002,582,7,7,999,396,603,1109,967,142,23,589,1132
2021,Milnrow & Newhey,E05014043,4718,3311,1775,1536,13,13,533,318,215,859,764,95,2,1549,861
2021,Norden (Rochdale),E05014044,4051,3420,1782,1638,6,6,94,49,45,529,457,72,2,1644,531
2021,North Heywood,E05014045,5116,2483,1176,1307,15,15,1341,719,622,1261,1153,108,16,1322,1277
2021,North Middleton,E05014046,5144,3187,1613,1574,21,21,974,532,442,952,850,102,10,1595,962
2021,Smallbridge & Firgrove,E05014047,4711,2121,879,1242,38,38,1797,1116,681,744,671,73,11,1280,755
2021,South Middleton,E05014048,4715,3416,1854,1562,18,18,702,404,298,572,490,82,7,1580,579
2021,Spotland & Falinge,E05014049,4808,2312,1195,1117,15,15,1483,910,573,967,838,129,31,1132,998
2021,"Wardle, Shore & West Littleborough",E05014050,4301,3360,1611,1749,22,22,298,179,119,621,516,105,0,1771,621
2021,West Heywood,E05014051,5122,2851,1338,1513,20,20,1506,543,963,739,649,90,6,1533,745
2021,West Middleton,E05014052,4264,2009,755,1254,24,24,1737,539,1198,490,431,59,4,1278,494
2021,Abbey (Barking and Dagenham),E05014053,1420,328,135,193,34,34,285,162,123,757,709,48,16,227,773
2021,Alibon,E05014054,3387,1591,582,1009,45,45,912,738,174,836,753,83,3,1054,839
2021,Barking Riverside,E05014055,3358,1220,172,1048,133,133,1300,846,454,701,661,40,4,1181,705
2021,Beam,E05014056,2788,1337,537,800,24,24,599,447,152,821,763,58,7,824,828
2021,Becontree,E05014057,3075,1328,441,887,40,40,859,681,178,841,759,82,7,927,848
2021,Chadwell Heath,E05014058,4913,2399,1028,1371,25,25,1470,1133,337,1010,921,89,9,1396,1019
2021,Eastbrook & Rush Green,E05014059,3023,1828,758,1070,21,21,691,541,150,479,430,49,4,1091,483
2021,Eastbury,E05014060,5166,2163,736,1427,39,39,1779,1467,312,1180,1084,96,5,1466,1185
2021,Gascoigne,E05014061,3862,906,277,629,257,257,1624,1341,283,1062,974,88,13,886,1075
2021,Goresbrook,E05014062,4526,1774,596,1178,72,72,1665,1295,370,1007,922,85,8,1250,1015
2021,Heath (Barking and Dagenham),E05014063,3250,1311,412,899,55,55,1315,1199,116,562,520,42,7,954,569
2021,Longbridge,E05014064,3767,2541,1008,1533,12,12,409,329,80,805,731,74,0,1545,805
2021,Mayesbrook,E05014065,5422,1964,637,1327,67,67,2033,1482,551,1345,1241,104,13,1394,1358
2021,Northbury,E05014066,4376,1203,470,733,158,158,1263,870,393,1742,1631,111,10,891,1752
2021,Parsloes,E05014067,5339,2332,801,1531,25,25,1911,1622,289,1062,957,105,9,1556,1071
2021,Thames View,E05014068,1956,691,213,478,40,40,871,645,226,349,309,40,5,518,354
2021,Valence,E05014069,5288,2286,778,1508,51,51,1806,1535,271,1129,1047,82,16,1559,1145
2021,Village (Barking and Dagenham),E05014070,4528,1722,733,989,77,77,1723,1273,450,1002,907,95,4,1066,1006
2021,Whalebone,E05014071,4450,2396,816,1580,99,99,752,470,282,1200,1126,74,3,1679,1203
2021,Abbey Wood,E05014072,6301,2545,1068,1477,28,28,2197,1825,372,1514,1407,107,17,1505,1531
2021,Blackheath Westcombe,E05014073,6798,3548,1656,1892,100,100,1409,996,413,1734,1619,115,7,1992,1741
2021,Charlton Hornfair,E05014074,4523,1965,770,1195,58,58,1618,791,827,878,762,116,4,1253,882
2021,Charlton Village & Riverside,E05014075,4054,1456,589,867,25,25,1717,1101,616,842,766,76,14,892,856
2021,East Greenwich,E05014076,6422,2645,716,1929,256,256,1850,905,945,1668,1571,97,3,2185,1671
2021,Eltham Page,E05014077,3421,1451,539,912,79,79,1460,1161,299,426,379,47,5,991,431
2021,Eltham Park & Progress,E05014078,4242,3009,1403,1606,37,37,704,239,465,488,435,53,4,1643,492
2021,Eltham Town & Avery Hill,E05014079,6294,3719,1842,1877,98,98,1322,985,337,1144,1032,112,11,1975,1155
2021,Greenwich Creekside,E05014080,4784,1149,318,831,227,227,1609,857,752,1796,1713,83,3,1058,1799
2021,Greenwich Park,E05014081,4619,1905,748,1157,60,60,1300,717,583,1348,1256,92,6,1217,1354
2021,Greenwich Peninsula,E05014082,5032,1703,348,1355,299,299,1046,192,854,1983,1882,101,1,1654,1984
2021,Kidbrooke Park,E05014083,3934,2061,806,1255,21,21,1097,903,194,748,699,49,7,1276,755
2021,Kidbrooke Village & Sutcliffe,E05014084,2749,1010,382,628,182,182,562,217,345,993,945,48,2,810,995
2021,Middle Park & Horn Park,E05014085,3437,1611,685,926,14,14,1395,1251,144,399,351,48,18,940,417
2021,"Mottingham, Coldharbour & New Eltham",E05014086,5694,3540,1628,1912,21,21,1402,1128,274,720,629,91,11,1933,731
2021,Plumstead & Glyndon,E05014087,7598,2521,1061,1460,46,46,2504,1528,976,2494,2276,218,33,1506,2527
2021,Plumstead Common,E05014088,5860,3076,1398,1678,59,59,1496,802,694,1217,1072,145,12,1737,1229
2021,Shooters Hill,E05014089,4760,2139,901,1238,52,52,1443,1063,380,1108,985,123,18,1290,1126
2021,Thamesmead Moorings,E05014090,4616,1297,380,917,116,116,2145,324,1821,1037,971,66,21,1033,1058
2021,West Thamesmead,E05014091,3958,1171,284,887,171,171,1006,157,849,1600,1487,113,10,1058,1610
2021,Woolwich Arsenal,E05014092,5719,1301,298,1003,371,371,1441,716,725,2600,2520,80,6,1374,2606
2021,Woolwich Common,E05014093,4647,1179,368,811,108,108,2037,1515,522,1315,1135,180,8,919,1323
2021,Woolwich Dockyard,E05014094,4609,928,287,641,47,47,2568,1885,683,1041,973,68,25,688,1066
2021,Brixton Acre Lane,E05014095,6615,2101,683,1418,89,89,2003,1018,985,2410,2221,189,12,1507,2422
2021,Brixton North,E05014096,6712,1318,396,922,223,223,3646,2035,1611,1498,1380,118,27,1145,1525
2021,Brixton Rush Common,E05014097,6309,2072,742,1330,112,112,2298,1547,751,1823,1689,134,4,1442,1827
2021,Brixton Windrush,E05014098,4088,857,321,536,172,172,1921,643,1278,1133,1049,84,5,708,1138
2021,Clapham Common & Abbeville,E05014099,4220,1897,710,1187,17,17,708,474,234,1592,1479,113,6,1204,1598
2021,Clapham East,E05014100,4250,1050,361,689,34,34,1562,1175,387,1598,1498,100,6,723,1604
2021,Clapham Park,E05014101,5434,1566,492,1074,218,218,2078,888,1190,1564,1400,164,8,1292,1572
2021,Clapham Town,E05014102,7103,2469,994,1475,115,115,1908,1298,610,2604,2420,184,7,1590,2611
2021,Gipsy Hill,E05014103,4374,1579,463,1116,46,46,1714,1146,568,1029,971,58,6,1162,1035
2021,Herne Hill & Loughborough Junction,E05014104,6564,2505,904,1601,95,95,2062,807,1255,1899,1735,164,3,1696,1902
2021,Kennington (Lambeth),E05014105,6499,1709,718,991,152,152,3120,1687,1433,1507,1333,174,11,1143,1518
2021,Knight's Hill,E05014106,6913,2965,1040,1925,61,61,2194,1447,747,1679,1566,113,14,1986,1693
2021,Myatt's Fields,E05014107,4627,1113,290,823,143,143,2429,1913,516,929,855,74,13,966,942
2021,Oval,E05014108,5529,1427,609,818,31,31,1961,881,1080,2095,1957,138,15,849,2110
2021,St Martin's (Lambeth),E05014109,4551,1372,400,972,66,66,1759,419,1340,1350,1235,115,4,1038,1354
2021,Stockwell East,E05014110,4714,1332,500,832,63,63,1715,454,1261,1590,1503,87,14,895,1604
2021,Stockwell West & Larkhall,E05014111,6862,1423,528,895,83,83,3293,1877,1416,2051,1896,155,12,978,2063
2021,Streatham Common & Vale,E05014112,6633,3258,1409,1849,88,88,1161,516,645,2116,1968,148,10,1937,2126
2021,Streatham Hill East,E05014113,4021,1602,536,1066,43,43,1152,909,243,1221,1137,84,3,1109,1224
2021,Streatham Hill West & Thornton,E05014114,4630,2182,711,1471,50,50,828,322,506,1569,1482,87,1,1521,1570
2021,Streatham St Leonard's,E05014115,6533,2708,906,1802,107,107,918,380,538,2793,2681,112,7,1909,2800
2021,Streatham Wells,E05014116,4087,1882,662,1220,71,71,682,433,249,1449,1350,99,3,1291,1452
2021,Vauxhall (Lambeth),E05014117,4848,1031,479,552,272,272,1575,893,682,1968,1801,167,2,824,1970
2021,Waterloo & South Bank,E05014118,3863,812,428,384,53,53,1397,603,794,1595,1449,146,6,437,1601
2021,West Dulwich,E05014119,4703,2241,899,1342,39,39,1155,362,793,1261,1173,88,7,1381,1268
2021,Billinge & Seneley Green,E05014120,4606,3833,2374,1459,15,15,400,147,253,355,287,68,3,1474,358
2021,Blackbrook (St. Helens),E05014121,4554,3194,1821,1373,16,16,820,312,508,523,429,94,1,1389,524
2021,Bold & Lea Green,E05014122,4962,3158,1414,1744,35,35,1190,367,823,574,491,83,5,1779,579
2021,Eccleston,E05014123,4492,3819,2277,1542,8,8,345,100,245,319,242,77,1,1550,320
2021,Haydock,E05014124,4825,3261,1847,1414,44,44,860,297,563,649,569,80,11,1458,660
2021,Moss Bank,E05014125,4844,3264,1855,1409,23,23,1092,307,785,459,375,84,6,1432,465
2021,Newton-le-Willows East,E05014126,5437,3526,1521,2005,50,50,1177,351,826,680,579,101,4,2055,684
2021,Newton-le-Willows West,E05014127,5734,3167,1338,1829,103,103,1522,469,1053,939,854,85,3,1932,942
2021,Parr,E05014128,5463,2141,1052,1089,23,23,2105,810,1295,1178,1086,92,16,1112,1194
2021,Peasley Cross & Fingerpost,E05014129,1497,530,293,237,58,58,567,183,384,341,324,17,1,295,342
2021,Rainford,E05014130,3504,2928,1877,1051,15,15,232,66,166,329,274,55,0,1066,329
2021,Rainhill,E05014131,4962,4012,2436,1576,56,56,349,84,265,540,465,75,5,1632,545
2021,St Helens Town Centre,E05014132,4082,1438,779,659,24,24,1287,329,958,1325,1223,102,8,683,1333
2021,Sutton North West,E05014133,3127,2155,1156,999,5,5,568,149,419,397,340,57,2,1004,399
2021,Sutton South East,E05014134,2962,1878,984,894,16,16,386,108,278,681,616,65,1,910,682
2021,Thatto Heath,E05014135,5719,3155,1600,1555,44,44,1568,536,1032,946,848,98,6,1599,952
2021,West Park (St. Helens),E05014136,5470,3349,1779,1570,66,66,754,226,528,1298,1160,138,3,1636,1301
2021,Windle,E05014137,4772,3239,1620,1619,25,25,774,191,583,730,624,106,4,1644,734
2021,Alverstoke,E05014138,2676,2260,1412,848,2,2,90,24,66,323,251,72,1,850,324
2021,Anglesey (Gosport),E05014139,2165,1684,1041,643,7,7,164,73,91,308,255,53,2,650,310
2021,Bridgemary,E05014140,2421,1534,816,718,25,25,629,397,232,223,194,29,10,743,233
2021,Brockhurst & Privett,E05014141,2414,1555,881,674,24,24,320,215,105,511,401,110,4,698,515
2021,Elson,E05014142,2525,1936,926,1010,9,9,187,142,45,391,324,67,2,1019,393
2021,Forton,E05014143,2659,1036,462,574,62,62,899,426,473,653,596,57,9,636,662
2021,Grange & Alver Valley,E05014144,2785,1096,355,741,84,84,826,59,767,777,559,218,2,825,779
2021,Harbourside & Town,E05014145,2652,1124,697,427,9,9,789,535,254,720,651,69,10,436,730
2021,Hardway,E05014146,2794,1902,919,983,63,63,207,51,156,622,549,73,0,1046,622
2021,Lee East,E05014147,2439,1804,871,933,43,43,316,87,229,276,242,34,0,976,276
2021,Lee West,E05014148,2424,1833,1296,537,68,68,115,44,71,407,257,150,1,605,408
2021,Leesland & Newtown,E05014149,3075,1963,942,1021,23,23,298,188,110,790,719,71,1,1044,791
2021,Peel Common,E05014150,2473,1836,1041,795,4,4,385,293,92,239,204,35,9,799,248
2021,Rowner & Holbrook,E05014151,2413,1282,652,630,10,10,639,466,173,472,277,195,10,640,482
2021,Besses,E05014152,4630,2705,1308,1397,16,16,1166,364,802,742,674,68,1,1413,743
2021,Bury East,E05014153,5210,2377,1175,1202,25,25,1394,852,542,1399,1254,145,15,1227,1414
2021,Bury West,E05014154,4643,3649,2105,1544,12,12,439,290,149,537,456,81,6,1556,543
2021,Elton,E05014155,4890,3456,1736,1720,9,9,543,380,163,871,777,94,11,1729,882
2021,Holyrood,E05014156,4755,3495,1773,1722,14,14,436,283,153,804,725,79,6,1736,810
2021,Moorside (Bury),E05014157,4950,2671,1323,1348,43,43,1113,707,406,1105,966,139,18,1391,1123
2021,North Manor,E05014158,4211,3613,2211,1402,8,8,185,149,36,404,333,71,1,1410,405
2021,Pilkington Park,E05014159,4220,3348,1864,1484,18,18,207,129,78,645,560,85,2,1502,647
2021,Radcliffe East,E05014160,4865,2870,1314,1556,31,31,774,341,433,1182,1045,137,8,1587,1190
2021,Radcliffe North & Ainsworth,E05014161,5344,3706,1994,1712,9,9,963,706,257,654,559,95,12,1721,666
2021,Radcliffe West,E05014162,4996,2653,1180,1473,18,18,1144,637,507,1166,1074,92,15,1491,1181
2021,Ramsbottom,E05014163,5094,3743,1861,1882,9,9,507,285,222,833,735,98,2,1891,835
2021,Redvales,E05014164,4562,2466,1212,1254,26,26,1126,439,687,938,831,107,6,1280,944
2021,Sedgley (Bury),E05014165,4429,3004,1462,1542,14,14,443,294,149,966,879,87,2,1556,968
2021,St. Mary's (Bury),E05014166,4904,3181,1513,1668,7,7,870,360,510,840,749,91,6,1675,846
2021,Tottington,E05014167,4235,3503,1822,1681,10,10,191,120,71,529,451,78,2,1691,531
2021,Unsworth,E05014168,4754,3553,1900,1653,24,24,535,378,157,635,560,75,7,1677,642
2021,Duxford,E05014169,1630,1081,562,519,21,21,281,170,111,244,196,48,3,540,247
2021,Sawston,E05014170,3057,2035,1146,889,71,71,597,424,173,349,294,55,5,960,354
2021,Aspatria,E05014171,2387,1640,1048,592,6,6,378,36,342,362,270,92,1,598,363
2021,Belah,E05014172,3076,2363,1434,929,43,43,231,46,185,439,372,67,0,972,439
2021,Belle Vue (Carlisle),E05014173,2934,1954,1045,909,12,12,683,140,543,285,242,43,0,921,285
2021,Botcherby,E05014174,2901,1740,899,841,49,49,597,149,448,514,461,53,1,890,515
2021,Bothel and Wharrels,E05014175,2217,1732,1272,460,30,30,131,9,122,324,211,113,0,490,324
2021,Brampton (Carlisle),E05014176,2615,1673,1080,593,9,9,483,61,422,447,363,84,3,602,450
2021,Bransty,E05014177,2472,1769,1030,739,5,5,426,137,289,269,223,46,3,744,272
2021,Castle (Carlisle),E05014178,3110,1186,642,544,7,7,503,85,418,1411,1314,97,3,551,1414
2021,Cleator Moor East and Frizington,E05014179,2442,1722,1087,635,2,2,449,127,322,266,214,52,3,637,269
2021,Cleator Moor West,E05014180,2761,1801,1016,785,3,3,586,131,455,370,307,63,1,788,371
2021,Cockermouth North,E05014181,3219,2050,1287,763,34,34,621,69,552,514,440,74,0,797,514
2021,Cockermouth South,E05014182,2654,2243,1435,808,30,30,146,12,134,235,198,37,0,838,235
2021,Corby and Hayton,E05014183,2169,1751,1160,591,13,13,118,19,99,286,230,56,1,604,287
2021,Currock,E05014184,3128,1650,827,823,14,14,407,58,349,1057,967,90,0,837,1057
2021,Dalston and Burgh,E05014185,3289,2727,1490,1237,20,20,162,17,145,380,285,95,0,1257,380
2021,Dearham and Broughton,E05014186,2610,2014,1157,857,5,5,392,52,340,199,157,42,0,862,199
2021,Denton Holme,E05014187,3248,1711,868,843,9,9,559,93,466,968,877,91,1,852,969
2021,Egremont,E05014188,2684,1716,1029,687,6,6,674,217,457,285,232,53,3,693,288
2021,Egremont North and St Bees,E05014189,2427,1711,1001,710,7,7,444,196,248,263,216,47,2,717,265
2021,Gosforth (Copeland),E05014190,2724,2287,1469,818,7,7,174,50,124,255,182,73,1,825,256
2021,Harraby North,E05014191,2993,1728,814,914,3,3,721,176,545,538,477,61,3,917,541
2021,Harraby South,E05014192,2558,1746,886,860,20,20,451,95,356,339,293,46,2,880,341
2021,Harrington,E05014193,2890,1977,1047,930,3,3,684,93,591,226,168,58,0,933,226
2021,Hillcrest and Hensingham,E05014194,2481,2090,1160,930,24,24,210,72,138,157,119,38,0,954,157
2021,Houghton and Irthington,E05014195,2281,1935,1199,736,14,14,43,4,39,289,229,60,0,750,289
2021,Howgate,E05014196,2496,1761,1035,726,1,1,518,131,387,215,163,52,1,727,216
2021,Kells and Sandwith,E05014197,3079,1828,925,903,24,24,802,254,548,419,358,61,6,927,425
2021,Keswick,E05014198,2421,1541,1120,421,32,32,535,71,464,313,220,93,0,453,313
2021,Longtown,E05014199,2290,1578,1014,564,12,12,218,36,182,482,375,107,0,576,482
2021,Maryport North,E05014200,2880,2010,1315,695,10,10,413,56,357,446,381,65,1,705,447
2021,Maryport South,E05014201,2901,1443,829,614,6,6,1162,164,998,290,227,63,0,620,290
2021,Millom,E05014202,2639,1803,1122,681,6,6,419,111,308,406,343,63,5,687,411
2021,Millom Without,E05014203,2124,1672,1179,493,9,9,185,23,162,258,183,75,0,502,258
2021,Mirehouse,E05014204,2454,1678,936,742,2,2,539,185,354,234,186,48,1,744,235
2021,Morton (Carlisle),E05014205,2998,1778,1026,752,26,26,798,160,638,393,332,61,3,778,396
2021,Moss Bay and Moorclose,E05014206,3222,1496,882,614,15,15,1507,219,1288,202,163,39,2,629,204
2021,St John's and Great Clifton,E05014207,2943,2337,1399,938,26,26,294,35,259,285,224,61,1,964,286
2021,St Michael's (Allerdale),E05014208,2855,1640,930,710,2,2,484,62,422,726,639,87,3,712,729
2021,Seaton (Allerdale),E05014209,2960,2114,1215,899,13,13,616,83,533,217,167,50,0,912,217
2021,Solway Coast,E05014210,2441,1865,1314,551,9,9,259,39,220,308,236,72,0,560,308
2021,Stanwix Urban,E05014211,2559,2062,1284,778,114,114,144,14,130,238,210,28,1,892,239
2021,Thursby,E05014212,2239,1826,1224,602,7,7,117,17,100,288,191,97,1,609,289
2021,Upperby,E05014213,2792,1660,896,764,29,29,787,190,597,311,255,56,5,793,316
2021,Wetheral,E05014214,3144,2661,1575,1086,18,18,155,23,132,310,243,67,0,1104,310
2021,Wigton,E05014215,3135,2119,1296,823,14,14,573,79,494,429,350,79,0,837,429
2021,Yewdale,E05014216,2573,2143,1287,856,6,6,209,33,176,214,166,48,1,862,215
2021,Alston and Fellside,E05014217,2819,2137,1483,654,20,20,223,33,190,439,334,105,0,674,439
2021,Appleby and Brough,E05014218,2759,1968,1380,588,45,45,215,19,196,531,424,107,0,633,531
2021,Bowness and Lyth,E05014219,1728,1161,839,322,16,16,111,36,75,440,351,89,0,338,440
2021,Burton and Holme,E05014220,1519,1256,768,488,7,7,45,17,28,211,175,36,0,495,211
2021,Coniston and Hawkshead,E05014221,1492,961,721,240,6,6,222,49,173,303,228,75,0,246,303
2021,Dalton North,E05014222,2658,2242,1227,1015,3,3,66,31,35,345,303,42,2,1018,347
2021,Dalton South,E05014223,2772,2148,1186,962,3,3,197,153,44,424,365,59,0,965,424
2021,Eamont and Shap,E05014224,1958,1386,930,456,5,5,199,31,168,368,279,89,0,461,368
2021,Eden and Lyvennet Vale,E05014225,2433,1821,1240,581,15,15,131,14,117,466,366,100,0,596,466
2021,Grange and Cartmel,E05014226,5055,3878,2759,1119,32,32,321,118,203,822,659,163,2,1151,824
2021,Greystoke and Ullswater,E05014227,1862,1408,1018,390,13,13,123,23,100,318,194,124,0,403,318
2021,Hawcoat and Newbarns,E05014228,4732,4079,2395,1684,9,9,314,272,42,325,223,102,5,1693,330
2021,Hesket and Lazonby,E05014229,2667,2008,1329,679,19,19,142,24,118,498,394,104,0,698,498
2021,High Furness,E05014230,1678,1328,859,469,3,3,77,30,47,270,211,59,0,472,270
2021,Kendal Castle,E05014231,2699,2257,1394,863,12,12,145,64,81,285,225,60,0,875,285
2021,Kendal Highgate,E05014232,2828,1634,972,662,21,21,561,283,278,604,531,73,8,683,612
2021,Kendal Nether,E05014233,2909,2016,1186,830,16,16,413,194,219,462,405,57,2,846,464
2021,Kendal South,E05014234,2847,2274,1467,807,34,34,236,111,125,302,243,59,1,841,303
2021,Kendal Strickland and Fell,E05014235,3156,1963,1181,782,13,13,479,181,298,699,632,67,2,795,701
2021,Kent Estuary,E05014236,2854,2243,1558,685,12,12,276,135,141,323,254,69,0,697,323
2021,Kirkby Stephen and Tebay,E05014237,2267,1593,1116,477,19,19,199,30,169,456,368,88,0,496,456
2021,Levens and Crooklands,E05014238,1706,1388,906,482,3,3,63,20,43,252,196,56,0,485,252
2021,Low Furness,E05014239,1825,1576,939,637,6,6,79,52,27,163,126,37,1,643,164
2021,Old Barrow and Hindpool,E05014240,6320,2931,1616,1315,15,15,1186,523,663,2178,2022,156,10,1330,2188
2021,Ormsgill and Parkside,E05014241,5104,3507,1771,1736,14,14,782,639,143,794,675,119,7,1750,801
2021,Penrith North,E05014242,3442,2417,1600,817,35,35,461,101,360,529,443,86,0,852,529
2021,Penrith South,E05014243,4399,2624,1566,1058,84,84,844,122,722,847,720,127,0,1142,847
2021,Risedale and Roosecote,E05014244,4753,3666,1914,1752,6,6,487,429,58,587,488,99,7,1758,594
2021,Sedbergh and Kirkby Lonsdale,E05014245,3393,2463,1752,711,29,29,277,130,147,624,483,141,0,740,624
2021,Ulverston,E05014246,5628,4022,2400,1622,24,24,660,403,257,917,774,143,5,1646,922
2021,Upper Kent,E05014247,1801,1263,870,393,18,18,226,68,158,292,228,64,2,411,294
2021,Walney Island,E05014248,4928,3889,2142,1747,8,8,422,343,79,606,512,94,3,1755,609
2021,Windermere and Ambleside,E05014249,4534,2583,1822,761,22,22,919,311,608,1006,803,203,4,783,1010
2021,Aire Valley,E05014250,2728,2236,1237,999,8,8,150,37,113,334,284,50,0,1007,334
2021,Aiskew & Leeming,E05014251,2423,1534,887,647,25,25,280,35,245,584,257,327,0,672,584
2021,Amotherby & Ampleforth,E05014252,2314,1648,1093,555,9,9,199,22,177,458,355,103,0,564,458
2021,Appleton Roebuck & Church Fenton,E05014253,2463,1918,975,943,27,27,169,113,56,348,280,68,1,970,349
2021,Barlby & Riccall,E05014254,2561,2081,997,1084,23,23,215,138,77,241,211,30,1,1107,242
2021,Bedale,E05014255,2854,1883,1195,688,12,12,356,29,327,603,498,105,0,700,603
2021,Bentham & Ingleton,E05014256,3452,2550,1733,817,12,12,312,64,248,575,453,122,3,829,578
2021,Bilton Grange & New Park,E05014257,3583,2492,1243,1249,16,16,426,208,218,644,565,79,5,1265,649
2021,Bilton & Nidd Gorge,E05014258,3545,2417,1436,981,27,27,723,614,109,361,300,61,17,1008,378
2021,Boroughbridge & Claro,E05014259,3322,2479,1501,978,51,51,252,140,112,539,470,69,1,1029,540
2021,Brayton & Barlow,E05014260,2751,2230,1275,955,41,41,242,89,153,236,185,51,2,996,238
2021,Camblesforth & Carlton,E05014261,2573,2097,1052,1045,17,17,147,108,39,312,259,53,0,1062,312
2021,Castle (Scarborough),E05014262,4240,1573,892,681,8,8,618,89,529,2037,1887,150,4,689,2041
2021,Catterick Village & Brompton-on-Swale,E05014263,2689,1788,983,805,18,18,359,165,194,520,331,189,4,823,524
2021,Cawood & Escrick,E05014264,2374,1898,1045,853,10,10,131,84,47,333,279,54,2,863,335
2021,Cayton,E05014265,2105,1743,1153,590,8,8,121,14,107,233,194,39,0,598,233
2021,Cliffe & North Duffield,E05014266,2308,1921,961,960,6,6,109,72,37,271,223,48,1,966,272
2021,Coppice Valley & Duchy,E05014267,3358,2160,1232,928,21,21,223,68,155,952,876,76,2,949,954
2021,Danby & Mulgrave,E05014268,2232,1486,1074,412,19,19,285,59,226,442,348,94,0,431,442
2021,Derwent Valley & Moor,E05014269,2274,1738,1140,598,25,25,156,17,139,355,293,62,0,623,355
2021,Easingwold,E05014270,3178,2138,1412,726,34,34,523,47,476,483,398,85,0,760,483
2021,Eastfield,E05014271,2973,1372,590,782,69,69,1187,237,950,345,295,50,0,851,345
2021,Esk Valley & Coast,E05014272,3075,2360,1685,675,24,24,276,53,223,415,320,95,0,699,415
2021,Fairfax & Starbeck,E05014273,3632,2296,1181,1115,34,34,675,388,287,624,552,72,3,1149,627
2021,Falsgrave & Stepney,E05014274,3943,2202,1249,953,12,12,659,106,553,1068,963,105,2,965,1070
2021,Filey,E05014275,3462,2339,1796,543,66,66,426,80,346,629,547,82,2,609,631
2021,Great Ayton,E05014276,2631,1869,1258,611,26,26,374,42,332,362,293,69,0,637,362
2021,"Glusburn, Cross Hills & Sutton-in-Craven",E05014277,3546,2574,1471,1103,42,42,383,64,319,543,472,71,4,1145,547
2021,Harlow & St. Georges,E05014278,3517,2663,1476,1187,55,55,255,29,226,543,475,68,1,1242,544
2021,High Harrogate & Kingsley,E05014279,3858,2250,1087,1163,48,48,445,157,288,1112,1041,71,3,1211,1115
2021,Hipswell & Colburn,E05014280,3434,1535,588,947,19,19,735,445,290,1140,542,598,5,966,1145
2021,Helmsley & Sinnington,E05014281,2413,1546,1105,441,36,36,254,20,234,576,439,137,1,477,577
2021,Hillside & Raskelf,E05014282,2915,2156,1433,723,12,12,174,12,162,573,436,137,0,735,573
2021,Huby & Tollerton,E05014283,2846,2181,1301,880,15,15,233,20,213,417,293,124,0,895,417
2021,Hutton Rudby & Osmotherley,E05014285,2679,2096,1382,714,10,10,173,11,162,400,305,95,0,724,400
2021,"Killinghall, Hampsthwaite & Saltergate",E05014286,3741,2661,1348,1313,87,87,375,133,242,608,472,136,10,1400,618
2021,Kirkbymoorside & Dales,E05014287,2973,2078,1514,564,9,9,255,25,230,631,495,136,0,573,631
2021,Knaresborough East,E05014288,3385,2523,1387,1136,55,55,424,195,229,380,322,58,3,1191,383
2021,Knaresborough West,E05014289,3648,2763,1692,1071,10,10,302,199,103,563,497,66,10,1081,573
2021,Leyburn & Middleham,E05014290,2668,1787,1316,471,18,18,239,141,98,619,472,147,5,489,624
2021,Malton,E05014291,2904,1751,1020,731,56,56,555,62,493,541,475,66,1,787,542
2021,Masham & Fountains,E05014292,3338,2415,1639,776,15,15,247,153,94,660,504,156,1,791,661
2021,Monk Fryston & South Milford,E05014293,3886,2938,1528,1410,22,22,439,331,108,486,416,70,1,1432,487
2021,Mid Craven,E05014294,2402,1786,1142,644,11,11,214,56,158,391,307,84,0,655,391
2021,Morton-on-Swale & Appleton Wiske,E05014295,2799,2214,1465,749,22,22,130,11,119,433,294,139,0,771,433
2021,Newby,E05014296,2722,2190,1374,816,5,5,255,55,200,269,219,50,3,821,272
2021,North Richmondshire,E05014297,3399,2477,1623,854,6,6,225,175,50,688,514,174,3,860,691
2021,Northallerton North & Brompton,E05014298,3135,1980,1143,837,35,35,716,66,650,404,344,60,0,872,404
2021,Northallerton South,E05014299,3071,1631,943,688,30,30,748,82,666,661,599,62,1,718,662
2021,Norton (Ryedale),E05014300,3622,2312,1280,1032,26,26,657,84,573,625,544,81,2,1058,627
2021,Northstead,E05014301,3515,2053,1190,863,13,13,192,27,165,1257,1178,79,0,876,1257
2021,Oatlands & Pannal,E05014302,3177,2680,1527,1153,6,6,114,68,46,377,325,52,0,1159,377
2021,Osgoldcross,E05014303,2680,2057,1048,1009,27,27,282,169,113,311,259,52,3,1036,314
2021,Ouseburn (Harrogate),E05014304,2327,1792,1009,783,22,22,210,125,85,303,242,61,0,805,303
2021,Pateley Bridge & Nidderdale,E05014305,2462,1818,1183,635,13,13,192,143,49,435,342,93,4,648,439
2021,Pickering (Ryedale),E05014306,3484,2419,1698,721,20,20,540,61,479,504,431,73,1,741,505
2021,Richmond (Richmondshire),E05014307,3881,2582,1702,880,35,35,569,375,194,687,566,121,8,915,695
2021,Ripon Minster & Moorside,E05014308,3682,2434,1511,923,13,13,624,408,216,607,536,71,4,936,611
2021,Ripon Ure Bank & Spa,E05014309,3603,2306,1390,916,30,30,404,176,228,860,656,204,3,946,863
2021,Romanby,E05014310,2732,2187,1453,734,6,6,260,30,230,279,237,42,0,740,279
2021,Scalby & the Coast,E05014311,2717,2117,1479,638,80,80,220,41,179,300,250,50,0,718,300
2021,Scotton & Lower Wensleydale,E05014312,2365,1530,939,591,6,6,109,61,48,718,369,349,2,597,720
2021,Seamer,E05014313,2063,1718,1027,691,35,35,106,16,90,204,164,40,0,726,204
2021,Selby East,E05014314,3603,1843,662,1181,59,59,784,431,353,912,840,72,5,1240,917
2021,Selby West,E05014315,4536,2717,1441,1276,43,43,972,539,433,791,717,74,13,1319,804
2021,Settle & Penyghent,E05014316,2692,1902,1398,504,27,27,261,29,232,501,408,93,1,531,502
2021,Sherburn in Elmet,E05014317,3650,2643,1143,1500,87,87,560,321,239,358,296,62,2,1587,360
2021,Sheriff Hutton & Derwent,E05014318,3004,2016,1284,732,11,11,265,21,244,711,582,129,1,743,712
2021,Skipton East & South,E05014319,3446,2199,1290,909,29,29,598,129,469,618,549,69,2,938,620
2021,Skipton North & Embsay-with-Eastby,E05014320,2626,2001,1284,717,24,24,159,28,131,442,394,48,0,741,442
2021,Skipton West & West Craven,E05014321,2918,1813,1073,740,18,18,259,27,232,827,727,100,1,758,828
2021,Sowerby & Topcliffe,E05014322,3316,2187,1218,969,87,87,424,42,382,617,437,180,1,1056,618
2021,Spofforth with Lower Wharfedale & Tockwith,E05014323,2676,2043,1173,870,54,54,217,125,92,359,284,75,3,924,362
2021,"Stray, Woodlands & Hookstone",E05014324,3423,2793,1641,1152,24,24,172,66,106,429,368,61,5,1176,434
2021,Stokesley,E05014325,2951,2163,1498,665,31,31,474,77,397,283,226,57,0,696,283
2021,Tadcaster,E05014326,3406,2319,1258,1061,11,11,566,467,99,503,438,65,7,1072,510
2021,Thirsk,E05014327,3266,1925,1184,741,12,12,604,73,531,722,624,98,3,753,725
2021,Thornton Dale & Wolds,E05014328,3129,2189,1501,688,20,20,311,26,285,609,488,121,0,708,609
2021,Thorpe Willoughby & Hambleton,E05014329,2773,2251,1205,1046,76,76,235,60,175,209,171,38,2,1122,211
2021,Upper Dales,E05014330,2508,1793,1366,427,17,17,202,87,115,494,348,146,2,444,496
2021,Valley Gardens & Central Harrogate,E05014331,4549,2288,1481,807,16,16,283,46,237,1962,1825,137,0,823,1962
2021,Washburn & Birstwith,E05014332,2756,2179,1345,834,18,18,128,81,47,430,346,84,1,852,431
2021,Wathvale & Bishop Monkton,E05014333,3594,2454,1453,1001,35,35,333,221,112,770,487,283,2,1036,772
2021,Weaponness & Ramshill,E05014334,4163,2320,1692,628,12,12,189,19,170,1642,1524,118,0,640,1642
2021,Wharfedale (Craven),E05014335,2264,1601,1197,404,14,14,161,23,138,488,370,118,0,418,488
2021,Whitby Streonshalh,E05014336,2644,1466,956,510,27,27,635,108,527,516,434,82,0,537,516
2021,Whitby West,E05014337,3576,2304,1574,730,42,42,598,102,496,628,530,98,4,772,632
2021,Woodlands (Scarborough),E05014338,3358,1921,1187,734,36,36,972,200,772,426,355,71,3,770,429
2021,Bishop's Hull & Taunton West,E05014339,5133,3180,1920,1260,57,57,673,331,342,1220,1069,151,3,1317,1223
2021,Blackdown & Neroche,E05014340,4641,3326,1946,1380,81,81,619,352,267,606,491,115,9,1461,615
2021,Blackmoor Vale,E05014341,4097,2923,1853,1070,44,44,514,66,448,616,512,104,0,1114,616
2021,Brent (Sedgemoor),E05014342,4231,3433,2128,1305,29,29,180,105,75,589,484,105,0,1334,589
2021,Bridgwater East & Bawdrip,E05014343,5339,3781,1880,1901,58,58,416,106,310,1083,981,102,1,1959,1084
2021,Bridgwater North & Central,E05014344,4565,2124,1041,1083,35,35,1156,802,354,1245,1145,100,5,1118,1250
2021,Bridgwater South,E05014345,5261,2416,1240,1176,26,26,1486,829,657,1317,1214,103,16,1202,1333
2021,Bridgwater West,E05014346,4666,2963,1464,1499,37,37,579,278,301,1084,987,97,3,1536,1087
2021,Brympton,E05014347,4020,2653,1187,1466,90,90,417,68,349,859,760,99,1,1556,860
2021,Burnham on Sea North,E05014348,4691,3427,2316,1111,22,22,276,168,108,963,857,106,3,1133,966
2021,Cannington,E05014349,4007,3195,2018,1177,22,22,286,168,118,504,393,111,0,1199,504
2021,Castle Cary,E05014350,4273,3063,2011,1052,51,51,502,77,425,656,524,132,1,1103,657
2021,Chard North,E05014351,4724,3181,1965,1216,57,57,693,113,580,792,692,100,1,1273,793
2021,Chard South,E05014352,3867,2497,1571,926,42,42,741,161,580,580,506,74,7,968,587
2021,Cheddar,E05014353,4062,3035,1817,1218,62,62,400,198,202,561,480,81,4,1280,565
2021,Coker,E05014354,4247,3169,2088,1081,30,30,560,107,453,487,381,106,1,1111,488
2021,Comeytrowe & Trull,E05014355,4441,3390,2221,1169,13,13,262,157,105,770,655,115,6,1182,776
2021,Crewkerne,E05014356,4155,2898,1809,1089,42,42,502,83,419,712,626,86,1,1131,713
2021,Curry Rivel & Langport,E05014357,4766,3572,2329,1243,41,41,497,87,410,656,521,135,0,1284,656
2021,Dulverton & Exmoor,E05014358,3763,2470,1877,593,14,14,608,58,550,670,505,165,1,607,671
2021,Dunster,E05014359,4026,2718,1971,747,23,23,679,69,610,602,471,131,4,770,606
2021,Frome East,E05014360,5490,3624,1874,1750,78,78,837,251,586,948,850,98,3,1828,951
2021,Frome North,E05014361,4284,3321,2068,1253,30,30,265,46,219,668,585,83,0,1283,668
2021,Frome West,E05014362,4702,2789,1526,1263,48,48,866,181,685,996,885,111,3,1311,999
2021,Glastonbury,E05014363,4304,2736,1813,923,83,83,588,56,532,895,788,107,2,1006,897
2021,Highbridge & Burnham South,E05014364,4486,2734,1680,1054,57,57,952,411,541,731,648,83,12,1111,743
2021,Huntspill,E05014365,4276,3313,2029,1284,74,74,473,259,214,412,329,83,4,1358,416
2021,Ilminster,E05014366,4772,3457,2222,1235,37,37,560,99,461,713,601,112,5,1272,718
2021,King Alfred,E05014367,4140,3461,2214,1247,22,22,221,123,98,433,338,95,3,1269,436
2021,Lydeard,E05014368,4469,3207,1600,1607,31,31,514,291,223,713,602,111,4,1638,717
2021,Martock,E05014369,4695,3160,1862,1298,35,35,672,160,512,825,565,260,3,1333,828
2021,Mendip Central and East,E05014370,3942,2880,1736,1144,21,21,460,95,365,578,456,122,3,1165,581
2021,Mendip Hills,E05014371,3957,2923,1708,1215,19,19,319,40,279,695,570,125,1,1234,696
2021,Mendip South,E05014372,3885,2940,1888,1052,34,34,274,47,227,637,480,157,0,1086,637
2021,Mendip West,E05014373,4201,3213,1958,1255,62,62,362,59,303,564,448,116,0,1317,564
2021,Minehead,E05014374,4175,2791,2086,705,18,18,374,72,302,992,869,123,0,723,992
2021,Monkton & North Curry,E05014375,5340,4019,2089,1930,169,169,530,263,267,616,520,96,6,2099,622
2021,North Petherton,E05014376,4188,2938,1316,1622,52,52,462,171,291,734,640,94,2,1674,736
2021,Rowbarton & Staplegrove,E05014377,4512,2931,1654,1277,29,29,541,359,182,1003,878,125,8,1306,1011
2021,Shepton Mallet,E05014378,4913,3143,1676,1467,69,69,657,132,525,1041,955,86,3,1536,1044
2021,Somerton,E05014379,4531,3424,2226,1198,66,66,510,79,431,530,414,116,1,1264,531
2021,South Petherton & Islemoor,E05014380,4698,3448,2292,1156,56,56,581,108,473,611,485,126,2,1212,613
2021,Street,E05014381,5258,3344,1906,1438,80,80,768,113,655,1063,908,155,3,1518,1066
2021,Taunton East,E05014382,5484,2344,1182,1162,34,34,1417,973,444,1680,1544,136,9,1196,1689
2021,Taunton North,E05014383,4618,2494,1212,1282,55,55,1328,1016,312,720,660,60,21,1337,741
2021,Taunton South,E05014384,4969,3068,1663,1405,38,38,1025,671,354,833,739,94,5,1443,838
2021,Upper Tone,E05014385,4049,3079,2030,1049,22,22,351,278,73,595,476,119,2,1071,597
2021,Watchet & Stogursey,E05014386,4487,2843,2011,832,26,26,774,93,681,844,749,95,0,858,844
2021,Wellington (Somerset West and Taunton),E05014387,5879,3897,2268,1629,47,47,920,585,335,1001,886,115,14,1676,1015
2021,Wells (Mendip),E05014388,5361,3630,2506,1124,81,81,658,130,528,990,843,147,2,1205,992
2021,Wincanton & Bruton,E05014389,5077,3219,1906,1313,49,49,716,130,586,1090,869,221,3,1362,1093
2021,Yeovil Central,E05014390,4889,3023,1812,1211,27,27,827,225,602,1011,915,96,1,1238,1012
2021,Yeovil East,E05014391,4925,2728,1290,1438,116,116,1167,296,871,906,728,178,8,1554,914
2021,Yeovil South,E05014392,4708,2947,1727,1220,35,35,532,110,422,1191,1071,120,3,1255,1194
2021,Yeovil West,E05014393,3500,2219,1205,1014,22,22,740,194,546,506,384,122,13,1036,519
2021,Hunmanby & Sherburn (part Ryedale),E05R14284,865,541,322,219,2,2,136,11,125,186,149,37,0,221,186
2021,Hunmanby & Sherburn (part Scarborough),E05S14284,2057,1568,1105,463,4,4,178,27,151,307,246,61,0,467,307
2021,Isles of Scilly (Local Authority),E06000053,939,418,320,98,14,14,162,103,59,344,224,120,1,112,345
2021,City of London (Local Authority),E09000001,4914,1794,1114,680,12,12,730,449,281,2373,2064,309,5,692,2378
2021,Bishopston,W05001039,1454,1280,852,428,3,3,47,34,13,124,84,40,0,431,124
2021,Bon-y-maen,W05001040,3329,1777,903,874,8,8,950,694,256,577,508,69,17,882,594
2021,Castle (Swansea),W05001041,6312,1813,1073,740,14,14,2113,610,1503,2355,2149,206,17,754,2372
2021,Clydach,W05001042,3757,2522,1495,1027,5,5,665,470,195,557,473,84,8,1032,565
2021,Cockett,W05001043,4450,2889,1466,1423,9,9,831,557,274,702,580,122,19,1432,721
2021,Cwmbwrla,W05001044,3415,2213,1219,994,9,9,427,198,229,765,662,103,1,1003,766
2021,Dunvant and Killay,W05001045,3885,3235,1939,1296,13,13,217,27,190,417,332,85,3,1309,420
2021,Fairwood,W05001046,1157,953,574,379,1,1,120,113,7,82,56,26,1,380,83
2021,Gorseinon and Penyrheol,W05001047,4666,3094,1563,1531,9,9,854,431,423,702,587,115,7,1540,709
2021,Gower,W05001048,1231,1039,736,303,9,9,70,42,28,112,69,43,1,312,113
2021,Gowerton,W05001049,2123,1595,846,749,4,4,191,143,48,329,283,46,4,753,333
2021,Landore,W05001050,3048,1738,963,775,9,9,400,107,293,897,789,108,4,784,901
2021,Llangyfelach,W05001051,1154,941,477,464,5,5,56,29,27,151,123,28,1,469,152
2021,Llansamlet,W05001052,6241,4387,2053,2334,11,11,938,478,460,897,772,125,8,2345,905
2021,Llwchwr,W05001053,4051,3192,1743,1449,8,8,416,307,109,423,349,74,12,1457,435
2021,Mayals,W05001054,1183,1035,690,345,12,12,41,6,35,95,74,21,0,357,95
2021,Morriston,W05001055,7236,4743,2718,2025,21,21,1202,757,445,1251,1075,176,19,2046,1270
2021,Mumbles,W05001056,3634,2947,1961,986,21,21,102,23,79,562,463,99,2,1007,564
2021,Mynydd-bach,W05001057,3989,2548,1525,1023,7,7,1015,639,376,403,331,72,16,1030,419
2021,Pen-clawdd,W05001058,1581,1290,797,493,5,5,112,83,29,173,132,41,1,498,174
2021,Penderry,W05001059,4841,1566,815,751,6,6,2696,2110,586,500,437,63,73,757,573
2021,Penllergaer,W05001060,1473,1102,503,599,11,11,210,100,110,149,123,26,1,610,150
2021,Pennard,W05001061,1355,1205,862,343,3,3,16,10,6,131,95,36,0,346,131
2021,Pontarddulais,W05001062,2975,2056,1070,986,2,2,446,272,174,466,400,66,5,988,471
2021,Pontlliew and Tircoed,W05001063,1030,878,438,440,3,3,14,2,12,135,117,18,0,443,135
2021,Sketty,W05001064,6269,4332,2549,1783,15,15,1066,608,458,839,722,117,17,1798,856
2021,St Thomas (Swansea),W05001065,3128,1675,953,722,7,7,592,330,262,843,729,114,11,729,854
2021,Townhill,W05001066,3777,1129,622,507,7,7,2209,2071,138,399,334,65,33,514,432
2021,Uplands,W05001067,5633,2595,1480,1115,21,21,593,93,500,2414,2278,136,10,1136,2424
2021,Waterfront,W05001068,2283,758,441,317,48,48,481,100,381,992,919,73,4,365,996
2021,Waunarlwydd,W05001069,1542,980,607,373,2,2,380,298,82,172,151,21,8,375,180
2021,West Cross,W05001070,2761,1879,1228,651,8,8,580,520,60,288,221,67,6,659,294
2021,Aberaman,W05001071,4493,2890,1645,1245,10,10,642,177,465,946,811,135,5,1255,951
2021,Abercynon,W05001072,2749,1828,1028,800,0,0,394,206,188,525,459,66,2,800,527
2021,Aberdare East,W05001073,3196,1977,1137,840,3,3,392,124,268,821,741,80,3,843,824
2021,Aberdare West and Llwydcoed,W05001074,4245,3148,1797,1351,4,4,467,203,264,622,499,123,4,1355,626
2021,Beddau and Tyn-y-nant,W05001075,3173,2313,1163,1150,4,4,433,196,237,422,372,50,1,1154,423
2021,Brynna and Llanharan,W05001076,3726,2768,1202,1566,5,5,463,144,319,486,416,70,4,1571,490
2021,Church Village,W05001077,2760,2137,881,1256,7,7,327,165,162,284,239,45,5,1263,289
2021,Cilfynydd,W05001078,1252,915,465,450,1,1,99,43,56,237,207,30,0,451,237
2021,Cwm Clydach,W05001079,1207,773,489,284,3,3,47,16,31,384,334,50,0,287,384
2021,Cwmbach,W05001080,2193,1541,857,684,4,4,446,200,246,198,160,38,4,688,202
2021,Cymer,W05001081,2640,1684,1003,681,9,9,483,296,187,461,405,56,3,690,464
2021,Ferndale and Maerdy,W05001082,3225,2052,1390,662,5,5,482,204,278,683,576,107,3,667,686
2021,Gilfach-goch,W05001083,1427,883,507,376,3,3,332,184,148,202,161,41,7,379,209
2021,Glyn-coch,W05001084,1301,731,396,335,0,0,402,243,159,164,138,26,4,335,168
2021,Graig and Pontypridd West,W05001085,3107,2145,1202,943,5,5,265,67,198,689,585,104,3,948,692
2021,Hawthorn and Lower Rhydfelen,W05001086,1055,775,428,347,4,4,124,57,67,150,123,27,2,351,152
2021,"Hirwaun, Penderyn and Rhigos",W05001087,2670,1933,1157,776,1,1,388,179,209,346,289,57,2,777,348
2021,Llanharry,W05001088,1536,1016,386,630,5,5,328,115,213,186,157,29,1,635,187
2021,Llantrisant and Talbot Green,W05001089,3019,2211,1242,969,3,3,467,160,307,334,263,71,4,972,338
2021,Llantwit Fardre,W05001090,2594,2256,1165,1091,3,3,49,16,33,286,243,43,0,1094,286
2021,Llwyn-y-pia,W05001091,1465,993,610,383,3,3,198,106,92,269,236,33,2,386,271
2021,Mountain Ash,W05001092,3302,2191,1271,920,1,1,510,220,290,595,520,75,5,921,600
2021,Penrhiw-ceibr,W05001093,2429,1432,884,548,8,8,394,137,257,594,522,72,1,556,595
2021,Pentre,W05001094,2366,1631,965,666,0,0,228,47,181,506,440,66,1,666,507
2021,Pen-y-graig,W05001095,2328,1499,893,606,1,1,363,182,181,459,393,66,6,607,465
2021,Pen-y-waun,W05001096,1250,544,360,184,3,3,550,327,223,145,115,30,8,187,153
2021,Pontyclun Central,W05001097,843,685,346,339,0,0,70,31,39,88,72,16,0,339,88
2021,Pontyclun East,W05001098,1100,967,446,521,0,0,26,10,16,107,94,13,0,521,107
2021,Pontyclun West,W05001099,1437,1141,625,516,5,5,59,5,54,232,201,31,0,521,232
2021,Pontypridd Town,W05001100,1294,1007,629,378,3,3,88,18,70,196,172,24,0,381,196
2021,Porth,W05001101,2539,1823,1073,750,2,2,185,58,127,527,461,66,2,752,529
2021,Rhydfelen Central,W05001102,1241,753,370,383,3,3,299,144,155,182,151,31,4,386,186
2021,Taff's Well,W05001103,1617,1206,591,615,3,3,209,77,132,195,159,36,4,618,199
2021,Ton-teg,W05001104,1358,1211,801,410,1,1,63,17,46,83,61,22,0,411,83
2021,Tonypandy,W05001105,1579,1094,620,474,2,2,112,31,81,369,318,51,2,476,371
2021,Tonyrefail East,W05001106,2657,1808,998,810,3,3,483,232,251,362,293,69,1,813,363
2021,Tonyrefail West,W05001107,2732,2065,974,1091,12,12,351,204,147,300,251,49,4,1103,304
2021,Trallwng,W05001108,1705,1238,724,514,4,4,143,43,100,317,267,50,3,518,320
2021,Trealaw,W05001109,1518,1028,592,436,4,4,140,33,107,346,281,65,0,440,346
2021,Treforest,W05001110,1769,678,381,297,5,5,198,42,156,887,824,63,1,302,888
2021,Treherbert,W05001111,2627,1713,1160,553,8,8,379,114,265,525,453,72,2,561,527
2021,Treorchy,W05001112,3388,2457,1602,855,7,7,278,51,227,642,554,88,4,862,646
2021,Tylorstown and Ynyshir,W05001113,3460,2022,1262,760,4,4,493,213,280,936,849,87,5,764,941
2021,Upper Rhydfelen and Glyn-taf,W05001114,1546,584,307,277,1,1,829,217,612,128,113,15,4,278,132
2021,Ynysybwl,W05001115,1959,1429,804,625,3,3,199,76,123,327,283,44,1,628,328
2021,Ystrad,W05001116,2267,1461,864,597,7,7,304,111,193,494,408,86,1,604,495
2021,Aber-craf and Ystradgynlais,W05001117,1839,1188,781,407,3,3,425,373,52,215,170,45,8,410,223
2021,"Banwy, Llanfihangel and Llanwddyn",W05001118,957,748,553,195,0,0,53,44,9,154,109,45,2,195,156
2021,Berriew and Castle Caereinion,W05001119,868,594,413,181,4,4,37,28,9,231,181,50,2,185,233
2021,Brecon East,W05001120,1855,1215,881,334,3,3,191,56,135,445,325,120,1,337,446
2021,Brecon West,W05001121,1859,881,517,364,1,1,643,410,233,327,267,60,7,365,334
2021,Bronllys and Felin-fach,W05001122,919,654,480,174,4,4,48,34,14,211,175,36,2,178,213
2021,Builth,W05001123,1162,735,462,273,0,0,153,79,74,274,242,32,0,273,274
2021,Caersws,W05001124,1037,763,501,262,3,3,123,97,26,142,104,38,6,265,148
2021,Churchstoke,W05001125,734,540,408,132,3,3,99,51,48,91,65,26,1,135,92
2021,Crickhowell with Cwmdu and Tretower,W05001126,1569,1129,818,311,2,2,217,113,104,221,151,70,0,313,221
2021,Cwm-twrch,W05001127,933,618,394,224,2,2,178,129,49,130,107,23,5,226,135
2021,Disserth and Trecoed with Newbridge,W05001128,912,667,525,142,4,4,111,68,43,128,95,33,2,146,130
2021,Dolforwyn,W05001129,858,642,413,229,4,4,49,31,18,163,121,42,0,233,163
2021,Forden and Montgomery,W05001130,1118,769,494,275,8,8,106,89,17,234,191,43,1,283,235
2021,Glantwymyn,W05001131,903,709,497,212,1,1,51,38,13,139,95,44,3,213,142
2021,Glasbury,W05001132,807,617,457,160,1,1,45,40,5,143,107,36,1,161,144
2021,Guilsfield,W05001133,758,596,425,171,2,2,44,28,16,116,81,35,0,173,116
2021,Gwernyfed,W05001134,645,491,367,124,3,3,64,60,4,84,56,28,3,127,87
2021,Hay,W05001135,898,505,356,149,4,4,165,104,61,222,183,39,2,153,224
2021,Ithon Valley,W05001136,909,713,519,194,2,2,62,41,21,132,99,33,0,196,132
2021,Kerry,W05001137,711,525,354,171,0,0,63,52,11,122,95,27,1,171,123
2021,Knighton with Beguildy,W05001138,1696,1146,838,308,1,1,248,174,74,298,241,57,3,309,301
2021,Llanafanfawr with Garth,W05001139,714,560,424,136,6,6,30,27,3,118,94,24,0,142,118
2021,Llanbrynmair,W05001140,824,682,498,184,1,1,48,36,12,93,65,28,0,185,93
2021,Llandinam with Dolfor,W05001141,753,602,431,171,2,2,23,17,6,125,97,28,1,173,126
2021,Llandrindod North,W05001142,970,596,382,214,2,2,208,99,109,163,142,21,1,216,164
2021,Llandrindod South,W05001143,1826,976,695,281,3,3,259,131,128,584,538,46,4,284,588
2021,Llandrinio,W05001144,894,727,443,284,0,0,58,56,2,109,80,29,0,284,109
2021,Llandysilio,W05001145,821,631,374,257,0,0,50,27,23,140,117,23,0,257,140
2021,Llanelwedd,W05001146,760,589,444,145,2,2,34,31,3,134,85,49,1,147,135
2021,Llanfair Caereinion and Llanerfyl,W05001147,888,654,446,208,8,8,88,72,16,138,105,33,0,216,138
2021,Llanfyllin,W05001148,695,460,304,156,2,2,113,55,58,118,91,27,2,158,120
2021,Llangattock and Llangynidr,W05001149,882,694,473,221,4,4,83,62,21,100,81,19,1,225,101
2021,Llangors with Bwlch,W05001150,626,487,323,164,1,1,33,26,7,105,77,28,0,165,105
2021,Llangunllo with Norton,W05001151,748,618,506,112,0,0,32,19,13,98,67,31,0,112,98
2021,Llangyniew and Meifod,W05001152,821,638,468,170,3,3,34,17,17,145,105,40,1,173,146
2021,Llanidloes,W05001153,2018,1307,911,396,3,3,287,183,104,416,347,69,5,399,421
2021,Llanrhaeadr-ym-Mochnant and Llansilin,W05001154,992,730,529,201,2,2,100,75,25,156,121,35,4,203,160
2021,Llansantffraid,W05001155,873,612,422,190,2,2,79,56,23,179,152,27,1,192,180
2021,Llanwrtyd Wells,W05001156,740,552,410,142,2,2,66,33,33,120,98,22,0,144,120
2021,Llanyre with Nantmel,W05001157,912,760,586,174,4,4,22,18,4,124,92,32,2,178,126
2021,Machynlleth,W05001158,1032,555,367,188,2,2,284,188,96,187,151,36,4,190,191
2021,Maescar and Llywel,W05001159,771,563,411,152,3,3,65,37,28,140,101,39,0,155,140
2021,Newtown Central and South,W05001160,2147,862,468,394,6,6,969,600,369,305,261,44,5,400,310
2021,Newtown East,W05001161,1009,390,241,149,1,1,359,212,147,257,227,30,2,150,259
2021,Newtown North,W05001162,1102,711,481,230,1,1,163,84,79,224,197,27,3,231,227
2021,Newtown West,W05001163,894,612,406,206,4,4,120,46,74,158,132,26,0,210,158
2021,Old Radnor,W05001164,726,552,413,139,2,2,22,19,3,150,115,35,0,141,150
2021,Presteigne,W05001165,924,599,436,163,2,2,152,94,58,166,138,28,5,165,171
2021,Rhayader,W05001166,989,568,406,162,1,1,157,104,53,261,222,39,2,163,263
2021,Rhiwcynon,W05001167,925,736,494,242,2,2,37,29,8,150,125,25,0,244,150
2021,Talgarth,W05001168,755,494,341,153,6,6,143,93,50,112,80,32,0,159,112
2021,Talybont-on-Usk,W05001169,828,647,438,209,3,3,69,62,7,109,82,27,0,212,109
2021,Tawe Uchaf,W05001170,902,700,445,255,2,2,112,105,7,83,55,28,5,257,88
2021,Trelystan and Trewern,W05001171,746,577,365,212,2,2,32,29,3,135,107,28,0,214,135
2021,Welshpool Castle,W05001172,1236,372,235,137,0,0,500,196,304,356,316,40,8,137,364
2021,Welshpool Gungrog,W05001173,991,598,350,248,3,3,186,67,119,202,175,27,2,251,204
2021,Welshpool Llanerchyddol,W05001174,819,541,373,168,6,6,142,73,69,129,114,15,1,174,130
2021,Ynyscedwyn,W05001175,960,721,487,234,0,0,136,72,64,101,68,33,2,234,103
2021,Yscir with Honddu Isaf and Llanddew,W05001176,728,568,422,146,3,3,8,5,3,149,113,36,0,149,149
2021,Abergwili,W05001177,964,803,517,286,4,4,41,37,4,114,80,34,2,290,116
2021,Ammanford,W05001178,2466,1581,972,609,4,4,497,307,190,379,328,51,5,613,384
2021,Betws,W05001179,987,736,430,306,0,0,118,68,50,133,108,25,0,306,133
2021,Bigyn,W05001180,2779,1717,986,731,5,5,563,392,171,488,419,69,6,736,494
2021,Burry Port,W05001181,1934,1350,903,447,4,4,228,156,72,348,292,56,4,451,352
2021,Bynea,W05001182,1887,1376,632,744,9,9,307,245,62,192,149,43,3,753,195
2021,Carmarthen Town North and South,W05001183,4318,2327,1477,850,12,12,940,544,396,1034,932,102,5,862,1039
2021,Carmarthen Town West,W05001184,2283,1411,690,721,9,9,363,125,238,499,432,67,1,730,500
2021,Cenarth and Llangeler,W05001185,2468,1779,1249,530,5,5,274,213,61,407,338,69,3,535,410
2021,Cilycwm,W05001186,1125,932,711,221,2,2,44,31,13,147,107,40,0,223,147
2021,Cwarter Bach,W05001187,1250,875,542,333,3,3,220,188,32,148,124,24,4,336,152
2021,Cynwyl Elfed,W05001188,931,806,543,263,5,5,38,34,4,82,66,16,0,268,82
2021,Dafen and Felinfoel,W05001189,2205,1357,787,570,5,5,503,412,91,333,290,43,7,575,340
2021,Elli,W05001190,865,639,395,244,1,1,87,48,39,137,120,17,1,245,138
2021,Garnant,W05001191,890,595,359,236,2,2,172,134,38,117,91,26,4,238,121
2021,Glanamman,W05001192,1105,717,441,276,2,2,199,146,53,185,143,42,2,278,187
2021,Glanymor,W05001193,2900,1448,805,643,10,10,776,512,264,655,590,65,11,653,666
2021,Glyn (Carmarthenshire),W05001194,938,738,445,293,1,1,98,92,6,99,79,20,2,294,101
2021,Gorslas,W05001195,2153,1690,869,821,9,9,255,223,32,197,155,42,2,830,199
2021,Hendy,W05001196,1377,1085,565,520,4,4,131,104,27,157,133,24,0,524,157
2021,Hengoed (Carmarthenshire),W05001197,1913,1483,843,640,3,3,199,186,13,227,182,45,1,643,228
2021,Kidwelly and St Ishmael,W05001198,2248,1645,1046,599,8,8,289,211,78,302,236,66,4,607,306
2021,Laugharne Township,W05001199,1150,797,533,264,5,5,164,82,82,184,128,56,0,269,184
2021,Llanboidy,W05001200,852,722,514,208,4,4,23,21,2,103,75,28,0,212,103
2021,Llanddarog,W05001201,856,686,449,237,1,1,86,83,3,83,60,23,0,238,83
2021,Llandeilo,W05001202,1373,940,625,315,3,3,140,97,43,289,234,55,1,318,290
2021,Llandovery,W05001203,1119,773,550,223,1,1,169,118,51,175,132,43,1,224,176
2021,Llandybie,W05001204,1843,1333,819,514,3,3,265,199,66,242,196,46,0,517,242
2021,Llanegwad,W05001205,1062,879,611,268,7,7,52,38,14,124,83,41,0,275,124
2021,Llanfihangel Aberbythych,W05001206,767,640,436,204,3,3,42,22,20,82,57,25,0,207,82
2021,Llanfihangel-ar-Arth,W05001207,1218,920,647,273,3,3,132,115,17,161,114,47,2,276,163
2021,Llangadog,W05001208,818,672,488,184,0,0,47,44,3,99,68,31,0,184,99
2021,Llangennech,W05001209,2276,1722,1011,711,2,2,350,246,104,199,162,37,3,713,202
2021,Llangunnor,W05001210,1174,896,607,289,8,8,160,143,17,108,79,29,2,297,110
2021,Llangyndeyrn,W05001211,2232,1766,1075,691,8,8,222,199,23,230,180,50,6,699,236
2021,Llannon,W05001212,2231,1658,956,702,2,2,272,243,29,298,255,43,1,704,299
2021,Llanybydder,W05001213,1194,834,576,258,5,5,164,130,34,191,153,38,0,263,191
2021,Lliedi,W05001214,2338,1487,875,612,2,2,378,272,106,469,407,62,2,614,471
2021,Llwynhendy,W05001215,1874,1028,586,442,4,4,591,527,64,244,208,36,7,446,251
2021,Manordeilo and Salem,W05001216,1123,922,649,273,5,5,84,36,48,112,84,28,0,278,112
2021,Pembrey,W05001217,1780,1362,884,478,5,5,235,211,24,174,134,40,4,483,178
2021,Penygroes,W05001218,1321,1022,568,454,6,6,111,77,34,182,149,33,0,460,182
2021,Pontyberem,W05001219,1214,899,532,367,3,3,191,172,19,118,86,32,3,370,121
2021,Saron,W05001220,1834,1327,795,532,6,6,335,225,110,160,121,39,6,538,166
2021,St Clears and Llansteffan,W05001221,2262,1717,1091,626,7,7,228,155,73,309,259,50,1,633,310
2021,Swiss Valley,W05001222,1100,991,680,311,2,2,27,23,4,80,65,15,0,313,80
2021,Trelech,W05001223,1131,951,676,275,7,7,58,51,7,114,81,33,1,282,115
2021,Trimsaran,W05001224,1060,745,482,263,1,1,187,174,13,127,98,29,0,264,127
2021,Tycroes,W05001225,1172,924,534,390,1,1,92,84,8,153,119,34,2,391,155
2021,Tyisha,W05001226,2336,1093,671,422,3,3,444,261,183,789,712,77,7,425,796
2021,Whitland,W05001227,1066,769,501,268,1,1,114,86,28,181,151,30,1,269,182
2021,Aberkenfig,W05001228,1049,825,404,421,4,4,72,13,59,148,116,32,0,425,148
2021,Blackmill,W05001229,1023,648,358,290,1,1,213,70,143,157,136,21,4,291,161
2021,Brackla East and Coychurch Lower,W05001230,1785,1376,687,689,3,3,122,8,114,284,253,31,0,692,284
2021,Brackla East Central,W05001231,1133,803,382,421,1,1,45,1,44,284,254,30,0,422,284
2021,Brackla West,W05001232,1106,456,199,257,4,4,477,33,444,169,153,16,0,261,169
2021,Brackla West Central,W05001233,1496,1082,588,494,1,1,158,10,148,255,222,33,0,495,255
2021,Bridgend Central,W05001234,4667,2856,1582,1274,5,5,1037,227,810,763,657,106,6,1279,769
2021,"Bryntirion, Laleston and Merthyr Mawr",W05001235,3606,2659,1100,1559,10,10,456,76,380,478,399,79,3,1569,481
2021,Caerau (Bridgend),W05001236,2889,1862,1145,717,5,5,386,139,247,631,559,72,5,722,636
2021,Cefn-glas,W05001237,1853,1341,767,574,4,4,306,37,269,202,171,31,0,578,202
2021,Coity Higher,W05001238,4008,3316,1231,2085,6,6,285,34,251,400,338,62,1,2091,401
2021,Cornelly,W05001239,3175,1959,1047,912,5,5,767,266,501,437,353,84,7,917,444
2021,Garw Valley,W05001240,3248,2126,1175,951,8,8,530,131,399,580,507,73,4,959,584
2021,Llangynwyd,W05001241,1224,951,569,382,2,2,130,47,83,141,117,24,0,384,141
2021,Maesteg East,W05001242,2126,1477,950,527,7,7,275,72,203,365,305,60,2,534,367
2021,Maesteg West,W05001243,2502,1757,1016,741,3,3,365,138,227,371,317,54,6,744,377
2021,Nant-y-moel,W05001244,1054,712,392,320,4,4,52,16,36,284,247,37,2,324,286
2021,Newton (Bridgend),W05001245,1069,890,598,292,2,2,5,1,4,172,137,35,0,294,172
2021,Nottage,W05001246,1461,1285,844,441,5,5,13,3,10,158,128,30,0,446,158
2021,Ogmore Vale,W05001247,1384,980,516,464,4,4,116,12,104,284,258,26,0,468,284
2021,Oldcastle,W05001248,2224,1578,908,670,6,6,281,53,228,357,312,45,2,676,359
2021,Pencoed and Penprysg,W05001249,4282,3298,1794,1504,7,7,464,126,338,513,437,76,0,1511,513
2021,Pen-y-fai,W05001250,921,839,486,353,3,3,8,2,6,71,53,18,0,356,71
2021,Porthcawl East Central,W05001251,2672,1757,1082,675,6,6,289,67,222,613,547,66,7,681,620
2021,Porthcawl West Central,W05001252,1202,877,545,332,5,5,97,26,71,223,185,38,0,337,223
2021,"Pyle, Kenfig Hill and Cefn Cribwr",W05001253,3797,2452,1293,1159,7,7,798,237,561,537,431,106,3,1166,540
2021,Rest Bay,W05001254,1023,901,596,305,10,10,25,4,21,86,71,15,1,315,87
2021,St Bride's Minor and Ynysawdre,W05001255,4385,2902,1419,1483,9,9,904,240,664,563,464,99,7,1492,570
2021,Abertillery and Six Bells,W05001256,2989,1918,1174,744,3,3,237,43,194,830,731,99,1,747,831
2021,Beaufort,W05001257,2574,1794,1035,759,2,2,551,177,374,226,175,51,1,761,227
2021,Blaina,W05001258,2070,1316,735,581,2,2,443,145,298,309,258,51,0,583,309
2021,Brynmawr,W05001259,2423,1400,790,610,5,5,599,183,416,416,374,42,3,615,419
2021,Cwm,W05001260,1808,1213,743,470,2,2,218,56,162,375,315,60,0,472,375
2021,Cwmtillery,W05001261,1981,1134,669,465,3,3,568,219,349,272,241,31,4,468,276
2021,Ebbw Vale North,W05001262,2081,1148,629,519,2,2,613,285,328,310,276,34,8,521,318
2021,Ebbw Vale South,W05001263,1891,1060,570,490,0,0,367,102,265,461,415,46,3,490,464
2021,Georgetown,W05001264,1870,1352,698,654,2,2,223,87,136,286,232,54,7,656,293
2021,Llanhilleth,W05001265,2090,1156,697,459,2,2,513,193,320,419,363,56,0,461,419
2021,Nantyglo,W05001266,1961,1073,608,465,2,2,672,296,376,209,176,33,5,467,214
2021,Rassau and Garnlydan,W05001267,1720,945,566,379,3,3,620,316,304,147,122,25,5,382,152
2021,Sirhowy,W05001268,2291,1466,895,571,3,3,613,262,351,208,159,49,1,574,209
2021,Tredegar,W05001269,2593,1248,755,493,7,7,953,410,543,381,321,60,4,500,385
2021,Adamsdown,W05001270,4111,1239,530,709,9,9,1018,209,809,1819,1704,115,26,718,1845
2021,Butetown,W05001271,5488,1755,652,1103,24,24,1047,542,505,2640,2459,181,22,1127,2662
2021,Caerau (Cardiff),W05001272,4756,2302,1098,1204,16,16,1688,972,716,724,610,114,26,1220,750
2021,Canton,W05001273,7096,4632,1988,2644,16,16,981,190,791,1461,1309,152,6,2660,1467
2021,Cathays,W05001274,6169,1312,704,608,23,23,395,98,297,4429,4264,165,10,631,4439
2021,Cyncoed,W05001275,4185,3565,2037,1528,3,3,109,26,83,508,443,65,0,1531,508
2021,Ely,W05001276,6232,2720,1345,1375,8,8,2622,2314,308,835,741,94,47,1383,882
2021,Fairwater (Cardiff),W05001277,5878,3577,1784,1793,15,15,1461,1005,456,808,696,112,17,1808,825
2021,Gabalfa,W05001278,2511,1186,530,656,7,7,267,134,133,1044,971,73,7,663,1051
2021,Grangetown (Cardiff),W05001279,8783,3982,1715,2267,22,22,1417,480,937,3340,3116,224,22,2289,3362
2021,Heath (Cardiff),W05001280,5177,4146,2226,1920,22,22,226,78,148,779,680,99,4,1942,783
2021,Lisvane and Thornhill,W05001281,4507,3681,2055,1626,41,41,135,38,97,649,583,66,1,1667,650
2021,Llandaff,W05001282,3756,3065,1754,1311,14,14,131,8,123,542,454,88,4,1325,546
2021,Llandaff North,W05001283,3479,2147,991,1156,9,9,852,564,288,459,404,55,12,1165,471
2021,Llanishen,W05001284,4637,3043,1515,1528,27,27,846,561,285,707,609,98,14,1555,721
2021,Llanrumney,W05001285,4807,2634,1241,1393,3,3,1432,1175,257,709,600,109,29,1396,738
2021,Pentwyn,W05001286,6515,3803,1738,2065,14,14,1603,1026,577,1066,943,123,29,2079,1095
2021,Pentyrch and St Fagans,W05001287,3757,3143,1669,1474,7,7,253,114,139,349,295,54,5,1481,354
2021,Penylan,W05001288,5275,3786,2111,1675,10,10,402,34,368,1071,987,84,6,1685,1077
2021,Plasnewydd,W05001289,7721,2637,1218,1419,26,26,903,193,710,4140,3942,198,15,1445,4155
2021,Pontprennau and Old St Mellons,W05001290,4909,3468,1199,2269,28,28,552,65,487,861,786,75,0,2297,861
2021,Radyr,W05001291,2823,2398,1169,1229,2,2,124,33,91,299,260,39,0,1231,299
2021,Rhiwbina,W05001292,5036,4457,2707,1750,7,7,125,51,74,446,380,66,1,1757,447
2021,Riverside (Cardiff),W05001293,6169,2771,1351,1420,18,18,924,270,654,2441,2281,160,15,1438,2456
2021,Rumney,W05001294,3601,2471,1278,1193,10,10,710,431,279,398,343,55,12,1203,410
2021,Splott,W05001295,6112,2744,1023,1721,12,12,1894,763,1131,1419,1290,129,43,1733,1462
2021,Trowbridge,W05001296,7009,3538,1496,2042,35,35,2362,1051,1311,1054,950,104,20,2077,1074
2021,Whitchurch and Tongwynlais,W05001297,6831,5217,2943,2274,13,13,805,462,343,784,655,129,12,2287,796
2021,Aberaeron and Aberarth,W05001298,896,615,469,146,3,3,90,16,74,188,137,51,0,149,188
2021,Aberporth and Y Ferwig,W05001299,1563,1180,835,345,2,2,155,52,103,226,174,52,0,347,226
2021,Aberystwyth Morfa a Glais,W05001300,2184,745,527,218,10,10,251,35,216,1178,1092,86,0,228,1178
2021,Aberystwyth Penparcau,W05001301,1280,640,352,288,1,1,422,94,328,217,189,28,0,289,217
2021,Aberystwyth Rheidol,W05001302,1055,430,310,120,6,6,147,24,123,471,451,20,1,126,472
2021,Beulah and Llangoedmor,W05001303,1309,1016,751,265,3,3,118,30,88,172,133,39,0,268,172
2021,Borth,W05001304,919,673,463,210,5,5,54,16,38,187,165,22,0,215,187
2021,Ceulan a Maesmawr,W05001305,798,637,423,214,0,0,46,11,35,115,86,29,0,214,115
2021,Ciliau Aeron,W05001306,840,657,456,201,7,7,39,6,33,136,99,37,1,208,137
2021,Faenor,W05001307,744,535,407,128,3,3,72,24,48,133,107,26,1,131,134
2021,Lampeter,W05001308,1052,561,419,142,1,1,201,48,153,289,244,45,0,143,289
2021,Llannarth,W05001309,685,519,356,163,1,1,51,15,36,114,95,19,0,164,114
2021,Llanbadarn Fawr,W05001310,904,551,339,212,3,3,80,18,62,270,238,32,0,215,270
2021,Llandyfriog,W05001311,818,612,447,165,2,2,72,17,55,131,101,30,1,167,132
2021,Llandysilio and Llangrannog,W05001312,744,608,436,172,3,3,26,6,20,107,76,31,0,175,107
2021,Llandysul North and Troedyraur,W05001313,928,758,562,196,0,0,70,18,52,100,66,34,0,196,100
2021,Llandysul South,W05001314,873,584,392,192,6,6,143,33,110,140,107,33,0,198,140
2021,Llanfarian,W05001315,652,517,355,162,0,0,21,3,18,114,86,28,0,162,114
2021,Llanfihangel Ystrad,W05001316,893,668,485,183,2,2,90,27,63,131,93,38,2,185,133
2021,Llangeitho,W05001317,618,489,377,112,6,6,26,2,24,97,67,30,0,118,97
2021,Llangybi,W05001318,638,519,378,141,5,5,14,3,11,100,74,26,0,146,100
2021,Llanrhystyd,W05001319,663,521,364,157,0,0,22,5,17,120,93,27,0,157,120
2021,Llansanffraid (Ceredigion),W05001320,837,651,439,212,0,0,51,7,44,135,101,34,0,212,135
2021,Llanwenog,W05001321,756,608,430,178,0,0,36,11,25,112,90,22,0,178,112
2021,Lledrod,W05001322,638,529,378,151,0,0,20,5,15,89,74,15,0,151,89
2021,Melindwr,W05001323,872,666,454,212,1,1,57,9,48,148,107,41,0,213,148
2021,Mwldan,W05001324,889,617,465,152,1,1,162,43,119,109,90,19,0,153,109
2021,New Quay and Llanllwchaearn,W05001325,858,670,505,165,4,4,74,12,62,109,79,30,1,169,110
2021,Penbryn,W05001326,570,482,366,116,1,1,20,3,17,67,46,21,0,117,67
2021,Teifi,W05001327,1184,469,299,170,6,6,364,101,263,343,308,35,2,176,345
2021,Tirymynach,W05001328,758,534,349,185,0,0,108,19,89,116,94,22,0,185,116
2021,Trefeurig,W05001329,770,635,383,252,6,6,21,6,15,108,90,18,0,258,108
2021,Tregaron and Ystrad Fflur,W05001330,849,616,418,198,4,4,76,22,54,153,124,29,0,202,153
2021,Ystwyth,W05001331,849,659,408,251,2,2,39,8,31,149,120,29,0,253,149
2021,Alyn Valley,W05001332,731,594,381,213,3,3,59,39,20,74,56,18,1,216,75
2021,Bodelwyddan,W05001333,870,595,323,272,1,1,93,78,15,180,148,32,1,273,181
2021,Denbigh Caledfryn Henllan,W05001334,2244,1139,646,493,18,18,639,403,236,434,390,44,14,511,448
2021,Denbigh Lower,W05001335,1939,1506,864,642,7,7,160,65,95,266,216,50,0,649,266
2021,Dyserth,W05001336,1001,748,424,324,1,1,90,86,4,157,120,37,5,325,162
2021,Edeirnion,W05001337,1545,1003,645,358,6,6,254,195,59,279,214,65,3,364,282
2021,Efenechdyd,W05001338,667,552,343,209,4,4,41,36,5,70,49,21,0,213,70
2021,Llandyrnog,W05001339,891,651,393,258,1,1,95,70,25,144,119,25,0,259,144
2021,Llanfair Dyffryn Clwyd Gwyddelwern,W05001340,977,726,443,283,4,4,81,64,17,166,127,39,0,287,166
2021,Llangollen,W05001341,1905,1222,808,414,9,9,296,139,157,374,316,58,4,423,378
2021,Llanrhaeadr-yng-Nghinmeirch,W05001342,765,587,377,210,1,1,56,38,18,121,88,33,0,211,121
2021,Moel Famau,W05001343,992,766,506,260,3,3,90,45,45,133,107,26,0,263,133
2021,Prestatyn Central,W05001344,1545,1085,673,412,5,5,208,154,54,240,201,39,7,417,247
2021,Prestatyn East,W05001345,1686,1169,688,481,28,28,197,72,125,290,261,29,2,509,292
2021,Prestatyn Meliden,W05001346,882,623,358,265,3,3,118,105,13,137,107,30,1,268,138
2021,Prestatyn North,W05001347,2716,1940,1250,690,28,28,128,57,71,618,543,75,2,718,620
2021,Prestatyn South West,W05001348,1809,1251,813,438,14,14,99,22,77,443,385,58,2,452,445
2021,Rhuddlan,W05001349,1796,1257,796,461,14,14,178,113,65,342,288,54,5,475,347
2021,Rhyl East,W05001350,2080,1308,864,444,15,15,217,128,89,538,468,70,2,459,540
2021,Rhyl South,W05001351,1684,1284,843,441,8,8,136,115,21,253,215,38,3,449,256
2021,Rhyl South West,W05001352,2169,963,454,509,7,7,735,512,223,452,397,55,12,516,464
2021,Rhyl Trellewelyn,W05001353,1722,1082,513,569,11,11,310,160,150,315,277,38,4,580,319
2021,Rhyl Ty Newydd,W05001354,1837,1396,729,667,23,23,71,47,24,347,297,50,0,690,347
2021,Rhyl West,W05001355,2241,582,291,291,8,8,518,99,419,1132,1077,55,1,299,1133
2021,Ruthin,W05001356,2628,1726,1073,653,5,5,408,221,187,488,416,72,1,658,489
2021,St Asaph East,W05001357,840,604,350,254,1,1,103,53,50,131,119,12,1,255,132
2021,St Asaph West,W05001358,730,450,259,191,1,1,152,105,47,125,95,30,2,192,127
2021,Trefnant,W05001359,788,591,385,206,0,0,72,43,29,125,104,21,0,206,125
2021,Tremeirchion,W05001360,698,535,335,200,2,2,43,34,9,118,94,24,0,202,118
2021,Abersychan,W05001361,2838,1747,951,796,3,3,830,294,536,255,198,57,3,799,258
2021,Blaenavon,W05001362,2690,1565,913,652,5,5,705,231,474,412,333,79,3,657,415
2021,Coed Eva,W05001363,992,730,390,340,3,3,196,76,120,63,50,13,0,343,63
2021,Croesyceiliog,W05001364,2370,1657,979,678,0,0,405,123,282,308,263,45,0,678,308
2021,Fairwater (Torfaen),W05001365,2122,1370,670,700,73,73,466,172,294,211,176,35,2,773,213
2021,Greenmeadow,W05001366,1098,710,363,347,2,2,244,98,146,142,120,22,0,349,142
2021,Llanfrechfa and Ponthir,W05001367,874,786,494,292,2,2,39,15,24,46,39,7,1,294,47
2021,Llantarnam,W05001368,2875,1863,855,1008,18,18,702,211,491,291,236,55,1,1026,292
2021,Llanyrafon,W05001369,1127,809,493,316,1,1,172,59,113,145,113,32,0,317,145
2021,New Inn,W05001370,2690,2115,1305,810,11,11,346,92,254,216,175,41,2,821,218
2021,Panteg,W05001371,3256,2411,1266,1145,14,14,434,159,275,395,331,64,2,1159,397
2021,Pontnewydd,W05001372,3145,1822,851,971,35,35,891,284,607,391,330,61,6,1006,397
2021,Pontnewynydd and Snatchwood,W05001373,1722,1048,581,467,7,7,403,117,286,264,226,38,0,474,264
2021,Pontypool Fawr,W05001374,3362,2106,1137,969,17,17,763,283,480,475,394,81,1,986,476
2021,St. Dials,W05001375,1950,1064,512,552,14,14,677,250,427,193,157,36,2,566,195
2021,Trevethin and Penygarn,W05001376,2113,1090,569,521,10,10,843,350,493,163,123,40,7,531,170
2021,Two Locks,W05001377,2570,1745,939,806,9,9,577,194,383,238,186,52,1,815,239
2021,Upper Cwmbran,W05001378,2444,1276,683,593,0,0,881,317,564,286,249,37,1,593,287
2021,Baruc,W05001379,3934,2984,1283,1701,14,14,318,76,242,618,543,75,0,1715,618
2021,Buttrills,W05001380,2760,1672,783,889,6,6,498,246,252,581,522,59,3,895,584
2021,Cadoc,W05001381,4275,2693,1211,1482,14,14,745,273,472,819,711,108,4,1496,823
2021,Castleland,W05001382,2374,1111,481,630,4,4,599,147,452,658,604,54,2,634,660
2021,Cornerswell,W05001383,2237,1677,866,811,3,3,282,206,76,273,236,37,2,814,275
2021,Court (Vale of Glamorgan),W05001384,2018,1207,564,643,1,1,358,264,94,452,394,58,0,644,452
2021,Cowbridge,W05001385,2888,2374,1531,843,9,9,160,78,82,345,275,70,0,852,345
2021,Dinas Powys,W05001386,3603,2881,1661,1220,7,7,404,175,229,302,216,86,9,1227,311
2021,Dyfan,W05001387,2338,1692,913,779,5,5,430,323,107,209,171,38,2,784,211
2021,Gibbonsdown,W05001388,2369,1218,603,615,0,0,887,647,240,260,219,41,4,615,264
2021,Illtyd,W05001389,3526,2595,1407,1188,7,7,318,217,101,604,534,70,2,1195,606
2021,Llandough,W05001390,898,677,360,317,3,3,94,13,81,124,104,20,0,320,124
2021,Llandow,W05001391,836,732,423,309,4,4,43,17,26,57,42,15,0,313,57
2021,Llantwit Major,W05001392,4520,3307,1962,1345,14,14,407,288,119,790,554,236,2,1359,792
2021,Peterston-super-Ely,W05001393,787,704,428,276,2,2,21,15,6,60,43,17,0,278,60
2021,Plymouth (Vale of Glamorgan),W05001394,2320,1976,1245,731,4,4,102,77,25,238,202,36,0,735,238
2021,Rhoose,W05001395,2886,2303,1189,1114,7,7,231,96,135,344,274,70,1,1121,345
2021,St Athan,W05001396,1567,1002,490,512,3,3,166,101,65,396,281,115,0,515,396
2021,St Bride's Major,W05001397,1861,1567,907,660,7,7,102,32,70,185,123,62,0,667,185
2021,St Nicholas and Llancarfan,W05001398,888,727,371,356,2,2,57,23,34,102,75,27,0,358,102
2021,St Augustine's,W05001399,3447,2278,1222,1056,9,9,255,99,156,905,802,103,0,1065,905
2021,Stanwell,W05001400,1823,1155,526,629,5,5,426,219,207,235,201,34,2,634,237
2021,Sully,W05001401,2066,1708,1034,674,3,3,21,9,12,333,288,45,1,677,334
2021,Wenvoe,W05001402,1226,1045,594,451,2,2,93,16,77,86,60,26,0,453,86
2021,Betws-yn-Rhos,W05001403,852,611,408,203,6,6,78,32,46,156,129,27,1,209,157
2021,Betws-y-Coed and Trefriw,W05001404,869,652,423,229,1,1,99,23,76,117,80,37,0,230,117
2021,Bryn (Conwy),W05001405,829,518,312,206,4,4,166,49,117,141,122,19,0,210,141
2021,Caerhun,W05001406,1073,848,589,259,1,1,79,25,54,145,114,31,0,260,145
2021,Colwyn,W05001407,1957,1332,745,587,6,6,298,130,168,321,267,54,0,593,321
2021,Conwy,W05001408,1967,1322,841,481,14,14,278,74,204,350,296,54,3,495,353
2021,Craig-y-don,W05001409,1567,1137,828,309,5,5,48,8,40,377,333,44,0,314,377
2021,Deganwy,W05001410,1843,1483,1072,411,14,14,105,26,79,241,203,38,0,425,241
2021,Eglwys-bach a Llangernyw,W05001411,827,604,410,194,2,2,52,24,28,169,141,28,0,196,169
2021,Eirias,W05001412,1616,1152,643,509,18,18,268,92,176,176,140,36,2,527,178
2021,Gele and Llanddulas,W05001413,3076,2427,1640,787,16,16,210,63,147,421,361,60,2,803,423
2021,Glyn (Conwy),W05001414,2040,979,559,420,2,2,384,109,275,674,623,51,1,422,675
2021,Glyn y Marl,W05001415,3362,2513,1405,1108,26,26,302,99,203,518,450,68,3,1134,521
2021,Gogarth Mostyn,W05001416,3453,1897,1284,613,13,13,427,129,298,1116,1025,91,0,626,1116
2021,Kinmel Bay,W05001417,2554,1879,1138,741,46,46,173,67,106,456,384,72,0,787,456
2021,Llandrillo-yn-Rhos,W05001418,3766,2643,1814,829,20,20,368,114,254,728,615,113,7,849,735
2021,Llanrwst a Llanddoged,W05001419,1637,1047,661,386,6,6,262,75,187,317,251,66,5,392,322
2021,Llansanffraid (Conwy),W05001420,1001,773,483,290,7,7,47,22,25,174,145,29,0,297,174
2021,Llansannan,W05001421,755,580,383,197,1,1,71,28,43,102,62,40,1,198,103
2021,Llysfaen,W05001422,1072,627,337,290,7,7,280,151,129,157,135,22,1,297,158
2021,Mochdre,W05001423,846,539,291,248,3,3,171,81,90,132,120,12,1,251,133
2021,Pandy,W05001424,819,642,414,228,3,3,61,29,32,113,97,16,0,231,113
2021,Penmaenmawr,W05001425,2029,1368,818,550,11,11,278,84,194,372,314,58,0,561,372
2021,Penrhyn,W05001426,2138,1792,1218,574,6,6,22,8,14,317,266,51,1,580,318
2021,Pen-sarn Pentre Mawr,W05001427,3042,1932,1238,694,20,20,456,143,313,632,576,56,2,714,634
2021,Rhiw,W05001428,2620,1680,974,706,7,7,179,25,154,753,674,79,1,713,754
2021,Towyn,W05001429,1060,758,502,256,11,11,82,28,54,209,176,33,0,267,209
2021,Tudno,W05001430,2193,1081,707,374,13,13,854,280,574,235,195,40,10,387,245
2021,Uwch Aled,W05001431,735,466,329,137,1,1,78,27,51,190,154,36,0,138,190
2021,Uwch Conwy,W05001432,638,445,296,149,2,2,86,10,76,105,76,29,0,151,105
2021,Amroth and Saundersfoot North,W05001433,930,715,519,196,0,0,54,33,21,161,126,35,0,196,161
2021,Boncath and Clydau,W05001434,861,701,503,198,4,4,25,15,10,131,93,38,0,202,131
2021,Burton (Pembrokeshire),W05001435,764,648,427,221,2,2,42,33,9,72,51,21,0,223,72
2021,Bro Gwaun,W05001436,786,542,375,167,3,3,111,65,46,130,95,35,0,170,130
2021,Camrose,W05001437,804,656,453,203,2,2,48,38,10,96,73,23,2,205,98
2021,Carew and Jeffreyston,W05001438,865,668,418,250,3,3,45,35,10,149,120,29,0,253,149
2021,Cilgerran and Eglwyswrw,W05001439,1008,782,560,222,4,4,65,42,23,157,119,38,0,226,157
2021,Crymych and Mynachlog-ddu,W05001440,1025,769,507,262,3,3,119,36,83,134,107,27,0,265,134
2021,East Williamston,W05001441,817,650,429,221,3,3,61,9,52,103,85,18,0,224,103
2021,Fishguard: North East,W05001442,888,609,454,155,1,1,160,57,103,118,92,26,0,156,118
2021,Fishguard: North West,W05001443,747,494,345,149,0,0,131,61,70,122,96,26,0,149,122
2021,Goodwick,W05001444,938,623,409,214,2,2,81,73,8,232,192,40,0,216,232
2021,Haverfordwest: Castle,W05001445,1227,494,310,184,8,8,313,137,176,411,371,40,1,192,412
2021,Haverfordwest: Garth,W05001446,1113,392,217,175,3,3,447,323,124,271,184,87,0,178,271
2021,Haverfordwest: Portfield,W05001447,1088,695,429,266,1,1,209,108,101,181,160,21,2,267,183
2021,Haverfordwest: Prendergast,W05001448,976,692,438,254,0,0,110,81,29,172,131,41,2,254,174
2021,Haverfordwest: Priory,W05001449,1156,831,491,340,0,0,76,69,7,249,212,37,0,340,249
2021,Hundleton,W05001450,773,556,393,163,3,3,74,53,21,140,107,33,0,166,140
2021,Johnston,W05001451,918,610,356,254,2,2,180,119,61,126,102,24,0,256,126
2021,Kilgetty and Begelly,W05001452,1046,806,545,261,5,5,111,63,48,123,91,32,1,266,124
2021,Lampeter Velfrey,W05001453,647,533,353,180,6,6,24,21,3,84,54,30,0,186,84
2021,Lamphey,W05001454,772,642,445,197,2,2,51,41,10,77,58,19,0,199,77
2021,Letterston,W05001455,1025,744,507,237,1,1,138,87,51,142,103,39,0,238,142
2021,Llangwm,W05001456,983,806,505,301,0,0,89,52,37,88,70,18,0,301,88
2021,Llanrhian,W05001457,820,659,471,188,2,2,75,50,25,84,55,29,0,190,84
2021,Maenclochog,W05001458,915,687,472,215,5,5,79,52,27,143,104,39,1,220,144
2021,Manorbier and Penally,W05001459,933,694,506,188,2,2,131,80,51,105,74,31,1,190,106
2021,Martletwy,W05001460,811,636,452,184,1,1,26,15,11,148,106,42,0,185,148
2021,Merlin's Bridge,W05001461,930,527,321,206,1,1,307,162,145,94,81,13,1,207,95
2021,Milford: Central,W05001462,1051,585,380,205,0,0,150,94,56,316,281,35,0,205,316
2021,Milford: East,W05001463,1272,644,386,258,3,3,434,316,118,191,160,31,0,261,191
2021,Milford: Hakin,W05001464,1253,728,437,291,5,5,322,283,39,198,159,39,0,296,198
2021,Milford: Hubberston,W05001465,1070,598,343,255,1,1,311,236,75,159,125,34,1,256,160
2021,Milford: North,W05001466,1095,668,422,246,2,2,337,127,210,88,66,22,0,248,88
2021,Milford: West,W05001467,1009,499,292,207,0,0,323,273,50,183,158,25,4,207,187
2021,Narberth: Urban,W05001468,1343,833,541,292,7,7,222,126,96,281,233,48,0,299,281
2021,Narberth: Rural,W05001469,567,455,284,171,1,1,32,9,23,79,58,21,0,172,79
2021,Newport and Dinas,W05001470,897,664,535,129,6,6,114,61,53,113,81,32,0,135,113
2021,Neyland: East,W05001471,1018,690,443,247,1,1,183,118,65,144,124,20,0,248,144
2021,Neyland: West,W05001472,897,606,369,237,4,4,186,140,46,101,79,22,0,241,101
2021,Pembroke Dock: Bufferland,W05001473,765,475,301,174,2,2,196,36,160,92,74,18,0,176,92
2021,Pembroke Dock: Bush,W05001474,949,440,261,179,1,1,370,326,44,133,115,18,5,180,138
2021,Pembroke Dock: Central,W05001475,1124,584,366,218,1,1,183,66,117,355,316,39,1,219,356
2021,Pembroke Dock: Market,W05001476,834,519,275,244,2,2,88,42,46,225,214,11,0,246,225
2021,Pembroke Dock: Pennar,W05001477,755,482,256,226,1,1,169,96,73,101,97,4,2,227,103
2021,Pembroke: Monkton and St Mary South,W05001478,1719,878,582,296,1,1,519,422,97,318,266,52,3,297,321
2021,Pembroke: St Mary North,W05001479,1063,562,286,276,2,2,365,213,152,133,111,22,1,278,134
2021,Pembroke: St Michael,W05001480,906,770,570,200,3,3,31,6,25,102,73,29,0,203,102
2021,Rudbaxton and Spittal,W05001481,759,611,370,241,4,4,40,15,25,104,67,37,0,245,104
2021,Saundersfoot South,W05001482,777,543,417,126,2,2,71,59,12,161,130,31,0,128,161
2021,Solva,W05001483,685,461,339,122,4,4,133,81,52,87,60,27,0,126,87
2021,St David's (Pembrokeshire),W05001484,846,592,446,146,6,6,116,80,36,129,86,43,3,152,132
2021,St Dogmaels,W05001485,957,750,583,167,0,0,55,30,25,151,111,40,1,167,152
2021,St Florence and St Mary Out Liberty,W05001486,686,513,330,183,2,2,74,35,39,97,65,32,0,185,97
2021,St Ishmael's,W05001487,950,717,491,226,1,1,89,68,21,143,106,37,0,227,143
2021,Tenby: North,W05001488,948,658,470,188,2,2,139,113,26,146,126,20,3,190,149
2021,Tenby: South,W05001489,1079,525,361,164,3,3,264,153,111,287,241,46,0,167,287
2021,The Havens,W05001490,867,681,485,196,3,3,54,34,20,129,95,34,0,199,129
2021,Wiston,W05001491,789,611,419,192,2,2,49,26,23,127,90,37,0,194,127
2021,Aethwy,W05001492,2954,2195,1460,735,6,6,298,254,44,448,360,88,7,741,455
2021,Bodowyr,W05001493,1516,1087,626,461,8,8,193,155,38,225,176,49,3,469,228
2021,Bro Aberffraw,W05001494,1711,1140,785,355,3,3,261,226,35,300,238,62,7,358,307
2021,Bro'r Llynnoedd,W05001495,2190,1474,891,583,8,8,296,223,73,404,253,151,8,591,412
2021,Canolbarth Mon,W05001496,2360,1419,834,585,4,4,622,508,114,301,222,79,14,589,315
2021,Cefni,W05001497,1339,973,631,342,6,6,196,95,101,161,120,41,3,348,164
2021,Crigyll,W05001498,1476,1051,698,353,3,3,187,157,30,228,163,65,7,356,235
2021,Lligwy,W05001499,2739,2147,1585,562,7,7,183,147,36,399,304,95,3,569,402
2021,Parc a'r Mynydd,W05001500,1656,1069,607,462,4,4,361,280,81,213,177,36,9,466,222
2021,Seiriol,W05001501,2637,1953,1408,545,10,10,302,261,41,363,290,73,9,555,372
2021,Talybolion,W05001502,2165,1558,1052,506,6,6,297,253,44,301,213,88,3,512,304
2021,Tref Cybi,W05001503,2025,918,502,416,7,7,611,484,127,471,418,53,18,423,489
2021,Twrcelyn,W05001504,3319,2286,1548,738,3,3,483,390,93,541,436,105,6,741,547
2021,Ynys Gybi,W05001505,2738,1754,1131,623,9,9,528,347,181,443,363,80,4,632,447
2021,Aberdyfi,W05001506,552,404,311,93,4,4,60,17,43,84,56,28,0,97,84
2021,Abererch,W05001507,565,408,289,119,2,2,66,27,39,87,60,27,2,121,89
2021,Abermaw,W05001508,1016,577,416,161,2,2,183,83,100,252,199,53,2,163,254
2021,Abersoch gyda Llanengan,W05001509,547,361,281,80,4,4,56,15,41,126,98,28,0,84,126
2021,Arllechwedd,W05001510,841,568,346,222,0,0,95,46,49,176,143,33,2,222,178
2021,Arthog a Llangelynnin,W05001511,808,620,522,98,1,1,50,18,32,136,110,26,1,99,137
2021,Bethel a'r Felinheli,W05001512,1600,1185,704,481,4,4,119,47,72,289,244,45,3,485,292
2021,Bowydd a'r Rhiw,W05001513,811,505,320,185,0,0,156,53,103,150,126,24,0,185,150
2021,Brithdir and Llanfachreth/Ganllwyd/Llanelltyd,W05001514,630,507,396,111,4,4,49,28,21,69,43,26,1,115,70
2021,Bro Dysynni,W05001515,557,420,322,98,0,0,55,20,35,80,61,19,2,98,82
2021,Cadnant,W05001516,695,357,214,143,1,1,301,123,178,34,25,9,2,144,36
2021,Canol Bangor,W05001517,1901,626,406,220,11,11,353,130,223,910,844,66,1,231,911
2021,Canol Bethesda,W05001518,800,429,236,193,2,2,218,93,125,148,127,21,3,195,151
2021,Canol Tref Caernarfon,W05001519,930,436,243,193,8,8,166,75,91,317,279,38,3,201,320
2021,Clynnog,W05001520,540,435,298,137,0,0,61,31,30,44,34,10,0,137,44
2021,Corris a Mawddwy,W05001521,600,449,338,111,2,2,56,19,37,93,72,21,0,113,93
2021,Criccieth,W05001522,767,524,406,118,1,1,108,30,78,134,96,38,0,119,134
2021,Cwm-y-glo,W05001523,551,448,256,192,2,2,31,13,18,70,53,17,0,194,70
2021,De Dolgellau,W05001524,664,393,272,121,2,2,178,69,109,90,74,16,1,123,91
2021,De Pwllheli,W05001525,814,437,276,161,2,2,218,106,112,150,123,27,7,163,157
2021,Deiniolen,W05001526,804,529,316,213,1,1,168,88,80,98,69,29,8,214,106
2021,Dewi,W05001527,773,469,234,235,3,3,168,74,94,132,121,11,1,238,133
2021,Diffwys a Maenofferen,W05001528,797,500,374,126,2,2,151,67,84,143,122,21,1,128,144
2021,Dolbenmaen,W05001529,499,367,266,101,1,1,57,22,35,73,57,16,1,102,74
2021,Dwyrain Bangor,W05001530,1946,594,319,275,7,7,828,418,410,509,448,61,8,282,517
2021,Dwyrain Porthmadog,W05001531,727,451,295,156,3,3,117,41,76,155,118,37,1,159,156
2021,Dyffryn Ardudwy,W05001532,706,539,412,127,4,4,69,20,49,93,63,30,1,131,94
2021,Efailnewydd a Buan,W05001533,538,416,300,116,2,2,44,20,24,76,46,30,0,118,76
2021,Gerlan,W05001534,735,542,282,260,1,1,50,27,23,139,109,30,3,261,142
2021,Glaslyn,W05001535,774,491,365,126,1,1,173,40,133,106,74,32,3,127,109
2021,Glyder,W05001536,693,452,269,183,0,0,154,48,106,86,72,14,1,183,87
2021,Gogledd Dolgellau,W05001537,568,376,265,111,2,2,43,14,29,147,119,28,0,113,147
2021,Gogledd Pwllheli,W05001538,1028,552,371,181,3,3,214,74,140,258,220,38,1,184,259
2021,Gorllewin Porthmadog,W05001539,796,608,480,128,0,0,68,14,54,120,74,46,0,128,120
2021,Gorllewin Tywyn,W05001540,594,396,295,101,1,1,113,44,69,83,63,20,1,102,84
2021,Harlech a Llanbedr,W05001541,1349,1018,784,234,3,3,129,42,87,199,144,55,0,237,199
2021,Hendre,W05001542,768,498,294,204,4,4,219,91,128,44,34,10,3,208,47
2021,Llanbedrog gyda Mynytho,W05001543,655,435,318,117,3,3,142,31,111,74,48,26,1,120,75
2021,Llanberis,W05001544,880,590,361,229,2,2,152,67,85,134,100,34,2,231,136
2021,Llandderfel,W05001545,561,401,294,107,1,1,51,31,20,108,80,28,0,108,108
2021,Llanllyfni,W05001546,850,546,335,211,3,3,192,72,120,107,85,22,2,214,109
2021,Llanrug,W05001547,758,577,319,258,3,3,104,32,72,72,55,17,2,261,74
2021,Llanuwchllyn,W05001548,452,340,245,95,3,3,23,9,14,84,51,33,2,98,86
2021,Llanwnda,W05001549,557,473,274,199,2,2,28,11,17,53,39,14,1,201,54
2021,Llanystumdwy,W05001550,827,613,448,165,4,4,75,29,46,135,96,39,0,169,135
2021,Menai,W05001551,887,714,457,257,1,1,27,9,18,144,117,27,1,258,145
2021,Morfa Nefyn a Thudweiliog,W05001552,894,598,431,167,2,2,88,39,49,205,152,53,1,169,206
2021,Morfa Tywyn,W05001553,967,593,451,142,3,3,115,31,84,256,224,32,0,145,256
2021,Nefyn,W05001554,562,366,256,110,2,2,107,42,65,87,62,25,0,112,87
2021,Peblig,W05001555,1144,499,238,261,2,2,534,351,183,101,76,25,8,263,109
2021,Pen draw Llyn,W05001556,763,542,420,122,2,2,70,15,55,149,101,48,0,124,149
2021,Penisa'r-waun,W05001557,565,458,263,195,1,1,50,19,31,55,45,10,1,196,56
2021,Penrhyndeudraeth,W05001558,887,647,422,225,4,4,131,50,81,103,78,25,2,229,105
2021,Pen-y-groes,W05001559,803,496,316,180,6,6,172,83,89,127,105,22,2,186,129
2021,Rachub,W05001560,531,372,215,157,0,0,93,25,68,65,54,11,1,157,66
2021,Teigl,W05001561,548,437,289,148,3,3,43,15,28,64,47,17,1,151,65
2021,Trawsfynydd,W05001562,641,466,349,117,2,2,105,38,67,67,41,26,1,119,68
2021,Tre-garth a Mynydd Llandygai,W05001563,890,676,403,273,3,3,108,58,50,100,65,35,3,276,103
2021,Tryfan,W05001564,635,479,290,189,2,2,87,34,53,66,52,14,1,191,67
2021,Waunfawr,W05001565,605,472,293,179,0,0,78,35,43,55,42,13,0,179,55
2021,Y Bala,W05001566,940,505,355,150,2,2,239,81,158,192,146,46,2,152,194
2021,Y Bontnewydd,W05001567,558,445,295,150,2,2,52,22,30,58,43,15,1,152,59
2021,Y Faenol,W05001568,1049,717,384,333,0,0,180,40,140,152,128,24,0,333,152
2021,Y Groeslon,W05001569,719,583,373,210,1,1,67,32,35,66,42,24,2,211,68
2021,Yr Eifl,W05001570,682,490,339,151,5,5,100,37,63,86,65,21,1,156,87
2021,Argoed and New Brighton,W05001571,2455,2156,1284,872,5,5,93,55,38,201,168,33,0,877,201
2021,Bagillt,W05001572,1718,1139,660,479,4,4,297,217,80,277,248,29,1,483,278
2021,Broughton North East,W05001573,958,696,348,348,1,1,121,119,2,140,121,19,0,349,140
2021,Broughton South,W05001574,1831,1467,646,821,15,15,146,123,23,203,176,27,0,836,203
2021,Brynford and Halkyn,W05001575,1656,1343,802,541,6,6,149,122,27,158,123,35,0,547,158
2021,Buckley: Bistre East,W05001576,1904,1412,714,698,8,8,199,166,33,283,246,37,2,706,285
2021,Buckley: Bistre West,W05001577,1868,1122,562,560,4,4,436,303,133,306,258,48,0,564,306
2021,Buckley: Mountain,W05001578,1049,801,425,376,9,9,83,33,50,156,138,18,0,385,156
2021,Buckley: Pentrobin,W05001579,2312,1897,991,906,5,5,136,112,24,274,222,52,0,911,274
2021,Caergwrle,W05001580,729,457,258,199,1,1,134,126,8,137,119,18,0,200,137
2021,Caerwys,W05001581,1104,877,539,338,12,12,64,60,4,151,117,34,0,350,151
2021,Cilcain,W05001582,769,645,428,217,1,1,66,62,4,57,47,10,0,218,57
2021,Connah's Quay Central,W05001583,2072,1235,661,574,6,6,495,379,116,335,298,37,1,580,336
2021,Connah's Quay: Golftyn,W05001584,2139,1417,628,789,21,21,342,236,106,359,314,45,0,810,359
2021,Connah's Quay South,W05001585,1767,1535,711,824,13,13,96,41,55,123,103,20,0,837,123
2021,Connah's Quay: Wepre,W05001586,951,717,359,358,1,1,63,48,15,170,137,33,0,359,170
2021,Flint: Castle,W05001587,1130,443,227,216,3,3,477,376,101,206,181,25,1,219,207
2021,Flint: Coleshill and Trelawny,W05001588,3459,2390,1253,1137,7,7,646,336,310,415,338,77,1,1144,416
2021,Flint: Oakenholt,W05001589,1253,912,303,609,9,9,186,101,85,146,132,14,0,618,146
2021,Greenfield (Flintshire),W05001590,1159,680,334,346,1,1,313,193,120,164,147,17,1,347,165
2021,Gwernaffield and Gwernymynydd,W05001591,1572,1315,837,478,5,5,102,89,13,150,111,39,0,483,150
2021,Hawarden: Aston,W05001592,1807,1476,901,575,5,5,193,159,34,132,117,15,1,580,133
2021,Hawarden: Ewloe,W05001593,2284,1974,1033,941,13,13,17,10,7,280,236,44,0,954,280
2021,Hawarden: Mancot,W05001594,1952,1299,764,535,27,27,317,193,124,309,263,46,0,562,309
2021,Higher Kinnerton,W05001595,736,641,376,265,2,2,29,23,6,64,55,9,0,267,64
2021,Holywell Central,W05001596,958,370,218,152,9,9,360,264,96,218,193,25,1,161,219
2021,Holywell East,W05001597,806,535,306,229,0,0,177,123,54,94,84,10,0,229,94
2021,Holywell West,W05001598,995,722,417,305,14,14,139,109,30,119,99,20,1,319,120
2021,Hope,W05001599,1072,889,479,410,5,5,86,51,35,92,76,16,0,415,92
2021,Leeswood,W05001600,930,621,327,294,3,3,139,105,34,163,141,22,4,297,167
2021,Llanasa and Trelawnyd,W05001601,2337,1682,1042,640,8,8,318,255,63,326,263,63,3,648,329
2021,Llanfynydd,W05001602,794,658,383,275,5,5,62,44,18,69,52,17,0,280,69
2021,Mold: Broncoed,W05001603,1295,819,460,359,13,13,234,143,91,229,198,31,0,372,229
2021,Mold East,W05001604,1116,711,411,300,10,10,222,129,93,173,149,24,0,310,173
2021,Mold South,W05001605,1156,1057,617,440,6,6,23,13,10,70,55,15,0,446,70
2021,Mold West,W05001606,1002,501,291,210,2,2,372,245,127,126,103,23,1,212,127
2021,Mostyn,W05001607,792,458,262,196,3,3,209,195,14,120,95,25,2,199,122
2021,Northop,W05001608,2074,1742,1005,737,6,6,128,116,12,197,156,41,1,743,198
2021,Pen-y-ffordd,W05001609,1935,1653,786,867,3,3,132,98,34,147,121,26,0,870,147
2021,Queensferry and Sealand,W05001610,2282,1263,619,644,6,6,585,371,214,424,391,33,4,650,428
2021,Saltney Ferry,W05001611,2252,1337,613,724,11,11,507,412,95,395,354,41,2,735,397
2021,Shotton East and Shotton Higher,W05001612,1862,942,475,467,11,11,605,466,139,302,264,38,2,478,304
2021,Shotton West,W05001613,970,639,372,267,4,4,84,64,20,243,226,17,0,271,243
2021,Treuddyn,W05001614,704,533,317,216,1,1,122,86,36,47,34,13,1,217,48
2021,Whitford,W05001615,969,847,502,345,4,4,18,16,2,100,81,19,0,349,100
2021,Bedlinog and Trelewis,W05001616,1596,1139,595,544,3,3,206,73,133,248,191,57,0,547,248
2021,Cyfarthfa,W05001617,3049,2005,1046,959,2,2,661,260,401,375,309,66,6,961,381
2021,Dowlais and Pant,W05001618,3043,1705,968,737,4,4,770,235,535,558,469,89,6,741,564
2021,Gurnos,W05001619,2159,841,530,311,3,3,1073,663,410,231,191,40,11,314,242
2021,Merthyr Vale,W05001620,1634,1045,588,457,3,3,342,83,259,243,213,30,1,460,244
2021,Park (Merthyr Tydfil),W05001621,1970,1192,723,469,2,2,484,89,395,290,256,34,2,471,292
2021,Penydarren,W05001622,2189,1267,700,567,0,0,622,324,298,290,240,50,10,567,300
2021,Plymouth (Merthyr Tydfil),W05001623,2281,1522,910,612,4,4,369,97,272,382,321,61,4,616,386
2021,Town (Merthyr Tydfil),W05001624,3616,2325,1273,1052,7,7,510,143,367,773,658,115,1,1059,774
2021,Treharris,W05001625,2727,1999,1131,868,4,4,318,76,242,406,343,63,0,872,406
2021,Vaynor,W05001626,1514,1068,635,433,1,1,270,126,144,171,134,37,4,434,175
2021,Allt-yr-yn,W05001627,3989,2793,1478,1315,30,30,555,90,465,607,537,70,4,1345,611
2021,Alway,W05001628,3405,2048,994,1054,13,13,852,426,426,488,425,63,4,1067,492
2021,Beechwood,W05001629,3278,2128,1053,1075,14,14,647,289,358,477,411,66,12,1089,489
2021,Bettws,W05001630,3453,1646,852,794,39,39,1334,710,624,417,360,57,17,833,434
2021,Bishton and Langstone,W05001631,2810,2237,1161,1076,8,8,308,147,161,256,213,43,1,1084,257
2021,Caerleon,W05001632,3523,2737,1558,1179,12,12,372,199,173,394,328,66,8,1191,402
2021,Gaer,W05001633,3931,2315,1230,1085,46,46,1107,516,591,451,367,84,12,1131,463
2021,Graig,W05001634,2207,1763,870,893,18,18,220,68,152,205,168,37,1,911,206
2021,Lliswerry,W05001635,5696,3326,1470,1856,73,73,1078,449,629,1210,1103,107,9,1929,1219
2021,Llanwern,W05001636,1317,1108,328,780,13,13,100,25,75,96,80,16,0,793,96
2021,Malpas (Newport),W05001637,3280,2454,1381,1073,10,10,479,270,209,333,275,58,4,1083,337
2021,Pillgwenlly,W05001638,2942,1004,441,563,23,23,962,387,575,936,799,137,17,586,953
2021,Ringland,W05001639,3545,1750,972,778,6,6,1407,713,694,370,319,51,12,784,382
2021,Rogerstone East,W05001640,1290,764,376,388,15,15,320,188,132,191,166,25,0,403,191
2021,Rogerstone North,W05001641,1283,1154,744,410,3,3,47,29,18,79,70,9,0,413,79
2021,Rogerstone West,W05001642,2990,2495,885,1610,22,22,179,71,108,292,263,29,2,1632,294
2021,Shaftesbury,W05001643,2315,1369,653,716,13,13,471,213,258,449,383,66,13,729,462
2021,St Julians,W05001644,3791,2492,1198,1294,43,43,433,145,288,818,721,97,5,1337,823
2021,Stow Hill,W05001645,2953,1289,522,767,13,13,654,121,533,997,924,73,0,780,997
2021,Tredegar Park and Marshfield,W05001646,4723,3074,1255,1819,33,33,996,529,467,612,533,79,8,1852,620
2021,Victoria (Newport),W05001647,3332,1609,750,859,27,27,342,62,280,1346,1221,125,8,886,1354
2021,Aber Valley,W05001648,2775,1719,834,885,6,6,519,261,258,529,447,82,2,891,531
2021,Aberbargoed and Bargoed,W05001649,4290,2547,1383,1164,10,10,1003,783,220,729,637,92,1,1174,730
2021,Abercarn,W05001650,2399,1619,807,812,14,14,383,244,139,380,316,64,3,826,383
2021,Argoed,W05001651,1125,729,375,354,3,3,258,158,100,135,111,24,0,357,135
2021,Bedwas and Trethomas,W05001652,2788,1931,1014,917,6,6,524,368,156,326,265,61,1,923,327
2021,Blackwood,W05001653,3482,2551,1395,1156,10,10,508,346,162,410,366,44,3,1166,413
2021,Cefn Fforest and Pengam,W05001654,3237,1985,1111,874,10,10,856,557,299,380,321,59,6,884,386
2021,Crosskeys,W05001655,1475,988,525,463,2,2,279,176,103,206,174,32,0,465,206
2021,Crumlin,W05001656,2458,1788,976,812,19,19,393,271,122,257,206,51,1,831,258
2021,Darran Valley,W05001657,1048,736,448,288,2,2,179,160,19,131,102,29,0,290,131
2021,Gilfach,W05001658,899,593,325,268,0,0,151,124,27,155,129,26,0,268,155
2021,Hengoed (Caerphilly),W05001659,2210,1498,651,847,3,3,464,261,203,244,207,37,1,850,245
2021,Llanbradach,W05001660,1865,1274,662,612,10,10,301,119,182,279,249,30,1,622,280
2021,Machen and Rudry,W05001661,2142,1514,842,672,2,2,442,408,34,184,150,34,0,674,184
2021,Maesycwmmer,W05001662,1056,817,418,399,1,1,139,112,27,99,72,27,0,400,99
2021,Morgan Jones,W05001663,3299,2255,1100,1155,37,37,581,315,266,423,341,82,3,1192,426
2021,Moriah and Pontlottyn,W05001664,2461,1412,847,565,4,4,735,662,73,310,253,57,0,569,310
2021,Nelson (Caerphilly),W05001665,1989,1462,872,590,3,3,327,217,110,195,152,43,2,593,197
2021,New Tredegar,W05001666,2063,1221,719,502,1,1,394,299,95,445,396,49,2,503,447
2021,Newbridge (Caerphilly),W05001667,2722,1808,1031,777,3,3,502,400,102,405,349,56,4,780,409
2021,Penmaen,W05001668,2303,1849,935,914,8,8,198,89,109,248,203,45,0,922,248
2021,Penyrheol,W05001669,5023,3440,1669,1771,10,10,1056,746,310,513,428,85,4,1781,517
2021,Pontllanfraith,W05001670,3596,2480,1397,1083,6,6,684,547,137,425,377,48,1,1089,426
2021,Risca East,W05001671,2738,1874,1022,852,15,15,563,446,117,286,251,35,0,867,286
2021,Risca West,W05001672,2363,1558,889,669,6,6,384,281,103,414,352,62,1,675,415
2021,St Cattwg,W05001673,3247,2204,1155,1049,5,5,594,428,166,437,357,80,7,1054,444
2021,St Martins (Caerphilly),W05001674,3656,2908,1495,1413,8,8,278,142,136,462,394,68,0,1421,462
2021,Twyn Carno,W05001675,1422,787,477,310,5,5,447,359,88,182,158,24,1,315,183
2021,Van,W05001676,2125,1057,653,404,4,4,783,621,162,279,245,34,2,408,281
2021,Ynysddu,W05001677,1667,1165,590,575,8,8,203,96,107,291,241,50,0,583,291
2021,Ystrad Mynach,W05001678,2326,1730,832,898,3,3,199,67,132,394,344,50,0,901,394
2021,Aberavon,W05001679,2610,1489,923,566,5,5,473,116,357,641,554,87,2,571,643
2021,Aberdulais,W05001680,941,670,335,335,2,2,186,35,151,83,71,12,0,337,83
2021,Allt-wen,W05001681,1111,870,446,424,11,11,118,53,65,112,86,26,0,435,112
2021,Baglan,W05001682,2955,2393,1337,1056,4,4,233,87,146,323,236,87,2,1060,325
2021,Blaengwrach and Glynneath West,W05001683,1357,852,500,352,3,3,317,124,193,184,154,30,1,355,185
2021,Briton Ferry East,W05001684,1467,877,501,376,1,1,277,94,183,306,271,35,6,377,312
2021,Briton Ferry West,W05001685,1258,655,370,285,4,4,384,203,181,207,180,27,8,289,215
2021,Bryn and Cwmavon,W05001686,2986,2032,1139,893,2,2,676,279,397,272,204,68,4,895,276
2021,Bryn-coch North,W05001687,915,828,570,258,0,0,18,7,11,69,49,20,0,258,69
2021,Bryn-coch South,W05001688,2382,1673,973,700,4,4,463,129,334,239,191,48,3,704,242
2021,Cadoxton,W05001689,738,587,382,205,3,3,74,8,66,74,47,27,0,208,74
2021,Cimla and Pelenna,W05001690,2133,1752,1081,671,2,2,178,97,81,201,144,57,0,673,201
2021,Coedffranc Central,W05001691,2276,1399,719,680,3,3,468,184,284,404,333,71,2,683,406
2021,Coedffranc North,W05001692,975,763,386,377,3,3,67,22,45,142,120,22,0,380,142
2021,Coedffranc West,W05001693,1301,1063,376,687,2,2,110,25,85,125,108,17,1,689,126
2021,"Crynant, Onllwyn and Seven Sisters",W05001694,2250,1556,990,566,6,6,416,164,252,265,200,65,7,572,272
2021,Cwmllynfell and Ystalyfera,W05001695,1829,1215,744,471,2,2,370,192,178,239,189,50,3,473,242
2021,Cymer and Glyncorrwg,W05001696,920,661,441,220,0,0,129,49,80,130,101,29,0,220,130
2021,Dyffryn,W05001697,1528,1139,698,441,3,3,203,62,141,181,131,50,2,444,183
2021,Glynneath Central and East,W05001698,993,751,455,296,1,1,79,14,65,162,127,35,0,297,162
2021,Godre'r Graig,W05001699,885,624,278,346,0,0,135,66,69,124,106,18,2,346,126
2021,Gwaun-Cae-Gurwen and Lower Brynamman,W05001700,1849,1252,766,486,4,4,378,183,195,213,158,55,2,490,215
2021,Gwynfi and Croeserw,W05001701,1186,628,416,212,0,0,429,223,206,126,104,22,3,212,129
2021,Margam and Tai-bach,W05001702,3424,2396,1323,1073,4,4,507,142,365,514,416,98,3,1077,517
2021,Neath East,W05001703,3038,1489,840,649,5,5,832,270,562,701,647,54,11,654,712
2021,Neath North,W05001704,1862,1043,677,366,3,3,533,168,365,281,224,57,2,369,283
2021,Neath South,W05001705,2054,1227,680,547,1,1,568,259,309,250,204,46,8,548,258
2021,Pontardawe,W05001706,2342,1490,794,696,8,8,558,202,356,279,220,59,7,704,286
2021,Port Talbot,W05001707,2544,1731,924,807,5,5,284,54,230,523,441,82,1,812,524
2021,Resolven and Tonna,W05001708,2490,1880,1122,758,3,3,305,111,194,301,237,64,1,761,302
2021,Rhos (Neath Port Talbot),W05001709,1130,953,609,344,1,1,82,19,63,94,66,28,0,345,94
2021,Sandfields East,W05001710,3036,1605,923,682,1,1,1000,466,534,411,334,77,19,683,430
2021,Sandfields West,W05001711,2855,1440,845,595,0,0,1029,490,539,375,289,86,11,595,386
2021,Trebanos,W05001712,745,527,285,242,1,1,119,57,62,97,78,19,1,243,98
2021,Acrefair North,W05001713,889,167,83,84,1,1,670,607,63,47,37,10,4,85,51
2021,Acton and Maesydre,W05001714,2175,1300,700,600,3,3,570,528,42,286,245,41,16,603,302
2021,Bangor Is-y-Coed,W05001715,845,684,454,230,3,3,48,44,4,108,85,23,2,233,110
2021,Borras Park,W05001716,1047,959,652,307,2,2,16,16,0,70,49,21,0,309,70
2021,Bronington and Hanmer,W05001717,750,554,384,170,4,4,49,48,1,142,125,17,1,174,143
2021,Brymbo,W05001718,1783,1117,400,717,4,4,324,296,28,332,296,36,6,721,338
2021,Bryn Cefn,W05001719,1161,764,400,364,4,4,204,137,67,189,160,29,0,368,189
2021,Brynyffynnon,W05001720,1727,655,262,393,30,30,308,143,165,729,638,91,5,423,734
2021,Cartrefle,W05001721,931,393,211,182,1,1,434,417,17,97,77,20,6,183,103
2021,Cefn East,W05001722,883,479,244,235,1,1,313,293,20,83,63,20,7,236,90
2021,Cefn West,W05001723,1186,766,429,337,3,3,242,196,46,166,135,31,9,340,175
2021,Chirk North,W05001724,1041,712,378,334,3,3,214,190,24,111,91,20,1,337,112
2021,Chirk South,W05001725,881,540,323,217,0,0,236,141,95,103,76,27,2,217,105
2021,Coedpoeth,W05001726,1922,1277,719,558,6,6,401,364,37,237,202,35,1,564,238
2021,Dyffryn Ceiriog,W05001727,902,647,417,230,0,0,106,70,36,146,123,23,3,230,149
2021,Erddig,W05001728,814,572,373,199,3,3,93,70,23,145,126,19,1,202,146
2021,Esclusham,W05001729,1168,777,407,370,8,8,215,195,20,159,133,26,9,378,168
2021,Garden Village,W05001730,916,784,544,240,3,3,20,17,3,108,83,25,1,243,109
2021,Gresford East and West,W05001731,1290,1019,667,352,3,3,102,89,13,165,137,28,1,355,166
2021,Grosvenor,W05001732,1211,508,275,233,1,1,232,135,97,469,439,30,1,234,470
2021,Gwenfro,W05001733,1041,524,229,295,3,3,379,365,14,129,112,17,6,298,135
2021,Gwersyllt East,W05001734,1027,749,420,329,4,4,189,165,24,85,66,19,0,333,85
2021,Gwersyllt North,W05001735,1144,736,337,399,4,4,248,209,39,150,131,19,6,403,156
2021,Gwersyllt South,W05001736,1013,665,248,417,0,0,169,122,47,178,158,20,1,417,179
2021,Gwersyllt West,W05001737,1257,797,381,416,2,2,327,313,14,122,102,20,9,418,131
2021,Hermitage (Wrexham),W05001738,1171,408,245,163,4,4,495,198,297,258,243,15,6,167,264
2021,Holt (Wrexham),W05001739,1237,914,510,404,2,2,121,110,11,195,167,28,5,406,200
2021,Little Acton,W05001740,966,799,478,321,5,5,85,79,6,73,63,10,4,326,77
2021,Llangollen Rural,W05001741,862,651,362,289,0,0,131,122,9,80,58,22,0,289,80
2021,Llay,W05001742,2024,1412,779,633,3,3,425,393,32,177,144,33,7,636,184
2021,Marchwiel,W05001743,946,709,434,275,0,0,77,45,32,159,134,25,1,275,160
2021,Marford and Hoseley,W05001744,926,847,527,320,3,3,18,14,4,58,49,9,0,323,58
2021,Minera,W05001745,1017,828,499,329,4,4,88,81,7,96,77,19,1,333,97
2021,New Broughton,W05001746,1092,763,310,453,1,1,170,110,60,158,133,25,0,454,158
2021,Offa,W05001747,1320,633,347,286,9,9,182,100,82,491,449,42,5,295,496
2021,Overton and Maelor South,W05001748,1163,872,509,363,4,4,107,84,23,177,154,23,3,367,180
2021,Pant and Johnstown,W05001749,2343,1483,831,652,9,9,509,426,83,334,276,58,8,661,342
2021,Penycae,W05001750,864,478,244,234,3,3,300,266,34,78,64,14,5,237,83
2021,Penycae and Ruabon South,W05001751,1129,796,442,354,2,2,133,77,56,197,157,40,1,356,198
2021,Ponciau,W05001752,1123,760,409,351,2,2,162,114,48,198,165,33,1,353,199
2021,Queensway,W05001753,1035,212,109,103,1,1,729,687,42,84,68,16,9,104,93
2021,Rhos (Wrexham),W05001754,1041,537,296,241,4,4,257,195,62,239,216,23,4,245,243
2021,Rhosnesni,W05001755,1524,1256,661,595,1,1,81,59,22,184,160,24,2,596,186
2021,Rossett,W05001756,1416,1089,638,451,4,4,133,113,20,190,156,34,0,455,190
2021,Ruabon,W05001757,1290,684,320,364,5,5,377,294,83,216,187,29,8,369,224
2021,Smithfield,W05001758,1430,495,298,197,7,7,416,259,157,507,478,29,5,204,512
2021,Stansty,W05001759,970,669,419,250,1,1,139,102,37,158,136,22,3,251,161
2021,Whitegate,W05001760,1027,533,226,307,6,6,261,236,25,222,197,25,5,313,227
2021,Wynnstay,W05001761,979,241,112,129,4,4,656,624,32,69,60,9,9,133,78
2021,Bulwark and Thornwell,W05001762,2226,1258,602,656,4,4,545,144,401,416,369,47,3,660,419
2021,Caerwent,W05001763,886,672,354,318,6,6,102,26,76,106,90,16,0,324,106
2021,Caldicot Castle,W05001764,713,621,333,288,2,2,34,1,33,56,44,12,0,290,56
2021,Caldicot Cross,W05001765,711,486,333,153,1,1,135,30,105,89,71,18,0,154,89
2021,Cantref,W05001766,1029,814,590,224,6,6,70,23,47,139,117,22,0,230,139
2021,Chepstow Castle and Larkfield,W05001767,1610,960,564,396,0,0,257,63,194,390,348,42,3,396,393
2021,Croesonen,W05001768,902,526,324,202,3,3,277,99,178,95,78,17,1,205,96
2021,Crucorney,W05001769,900,739,516,223,0,0,52,15,37,109,78,31,0,223,109
2021,Devauden,W05001770,600,507,330,177,1,1,23,3,20,69,54,15,0,178,69
2021,Dewstow,W05001771,943,568,303,265,0,0,291,110,181,81,73,8,3,265,84
2021,Drybridge,W05001772,1002,729,394,335,6,6,151,28,123,115,91,24,1,341,116
2021,Gobion Fawr,W05001773,787,498,333,165,0,0,59,9,50,228,192,36,2,165,230
2021,Goetre Fawr,W05001774,995,744,471,273,6,6,83,20,63,162,144,18,0,279,162
2021,Grofield,W05001775,1152,573,375,198,2,2,205,47,158,369,307,62,3,200,372
2021,Lansdown (Monmouthshire),W05001776,1007,430,245,185,4,4,485,161,324,87,70,17,1,189,88
2021,Llanbadoc and Usk,W05001777,1739,1315,844,471,8,8,162,24,138,253,208,45,1,479,254
2021,Llanelly,W05001778,1804,1455,885,570,4,4,188,51,137,157,123,34,0,574,157
2021,Llanfoist Fawr and Govilon,W05001779,1643,1193,759,434,12,12,241,73,168,197,160,37,0,446,197
2021,Llangybi Fawr,W05001780,753,617,399,218,3,3,39,6,33,94,72,22,0,221,94
2021,Llantilio Crossenny,W05001781,730,587,379,208,0,0,27,8,19,116,86,30,0,208,116
2021,Magor East with Undy,W05001782,1709,1432,697,735,9,9,68,17,51,200,178,22,0,744,200
2021,Magor West,W05001783,801,592,317,275,2,2,114,23,91,93,78,15,0,277,93
2021,Mardy,W05001784,875,663,402,261,2,2,114,23,91,96,76,20,0,263,96
2021,Mitchel Troy and Trellech United,W05001785,1514,1278,826,452,3,3,79,14,65,154,122,32,0,455,154
2021,Mount Pleasant,W05001786,736,601,323,278,5,5,51,5,46,79,72,7,0,283,79
2021,Osbaston,W05001787,954,846,609,237,3,3,12,4,8,93,72,21,0,240,93
2021,Overmonnow,W05001788,993,575,286,289,7,7,275,57,218,136,127,9,0,296,136
2021,Park (Monmouthshire),W05001789,1016,694,461,233,0,0,184,53,131,137,111,26,1,233,138
2021,Pen Y Fal,W05001790,901,690,489,201,1,1,110,23,87,100,85,15,0,202,100
2021,Portskewett,W05001791,1086,890,451,439,3,3,94,32,62,99,80,19,0,442,99
2021,Raglan,W05001792,1064,807,562,245,5,5,110,31,79,142,123,19,0,250,142
2021,Rogiet,W05001793,741,524,220,304,2,2,151,36,115,64,56,8,0,306,64
2021,Severn (Monmouthshire),W05001794,1025,738,463,275,4,4,185,56,129,98,84,14,0,279,98
2021,Shirenewton,W05001795,884,777,477,300,0,0,35,15,20,72,53,19,0,300,72
2021,St Arvans,W05001796,770,616,358,258,3,3,62,13,49,89,74,15,0,261,89
2021,St Kingsmark,W05001797,813,717,392,325,0,0,20,4,16,76,69,7,0,325,76
2021,Town (Monmouthshire),W05001798,1061,521,389,132,6,6,231,40,191,301,252,49,2,138,303
2021,West End (Monmouthshire),W05001799,826,502,250,252,8,8,225,66,159,91,78,13,0,260,91
2021,Wyesham,W05001800,999,671,431,240,5,5,201,39,162,122,102,20,0,245,122
