date,geography,geography code,Religion: Total: All usual residents,Religion: No religion,Religion: Christian,Religion: Buddhist,Religion: Hindu,Religion: Jewish,Religion: Muslim,Religion: Sikh,Religion: Other religion,Religion: Not answered
2021,Astley Bridge,E05000650,14140,3849,7192,33,130,6,2228,18,31,653
2021,Bradshaw,E05000651,11538,3383,7445,20,39,1,132,3,43,472
2021,Breightmet,E05000652,14394,5187,7825,18,106,6,493,8,54,697
2021,Bromley Cross,E05000653,13646,4313,8414,25,51,18,129,4,49,643
2021,Crompton (Bolton),E05000654,17584,3542,5583,32,161,7,7350,11,50,848
2021,Farnworth (Bolton),E05000655,16572,5584,7438,30,149,6,2453,20,67,825
2021,Great Lever,E05000656,18100,2619,4085,37,908,1,9616,5,32,797
2021,Halliwell,E05000657,16264,2875,4671,29,469,4,7339,33,60,784
2021,Harper Green,E05000658,16204,3338,6302,29,397,1,5447,0,55,635
2021,Heaton and Lostock,E05000659,13825,2457,6792,29,848,8,2924,36,44,687
2021,Horwich and Blackrod,E05000660,14685,4867,8594,30,179,11,246,6,46,706
2021,Horwich North East,E05000661,12566,4247,7213,48,136,17,229,1,81,594
2021,Hulton,E05000662,14800,2824,6866,20,511,6,3889,9,39,636
2021,Kearsley,E05000663,14777,4924,8570,36,46,30,375,3,58,735
2021,Little Lever and Darcy Lever,E05000664,12831,3973,7815,24,99,3,271,4,43,599
2021,Rumworth,E05000665,18123,1347,3101,22,755,2,12101,18,30,747
2021,Smithills,E05000666,14930,4323,7651,25,378,7,1792,16,52,686
2021,Tonge with the Haulgh,E05000667,13513,4368,6537,30,277,7,1469,8,46,771
2021,Westhoughton North and Chew Moor,E05000668,14219,3911,9050,36,185,10,373,13,38,603
2021,Westhoughton South,E05000669,13250,4315,7999,21,64,8,140,7,55,641
2021,Alexandra (Oldham),E05000719,14435,2903,4601,22,46,8,6104,5,39,707
2021,Chadderton Central,E05000720,11307,3033,5541,27,58,10,2052,8,27,551
2021,Chadderton North,E05000721,11808,2433,5275,13,83,8,3424,6,24,542
2021,Chadderton South,E05000722,11488,3648,5868,36,62,2,1251,2,65,554
2021,Coldhurst,E05000723,14266,1257,2705,15,93,9,9566,21,27,573
2021,Crompton (Oldham),E05000724,10324,2726,6809,16,15,13,298,7,29,411
2021,Failsworth East,E05000725,10369,3376,6299,16,21,4,153,6,14,480
2021,Failsworth West,E05000726,11086,3662,6567,36,26,3,255,4,25,508
2021,Hollinwood,E05000727,12309,4403,5439,31,62,6,1802,13,22,531
2021,Medlock Vale,E05000728,15043,2945,4612,24,347,0,6311,2,43,759
2021,Royton North,E05000729,10042,2859,6457,5,33,2,227,2,15,442
2021,Royton South,E05000730,10930,3117,6515,24,34,11,688,2,24,515
2021,Saddleworth North,E05000731,9885,3343,5908,28,11,23,92,2,23,455
2021,Saddleworth South,E05000732,9953,3308,6037,17,16,6,68,2,28,471
2021,Saddleworth West and Lees,E05000733,11080,3462,6810,29,16,9,222,4,38,490
2021,St James' (Oldham),E05000734,12482,4809,6588,41,15,2,445,6,32,544
2021,St Mary's (Oldham),E05000735,16625,1825,3152,17,52,11,10784,17,32,735
2021,Shaw (Oldham),E05000736,10046,3099,5857,23,23,3,463,7,28,543
2021,Waterhead,E05000737,13791,3344,5505,26,50,9,4160,4,32,661
2021,Werneth,E05000738,14830,953,2179,25,162,7,10667,16,20,801
2021,Bramhall North,E05000779,12824,4588,6513,56,245,39,587,62,60,674
2021,Bramhall South and Woodford,E05000780,12884,4375,7106,51,196,67,389,33,27,640
2021,Bredbury and Woodley,E05000781,13566,5594,6888,36,20,22,141,6,60,799
2021,Bredbury Green and Romiley,E05000782,14372,5911,7465,49,23,16,147,26,45,690
2021,Brinnington and Central,E05000783,17861,8702,6699,44,179,23,1102,10,80,1022
2021,Cheadle and Gatley,E05000784,16097,4653,6664,47,357,620,2724,76,130,826
2021,Cheadle Hulme North,E05000785,13424,5018,6736,65,88,34,696,10,78,699
2021,Cheadle Hulme South,E05000786,14238,5181,7107,61,237,77,764,27,65,719
2021,Davenport and Cale Green,E05000787,15907,7440,6370,49,95,21,1016,14,94,808
2021,Edgeley and Cheadle Heath,E05000788,14182,6824,5865,36,70,19,576,15,48,729
2021,Hazel Grove,E05000789,14026,5306,7472,29,80,13,327,14,38,747
2021,Heald Green,E05000790,13077,3293,5792,21,177,80,2879,55,93,687
2021,Heatons North,E05000791,14170,5633,6454,53,113,33,1090,40,46,708
2021,Heatons South,E05000792,14100,5212,6164,53,167,34,1681,17,42,730
2021,Manor (Stockport),E05000793,14076,6569,6331,48,33,15,214,16,43,807
2021,Marple North,E05000794,12483,5019,6584,39,34,17,66,12,39,673
2021,Marple South and High Lane,E05000795,11771,4534,6379,29,17,29,104,7,37,635
2021,Offerton,E05000796,14161,5793,7052,53,87,12,338,19,36,771
2021,Reddish North,E05000797,15062,6244,7134,41,42,21,737,9,47,787
2021,Reddish South,E05000798,13563,5623,6577,59,48,16,469,18,45,708
2021,Stepping Hill,E05000799,12935,5239,6599,49,83,25,287,16,51,586
2021,Ashton Hurst,E05000800,11685,3707,5773,28,526,1,1049,27,57,517
2021,Ashton St Michael's,E05000801,12685,4469,5224,29,574,6,1754,9,59,561
2021,Ashton Waterloo,E05000802,11692,3598,5508,12,559,3,1341,24,60,587
2021,Audenshaw,E05000803,12788,4757,6537,32,142,5,711,13,46,545
2021,Denton North East,E05000804,11133,4501,5712,37,52,12,304,2,37,476
2021,Denton South,E05000805,11023,4437,5824,19,25,3,214,5,37,459
2021,Denton West,E05000806,11519,4039,6639,44,48,2,194,9,32,512
2021,Droylsden East,E05000807,12430,4481,6708,48,78,11,527,3,35,539
2021,Droylsden West,E05000808,11483,4310,6249,38,55,2,322,14,40,453
2021,Dukinfield,E05000809,12733,5535,5946,18,144,4,413,9,52,612
2021,Dukinfield Stalybridge,E05000810,11180,4447,5852,29,58,3,219,3,38,531
2021,Hyde Godley,E05000811,12840,5466,5200,45,63,5,1346,6,57,652
2021,Hyde Newton,E05000812,15173,6597,6727,26,78,4,982,6,59,694
2021,Hyde Werneth,E05000813,11804,3864,5016,29,76,3,2204,7,35,570
2021,Longdendale,E05000814,10404,4657,4953,29,11,4,103,0,34,613
2021,Mossley,E05000815,11561,4810,5842,25,27,2,222,2,54,577
2021,St Peter's (Tameside),E05000816,14538,4154,4746,41,370,12,4450,21,51,693
2021,Stalybridge North,E05000817,12943,5620,6156,32,106,2,290,16,40,681
2021,Stalybridge South,E05000818,11454,4460,5927,25,107,2,300,5,57,571
2021,Altrincham,E05000819,12930,4729,6043,68,511,155,665,30,54,675
2021,Ashton upon Mersey,E05000820,10346,3912,5337,46,149,52,295,21,55,479
2021,Bowdon,E05000821,9135,2461,4754,42,251,503,541,40,21,522
2021,Broadheath (Trafford),E05000822,14291,4729,6603,94,787,43,1240,78,63,654
2021,Brooklands (Trafford),E05000823,10526,3660,5373,36,315,51,499,23,29,540
2021,Bucklow-St Martins,E05000824,10109,4161,5033,28,46,25,216,20,38,542
2021,Clifford,E05000825,13373,3387,3402,54,103,30,5105,420,78,794
2021,Davyhulme East,E05000826,9584,3379,5357,35,92,11,227,41,33,409
2021,Davyhulme West,E05000827,10163,3413,5990,31,32,20,188,5,19,465
2021,Flixton,E05000828,10793,3649,6378,28,60,21,104,17,31,505
2021,Gorse Hill (Trafford),E05000829,12179,4008,5496,59,77,20,1539,275,45,660
2021,Hale Barns,E05000830,10130,2034,4603,53,367,854,1581,83,20,535
2021,Hale Central,E05000831,10437,3298,5567,39,155,362,386,19,37,574
2021,Longford (Trafford),E05000832,12895,3571,4490,51,145,42,3503,351,51,691
2021,Priory (Trafford),E05000833,11168,4509,5032,48,452,42,407,20,27,631
2021,St Mary's (Trafford),E05000834,11809,3942,5942,46,315,51,732,68,82,631
2021,Sale Moor,E05000835,10666,4181,5140,40,169,14,426,37,77,582
2021,Stretford,E05000836,11475,3777,5022,33,95,12,1612,311,31,582
2021,Timperley,E05000837,11319,3612,6505,33,210,59,322,41,45,492
2021,Urmston,E05000838,11199,4189,5994,37,68,9,259,55,42,546
2021,Village (Trafford),E05000839,10525,3264,5650,52,260,31,702,26,41,499
2021,Abram,E05000840,15911,5253,9426,50,47,4,217,4,95,815
2021,Ashton (Wigan),E05000841,11751,3191,7919,20,20,2,53,4,27,515
2021,Aspull New Springs Whelley,E05000842,12692,3062,8908,26,45,4,80,5,26,536
2021,Astley Mosley Common,E05000843,13105,4248,8037,41,75,4,144,1,27,528
2021,Atherleigh,E05000844,12189,4029,7326,39,54,0,161,1,30,549
2021,Atherton,E05000845,15636,5211,9250,18,48,4,187,17,66,835
2021,Bryn (Wigan),E05000846,11433,3310,7471,22,7,1,56,2,35,529
2021,Douglas,E05000847,13168,4417,7692,29,50,0,243,10,29,698
2021,Golborne and Lowton West,E05000848,12122,4050,7310,19,29,1,88,6,37,582
2021,Hindley,E05000849,13236,4040,8335,24,27,1,136,1,46,626
2021,Hindley Green,E05000850,11512,3199,7623,34,35,1,77,1,27,515
2021,Ince,E05000851,13451,4124,8179,29,30,2,317,11,39,720
2021,Leigh East,E05000852,13055,3981,7900,49,45,2,381,10,74,613
2021,Leigh South,E05000853,14042,4380,8722,23,34,7,155,1,48,672
2021,Leigh West,E05000854,16653,6045,9126,67,40,5,403,10,73,884
2021,Lowton East,E05000855,13799,4370,8590,34,34,11,101,3,41,615
2021,Orrell,E05000856,12082,3011,8482,30,32,5,34,0,32,456
2021,Pemberton,E05000857,14331,4983,8355,34,16,2,194,12,44,691
2021,Shevington with Lower Ground,E05000858,11664,3123,7873,28,33,6,51,2,48,500
2021,Standish with Langtree,E05000859,13982,3641,9445,25,69,4,164,1,36,597
2021,Tyldesley (Wigan),E05000860,14152,4749,8447,60,29,1,150,5,43,668
2021,Wigan Central,E05000861,12034,3223,7692,56,110,5,299,5,61,583
2021,Wigan West,E05000862,13570,3749,8764,31,47,3,212,2,72,690
2021,Winstanley (Wigan),E05000863,11653,2833,8262,12,22,6,47,2,14,455
2021,Worsley Mesnes,E05000864,12110,3559,7738,32,17,3,204,9,32,516
2021,Allerton and Hunts Cross,E05000886,15239,3785,9966,26,166,97,306,39,53,801
2021,Anfield,E05000887,14731,3938,9244,35,179,14,592,7,34,688
2021,Belle Vale (Liverpool),E05000888,15613,4498,9996,48,45,18,179,6,71,752
2021,Central (Liverpool),E05000889,24847,11520,7493,182,441,49,1715,105,173,3169
2021,Childwall,E05000890,13262,3060,9062,42,51,151,237,15,33,611
2021,Church (Liverpool),E05000891,13568,4181,7776,49,80,279,475,20,38,670
2021,Clubmoor,E05000892,15894,4045,10634,31,34,9,315,7,53,766
2021,County,E05000893,13464,3718,8662,68,53,14,241,4,77,627
2021,Cressington,E05000894,15152,4442,9289,60,157,45,370,27,42,720
2021,Croxteth,E05000895,14432,2980,10474,51,52,19,236,11,17,592
2021,Everton (Liverpool),E05000896,17454,4163,10487,88,263,23,1173,18,51,1188
2021,Fazakerley,E05000897,16374,4350,10880,64,85,19,195,10,53,718
2021,Greenbank,E05000898,15268,6857,5496,74,102,154,1013,65,110,1397
2021,Kensington and Fairfield,E05000899,16522,4558,8627,85,253,26,1800,13,90,1070
2021,Kirkdale,E05000900,18657,4686,11675,73,248,33,833,14,55,1040
2021,Knotty Ash,E05000901,14355,3373,9892,26,75,32,237,7,47,666
2021,Mossley Hill,E05000902,12040,3742,7233,57,57,88,219,6,55,583
2021,Norris Green,E05000903,19610,5483,12690,78,131,18,331,6,30,843
2021,Old Swan,E05000904,15596,4284,9607,79,105,19,609,12,71,810
2021,Picton,E05000905,18908,5722,6770,127,209,28,4332,59,126,1535
2021,Princes Park (Liverpool),E05000906,19004,5518,5859,128,123,22,5944,21,171,1218
2021,Riverside (Liverpool),E05000907,23044,8632,10651,180,199,46,1642,20,121,1553
2021,St Michael's (Liverpool),E05000908,12482,5302,5629,80,57,93,342,17,71,891
2021,Speke-Garston,E05000909,21403,6950,12845,50,84,36,260,18,83,1077
2021,Tuebrook and Stoneycroft,E05000910,15771,4570,9162,60,96,15,936,20,70,842
2021,Warbreck (Liverpool),E05000911,15398,4302,10008,37,49,24,134,8,54,782
2021,Wavertree,E05000912,14260,4404,7982,109,97,165,580,35,51,837
2021,West Derby,E05000913,13837,2642,10284,23,35,18,157,3,27,648
2021,Woolton,E05000914,13128,2955,8799,54,217,248,171,23,34,627
2021,Yew Tree,E05000915,16772,4334,11157,66,56,10,182,23,28,916
2021,Ainsdale,E05000932,12604,3954,7827,28,22,21,80,7,43,622
2021,Birkdale,E05000933,12693,4512,7258,42,28,18,71,8,43,713
2021,Blundellsands,E05000934,11372,2654,7921,17,145,16,75,5,32,507
2021,Cambridge,E05000935,12520,3653,7775,36,45,47,110,3,101,750
2021,Church (Sefton),E05000936,12078,3775,7341,45,48,30,107,5,43,684
2021,Derby (Sefton),E05000937,13171,3545,8595,53,89,14,146,22,59,648
2021,Duke's,E05000938,14375,4277,8611,82,116,62,266,2,63,896
2021,Ford,E05000939,12817,3681,8408,29,30,7,63,5,64,530
2021,Harington,E05000940,11541,2759,8029,20,34,16,40,1,34,608
2021,Kew (Sefton),E05000941,13912,5119,7523,32,72,9,330,4,40,783
2021,Linacre (Sefton),E05000942,13601,4371,8080,55,168,8,181,18,22,698
2021,Litherland,E05000943,12075,3580,7732,29,58,3,99,13,43,518
2021,Manor (Sefton),E05000944,12402,3020,8583,19,31,10,62,0,41,636
2021,Meols,E05000945,12060,3781,7521,28,18,20,16,4,40,632
2021,Molyneux,E05000946,12449,2757,9108,14,18,7,19,2,27,497
2021,Netherton and Orrell,E05000947,12975,3195,8893,15,52,4,147,0,30,639
2021,Norwood,E05000948,14821,5839,7878,19,32,14,189,1,56,793
2021,Park (Sefton),E05000949,11819,2570,8602,19,12,17,19,2,26,552
2021,Ravenmeols,E05000950,12082,3152,8190,17,18,9,69,12,53,562
2021,St Oswald (Sefton),E05000951,11351,3162,7554,21,9,9,69,0,48,479
2021,Sudell,E05000952,13206,3166,9234,24,14,9,37,12,40,670
2021,Victoria (Sefton),E05000953,13321,3383,9151,38,39,12,65,6,31,596
2021,Bebington,E05000954,15214,5126,9055,34,86,9,70,34,68,732
2021,Bidston and St James,E05000955,15695,6504,8049,120,43,9,112,30,62,766
2021,Birkenhead and Tranmere,E05000956,16297,7257,6844,61,81,12,996,14,99,933
2021,Bromborough,E05000957,16463,6612,8498,41,140,10,128,15,68,951
2021,Clatterbridge,E05000958,13785,4405,8442,33,46,12,55,4,54,734
2021,Claughton,E05000959,14688,5034,8484,67,61,19,178,47,33,765
2021,Eastham,E05000960,13931,4901,8153,34,41,8,50,5,44,695
2021,"Greasby, Frankby and Irby",E05000961,14113,4254,8979,49,40,16,49,9,38,679
2021,Heswall,E05000962,13170,3729,8458,36,101,25,90,0,28,703
2021,Hoylake and Meols,E05000963,12979,4340,7732,41,60,14,41,12,53,686
2021,Leasowe and Moreton East,E05000964,15132,6090,8003,45,40,7,129,13,55,750
2021,Liscard,E05000965,15513,6840,7454,54,50,16,122,16,88,873
2021,Moreton West and Saughall Massie,E05000966,13774,4933,7842,36,87,12,49,0,46,769
2021,New Brighton,E05000967,14646,6197,7242,57,51,9,91,5,69,925
2021,Oxton,E05000968,13688,4792,7859,61,77,11,139,7,58,684
2021,Pensby and Thingwall,E05000969,12911,4176,7871,41,21,16,70,3,41,672
2021,Prenton,E05000970,14576,5153,8295,44,68,6,191,25,41,753
2021,Rock Ferry,E05000971,15331,6786,7218,37,58,5,246,11,87,883
2021,Seacombe,E05000972,14908,7209,6365,31,85,15,231,24,87,861
2021,Upton (Wirral),E05000973,16377,5746,9470,32,31,7,111,16,49,915
2021,Wallasey,E05000974,14477,5218,8342,30,37,12,59,16,43,720
2021,West Kirby and Thurstaston,E05000975,12539,4146,7506,31,97,6,57,7,46,643
2021,Central (Barnsley),E05000976,11936,4638,6237,35,36,5,196,31,46,712
2021,Cudworth,E05000977,11643,5084,5834,12,6,1,26,0,48,632
2021,Darfield,E05000978,11009,4540,5713,14,25,6,59,10,39,603
2021,Darton East,E05000979,11376,4681,5965,27,9,2,44,5,58,585
2021,Darton West,E05000980,11073,4372,6031,23,21,1,39,7,30,549
2021,Dearne North,E05000981,11900,5335,5821,19,22,1,42,8,42,610
2021,Dearne South,E05000982,12552,5608,6227,19,12,5,49,1,37,594
2021,Dodworth,E05000983,10447,3701,5963,26,41,2,87,33,50,544
2021,Hoyland Milton,E05000984,12081,5315,6059,24,7,1,41,12,35,587
2021,Kingstone,E05000985,11362,4684,5699,28,49,4,178,25,49,646
2021,Monk Bretton,E05000986,11963,5055,6167,16,13,4,55,8,25,620
2021,North East,E05000987,13662,6093,6733,10,17,3,38,4,42,722
2021,Old Town (Barnsley),E05000988,10501,4358,5394,26,53,1,81,17,42,529
2021,Penistone East,E05000989,11491,3997,6784,14,7,2,42,29,37,579
2021,Penistone West,E05000990,13271,5417,6997,27,16,4,37,5,45,723
2021,Rockingham,E05000991,11040,4670,5722,9,10,1,25,2,35,566
2021,Royston,E05000992,11356,4501,6102,20,17,3,51,16,38,608
2021,St Helens (Barnsley),E05000993,10989,5136,5157,12,10,3,72,10,32,557
2021,Stairfoot,E05000994,12779,5782,6106,29,13,11,115,4,47,672
2021,Wombwell,E05000995,12433,5725,5939,24,15,2,58,16,46,608
2021,Worsbrough,E05000996,9714,4214,4852,22,20,1,67,13,40,485
2021,Birtley,E05001067,8274,3232,4424,12,20,10,118,22,41,395
2021,Blaydon,E05001068,9859,4029,5279,16,7,10,79,13,40,386
2021,Bridges,E05001069,8957,3640,3101,43,95,805,481,22,40,730
2021,Chowdene,E05001071,8746,3469,4756,12,15,4,124,12,28,326
2021,Crawcrook and Greenside,E05001072,9054,3668,4837,34,3,10,30,7,34,431
2021,Deckham,E05001073,9542,4223,4265,18,24,18,489,6,50,449
2021,Dunston and Teams,E05001074,8513,4033,3634,45,63,6,312,28,44,348
2021,Dunston Hill and Whickham East,E05001075,8785,3195,5019,20,16,4,102,15,33,381
2021,Felling,E05001076,8892,3816,4146,17,19,0,461,27,41,365
2021,High Fell,E05001077,9201,3832,4491,17,22,2,294,12,34,497
2021,Lamesley,E05001078,9970,4068,5265,7,23,16,162,33,47,349
2021,Lobley Hill and Bensham,E05001079,10050,3854,4896,41,57,282,407,52,39,422
2021,Low Fell,E05001080,8307,3065,4719,19,14,18,79,40,32,321
2021,Pelaw and Heworth,E05001081,8623,3470,4613,15,6,2,109,1,23,384
2021,"Ryton, Crookhill and Stella",E05001082,8822,3698,4680,16,4,6,37,9,23,349
2021,Saltwell,E05001083,9963,3597,3490,56,62,1649,419,23,53,614
2021,Wardley and Leam Lane,E05001084,7841,2932,4469,11,11,10,75,12,34,287
2021,Whickham North,E05001085,7734,2940,4341,14,9,3,66,21,34,306
2021,Whickham South and Sunniside,E05001086,8173,2831,4873,9,12,14,29,5,34,366
2021,Windy Nook and Whitehills,E05001087,9489,3855,5016,20,27,11,158,5,18,379
2021,Winlaton and High Spen,E05001088,8517,3184,4878,5,7,20,11,14,26,372
2021,Battle Hill,E05001115,10850,4767,5448,26,40,5,63,11,40,450
2021,Benton,E05001116,10263,4397,5004,40,58,11,121,29,34,569
2021,Camperdown,E05001117,10503,4956,4927,16,18,5,61,6,36,478
2021,Chirton,E05001118,11700,6160,4623,28,25,3,201,38,49,573
2021,Collingwood,E05001119,11289,5060,5333,19,47,6,299,21,32,472
2021,Cullercoats,E05001120,9355,3772,4955,25,29,5,72,17,32,448
2021,Howdon,E05001121,11176,5443,5004,20,14,0,157,21,25,492
2021,Killingworth,E05001122,11807,5336,5599,29,122,9,96,46,32,538
2021,Longbenton,E05001123,11373,5157,5093,32,151,6,242,27,46,619
2021,Monkseaton North,E05001124,9010,4094,4356,26,22,17,34,10,16,435
2021,Monkseaton South,E05001125,9626,4275,4563,25,23,10,196,9,50,475
2021,Northumberland,E05001126,9349,4260,4547,27,32,2,64,15,28,374
2021,Preston (North Tyneside),E05001127,8007,3338,4124,22,10,3,56,25,31,398
2021,Riverside (North Tyneside),E05001128,11953,6244,4756,32,35,3,192,32,64,595
2021,St Mary's (North Tyneside),E05001129,8883,3435,4900,20,9,6,31,28,21,433
2021,Tynemouth,E05001130,10257,4715,4836,51,14,9,69,10,53,500
2021,Valley (North Tyneside),E05001131,13839,7040,5744,36,88,5,182,37,47,660
2021,Wallsend,E05001132,10397,4841,4696,45,36,5,133,32,72,537
2021,Weetslade,E05001133,9971,4267,5087,30,32,12,66,12,42,423
2021,Whitley Bay,E05001134,9364,4858,3738,41,18,5,185,11,25,483
2021,Beacon and Bents,E05001135,8795,3125,3458,21,19,0,1674,36,39,423
2021,Bede (South Tyneside),E05001136,7527,3256,3759,11,3,2,53,14,30,399
2021,Biddick and All Saints,E05001137,9025,4451,3879,16,19,0,146,61,35,418
2021,Boldon Colliery,E05001138,9090,3590,4911,10,11,0,79,62,37,390
2021,Cleadon and East Boldon,E05001139,8376,2475,5328,10,11,5,101,70,16,360
2021,Cleadon Park,E05001140,7616,3157,3906,15,18,1,128,21,21,349
2021,Fellgate and Hedworth,E05001141,7341,2686,4236,10,5,3,83,17,20,281
2021,Harton,E05001142,8189,3142,4498,16,23,3,72,7,25,403
2021,Hebburn North,E05001143,9464,3701,5188,10,27,1,93,6,27,411
2021,Hebburn South,E05001144,9451,3420,5524,13,13,2,52,5,25,397
2021,Horsley Hill,E05001145,8594,3349,4727,19,8,2,94,6,26,363
2021,Monkton,E05001146,8411,3191,4677,14,22,0,94,8,36,369
2021,Primrose (South Tyneside),E05001147,7718,3185,4017,12,0,0,79,17,26,382
2021,Simonside and Rekendyke,E05001148,8669,3736,3786,17,33,3,585,52,47,410
2021,Westoe,E05001149,7841,2894,4283,28,14,5,195,15,31,376
2021,West Park (South Tyneside),E05001150,6640,2761,3346,25,19,3,133,31,32,290
2021,Whitburn and Marsden,E05001151,7167,2636,4096,6,8,4,42,21,16,338
2021,Whiteleas,E05001152,7865,3293,4164,7,4,2,34,13,32,316
2021,Barnes (Sunderland),E05001153,10769,3369,5714,24,50,2,1130,51,28,401
2021,Castle (Sunderland),E05001154,10789,5004,5180,10,1,3,38,16,21,516
2021,Copt Hill,E05001155,12071,4662,6670,14,11,3,50,21,19,621
2021,Doxford,E05001156,10041,3427,6096,17,12,4,33,26,17,409
2021,Fulwell,E05001157,10740,3399,6742,22,16,3,53,22,28,455
2021,Hendon (Sunderland),E05001158,11457,4663,4991,78,50,5,860,54,67,689
2021,Hetton,E05001159,12052,4661,6698,20,9,1,25,14,48,576
2021,Houghton,E05001160,13259,5436,7162,12,12,4,39,39,25,530
2021,Millfield (Sunderland),E05001161,10615,3200,5104,55,115,6,1461,88,40,546
2021,Pallion,E05001162,11354,4901,5591,32,47,1,132,35,38,577
2021,Redhill (Sunderland),E05001163,11205,5295,5305,13,9,1,25,12,28,517
2021,Ryhope,E05001164,11415,4460,6354,11,19,3,66,20,20,462
2021,St Anne's,E05001165,10722,4680,5456,26,20,2,64,33,12,429
2021,St Chad's,E05001166,9264,3535,5244,8,8,7,24,21,32,385
2021,St Michael's (Sunderland),E05001167,10323,3385,5940,41,53,3,266,50,31,554
2021,St Peter's (Sunderland),E05001168,9912,3505,5706,22,33,7,81,28,41,489
2021,Sandhill,E05001169,10504,4760,5155,12,6,9,53,39,37,433
2021,Shiney Row,E05001170,12290,4845,6763,18,18,0,43,57,42,504
2021,Silksworth,E05001171,10238,3893,5805,11,2,1,40,16,34,436
2021,Southwick (Sunderland),E05001172,10823,4858,5292,14,25,6,81,13,55,479
2021,Washington Central,E05001173,10852,4201,6051,11,10,1,25,24,32,497
2021,Washington East,E05001174,11702,4722,6313,24,25,2,61,59,27,469
2021,Washington North,E05001175,10537,4982,4965,10,12,6,80,26,52,404
2021,Washington South,E05001176,9850,3824,5338,23,27,4,63,117,32,422
2021,Washington West,E05001177,11389,4592,6169,14,22,3,54,35,29,471
2021,Bablake,E05001218,17129,5772,8611,33,265,9,681,712,66,980
2021,Binley and Willenhall,E05001219,17774,6080,8939,26,450,9,900,407,61,902
2021,Cheylesmore,E05001220,15651,4416,6756,83,1263,6,1033,948,123,1023
2021,Earlsdon,E05001221,15384,5207,6760,61,666,14,457,1247,77,895
2021,Foleshill,E05001222,22476,2684,6857,55,1013,5,9040,1468,154,1200
2021,Henley,E05001223,21258,6439,11134,58,674,18,1308,433,100,1094
2021,Holbrook,E05001224,19488,5253,8475,37,1124,2,1714,1834,92,957
2021,Longford (Coventry),E05001225,20258,6090,9016,49,689,9,1652,1626,125,1002
2021,Lower Stoke,E05001226,23902,6543,11056,95,1323,6,2165,1285,125,1304
2021,Radford (Coventry),E05001227,20191,5317,8379,59,1094,9,3030,1003,142,1158
2021,St Michael's (Coventry),E05001228,28957,7209,10004,174,1358,28,6504,495,176,3009
2021,Sherbourne,E05001229,17187,5589,8655,80,333,8,1134,405,80,903
2021,Upper Stoke,E05001230,19602,4979,8519,46,865,40,2299,1537,106,1211
2021,Wainbody,E05001231,15291,4714,5339,141,983,47,900,1876,124,1167
2021,Westwood,E05001232,20564,8009,8689,120,553,13,1031,558,127,1464
2021,Whoberley,E05001233,15509,6084,7095,49,185,16,796,218,98,968
2021,Woodlands (Coventry),E05001234,17786,6498,9226,39,150,10,467,236,63,1097
2021,Wyken,E05001235,16914,5451,8067,45,737,10,689,1012,69,834
2021,Amblecote,E05001236,12932,5072,6578,30,52,2,380,81,70,667
2021,Belle Vale (Dudley),E05001237,14291,5510,6815,43,58,2,962,142,59,700
2021,Brierley Hill,E05001238,15016,6681,6098,53,66,4,956,91,78,989
2021,Brockmoor and Pensnett,E05001239,14726,6202,6693,44,90,8,553,252,40,844
2021,Castle and Priory,E05001240,17034,6224,7759,73,341,2,1002,617,84,932
2021,Coseley East,E05001241,13410,5129,6857,15,103,0,203,384,76,643
2021,Cradley and Wollescote,E05001242,13734,4908,5812,18,34,5,2063,112,62,720
2021,Gornal,E05001243,13354,4840,7563,13,43,2,86,57,52,698
2021,Halesowen North,E05001244,13360,4654,5697,26,144,1,1384,608,79,767
2021,Halesowen South,E05001245,12245,3854,6709,32,94,1,288,520,44,703
2021,Hayley Green and Cradley South,E05001246,11982,4114,6313,33,22,8,638,162,53,639
2021,Kingswinford North and Wall Heath,E05001247,11852,3735,7236,27,23,2,67,78,28,656
2021,Kingswinford South,E05001248,12647,4307,7344,25,56,3,70,70,50,722
2021,Lye and Stourbridge North,E05001249,12467,4290,5240,28,53,9,1977,47,54,769
2021,"Netherton, Woodside and St Andrews",E05001250,14904,5246,6477,72,161,1,1915,191,74,767
2021,Norton (Dudley),E05001251,11856,3993,6704,27,40,4,119,185,60,724
2021,Pedmore and Stourbridge East,E05001252,12287,3760,6805,37,79,2,551,321,55,677
2021,Quarry Bank and Dudley Wood,E05001253,13667,5710,6441,16,26,3,563,90,58,760
2021,St James's (Dudley),E05001254,14240,4557,6693,54,291,4,1376,464,64,737
2021,St Thomas's (Dudley),E05001255,16286,4383,5813,35,231,2,4389,440,73,920
2021,Sedgley (Dudley),E05001256,11748,3800,6993,34,69,5,96,134,47,570
2021,Upper Gornal and Woodsetton,E05001257,13594,5132,7354,27,47,6,163,167,51,647
2021,Wollaston and Stourbridge Town,E05001258,13430,5484,6755,27,38,5,105,64,92,860
2021,Wordsley,E05001259,12438,4817,6714,15,32,2,77,36,62,683
2021,Abbey (Sandwell),E05001260,12192,4070,5324,44,186,1,1029,706,123,709
2021,Blackheath (Sandwell),E05001261,12063,4430,5557,42,105,6,781,391,60,691
2021,Bristnall,E05001262,12509,3597,5208,34,192,7,1105,1659,64,643
2021,Charlemont with Grove Vale,E05001263,12713,2951,5846,29,400,3,731,2118,85,550
2021,Cradley Heath and Old Hill,E05001264,14965,5771,6292,45,65,10,1449,163,57,1113
2021,Friar Park,E05001265,12793,4692,6266,30,143,2,425,509,44,682
2021,Great Barr with Yew Tree,E05001266,13509,3195,5445,47,598,5,1132,2276,121,690
2021,Great Bridge,E05001267,14422,4384,6158,22,297,6,1348,1356,135,716
2021,Greets Green and Lyng,E05001268,14719,2521,4922,103,931,4,3438,1852,187,761
2021,Hateley Heath,E05001269,15120,3725,6859,44,517,0,1031,2031,133,780
2021,Langley,E05001270,14084,4405,6187,37,355,3,1054,1221,80,742
2021,Newton (Sandwell),E05001271,12145,2391,5622,55,547,8,1147,1554,191,630
2021,Old Warley,E05001272,12718,3849,5843,23,266,1,830,1287,59,560
2021,Oldbury,E05001273,15619,3188,5409,16,514,1,2382,2911,136,1062
2021,Princes End,E05001274,14144,5620,6666,21,131,5,399,469,83,750
2021,Rowley (Sandwell),E05001275,13674,5438,6253,28,104,3,656,450,60,682
2021,St Pauls (Sandwell),E05001276,16731,1664,3357,8,592,2,6069,4016,123,900
2021,Smethwick,E05001277,15465,2635,4572,29,383,0,3640,3371,81,754
2021,Soho and Victoria,E05001278,19633,1686,5253,77,535,1,8300,2647,95,1039
2021,Tipton Green,E05001279,15560,4092,6315,41,368,2,2394,1350,114,884
2021,Tividale,E05001280,13081,4480,5933,28,195,1,689,933,57,765
2021,Wednesbury North,E05001281,13319,4162,5845,28,329,0,1839,341,49,726
2021,Wednesbury South,E05001282,15226,3769,6461,47,597,3,1125,2386,91,747
2021,West Bromwich Central,E05001283,15429,2385,4762,61,1099,5,2770,3254,204,889
2021,Bickenhill,E05001284,13014,4768,6635,40,142,16,396,250,53,714
2021,Blythe,E05001285,15606,5053,7769,48,693,23,622,546,73,779
2021,Castle Bromwich,E05001286,11464,3389,6503,21,60,16,828,81,30,536
2021,Chelmsley Wood,E05001287,13276,6174,6020,28,53,9,209,28,48,707
2021,Dorridge and Hockley Heath,E05001288,11065,3452,6539,22,122,23,181,144,53,529
2021,Elmdon,E05001289,12330,3887,6164,40,325,11,998,298,35,572
2021,Kingshurst and Fordbridge,E05001290,13339,5990,6139,33,65,5,239,57,36,775
2021,Knowle (Solihull),E05001291,11149,3138,6812,24,153,27,246,173,30,546
2021,Lyndon,E05001292,13871,4087,6596,52,294,6,1702,325,71,738
2021,Meriden (Solihull),E05001293,12704,4246,7160,29,131,14,132,315,52,625
2021,Olton,E05001294,12325,3401,6129,50,429,28,1244,386,53,605
2021,St Alphege,E05001295,13261,2991,7292,51,789,21,819,611,36,651
2021,Shirley East,E05001296,12016,3150,5631,47,796,18,1123,557,48,646
2021,Shirley South (Solihull),E05001297,12242,3582,6440,26,475,4,641,380,53,641
2021,Shirley West,E05001298,13037,4306,6239,37,553,16,800,321,33,732
2021,Silhill,E05001299,12554,3336,6017,35,925,39,1031,498,64,609
2021,Smith's Wood,E05001300,12982,6114,5619,12,31,6,321,61,49,769
2021,Aldridge Central and South,E05001301,13738,4024,8151,30,138,3,154,467,51,720
2021,Aldridge North and Walsall Wood,E05001302,13157,4512,7382,21,74,1,157,251,57,702
2021,Bentley and Darlaston North,E05001303,14332,4304,5443,5,265,5,2427,887,106,890
2021,Birchills Leamore,E05001304,16023,5488,6918,32,144,6,2102,421,92,820
2021,Blakenall,E05001305,16221,5739,7168,20,119,2,1858,349,67,899
2021,Bloxwich East,E05001306,13242,5260,6700,26,44,2,197,180,41,792
2021,Bloxwich West,E05001307,13325,5257,7066,14,52,11,120,127,47,631
2021,Brownhills,E05001308,13438,5516,6788,25,47,3,156,127,61,715
2021,Darlaston South,E05001309,17260,6245,7427,29,363,3,1201,967,190,835
2021,Paddock,E05001310,13203,1619,3907,38,854,3,2895,3174,136,577
2021,Palfrey,E05001311,16690,1853,3613,41,709,3,8352,1211,74,834
2021,Pelsall,E05001312,11375,3918,6652,24,21,6,55,89,44,566
2021,Pheasey Park Farm,E05001313,11431,3616,5895,31,152,1,347,759,56,574
2021,Pleck,E05001314,16163,2302,4785,23,681,2,6447,926,93,904
2021,Rushall-Shelfield,E05001315,12407,4466,6350,23,94,4,268,447,70,685
2021,St Matthew's (Walsall),E05001316,16970,4001,5942,16,433,2,4286,1108,125,1057
2021,Short Heath,E05001317,11659,3844,6072,16,90,4,169,900,26,538
2021,Streetly,E05001318,13532,3330,7526,58,345,6,312,1317,64,574
2021,Willenhall North,E05001319,12712,4498,6214,32,92,2,194,951,66,663
2021,Willenhall South,E05001320,17238,6026,6921,28,379,5,409,2488,189,793
2021,Bilston East,E05001321,15757,5427,7042,54,533,8,351,1345,198,799
2021,Bilston North,E05001322,12790,3784,5545,28,555,3,238,1723,239,675
2021,Blakenhall,E05001323,12614,1541,3065,52,1311,1,543,5131,411,559
2021,Bushbury North,E05001324,11953,4005,6420,33,87,1,288,362,57,700
2021,Bushbury South and Low Hill,E05001325,17958,6169,8058,45,447,5,754,1247,148,1085
2021,East Park,E05001326,12890,4100,5780,29,448,5,505,1060,189,774
2021,Ettingshall,E05001327,16978,3556,6115,130,1245,9,996,3679,350,898
2021,Fallings Park,E05001328,12356,4319,5909,20,136,1,253,908,111,699
2021,Graiseley,E05001329,12944,2964,5044,73,842,10,1509,1583,219,700
2021,Heath Town,E05001330,14803,3672,6759,51,410,7,1373,1322,138,1071
2021,Merry Hill,E05001331,12372,3743,6026,77,402,3,278,1045,173,625
2021,Oxley,E05001332,12482,4040,6034,41,183,4,558,864,75,683
2021,Park (Wolverhampton),E05001333,12740,3039,5018,41,504,3,1632,1621,131,751
2021,Penn,E05001334,12853,2984,5557,39,800,9,290,2384,213,577
2021,St Peter's (Wolverhampton),E05001335,13524,2466,4980,34,359,4,3635,1040,114,892
2021,Spring Vale,E05001336,12504,3521,5709,15,439,2,304,1750,125,639
2021,Tettenhall Regis,E05001337,12477,3324,5820,64,457,2,567,1565,89,589
2021,Tettenhall Wightwick,E05001338,10647,2950,5378,42,421,6,222,969,87,572
2021,Wednesfield North,E05001339,11196,3854,5936,30,97,4,84,523,31,637
2021,Wednesfield South,E05001340,11889,3858,5445,20,209,2,111,1646,58,540
2021,Baildon,E05001341,15914,6470,8223,32,49,7,195,68,45,825
2021,Bingley,E05001342,18041,7525,8957,46,64,10,367,20,90,962
2021,Bingley Rural,E05001343,18869,7531,9081,48,96,8,977,70,113,945
2021,Bolton and Undercliffe,E05001344,17591,4360,5148,28,141,7,6030,690,100,1087
2021,Bowling and Barkerend,E05001345,22757,3733,4883,33,188,7,12153,451,47,1262
2021,Bradford Moor,E05001346,21793,1155,1875,23,127,12,16907,372,44,1278
2021,City (Bradford),E05001347,23530,2532,4247,45,904,8,14097,116,84,1497
2021,Clayton and Fairweather Green,E05001348,18238,4255,5806,13,493,7,6214,343,90,1017
2021,Craven,E05001349,17702,7060,9304,54,50,11,165,11,71,976
2021,Eccleshill,E05001350,20322,8096,7378,37,50,14,3410,208,103,1026
2021,Great Horton,E05001351,19020,2175,3928,30,576,4,10978,135,71,1123
2021,Heaton (Bradford),E05001352,19668,1666,2869,26,119,5,13733,154,34,1062
2021,Idle and Thackley,E05001353,17276,7148,8274,49,97,21,395,285,50,957
2021,Ilkley,E05001354,15036,5929,7973,45,28,15,135,32,57,822
2021,Keighley Central,E05001355,18474,2872,3874,21,49,8,10583,27,55,985
2021,Keighley East,E05001356,17118,6042,6675,29,77,8,3211,28,89,959
2021,Keighley West,E05001357,16980,7233,7219,27,31,7,1479,16,83,885
2021,Little Horton,E05001358,22071,1907,4120,32,207,9,14501,140,58,1097
2021,Manningham,E05001359,20545,936,2172,24,88,6,15905,58,46,1310
2021,Queensbury (Bradford),E05001360,17557,7325,7567,25,336,10,1229,135,47,883
2021,Royds,E05001361,17871,7485,7162,32,194,4,1857,89,55,993
2021,Shipley,E05001362,15618,6372,5738,31,115,9,2312,82,80,879
2021,Thornton and Allerton,E05001363,18525,5513,6983,25,108,6,4629,153,110,998
2021,Toller (Bradford),E05001364,20849,875,1855,25,77,8,16703,177,43,1086
2021,Tong,E05001365,21055,8668,8644,41,179,5,1866,342,69,1241
2021,Wharfedale (Bradford),E05001366,12057,4802,6415,22,23,12,88,29,48,618
2021,Wibsey,E05001367,15848,4430,5779,34,83,6,4517,159,48,792
2021,Windhill and Wrose,E05001368,16924,7385,6729,35,113,4,1399,356,96,807
2021,Worth Valley,E05001369,14076,6288,6847,25,10,8,69,12,95,722
2021,Wyke,E05001370,15091,6540,6839,22,87,8,743,77,52,723
2021,Brighouse,E05001371,10829,4682,5339,36,25,7,79,26,44,591
2021,Calder (Calderdale),E05001372,11677,6605,3980,103,4,22,113,10,137,703
2021,Elland,E05001373,12103,5485,5298,37,19,6,570,25,44,619
2021,Greetland and Stainland,E05001374,11209,5166,5379,15,5,3,58,20,55,508
2021,Hipperholme and Lightcliffe,E05001375,11650,4654,6095,30,49,3,148,28,50,593
2021,Illingworth and Mixenden,E05001376,12573,5931,5793,24,15,9,62,9,55,675
2021,Luddendenfoot,E05001377,9989,4952,4301,51,2,8,44,10,80,541
2021,Northowram and Shelf,E05001378,11519,4503,6181,27,32,5,134,65,37,535
2021,Ovenden,E05001379,12745,6575,5166,16,22,2,208,9,32,715
2021,Park (Calderdale),E05001380,15698,1560,2088,30,142,15,10913,24,39,887
2021,Rastrick,E05001381,11086,5055,5087,18,29,4,161,54,44,634
2021,Ryburn,E05001382,11704,5048,5797,33,27,6,51,10,57,675
2021,Skircoat,E05001383,13400,4522,5420,56,440,19,2175,57,56,655
2021,Sowerby Bridge,E05001384,11956,5807,5184,31,39,9,185,14,65,622
2021,Todmorden,E05001385,12324,6237,4525,52,18,5,519,3,147,818
2021,Town (Calderdale),E05001386,12377,5866,5177,39,281,21,286,7,58,642
2021,Warley (Calderdale),E05001387,13791,4139,4868,29,22,8,3947,15,47,716
2021,Ashbrow,E05001389,20372,6197,8221,40,146,7,3655,888,104,1114
2021,Batley East,E05001390,18903,2881,3948,30,53,3,11021,27,30,910
2021,Batley West,E05001391,20109,4602,6148,29,99,3,8160,50,41,977
2021,Birstall and Birkenshaw,E05001392,16918,6924,8616,25,57,9,260,53,79,895
2021,Cleckheaton,E05001393,17187,7556,8140,30,118,11,336,83,86,827
2021,Dalton,E05001396,17429,6925,7488,51,85,9,1749,149,52,921
2021,Denby Dale,E05001397,16636,6865,8618,44,17,11,48,36,78,919
2021,Dewsbury East,E05001398,20086,7156,7836,54,45,8,3817,26,56,1088
2021,Dewsbury South,E05001399,19259,3671,4772,20,29,6,9533,69,34,1125
2021,Dewsbury West,E05001400,21687,3154,4423,34,46,10,12770,40,49,1161
2021,Golcar,E05001401,18736,8963,7602,50,33,9,874,78,66,1061
2021,Greenhead,E05001402,21813,5567,5922,114,152,9,8078,536,122,1313
2021,Heckmondwike,E05001403,18153,5196,6739,26,68,5,5020,35,46,1018
2021,Holme Valley South,E05001405,19501,9019,9140,48,12,9,116,27,90,1040
2021,Lindley,E05001407,20430,7356,9069,39,219,9,2125,341,83,1189
2021,Liversedge and Gomersal,E05001408,19415,8092,9295,40,82,8,748,64,57,1029
2021,Mirfield,E05001409,19770,7631,10329,45,60,12,570,72,75,976
2021,Newsome,E05001410,18667,7409,6647,85,168,5,2595,203,131,1424
2021,"Ackworth, North Elmsall and Upton",E05001444,17541,7092,9336,49,16,9,61,16,68,894
2021,Airedale and Ferry Fryston,E05001445,16084,7549,7442,33,18,5,83,16,58,880
2021,Altofts and Whitwood,E05001446,19227,8598,9233,54,63,7,106,48,95,1023
2021,Castleford Central and Glasshoughton,E05001447,16811,7576,8046,58,38,3,91,9,65,925
2021,"Crofton, Ryhill and Walton",E05001448,15803,6307,8435,26,33,11,83,23,70,815
2021,Featherstone,E05001449,17511,7609,8754,25,30,9,118,9,56,901
2021,Hemsworth,E05001450,15922,6821,7973,30,30,7,83,17,51,910
2021,Horbury and South Ossett,E05001451,15199,6586,7588,34,43,5,108,16,51,768
2021,Knottingley,E05001452,14253,6261,6951,22,26,2,71,3,57,860
2021,Normanton (Wakefield),E05001453,17355,7032,9123,23,43,3,148,34,65,884
2021,Ossett,E05001454,16520,7201,8165,29,28,4,136,25,68,864
2021,Pontefract North,E05001455,19195,8301,9624,54,31,8,138,28,41,970
2021,Pontefract South,E05001456,15342,5902,8496,34,21,1,61,14,50,763
2021,South Elmsall and South Kirkby,E05001457,18864,8066,9524,21,6,3,149,19,61,1015
2021,Stanley and Outwood East,E05001458,16808,6985,8191,46,197,7,405,38,77,862
2021,Wakefield East,E05001459,17135,5259,6682,46,127,3,3921,17,62,1018
2021,Wakefield North,E05001460,17855,6872,7310,72,133,15,2223,48,161,1021
2021,Wakefield Rural,E05001461,17694,7058,9305,22,35,10,232,21,87,924
2021,Wakefield South,E05001462,14590,4935,6980,31,102,6,1644,55,62,775
2021,Wakefield West,E05001463,16442,6891,7305,48,100,2,1074,17,48,957
2021,Wrenthorpe and Outwood West,E05001464,17215,7050,8610,42,144,3,346,28,51,941
2021,Billingham Central,E05001527,7119,3380,3265,18,4,1,34,5,39,373
2021,Billingham East,E05001528,6803,3469,2902,13,2,1,33,8,37,338
2021,Billingham North,E05001529,8591,3022,5075,6,6,0,32,15,27,408
2021,Billingham South,E05001530,6294,2736,3145,12,8,2,39,11,12,329
2021,Billingham West,E05001531,5111,1524,3325,10,1,2,16,1,11,221
2021,Bishopsgarth and Elm Tree,E05001532,6260,2105,3717,16,5,3,67,32,18,297
2021,Eaglescliffe,E05001533,10834,4203,5812,29,41,3,188,21,32,505
2021,Fairfield (Stockton-on-Tees),E05001534,5431,1848,3182,15,11,2,90,8,17,258
2021,Grangefield,E05001535,6528,2332,3514,19,16,2,307,20,10,308
2021,Hardwick and Salters Lane,E05001536,7928,4096,3321,21,8,1,74,16,24,367
2021,Hartburn,E05001537,6346,1946,3895,12,17,1,117,5,17,336
2021,Ingleby Barwick East,E05001538,10645,3648,5819,21,102,0,408,138,22,487
2021,Ingleby Barwick West,E05001539,13423,5088,6922,33,164,5,486,105,27,593
2021,Mandale and Victoria,E05001540,10507,4456,4551,42,36,1,817,89,28,487
2021,Newtown (Stockton-on-Tees),E05001541,7113,3119,3247,18,22,1,298,18,15,375
2021,Northern Parishes,E05001542,4954,1602,2775,21,101,1,134,77,2,241
2021,Norton North (Stockton-on-Tees),E05001543,6494,2726,3224,11,1,1,96,10,19,406
2021,Norton South,E05001544,7743,3504,3679,35,6,6,93,4,45,371
2021,Norton West,E05001545,6068,1841,3827,14,15,6,47,4,29,285
2021,Parkfield and Oxbridge,E05001546,9725,3771,3443,41,35,6,1480,19,36,894
2021,Roseworth,E05001547,7207,3299,3413,8,5,1,65,14,20,382
2021,Stainsby Hill,E05001548,6072,2395,3280,10,7,6,59,16,15,284
2021,Stockton Town Centre,E05001549,7980,3154,3095,35,22,1,1196,31,18,428
2021,Village (Stockton-on-Tees),E05001550,6770,2437,3681,11,2,0,244,75,7,313
2021,Western Parishes,E05001551,3635,1165,2237,10,15,2,33,7,3,163
2021,Yarm,E05001552,11015,3975,6075,55,158,5,219,31,24,473
2021,Anchorsholme,E05001643,6195,2189,3592,17,3,9,18,10,34,323
2021,Bispham,E05001644,6212,2321,3409,32,9,8,50,1,23,359
2021,Bloomfield,E05001645,7569,3426,3288,21,62,10,315,13,48,386
2021,Brunswick,E05001646,6919,3195,3025,34,49,12,180,10,45,369
2021,Claremont (Blackpool),E05001647,7632,3566,3297,27,22,17,203,11,64,425
2021,Clifton (Blackpool),E05001648,6551,2975,3102,19,33,10,43,1,20,348
2021,Greenlands (Blackpool),E05001649,6666,2707,3434,25,19,8,56,4,21,392
2021,Hawes Side,E05001650,7140,3108,3515,20,20,6,86,1,26,358
2021,Highfield (Blackpool),E05001651,6317,2416,3469,6,21,10,39,1,31,324
2021,Ingthorpe,E05001652,6539,2662,3464,22,1,5,26,5,39,315
2021,Layton,E05001653,6703,2879,3299,36,53,3,87,1,36,309
2021,Marton,E05001654,6857,2698,3662,23,19,15,49,5,16,370
2021,Norbreck,E05001655,5997,2061,3513,18,2,13,42,8,21,319
2021,Park (Blackpool),E05001656,7361,3307,3497,19,28,7,94,6,32,371
2021,Squires Gate,E05001657,6188,2378,3358,21,7,9,56,3,20,336
2021,Stanley (Blackpool),E05001658,6841,2273,4132,19,27,6,39,8,23,314
2021,Talbot,E05001659,6527,2630,3221,60,28,16,110,2,61,399
2021,Tyldesley (Blackpool),E05001660,6765,2729,3458,13,33,18,188,3,44,279
2021,Victoria (Blackpool),E05001661,6592,3010,3028,15,17,7,112,11,28,364
2021,Warbreck (Blackpool),E05001662,6736,2555,3581,34,46,24,115,1,34,346
2021,Waterloo (Blackpool),E05001663,6734,2726,3356,22,11,13,97,4,40,465
2021,Beverley Rural,E05001687,14437,5092,8340,57,57,4,38,4,34,811
2021,Bridlington Central and Old Town,E05001688,10849,4710,5238,21,7,5,74,4,49,741
2021,Bridlington North,E05001689,13270,4290,8001,23,5,10,25,0,63,853
2021,Bridlington South,E05001690,14287,6272,6880,42,23,10,105,7,79,869
2021,Cottingham North,E05001691,7899,3208,4056,31,18,2,104,14,22,444
2021,Cottingham South,E05001692,9612,4115,4681,35,20,4,104,6,19,628
2021,Dale,E05001693,17286,6894,9025,39,67,13,163,13,54,1018
2021,Driffield and Rural,E05001694,15583,6154,8307,26,12,9,57,4,42,972
2021,East Wolds and Coastal,E05001695,14558,4922,8656,33,11,8,21,2,52,853
2021,Goole North,E05001696,11223,3837,6553,30,9,6,70,6,39,673
2021,Goole South,E05001697,10730,4212,5648,23,6,4,61,23,42,711
2021,Hessle,E05001698,15486,7081,7182,46,45,7,129,26,50,920
2021,Howden,E05001699,5374,1991,3039,12,6,1,6,4,12,303
2021,Howdenshire,E05001700,15839,5734,8959,42,18,8,86,3,46,943
2021,Mid Holderness,E05001701,13769,5260,7563,24,13,8,24,5,51,821
2021,Minster and Woodmansey,E05001702,16360,6994,7978,61,46,15,121,4,64,1077
2021,North Holderness,E05001703,10438,4136,5587,18,8,19,17,0,52,601
2021,Pocklington Provincial,E05001704,18618,7257,10069,35,14,14,71,4,56,1098
2021,St Mary's (East Riding of Yorkshire),E05001705,15959,6104,8587,54,34,24,120,8,53,975
2021,"Snaith, Airmyn, Rawcliffe and Marshland",E05001706,10009,3414,5976,11,13,11,16,1,36,531
2021,South East Holderness,E05001707,14748,6311,7437,20,15,15,27,15,62,846
2021,South Hunsley,E05001708,10745,3943,5739,29,163,33,181,44,39,574
2021,South West Holderness,E05001709,14233,5881,7311,31,13,10,26,8,38,915
2021,Tranby,E05001710,10303,4647,4958,13,23,5,78,8,33,538
2021,Willerby and Kirk Ella,E05001711,13405,4990,7333,35,94,24,94,8,44,783
2021,Wolds Weighton,E05001712,17196,6468,9292,95,15,16,143,11,96,1060
2021,Croft Baker,E05001713,11230,5398,4809,49,29,7,215,11,64,648
2021,East Marsh,E05001714,10670,5868,3881,19,15,3,152,10,55,667
2021,Freshney,E05001715,9280,4268,4299,20,7,1,93,3,31,558
2021,Haverstoe,E05001716,9422,3222,5550,13,3,6,53,3,22,550
2021,Heneage,E05001717,11469,5912,4621,37,26,3,138,9,62,661
2021,Humberston and New Waltham,E05001718,11908,4604,6338,26,71,6,169,15,26,653
2021,Immingham,E05001719,11683,4965,5878,20,14,1,63,16,51,675
2021,Park (North East Lincolnshire),E05001720,11798,5400,5240,43,53,4,275,15,66,702
2021,Scartho,E05001721,11338,4794,5569,34,69,15,159,13,28,657
2021,Sidney Sussex,E05001722,11969,6495,4506,48,13,9,128,9,58,703
2021,South (North East Lincolnshire),E05001723,12427,6757,4634,31,17,1,93,11,55,828
2021,Waltham,E05001724,6812,2377,3869,13,22,6,71,0,18,436
2021,West Marsh,E05001725,7541,3998,2870,33,44,4,101,22,52,417
2021,Wolds,E05001726,7792,3096,4177,15,23,6,46,27,26,376
2021,Yarborough,E05001727,11629,5855,4823,15,18,6,166,19,40,687
2021,Ashby,E05001728,13613,6289,6063,24,45,5,216,57,62,852
2021,Axholme Central,E05001729,7492,2724,4259,10,34,6,45,12,24,378
2021,Axholme North,E05001730,8252,3120,4592,12,5,1,30,2,35,455
2021,Axholme South,E05001731,7074,2316,4313,14,2,1,37,5,14,372
2021,Barton (North Lincolnshire),E05001732,11923,5060,5956,43,18,2,61,6,52,725
2021,Bottesford (North Lincolnshire),E05001733,10684,3840,6104,33,13,5,56,24,23,586
2021,Brigg and Wolds,E05001734,11620,4210,6597,45,23,4,36,14,38,653
2021,Broughton and Appleby,E05001735,6435,2463,3558,11,14,2,23,2,17,345
2021,Brumby,E05001736,11840,5747,5211,21,22,4,109,26,50,650
2021,Burringham and Gunness,E05001737,3718,1394,2027,9,9,0,41,11,15,212
2021,Burton upon Stather and Winterton,E05001738,11113,4159,6126,14,5,3,118,52,37,599
2021,Crosby and Park,E05001739,14123,4369,7041,39,84,3,1588,164,68,767
2021,Ferry,E05001740,11433,4501,6186,15,7,3,19,3,41,658
2021,Frodingham,E05001741,8276,3760,3827,12,35,2,140,38,17,445
2021,Kingsway with Lincoln Gardens,E05001742,10760,4477,5396,30,20,2,148,35,43,609
2021,Ridge,E05001743,12673,4597,7251,36,13,3,31,39,42,661
2021,Town (North Lincolnshire),E05001744,8651,2555,3948,38,72,3,1505,73,38,419
2021,Abbey (Derby),E05001767,14939,5022,5332,57,265,7,2722,439,109,986
2021,Allestree,E05001768,13545,4924,7442,41,75,9,137,97,56,764
2021,Alvaston,E05001769,16805,7619,6944,42,132,7,659,276,102,1024
2021,Arboretum (Derby),E05001770,21261,4107,6080,68,279,37,8766,354,146,1424
2021,Blagreaves,E05001771,13251,3264,4888,37,238,7,2257,1869,41,650
2021,Boulton,E05001772,14444,6244,6002,34,84,7,764,178,73,1058
2021,Chaddesden,E05001773,13370,6314,5947,24,27,2,96,63,54,843
2021,Chellaston,E05001774,15764,6277,6915,60,266,10,344,804,71,1017
2021,Darley,E05001775,15257,7484,5869,92,122,10,321,76,109,1174
2021,Derwent,E05001776,14351,7452,5427,65,88,8,226,49,60,976
2021,Littleover,E05001777,15123,3984,5443,44,658,8,2065,2094,84,743
2021,Mackworth,E05001778,15499,7348,6474,55,43,8,357,54,119,1041
2021,Mickleover,E05001779,14692,5289,7510,43,217,9,380,361,50,833
2021,Normanton (Derby),E05001780,19811,2684,6292,43,241,7,7851,1437,47,1209
2021,Oakwood (Derby),E05001781,13422,6214,6005,69,54,7,136,62,50,825
2021,Sinfin,E05001782,17177,5942,6225,26,262,1,1980,1514,75,1152
2021,Spondon,E05001783,12652,5471,6173,27,14,7,79,32,51,798
2021,Budshead,E05002078,13252,6473,5903,31,46,8,112,5,62,612
2021,Compton,E05002079,12283,5649,5547,66,48,21,167,5,65,715
2021,Devonport,E05002080,16323,8840,6008,45,53,23,268,6,106,974
2021,Drake,E05002081,11048,6388,2924,91,92,4,361,19,122,1047
2021,Efford and Lipson,E05002082,14198,7657,5274,57,60,10,255,1,96,788
2021,Eggbuckland,E05002083,13083,5562,6496,63,74,12,70,1,52,753
2021,Ham,E05002084,14376,7659,5693,39,38,7,136,4,58,742
2021,Honicknowle,E05002085,14271,7593,5734,26,20,7,97,1,62,731
2021,Moor View,E05002086,13381,5810,6600,41,28,12,131,6,51,702
2021,Peverell,E05002087,13476,6283,5947,72,61,9,185,4,65,850
2021,Plympton Chaddlewood,E05002088,8227,3938,3759,11,0,3,27,0,29,460
2021,Plympton Erle,E05002089,8750,3894,4246,20,4,5,36,0,64,481
2021,Plympton St Mary,E05002090,12580,5244,6513,27,12,9,47,2,36,690
2021,Plymstock Dunstone,E05002091,12839,5308,6641,34,14,9,33,4,49,747
2021,Plymstock Radford,E05002092,14300,6504,6789,35,7,4,62,6,64,829
2021,St Budeaux,E05002093,13219,6864,5471,25,27,5,36,2,86,703
2021,St Peter and the Waterfront,E05002094,17744,8578,6657,139,121,28,627,17,190,1387
2021,Southway,E05002095,13758,6704,6106,37,15,11,66,1,45,773
2021,Stoke (Plymouth),E05002096,13438,6955,5170,87,40,4,225,6,97,854
2021,Sutton and Mount Gould,E05002097,14143,7434,5051,70,50,16,531,6,127,858
2021,Barnfield (Luton),E05002193,8196,1345,2757,24,341,11,3034,208,43,433
2021,Biscot,E05002194,16623,861,2570,23,278,5,11442,177,62,1205
2021,Bramingham,E05002195,7267,1722,3698,12,457,8,721,152,65,432
2021,Challney,E05002196,15462,1477,4781,63,761,16,7234,232,49,849
2021,Crawley,E05002197,8436,2238,3715,21,304,12,1436,92,48,570
2021,Dallow,E05002198,17990,941,3455,31,456,12,11588,336,57,1114
2021,Farley,E05002199,13610,2369,5762,41,324,16,3921,226,39,912
2021,High Town,E05002200,11018,2421,5166,61,329,17,2094,115,82,733
2021,Icknield,E05002201,8100,1447,3416,16,417,12,2072,192,65,463
2021,Leagrave,E05002202,13894,2334,5653,22,356,12,4494,155,71,797
2021,Lewsey,E05002203,13708,2783,6361,48,547,13,3017,92,60,787
2021,Limbury,E05002204,8540,1397,3533,25,267,9,2611,138,38,522
2021,Northwell,E05002205,8639,2005,3777,6,255,13,1935,74,41,533
2021,Round Green,E05002206,12698,3405,5780,65,252,7,2160,185,45,799
2021,Saints,E05002207,16502,1047,2987,30,385,7,10844,263,81,858
2021,South (Luton),E05002208,17663,3635,8412,79,923,42,2959,178,132,1303
2021,Stopsley,E05002209,7008,2192,3744,31,163,14,422,48,34,360
2021,Sundon Park,E05002210,8453,2210,4169,33,234,5,1291,35,67,409
2021,Wigmore,E05002211,11466,3752,5564,33,389,16,920,134,40,618
2021,Belfairs,E05002212,9442,3845,4611,45,63,101,181,7,46,543
2021,Blenheim Park,E05002213,10991,5137,4590,60,170,90,255,9,62,618
2021,Chalkwell (Southend-on-Sea),E05002214,9928,4194,4244,56,104,373,256,14,68,619
2021,Eastwood Park,E05002215,9453,4178,4384,44,55,52,99,10,42,589
2021,Kursaal,E05002216,12090,5793,4708,66,131,66,454,24,125,723
2021,Leigh,E05002217,9890,4988,3981,46,45,89,85,7,59,590
2021,Milton (Southend-on-Sea),E05002218,11695,5199,4594,132,96,272,480,9,111,802
2021,Prittlewell,E05002219,10687,4102,4847,26,285,132,552,5,57,681
2021,St Laurence,E05002220,10581,5003,4432,74,152,51,210,26,46,587
2021,St. Luke's (Southend-on-Sea),E05002221,11211,5484,4404,48,144,33,366,9,63,660
2021,Shoeburyness,E05002222,11676,5873,4693,53,41,70,161,8,74,703
2021,Southchurch,E05002223,10152,4362,4446,57,198,145,292,15,65,572
2021,Thorpe (Southend-on-Sea),E05002224,9114,3500,4550,38,107,155,184,5,39,536
2021,Victoria (Southend-on-Sea),E05002225,13008,5777,5017,71,181,84,977,9,97,795
2021,Westborough (Southend-on-Sea),E05002226,11284,5250,4296,66,143,138,584,23,89,695
2021,West Leigh,E05002227,9368,3979,4574,36,42,102,70,10,40,515
2021,West Shoebury,E05002228,10119,4523,4513,36,103,103,255,15,44,527
2021,Aveley and Uplands,E05002229,10823,4044,5396,29,144,9,526,89,23,563
2021,Belhus,E05002230,10471,3789,5390,48,90,6,531,34,30,553
2021,Chadwell St Mary,E05002231,10622,4204,5247,33,81,4,378,110,34,531
2021,Chafford and North Stifford,E05002232,8004,2323,4349,33,164,42,417,207,23,446
2021,Corringham and Fobbing,E05002233,5685,2277,2994,6,16,10,23,14,19,326
2021,East Tilbury,E05002234,7715,3181,3805,15,40,6,201,54,20,393
2021,Grays Riverside,E05002235,13289,3531,6911,100,309,14,1247,228,138,811
2021,Grays Thurrock,E05002236,9835,2709,4993,54,210,8,833,358,166,504
2021,Little Thurrock Blackshots,E05002237,7081,2371,3661,12,167,5,334,149,30,352
2021,Little Thurrock Rectory,E05002238,6262,1808,3525,18,107,1,293,137,29,344
2021,Ockendon,E05002239,11967,4181,6259,60,171,17,588,36,52,603
2021,Orsett,E05002240,6417,2215,3605,11,43,9,70,78,24,362
2021,South Chafford,E05002241,7691,2100,4029,69,258,22,650,110,33,420
2021,Stanford East and Corringham Town,E05002242,8652,3687,4288,32,5,23,97,10,31,479
2021,Stanford-le-Hope West,E05002243,7650,3564,3442,23,75,3,139,14,33,357
2021,Stifford Clays,E05002244,6756,2483,3346,29,40,7,322,177,25,327
2021,The Homesteads,E05002245,8453,3405,4428,22,53,17,60,11,27,430
2021,Tilbury Riverside and Thurrock Park,E05002246,7976,2756,4248,21,77,2,437,36,48,351
2021,Tilbury St Chads,E05002247,6846,2443,3597,17,34,8,333,34,38,342
2021,West Thurrock and South Stifford,E05002248,13801,3972,7429,71,290,8,1107,140,79,705
2021,Chatham Central,E05002249,16933,6834,7163,49,257,10,1061,459,112,988
2021,Cuxton and Halling,E05002250,6603,2816,3260,18,36,4,50,22,25,372
2021,Gillingham North,E05002251,19176,8411,8038,88,252,18,813,150,110,1296
2021,Gillingham South,E05002252,17191,6672,7504,79,408,13,1018,272,134,1091
2021,Hempstead and Wigmore,E05002253,8095,2965,4176,31,155,5,170,128,30,435
2021,Lordswood and Capstone,E05002254,9046,4168,4207,19,43,3,97,56,27,426
2021,Luton and Wayfield,E05002255,14886,6252,6865,39,110,10,492,125,140,853
2021,Peninsula,E05002256,15926,7064,7642,37,56,13,132,85,62,835
2021,Princes Park (Medway),E05002257,10174,4932,4383,28,88,6,120,110,40,467
2021,Rainham Central,E05002258,12389,4938,6395,27,115,2,131,115,52,614
2021,Rainham North,E05002259,9207,4099,4312,13,68,0,132,62,54,467
2021,Rainham South,E05002260,13587,6317,6134,34,68,12,130,132,54,706
2021,River (Medway),E05002261,12285,5172,5013,154,314,12,510,133,122,855
2021,Rochester East,E05002262,10655,4957,4227,48,100,12,446,174,119,572
2021,Rochester South and Horsted,E05002263,13606,5028,6226,33,289,10,476,804,58,682
2021,Rochester West,E05002264,11002,4762,5025,43,100,29,268,93,68,614
2021,Strood North,E05002265,14207,6078,6173,65,236,11,253,517,168,706
2021,Strood Rural,E05002266,15794,6724,7494,44,100,9,183,318,71,851
2021,Strood South,E05002267,16568,7765,7234,61,108,13,341,170,96,780
2021,Twydall,E05002268,13376,6317,5822,39,92,13,248,113,74,658
2021,Walderslade,E05002269,9776,4408,4510,21,46,6,190,78,31,486
2021,Watling (Medway),E05002270,9297,3632,4293,30,134,5,379,246,58,520
2021,Ascot,E05002271,5918,1978,3199,12,122,16,103,114,17,357
2021,Binfield with Warfield,E05002272,12092,4758,5989,65,229,15,215,119,31,671
2021,Bullbrook,E05002273,6897,2712,3104,112,302,7,189,71,55,345
2021,Central Sandhurst,E05002274,5082,2062,2403,91,109,5,60,41,41,270
2021,College Town,E05002275,5858,2195,2429,193,424,8,158,49,116,286
2021,Crown Wood,E05002276,7610,3391,3507,44,67,16,83,26,53,423
2021,Crowthorne,E05002277,6056,2366,3068,19,53,17,119,31,39,344
2021,Great Hollands North,E05002278,7981,3483,3519,35,205,4,175,71,33,456
2021,Great Hollands South,E05002279,4981,2040,2461,40,83,8,56,28,21,244
2021,Hanworth,E05002280,8147,3602,3666,50,78,8,141,49,45,508
2021,Harmans Water,E05002281,9268,3726,4325,59,298,28,201,83,33,515
2021,Little Sandhurst and Wellington,E05002282,6172,2456,3130,11,62,14,39,23,21,416
2021,Old Bracknell,E05002283,5991,2657,2549,50,121,6,159,62,38,349
2021,Owlsmoor,E05002284,5012,2050,2311,59,142,2,52,60,46,290
2021,Priestwood and Garth,E05002285,8580,4018,3685,52,128,7,140,59,39,452
2021,Warfield Harvest Ride,E05002286,7999,2966,4148,44,181,11,119,75,37,418
2021,Wildridings and Central,E05002287,6137,2511,2671,84,299,6,150,38,54,324
2021,Winkfield and Cranbourne,E05002288,4817,1329,2977,17,37,12,56,55,23,311
2021,Arborfield,E05002372,3013,1316,1425,2,36,11,31,22,13,157
2021,Barkham,E05002373,4621,1939,2178,22,118,2,72,42,18,230
2021,Bulmershe and Whitegates,E05002374,9620,2603,3813,46,457,7,1702,383,36,573
2021,Charvil,E05002375,3157,1181,1583,15,53,12,63,61,13,176
2021,Coronation,E05002376,5634,2039,2761,21,117,13,209,101,12,361
2021,Emmbrook,E05002377,9928,3853,4544,47,488,12,255,75,31,623
2021,Evendons,E05002378,9525,3814,4347,54,392,15,206,103,39,555
2021,Finchampstead North,E05002379,5468,2050,2775,19,116,11,76,48,17,356
2021,Finchampstead South,E05002380,6288,2334,3173,30,99,21,144,75,54,358
2021,Hawkedon,E05002381,9321,3327,3367,78,958,23,645,261,43,619
2021,Hillside (Wokingham),E05002382,8380,2501,3494,61,823,24,693,228,33,523
2021,Hurst,E05002383,2936,1143,1527,18,28,6,17,20,3,174
2021,Loddon,E05002384,10528,4376,4360,34,402,28,530,169,40,589
2021,Maiden Erlegh,E05002385,10553,3403,3755,64,1124,23,1097,240,77,770
2021,Norreys,E05002386,11315,4528,5343,41,263,19,363,86,38,634
2021,"Remenham, Wargrave and Ruscombe",E05002387,5527,1872,3139,13,34,21,59,46,27,316
2021,Shinfield North,E05002388,3629,1234,1482,44,200,3,381,61,29,195
2021,Shinfield South,E05002389,12541,4968,5129,65,907,13,519,211,51,678
2021,Sonning,E05002390,3203,1025,1596,6,108,8,121,125,12,202
2021,South Lake,E05002391,5866,2104,2438,25,444,7,379,122,30,317
2021,Swallowfield,E05002392,3520,1383,1751,20,38,10,78,29,15,196
2021,Twyford,E05002393,6116,2413,3062,25,47,13,54,34,24,444
2021,Wescott,E05002394,7516,3121,3450,30,188,14,209,93,32,379
2021,Winnersh,E05002395,10872,3854,4420,71,890,16,617,293,58,653
2021,Wokingham Without,E05002396,8421,3042,4475,29,134,100,77,69,31,464
2021,Brunswick and Adelaide,E05002420,9916,6075,2269,120,70,182,245,17,207,731
2021,Central Hove,E05002421,9319,5140,2625,121,66,170,332,14,163,688
2021,East Brighton,E05002422,14232,7484,4770,146,111,53,586,10,169,903
2021,Goldsmid,E05002423,15858,8749,4733,190,114,243,487,23,183,1136
2021,Hangleton and Knoll,E05002424,15229,7003,6130,51,93,74,862,21,101,894
2021,Hanover and Elm Grove,E05002425,16013,10779,3207,152,56,98,304,27,220,1170
2021,Hollingdean and Stanmer,E05002426,16879,9490,4459,142,142,105,665,37,182,1657
2021,Moulsecoomb and Bevendean,E05002427,16885,9745,4739,117,166,44,638,22,147,1267
2021,North Portslade,E05002428,10130,5211,3944,48,39,46,260,2,47,533
2021,Patcham,E05002429,14505,7532,5359,87,103,61,338,26,98,901
2021,Preston Park,E05002430,15000,9776,3431,161,79,94,252,17,127,1063
2021,Queen's Park (Brighton and Hove),E05002431,15644,8992,4114,179,208,108,623,18,247,1155
2021,Regency,E05002432,9954,6036,2257,135,97,71,306,25,140,887
2021,Rottingdean Coastal,E05002433,14293,6351,6067,141,127,104,263,26,109,1105
2021,St. Peter's and North Laine,E05002434,17667,11382,3647,219,137,133,528,21,231,1369
2021,South Portslade,E05002435,9889,5127,3579,54,51,66,285,11,64,652
2021,Hove Park,E05002436,11071,5011,4460,70,156,244,390,20,59,661
2021,Westbourne (Brighton and Hove),E05002437,9787,5243,3229,91,37,206,219,5,99,658
2021,Wish,E05002438,10333,5196,3691,71,51,170,367,7,84,696
2021,Withdean,E05002439,14721,7887,4936,107,136,141,336,25,120,1033
2021,Woodingdean,E05002440,9773,4757,3980,53,57,45,217,1,64,599
2021,Baffins,E05002441,15019,7407,6365,42,53,6,254,16,100,776
2021,Central Southsea,E05002442,15987,7981,5398,114,156,11,907,36,123,1261
2021,Charles Dickens,E05002443,22323,9517,7470,162,286,16,2501,56,140,2175
2021,Copnor,E05002444,13302,6366,5556,46,64,8,416,36,62,748
2021,Cosham,E05002445,14447,7065,6048,69,121,9,339,24,71,701
2021,Drayton and Farlington,E05002446,13733,6045,6532,34,47,13,188,9,56,809
2021,Eastney and Craneswater,E05002447,12577,5701,5357,76,59,23,387,85,88,801
2021,Fratton,E05002448,15487,7374,5886,75,155,9,949,34,94,911
2021,Hilsea,E05002449,13929,6288,6029,79,47,16,590,39,73,768
2021,Milton (Portsmouth),E05002450,14331,7015,5600,65,129,10,475,22,96,919
2021,Nelson (Portsmouth),E05002451,15132,7270,6111,58,71,15,664,43,81,819
2021,Paulsgrove,E05002452,14575,7915,5506,52,77,7,192,6,67,753
2021,St Jude,E05002453,12043,5675,4657,70,104,20,603,18,87,809
2021,St Thomas (Portsmouth),E05002454,15118,6265,5424,135,228,37,1709,37,120,1163
2021,Bargate,E05002455,23009,9779,7606,219,588,33,2255,266,231,2032
2021,Bassett,E05002456,14561,5428,5978,108,295,17,1031,425,94,1185
2021,Bevois,E05002457,18368,5749,5384,73,491,15,3972,1169,154,1361
2021,Bitterne,E05002458,14409,7369,5804,22,38,12,253,59,70,782
2021,Bitterne Park,E05002459,14066,6327,6056,58,97,18,331,234,105,840
2021,Coxford,E05002460,14022,6284,6487,52,103,10,235,34,74,743
2021,Freemantle,E05002461,16082,6430,6839,92,348,14,800,356,130,1073
2021,Harefield,E05002462,14488,6570,6302,66,100,7,346,149,95,853
2021,Millbrook,E05002463,16080,7008,6813,58,214,12,612,325,91,947
2021,Peartree (Southampton),E05002464,14305,6801,6022,61,104,7,225,134,89,862
2021,Portswood,E05002465,14721,6321,5370,151,289,28,1150,250,110,1052
2021,Redbridge,E05002466,16171,8132,6505,47,72,6,385,98,78,848
2021,Shirley,E05002467,15089,5765,6972,81,169,21,686,358,71,966
2021,Sholing,E05002468,13997,6585,6237,35,45,9,136,37,89,824
2021,Swaythling,E05002469,13763,5734,5090,135,265,24,1164,239,77,1035
2021,Woolston,E05002470,15786,7718,6443,75,47,20,313,59,102,1009
2021,Alfreton,E05003280,8795,4426,3712,27,12,2,25,21,41,529
2021,Alport,E05003281,2581,986,1403,5,10,1,7,9,13,147
2021,Belper Central,E05003282,5349,2445,2521,11,10,2,9,0,47,304
2021,Belper East,E05003283,5903,2666,2847,14,7,2,12,5,33,317
2021,Belper North,E05003284,4632,2038,2287,15,4,5,8,1,36,238
2021,Codnor and Waingroves,E05003286,4942,2278,2312,7,12,1,18,4,37,273
2021,Crich,E05003287,2652,1097,1379,5,1,1,4,0,11,154
2021,Heage and Ambergate,E05003289,4816,2002,2485,14,3,5,6,1,35,265
2021,Heanor and Loscoe,E05003290,5134,2637,2136,5,5,0,8,3,50,290
2021,Heanor West,E05003292,6371,3369,2530,4,18,1,27,7,23,392
2021,Ironville and Riddings,E05003293,6151,3196,2506,9,14,8,8,18,32,360
2021,Langley Mill and Aldercar,E05003295,5807,3423,2008,3,2,2,21,7,32,309
2021,Ripley,E05003296,9192,4501,3996,43,6,4,22,11,61,548
2021,Ripley and Marehay,E05003297,5534,2694,2502,8,11,2,18,11,20,268
2021,Somercotes,E05003299,6204,3470,2268,23,3,2,21,14,27,376
2021,South West Parishes,E05003300,4053,1474,2188,6,34,3,48,68,17,215
2021,Swanwick,E05003301,5077,1945,2781,7,3,0,5,5,13,318
2021,Wingfield,E05003302,2316,974,1157,7,0,0,3,0,15,160
2021,Barrow Hill and New Whittington,E05003323,5542,2586,2593,11,3,3,35,9,24,278
2021,Brimington North,E05003324,4253,2183,1798,11,0,1,20,8,17,215
2021,Brimington South,E05003325,6011,2341,3260,11,18,1,27,23,19,311
2021,Brockwell,E05003326,6594,2698,3337,32,53,0,27,7,35,405
2021,Dunston,E05003327,6496,3017,2935,22,11,2,61,13,46,389
2021,Hasland,E05003328,6296,2687,3129,15,23,7,38,21,25,351
2021,Hollingwood and Inkersall,E05003329,7655,3571,3642,8,5,1,26,3,23,376
2021,Holmebrook,E05003330,4273,2086,1791,19,17,3,118,1,20,218
2021,Linacre (Chesterfield),E05003331,3844,1341,2224,4,17,0,16,9,19,214
2021,Loundsley Green,E05003332,3741,1639,1788,15,9,1,20,4,21,244
2021,Lowgates and Woodthorpe,E05003333,4783,2240,2197,7,17,1,55,4,13,249
2021,Middlecroft and Poolsbrook,E05003334,5009,2664,2015,6,5,0,44,5,31,239
2021,Moor,E05003335,4290,1847,2067,8,11,2,76,3,19,257
2021,Old Whittington,E05003336,4184,1910,1943,11,6,3,34,5,24,248
2021,Rother,E05003337,6297,3100,2695,7,15,4,49,13,46,368
2021,St Helen's (Chesterfield),E05003338,4831,2173,2123,15,32,0,182,10,30,266
2021,St Leonard's (Chesterfield),E05003339,8049,3894,3399,32,85,2,113,14,38,472
2021,Walton (Chesterfield),E05003340,5333,1815,3070,15,28,1,13,12,28,351
2021,West (Chesterfield),E05003341,6084,2274,3412,15,2,3,24,8,21,325
2021,Ashbourne North,E05003342,3722,1270,2203,6,13,1,4,1,27,197
2021,Ashbourne South,E05003343,5731,2046,3316,8,9,4,17,8,29,294
2021,Bakewell,E05003344,4258,1453,2525,11,3,5,5,3,19,234
2021,Bradwell (Derbyshire Dales),E05003345,1789,715,935,7,1,0,6,0,6,119
2021,Brailsford,E05003346,2002,595,1286,2,0,2,6,5,2,104
2021,Calver,E05003347,1774,678,965,6,0,3,5,2,7,108
2021,Carsington Water,E05003348,1770,603,1030,8,1,4,1,0,10,113
2021,Chatsworth,E05003349,1608,518,967,7,2,2,0,0,15,97
2021,Clifton and Bradley,E05003350,1845,598,1154,1,0,2,1,0,7,82
2021,Darley Dale,E05003351,5782,2219,3112,16,3,3,21,1,26,381
2021,Dovedale and Parwich,E05003352,1579,455,1046,4,2,0,2,0,10,60
2021,Doveridge and Sudbury,E05003353,2682,819,1465,13,8,6,107,14,17,233
2021,Hartington and Taddington,E05003354,1655,499,1026,2,1,1,6,2,7,111
2021,Hathersage and Eyam,E05003355,3714,1527,1897,15,2,4,14,9,13,233
2021,Hulland,E05003356,1857,577,1164,4,0,1,2,0,6,103
2021,Lathkill and Bradford,E05003357,1517,508,923,5,0,1,2,0,3,75
2021,Litton and Longstone,E05003358,1555,594,850,3,1,2,2,0,7,96
2021,Masson,E05003359,2839,1234,1427,15,1,2,1,6,9,144
2021,Matlock All Saints,E05003360,5419,2298,2720,24,5,2,16,1,24,329
2021,Matlock St Giles,E05003361,5737,2493,2878,18,8,1,24,1,18,296
2021,Norbury,E05003362,1735,469,1149,1,0,1,2,0,7,106
2021,Stanton (Derbyshire Dales),E05003363,1817,734,984,7,1,2,1,0,7,81
2021,Tideswell,E05003364,1759,647,987,0,3,0,2,0,10,110
2021,Winster and South Darley,E05003365,1603,641,851,3,0,0,0,0,11,97
2021,Wirksworth,E05003366,5795,2499,2868,22,3,3,12,0,32,356
2021,Bradninch,E05003510,2004,1034,798,3,8,0,5,0,14,142
2021,Cadbury,E05003511,1656,631,901,2,0,0,5,0,6,111
2021,Canonsleigh,E05003512,3322,1394,1689,13,2,4,0,0,21,199
2021,Castle (Mid Devon),E05003513,4331,1927,2070,30,11,0,15,0,40,238
2021,Clare and Shuttern,E05003514,3516,1333,1943,16,0,4,5,1,19,195
2021,Cranmore,E05003515,4953,2237,2359,15,7,0,3,1,29,302
2021,Cullompton North,E05003516,4472,2094,2090,6,9,1,8,9,10,245
2021,Cullompton Outer,E05003517,2950,1370,1369,6,0,7,4,0,14,180
2021,Cullompton South,E05003518,4331,2043,1894,15,7,8,13,2,21,328
2021,Halberton,E05003519,2334,1018,1130,10,2,3,3,1,17,150
2021,Lawrence,E05003520,3801,1775,1777,13,15,2,0,1,27,191
2021,Lower Culm,E05003521,5931,2708,2853,20,3,3,4,3,27,310
2021,Lowman,E05003522,6982,3499,2907,18,9,2,19,4,45,479
2021,Sandford and Creedy,E05003524,3347,1336,1710,24,1,4,4,0,26,242
2021,Silverton,E05003525,1908,789,985,1,1,3,0,0,7,122
2021,Taw,E05003526,1659,662,861,8,0,1,7,0,14,106
2021,Taw Vale,E05003527,1757,723,896,4,0,1,1,0,11,121
2021,Upper Culm,E05003528,4324,1819,2157,9,0,0,2,0,22,315
2021,Upper Yeo,E05003529,1808,754,896,6,4,1,4,0,23,120
2021,Way,E05003530,1736,771,847,3,0,1,4,0,14,96
2021,Westexe,E05003531,6029,2861,2671,10,7,10,8,5,37,420
2021,Billericay East,E05004021,12130,4762,6354,51,95,38,114,24,31,661
2021,Billericay West,E05004022,11971,4736,6241,23,133,47,94,29,43,625
2021,Burstead,E05004023,11141,4253,6001,40,83,30,94,30,42,568
2021,Crouch,E05004024,8438,3401,4267,31,74,20,83,18,40,504
2021,Fryerns,E05004025,15130,7309,6323,50,129,20,369,15,87,828
2021,Laindon Park,E05004026,13654,6268,6062,56,205,46,251,33,57,676
2021,Langdon Hills,E05004027,9044,3794,4330,43,157,31,125,24,24,516
2021,Lee Chapel North,E05004028,15061,7295,6387,36,212,7,341,10,60,713
2021,Nethermayne,E05004029,14031,5762,6366,43,558,24,379,35,76,788
2021,Pitsea North West,E05004030,12959,6294,5562,23,76,23,275,23,49,634
2021,Pitsea South East,E05004031,12203,5347,5691,21,97,28,301,20,57,641
2021,St Martin's (Basildon),E05004032,10174,4315,4463,36,258,9,462,33,56,542
2021,Vange,E05004033,10403,5226,4260,38,75,16,198,12,27,551
2021,Wickford Castledon,E05004034,7994,3323,4050,10,41,17,112,18,21,402
2021,Wickford North,E05004035,13331,5803,6558,34,77,30,104,32,24,669
2021,Wickford Park,E05004036,9906,4893,4325,20,56,17,77,1,38,479
2021,Brentwood North,E05004067,7349,2423,4090,34,172,22,173,25,32,378
2021,Brentwood South,E05004068,6279,2275,3189,31,115,16,163,34,21,435
2021,Brentwood West,E05004069,7640,2693,3862,31,216,46,186,50,35,521
2021,Brizes and Doddinghurst,E05004070,6040,2012,3526,14,18,45,47,29,14,335
2021,"Herongate, Ingrave and West Horndon",E05004071,3805,1323,2162,8,34,12,24,11,11,220
2021,Hutton Central,E05004072,4057,1367,2215,22,82,21,61,76,19,194
2021,Hutton East,E05004073,3661,1198,2052,11,82,14,74,32,16,182
2021,Hutton North,E05004074,4292,1560,2330,10,79,7,90,7,11,198
2021,Hutton South,E05004075,3759,1144,2205,11,110,17,55,14,14,189
2021,"Ingatestone, Fryerning and Mountnessing",E05004076,6365,2220,3595,17,70,25,46,8,11,373
2021,Pilgrims Hatch,E05004077,6092,2050,3495,15,60,22,64,28,13,345
2021,Shenfield,E05004078,5458,1484,3412,41,122,20,73,25,15,266
2021,South Weald,E05004079,2015,506,1276,19,26,14,45,13,9,107
2021,Tipps Cross,E05004080,3828,1196,2335,12,4,25,0,21,10,225
2021,Warley (Brentwood),E05004081,6416,2202,3435,32,184,24,120,22,28,369
2021,Appleton (Castle Point),E05004082,6832,2953,3374,21,63,25,30,8,23,335
2021,Boyce,E05004083,6714,2811,3346,20,36,22,82,6,34,357
2021,Canvey Island Central,E05004084,6733,3047,3205,16,16,37,56,1,36,319
2021,Canvey Island East,E05004085,6114,2682,3018,8,12,7,31,3,19,334
2021,Canvey Island North,E05004086,6427,2530,3458,15,14,34,27,1,45,303
2021,Canvey Island South,E05004087,7128,2977,3620,10,21,57,54,16,33,340
2021,Canvey Island West,E05004088,4880,2157,2400,12,9,41,18,1,17,225
2021,Canvey Island Winter Gardens,E05004089,7046,3305,2961,23,8,309,37,3,18,382
2021,Cedar Hall,E05004090,6396,2694,3144,16,69,20,84,18,19,332
2021,St George's (Castle Point),E05004091,5811,2644,2765,24,19,18,37,4,10,290
2021,St James (Castle Point),E05004092,6862,3085,3251,17,39,33,51,2,23,361
2021,St Mary's (Castle Point),E05004093,6298,2770,3017,20,37,11,62,0,17,364
2021,St Peter's (Castle Point),E05004094,6501,2911,3054,20,54,9,91,15,23,324
2021,Victoria (Castle Point),E05004095,5846,2419,2932,17,38,40,51,0,23,326
2021,Bicknacre and East and West Hanningfield,E05004096,5542,1949,3143,12,16,13,32,8,27,342
2021,Boreham and The Leighs,E05004097,6941,3061,3331,16,42,9,45,16,15,406
2021,Broomfield and The Walthams,E05004098,11038,4284,5427,88,284,18,275,25,34,603
2021,Chelmer Village and Beaulieu Park,E05004099,10847,4543,5039,50,219,25,273,38,42,618
2021,Chelmsford Rural West,E05004100,3199,1233,1711,9,35,20,10,6,9,166
2021,Galleywood,E05004101,5662,2244,2896,23,51,18,59,0,20,351
2021,Goat Hall,E05004102,5977,2454,2915,38,99,16,98,5,32,320
2021,Great Baddow East,E05004103,8512,3513,4056,38,98,27,179,15,54,532
2021,Great Baddow West,E05004104,6441,2826,2950,32,71,18,151,13,25,355
2021,"Little Baddow, Danbury and Sandon",E05004105,8333,3095,4621,27,60,20,36,12,20,442
2021,Marconi,E05004106,8762,4006,3358,57,326,13,396,6,38,562
2021,Moulsham and Central,E05004107,13337,5787,5759,99,238,29,499,23,67,836
2021,Moulsham Lodge,E05004108,5654,2371,2642,33,114,6,131,11,22,324
2021,Patching Hall,E05004109,9071,3439,4350,75,382,23,216,7,42,537
2021,Rettendon and Runwell,E05004110,6508,2716,3267,11,23,24,71,9,21,366
2021,St Andrews (Chelmsford),E05004111,9292,3812,4415,39,153,22,206,13,57,575
2021,"South Hanningfield, Stock and Margaretting",E05004112,5736,1919,3418,8,12,10,30,1,23,315
2021,South Woodham-Chetwood and Collingwood,E05004113,8007,3550,3818,25,51,8,50,8,36,461
2021,South Woodham-Elmwood and Woodville,E05004114,8019,3692,3753,19,17,14,49,5,28,442
2021,Springfield North,E05004115,10542,4366,4819,51,323,26,313,30,29,585
2021,The Lawns,E05004116,5437,2017,2764,24,151,3,130,8,26,314
2021,Trinity (Chelmsford),E05004117,6740,2880,3078,43,150,7,143,13,42,384
2021,Waterhouse Farm,E05004118,6600,2822,2859,41,152,13,258,7,32,416
2021,Writtle,E05004119,5327,2162,2792,21,18,6,15,4,16,293
2021,"Broadley Common, Epping Upland and Nazeing",E05004147,2294,756,1277,9,24,45,24,17,18,124
2021,Buckhurst Hill East,E05004148,4727,1509,2404,8,106,148,181,50,15,306
2021,Buckhurst Hill West,E05004149,7027,2027,3427,26,251,391,278,92,68,467
2021,Chigwell Row,E05004150,2353,546,967,8,82,316,168,102,31,133
2021,Chigwell Village,E05004151,4647,813,1549,44,500,507,511,365,52,306
2021,"Chipping Ongar, Greensted and Marden Ash",E05004152,4379,1588,2405,10,16,79,22,7,15,237
2021,Epping Hemnall,E05004153,6415,2489,3197,20,70,133,92,19,30,365
2021,Epping Lindsey and Thornwood Common,E05004154,7164,2596,3644,39,93,162,138,29,32,431
2021,Grange Hill,E05004155,7601,1445,2772,42,654,596,1095,508,56,433
2021,"High Ongar, Willingale and The Rodings",E05004157,2465,979,1255,3,10,25,11,21,16,145
2021,Lambourne,E05004158,2050,619,1097,5,6,123,53,23,4,120
2021,Loughton Alderton,E05004159,4810,1814,2357,17,46,102,135,39,18,282
2021,Loughton Broadway,E05004160,4922,1939,2339,28,45,65,132,4,33,337
2021,Loughton Fairmead,E05004161,4605,1601,2403,11,43,47,136,14,30,320
2021,Loughton Forest,E05004162,4337,1343,2042,15,186,234,152,90,25,250
2021,Loughton Roding,E05004163,4808,1666,2429,15,95,127,118,40,31,287
2021,Loughton St John's,E05004164,4495,1275,2451,18,88,213,93,56,34,267
2021,Loughton St Mary's,E05004165,5371,1718,2389,21,169,324,250,116,37,347
2021,Lower Nazeing,E05004166,4273,1364,2464,13,37,22,95,13,20,245
2021,Lower Sheering,E05004167,2173,995,982,2,4,33,14,0,13,130
2021,North Weald Bassett,E05004169,4761,1693,2543,17,40,92,49,37,8,282
2021,Passingford,E05004170,2518,834,1303,8,41,80,48,48,9,147
2021,Roydon,E05004171,2252,815,1190,8,21,14,34,7,6,157
2021,Shelley,E05004172,2760,1196,1312,4,5,44,19,5,5,170
2021,Theydon Bois,E05004173,4186,1280,2443,10,26,143,14,21,18,231
2021,Waltham Abbey High Beach,E05004174,2774,818,1497,14,20,49,151,27,30,168
2021,Waltham Abbey Honey Lane,E05004175,6383,2386,3175,21,65,110,218,27,45,336
2021,Waltham Abbey North East,E05004176,4055,1394,2188,6,22,39,115,11,48,232
2021,Waltham Abbey Paternoster,E05004177,4916,1970,2315,29,32,23,134,18,58,337
2021,Waltham Abbey South West,E05004178,4732,1775,2287,31,39,45,201,25,47,282
2021,Bush Fair,E05004179,8206,3770,3486,32,82,9,277,1,68,481
2021,Church Langley,E05004180,8938,3842,4127,30,75,92,260,12,28,472
2021,Great Parndon,E05004181,6598,2720,3253,22,26,9,203,9,40,316
2021,Harlow Common,E05004182,7681,3471,3426,31,24,24,200,4,72,429
2021,Little Parndon and Hare Street,E05004183,10061,4007,4497,41,214,34,640,6,64,558
2021,Mark Hall,E05004184,7975,3740,3333,54,49,11,289,3,40,456
2021,Netteswell,E05004185,8412,3681,3604,45,89,7,458,13,61,454
2021,Old Harlow,E05004186,11180,5002,4865,36,128,91,359,17,77,605
2021,Staple Tye,E05004187,7919,3492,3552,18,47,16,304,11,53,426
2021,Sumners and Kingsmoor,E05004188,7548,3198,3535,19,40,15,300,2,41,398
2021,Toddbrook,E05004189,8806,3583,4052,41,117,11,447,6,61,488
2021,Althorne,E05004190,4340,1881,2140,11,16,11,19,4,11,247
2021,Burnham-on-Crouch North,E05004191,4681,2035,2328,8,11,11,22,2,19,245
2021,Burnham-on-Crouch South,E05004192,4165,1900,1993,22,5,8,6,0,19,212
2021,Great Totham,E05004193,3862,1518,2057,13,8,5,9,1,9,242
2021,Heybridge East,E05004194,4098,1850,1986,8,6,5,14,1,17,211
2021,Heybridge West,E05004195,4814,2333,2138,6,2,2,27,2,9,295
2021,Maldon East,E05004196,2500,1273,1062,14,3,0,16,2,7,123
2021,Maldon North,E05004197,4409,1853,2173,14,12,11,56,5,41,244
2021,Maldon South,E05004198,3838,1652,1897,13,1,7,61,2,14,191
2021,Maldon West,E05004199,4191,1755,2140,18,9,4,21,3,19,222
2021,Mayland,E05004200,4450,2025,2141,12,9,4,6,6,14,233
2021,Purleigh,E05004201,3527,1361,1932,10,12,11,9,7,9,176
2021,Southminster,E05004202,4831,2365,2127,11,1,9,2,5,14,297
2021,Tillingham,E05004203,2333,913,1245,6,5,5,4,0,28,127
2021,Tollesbury,E05004204,2084,907,1080,7,2,5,6,0,7,70
2021,Tolleshunt D'Arcy,E05004205,4400,1828,2244,13,4,12,8,4,19,268
2021,Wickham Bishops and Woodham,E05004206,3692,1305,2111,11,24,20,15,3,20,183
2021,All Saints,E05004288,5363,2595,2194,36,45,10,70,7,37,369
2021,Battledown,E05004289,6305,2843,2833,26,71,12,111,12,18,379
2021,Benhall and The Reddings,E05004290,4956,2009,2523,7,42,2,46,16,30,281
2021,Charlton Kings,E05004291,5892,2573,2813,19,50,21,31,6,23,356
2021,Charlton Park,E05004292,4909,1782,2714,32,39,12,28,15,14,273
2021,College (Cheltenham),E05004293,5843,2678,2509,39,40,15,68,1,38,455
2021,Hesters Way,E05004294,7098,3276,3047,12,70,7,166,10,46,464
2021,Lansdown (Cheltenham),E05004295,5550,2457,2444,48,37,25,54,11,39,435
2021,Leckhampton,E05004296,5565,2256,2760,15,45,13,22,1,26,427
2021,Oakley (Cheltenham),E05004297,5869,2843,2550,26,42,4,75,6,24,299
2021,Park (Cheltenham),E05004298,6221,2544,3017,41,42,6,48,16,37,470
2021,Pittville,E05004299,6063,2828,2694,28,43,6,64,6,32,362
2021,Prestbury (Cheltenham),E05004300,6146,2335,3327,25,31,12,40,5,23,348
2021,St Mark's (Cheltenham),E05004301,6284,3010,2608,32,63,2,141,14,43,371
2021,St Paul's (Cheltenham),E05004302,6215,3212,2112,63,130,14,167,5,49,463
2021,St Peter's (Cheltenham),E05004303,7364,3531,2980,35,135,3,230,17,39,394
2021,Springbank,E05004304,6933,3132,3129,22,59,5,128,12,30,416
2021,Swindon Village,E05004305,5561,2308,2558,31,148,8,142,2,19,345
2021,Up Hatherley,E05004306,5263,2216,2589,10,29,11,52,11,30,315
2021,Warden Hill,E05004307,5440,2305,2672,13,34,10,60,5,27,314
2021,Fareham East,E05004516,7545,3572,3300,32,52,5,82,1,31,470
2021,Fareham North,E05004517,7026,3114,3396,28,16,4,81,11,31,345
2021,Fareham North-West,E05004518,7246,3432,3244,17,23,6,70,5,36,413
2021,Fareham South,E05004519,7471,3794,3110,14,26,10,89,8,49,371
2021,Fareham West,E05004520,6505,2556,3484,16,26,3,56,0,17,347
2021,Hill Head,E05004521,7094,2770,3894,10,4,7,37,1,41,330
2021,Locks Heath,E05004522,6761,2688,3608,21,32,2,22,5,23,360
2021,Park Gate,E05004523,9540,4368,4440,29,59,3,64,5,37,535
2021,Portchester East,E05004524,10757,4755,5313,42,22,4,35,1,57,528
2021,Portchester West,E05004525,7078,3209,3428,30,20,4,7,4,17,359
2021,Sarisbury,E05004526,8040,3569,3873,27,40,2,40,17,22,450
2021,Stubbington,E05004527,7224,2879,3754,23,12,4,16,10,56,470
2021,Titchfield,E05004528,7449,3088,3790,16,23,5,39,7,22,459
2021,Titchfield Common,E05004529,7695,3445,3712,24,33,6,59,3,32,381
2021,Warsash,E05004530,7076,2748,3902,14,10,1,17,7,19,358
2021,Barncroft,E05004566,6463,3792,2255,13,25,5,34,6,23,310
2021,Battins,E05004567,7020,4135,2422,22,21,1,46,1,32,340
2021,Bedhampton,E05004568,9413,4268,4441,26,43,10,60,5,42,518
2021,Bondfields,E05004569,6851,3910,2408,12,18,2,23,0,34,444
2021,Cowplain,E05004570,9203,4208,4353,20,16,8,59,6,46,487
2021,Emsworth,E05004571,10266,3988,5504,25,22,5,37,7,55,623
2021,Hart Plain,E05004572,9875,4878,4310,34,13,7,51,14,61,507
2021,Hayling East,E05004573,9033,3579,4762,28,4,5,18,14,50,573
2021,Hayling West,E05004574,8356,3020,4638,41,13,17,27,3,50,547
2021,Purbrook,E05004575,9340,4138,4534,25,31,4,59,5,38,506
2021,St Faith's,E05004576,10314,4673,4898,23,56,4,85,13,64,498
2021,Stakes,E05004577,10364,5252,4383,34,41,9,66,10,46,523
2021,Warren Park,E05004578,7579,4652,2371,25,13,4,49,9,33,423
2021,Waterloo (Havant),E05004579,10125,4375,5036,29,23,16,43,3,45,555
2021,"Ashurst, Copythorne South and Netley Marsh",E05004580,5645,2140,3039,15,4,8,29,0,24,386
2021,Barton (New Forest),E05004581,5389,1636,3312,16,2,11,21,1,30,360
2021,Bashley,E05004582,2639,971,1462,7,3,12,14,0,7,163
2021,Becton,E05004583,4912,1795,2677,8,3,4,30,4,40,351
2021,Boldre and Sway,E05004584,5455,1883,3147,12,15,6,9,2,31,350
2021,"Bramshaw, Copythorne North and Minstead",E05004585,2473,929,1346,4,9,2,3,0,11,169
2021,Bransgore and Burley,E05004586,5407,1948,3029,13,5,10,12,1,51,338
2021,Brockenhurst and Forest South East,E05004587,5565,2024,3106,23,5,19,8,1,31,348
2021,Buckland (New Forest),E05004588,3706,1556,1852,11,14,1,16,0,22,234
2021,Butts Ash and Dibden Purlieu,E05004589,6373,2935,3043,10,6,7,15,8,25,324
2021,Dibden and Hythe East,E05004590,5492,2363,2706,14,14,13,7,5,49,321
2021,"Fawley, Blackfield and Langley",E05004592,5837,2332,3107,6,15,15,7,6,28,321
2021,Fernhill (New Forest),E05004593,6231,2581,3130,6,25,10,33,2,57,387
2021,Furzedown and Hardley,E05004596,3486,1618,1603,10,16,5,4,4,27,199
2021,Holbury and North Blackfield,E05004597,6751,3426,2871,15,8,6,10,0,26,389
2021,Hordle,E05004598,5576,2015,3155,23,8,10,5,0,19,341
2021,Hythe West and Langdown,E05004599,6254,2766,3042,17,1,3,12,12,31,370
2021,Lymington Town,E05004600,5983,1954,3481,17,6,9,34,0,31,451
2021,Lyndhurst,E05004601,3018,1173,1621,32,9,2,7,2,29,143
2021,Marchwood,E05004602,5776,2585,2823,14,21,1,19,3,30,280
2021,Milford (New Forest),E05004603,4901,1540,2922,15,3,21,6,1,19,374
2021,Milton (New Forest),E05004604,6375,2434,3399,19,19,7,39,2,50,406
2021,Pennington,E05004605,6147,2331,3322,43,4,7,22,0,27,391
2021,Ringwood East and Sopley,E05004606,2970,1148,1590,9,3,0,2,2,15,201
2021,Ringwood North,E05004607,6182,2793,3006,11,2,5,23,0,32,310
2021,Ringwood South,E05004608,6491,2771,3173,32,4,4,35,0,38,434
2021,Totton Central,E05004609,5218,2226,2612,12,10,4,26,3,22,303
2021,Totton East,E05004610,6339,2940,2924,13,14,4,54,3,42,345
2021,Totton North,E05004611,6344,3046,2856,19,15,4,30,7,37,330
2021,Totton South,E05004612,5892,2805,2655,25,10,3,11,5,44,334
2021,Totton West,E05004613,4860,2197,2331,24,2,5,23,8,29,241
2021,Adeyfield East,E05004691,6080,2502,2696,38,92,13,258,27,35,419
2021,Adeyfield West,E05004692,5961,2573,2566,23,100,16,288,7,34,354
2021,Aldbury and Wigginton,E05004693,2405,910,1309,14,3,15,10,1,12,131
2021,Apsley and Corner Hall,E05004694,10306,4327,4335,54,290,104,416,17,73,690
2021,Ashridge,E05004695,2695,973,1477,11,27,34,11,7,12,143
2021,Bennetts End,E05004696,6030,2302,2705,7,117,18,463,8,37,373
2021,Berkhamsted Castle,E05004697,6106,2593,3015,28,38,34,29,6,19,344
2021,Berkhamsted East,E05004698,6138,2887,2701,34,28,31,42,7,30,378
2021,Berkhamsted West,E05004699,6537,2692,3163,40,59,42,46,21,40,434
2021,"Bovingdon, Flaunden and Chipperfield",E05004700,9497,3597,4677,44,130,103,290,42,34,580
2021,Boxmoor,E05004701,8740,3762,4041,50,155,52,157,15,19,489
2021,Chaulden and Warners End,E05004702,9284,4016,4257,39,169,56,180,10,22,535
2021,Gadebridge,E05004703,5803,2456,2733,23,75,18,114,3,33,348
2021,Grovehill,E05004704,8006,3125,3824,27,181,14,337,1,33,464
2021,Hemel Hempstead Town,E05004705,7189,3140,2887,38,150,26,450,8,43,447
2021,Highfield (Dacorum),E05004706,5886,2477,2574,24,95,21,346,8,33,308
2021,Kings Langley,E05004707,5287,2032,2641,37,68,72,87,21,9,320
2021,Leverstock Green,E05004708,9712,3561,4543,35,269,23,675,17,46,543
2021,Nash Mills,E05004709,3779,1555,1574,7,91,46,208,30,22,246
2021,Northchurch,E05004710,2836,1122,1448,10,20,13,21,3,15,184
2021,Tring Central,E05004711,5383,2464,2508,23,19,27,4,2,20,316
2021,Tring East,E05004712,3417,1400,1710,6,20,21,17,2,18,223
2021,Tring West and Rural,E05004713,5179,2249,2440,17,20,16,30,15,21,371
2021,Watling (Dacorum),E05004714,5798,2291,2919,69,39,42,59,6,37,336
2021,Woodhall Farm,E05004715,7023,2674,3215,29,292,34,329,27,50,373
2021,Braughing,E05004721,2738,1033,1503,1,4,16,3,2,11,165
2021,Datchworth & Aston,E05004723,2351,867,1306,2,4,20,2,1,9,140
2021,Great Amwell,E05004724,2753,1044,1495,5,16,8,2,4,23,156
2021,Hertford Bengeo,E05004725,7899,3552,3701,52,27,20,51,11,45,440
2021,Hertford Castle,E05004726,9630,4470,4205,72,88,53,142,8,49,543
2021,Hertford Heath,E05004727,3541,1394,1702,5,8,9,24,5,5,389
2021,Hertford Kingsmead,E05004728,5975,2776,2642,19,54,25,73,5,27,354
2021,Hertford Rural North,E05004729,2270,879,1237,3,13,12,25,2,8,91
2021,Hertford Rural South,E05004730,2642,1001,1452,4,10,28,8,1,3,135
2021,Hertford Sele,E05004731,5911,2726,2617,40,17,22,89,4,21,375
2021,Hunsdon,E05004732,3568,1490,1764,6,19,12,40,24,1,212
2021,Little Hadham,E05004733,2514,941,1405,4,5,10,2,6,10,131
2021,Much Hadham,E05004735,3096,1123,1759,3,6,13,24,8,6,154
2021,Puckeridge,E05004736,2974,1201,1549,3,7,1,12,7,24,170
2021,Sawbridgeworth,E05004737,8747,3618,4395,21,40,31,119,12,36,475
2021,Stanstead Abbots,E05004738,3094,1249,1609,12,5,8,16,3,16,176
2021,Thundridge & Standon,E05004739,3277,1267,1782,9,8,21,13,0,11,166
2021,Ware Chadwell,E05004741,3259,1428,1502,10,26,8,38,6,8,233
2021,Ware Christchurch,E05004742,5705,2423,2712,16,59,4,83,0,45,363
2021,Ware St Mary's,E05004743,5130,2172,2526,19,30,18,38,3,27,297
2021,Ware Trinity,E05004744,5531,2584,2467,13,27,21,65,9,26,319
2021,Watton-at-Stone,E05004745,2616,1120,1311,7,9,2,15,0,8,144
2021,Arbury (North Hertfordshire),E05004761,2828,1131,1459,14,15,20,4,6,13,166
2021,Baldock East,E05004762,2876,1257,1342,4,36,9,3,28,5,192
2021,Baldock Town,E05004763,7741,3532,3456,25,58,9,50,50,44,517
2021,Cadwell,E05004764,2360,1036,1140,5,8,1,19,11,10,130
2021,Chesfield,E05004765,7404,3393,3153,35,154,21,178,34,28,408
2021,Codicote,E05004766,2677,1027,1417,4,14,14,18,5,3,175
2021,Ermine,E05004767,2788,1091,1496,10,1,5,0,2,5,178
2021,Hitchin Bearton,E05004768,8627,4066,3072,48,131,28,390,317,66,509
2021,Hitchin Highbury,E05004769,8338,3633,3595,66,134,22,172,154,39,523
2021,Hitchin Oughton,E05004770,5112,2386,2102,16,21,10,147,70,43,317
2021,Hitchin Priory,E05004771,4832,2082,2271,21,90,19,36,64,20,229
2021,Hitchin Walsworth,E05004772,8316,3839,3146,38,140,11,260,308,74,500
2021,"Hitchwood, Offa and Hoo",E05004773,7774,3313,3753,28,47,24,56,40,41,472
2021,Kimpton,E05004774,2261,902,1192,3,5,7,6,3,3,140
2021,Knebworth,E05004775,5448,2261,2625,17,38,38,79,29,39,322
2021,Letchworth East,E05004776,6678,3221,2544,42,59,9,93,256,48,406
2021,Letchworth Grange,E05004777,7346,3332,3249,28,40,22,83,86,51,455
2021,Letchworth South East,E05004778,7250,2978,3090,55,135,23,100,306,34,529
2021,Letchworth South West,E05004779,7600,3188,3391,45,97,25,110,275,36,433
2021,Letchworth Wilbury,E05004780,5449,2486,2146,63,66,5,110,180,60,333
2021,Royston Heath,E05004781,5623,2654,2489,35,61,14,45,10,18,297
2021,Royston Meridian,E05004782,5695,2598,2657,24,34,15,23,22,18,304
2021,Royston Palace,E05004783,6131,2989,2571,29,66,14,68,13,21,360
2021,Weston and Sandon,E05004784,2062,924,964,3,5,3,15,10,17,121
2021,Bandley Hill,E05004805,6883,3143,3004,41,69,11,155,21,39,400
2021,Bedwell,E05004806,8056,3650,3218,41,243,9,387,14,49,445
2021,Chells,E05004807,6826,3164,2871,29,92,7,219,5,41,398
2021,Longmeadow,E05004808,6018,2800,2688,23,49,12,106,4,31,305
2021,Martins Wood,E05004810,6424,3002,2673,16,64,9,231,40,33,356
2021,Old Town (Stevenage),E05004811,8577,3816,3648,40,174,21,345,16,54,463
2021,Pin Green,E05004812,6496,2992,2710,24,105,7,266,7,34,351
2021,Roebuck,E05004813,7130,3269,3109,19,89,25,172,14,25,408
2021,St Nicholas,E05004814,8142,3537,3508,31,141,19,354,34,56,462
2021,Shephall,E05004815,6475,3103,2733,45,76,12,114,10,42,340
2021,Symonds Green,E05004816,6080,2714,2670,22,77,8,155,17,42,375
2021,Woodfield,E05004817,5959,2291,2824,51,122,16,188,113,31,323
2021,Central (Gravesham),E05004964,6854,1964,3156,41,137,3,303,852,84,314
2021,Chalk,E05004965,2208,608,1309,15,26,3,61,78,15,93
2021,Coldharbour,E05004966,5100,1849,2384,17,55,5,167,333,18,272
2021,Higham (Gravesham),E05004967,3932,1344,2089,10,33,6,52,141,17,240
2021,Istead Rise,E05004968,3396,1103,2014,5,5,3,17,67,10,172
2021,Meopham North,E05004969,4350,1579,2347,5,17,10,22,75,12,283
2021,Meopham South and Vigo,E05004970,4451,1774,2273,5,18,1,16,48,26,290
2021,Northfleet North,E05004971,8397,2715,3821,23,128,13,389,845,45,418
2021,Northfleet South,E05004972,9095,2940,4165,38,195,5,349,853,62,488
2021,Painters Ash,E05004973,5681,1655,2948,14,66,5,81,606,26,280
2021,Pelham,E05004974,7795,2084,3267,23,161,3,380,1464,53,360
2021,Riverside (Gravesham),E05004975,9765,2699,4691,52,199,5,607,907,118,487
2021,Riverview,E05004976,4331,1225,2386,16,72,1,87,264,33,247
2021,"Shorne, Cobham and Luddesdown",E05004977,4117,1202,2308,8,17,6,32,284,17,243
2021,Singlewell,E05004978,8312,3271,4051,14,100,5,198,204,39,430
2021,Westcourt,E05004979,7276,2651,3584,22,55,0,254,298,39,373
2021,Whitehill,E05004980,4537,1450,2339,25,80,1,147,254,29,212
2021,Woodlands (Gravesham),E05004981,7307,2240,3436,17,127,2,162,989,21,313
2021,Allington,E05004982,7899,2879,4199,36,118,0,144,13,23,487
2021,Barming and Teston,E05004983,2389,793,1418,23,9,4,11,5,5,121
2021,Bearsted,E05004984,8352,2958,4774,23,44,10,47,22,28,446
2021,Boughton Monchelsea and Chart Sutton,E05004985,2909,1151,1553,17,4,3,5,8,10,158
2021,Boxley,E05004986,8736,3574,4396,36,90,9,75,11,31,514
2021,Bridge (Maidstone),E05004987,6712,2621,3212,43,166,8,141,8,57,456
2021,Detling and Thurnham,E05004989,3249,1225,1739,27,38,3,32,11,5,169
2021,Downswood and Otham,E05004990,3362,1494,1532,18,30,4,72,6,10,196
2021,East (Maidstone),E05004991,8974,3442,4226,212,314,8,201,16,82,473
2021,Fant,E05004992,10401,4282,4836,75,172,11,213,23,116,673
2021,Harrietsham and Lenham,E05004993,7090,2945,3659,14,19,6,36,21,29,361
2021,Headcorn,E05004994,6071,2305,3378,12,16,5,28,4,8,315
2021,Heath (Maidstone),E05004995,7442,2963,3555,44,251,3,202,9,61,354
2021,High Street (Maidstone),E05004996,11917,4782,5144,126,169,14,796,21,85,780
2021,Leeds,E05004997,2421,906,1354,5,2,5,8,3,7,131
2021,Marden and Yalding,E05004999,9493,3914,4977,20,15,13,43,6,27,478
2021,North (Maidstone),E05005000,10283,4094,4309,232,496,13,304,19,189,627
2021,North Downs,E05005001,2677,951,1496,4,23,1,5,4,22,171
2021,Park Wood,E05005002,9402,4476,3829,64,94,9,305,21,54,550
2021,Shepway North,E05005003,9229,3981,4241,119,152,5,196,5,63,467
2021,Shepway South,E05005004,5899,2564,2752,23,43,4,107,6,29,371
2021,Staplehurst,E05005006,6692,2706,3465,20,22,5,41,7,30,396
2021,Sutton Valence and Langley,E05005007,3111,1238,1638,13,9,1,38,1,21,152
2021,Cowden and Hever,E05005010,2099,761,1182,2,7,2,4,0,2,139
2021,Crockenhill and Well Hill,E05005011,1990,773,1047,3,9,7,4,0,12,135
2021,Dunton Green and Riverhead,E05005012,6051,2682,2742,24,68,18,100,6,31,380
2021,Edenbridge North and East,E05005013,5544,2392,2707,32,24,12,24,15,27,311
2021,Edenbridge South and West,E05005014,4337,1973,2053,12,19,3,46,2,15,214
2021,"Farningham, Horton Kirby and South Darenth",E05005016,4910,1944,2555,27,17,3,25,4,24,311
2021,Fawkham and West Kingsdown,E05005017,6024,2223,3337,16,43,17,23,16,13,336
2021,"Halstead, Knockholt and Badgers Mount",E05005018,3597,1330,1955,10,28,9,26,9,11,219
2021,Kemsing,E05005021,4330,1618,2372,14,19,2,27,11,11,256
2021,Sevenoaks Eastern,E05005026,4162,1698,2070,23,26,9,65,11,17,243
2021,Sevenoaks Kippington,E05005027,4960,1622,2833,34,58,10,47,9,13,334
2021,Sevenoaks Northern,E05005028,4590,1988,2183,16,41,4,54,14,23,267
2021,Sevenoaks Town and St John's,E05005029,7041,2610,3614,52,47,17,106,11,18,566
2021,Swanley St Mary's,E05005031,4856,2130,2302,24,39,4,73,12,13,259
2021,Swanley White Oak,E05005032,6610,2884,3161,21,58,10,93,13,25,345
2021,Beacon Road,E05005081,4685,2038,2245,17,45,2,40,4,25,269
2021,Birchington North,E05005082,3881,1265,2347,22,15,14,28,4,23,163
2021,Birchington South,E05005083,6511,2276,3660,37,20,18,40,3,30,427
2021,Bradstowe,E05005084,3948,1442,2165,35,15,4,55,0,11,221
2021,Central Harbour,E05005085,8406,4342,3294,41,49,18,92,6,54,510
2021,Cliffsend and Pegwell,E05005086,4884,1856,2615,18,27,12,42,4,21,289
2021,Cliftonville East,E05005087,6439,2309,3549,29,17,11,119,7,47,351
2021,Cliftonville West,E05005088,9927,4697,3971,42,87,17,355,0,108,650
2021,Dane Valley (Thanet),E05005089,7841,3791,3325,31,41,10,160,5,62,416
2021,Eastcliff (Thanet),E05005090,8285,4318,3115,34,32,14,96,11,61,604
2021,Garlinge,E05005091,4990,2338,2287,21,24,6,27,10,13,264
2021,Kingsgate,E05005092,2196,721,1258,4,19,16,43,5,5,125
2021,Margate Central,E05005093,6230,3167,2364,42,44,11,153,4,55,390
2021,Nethercourt,E05005094,4835,2185,2296,16,19,5,43,0,17,254
2021,Newington (Thanet),E05005095,5706,3015,2179,11,25,5,117,3,26,325
2021,Northwood (Thanet),E05005096,6599,3047,3014,30,45,4,55,0,30,374
2021,St Peters (Thanet),E05005097,7020,2817,3540,38,76,9,112,1,49,378
2021,Salmestone,E05005098,5718,2635,2487,19,60,5,155,5,44,308
2021,Sir Moses Montefiore,E05005099,5084,2356,2289,11,33,8,46,4,35,302
2021,Thanet Villages,E05005100,8055,3202,4207,24,29,35,81,7,36,434
2021,Viking (Thanet),E05005101,7269,2985,3643,26,53,9,97,2,37,417
2021,Westbrook (Thanet),E05005102,4560,1870,2221,22,17,14,93,9,33,281
2021,Westgate-on-Sea,E05005103,7517,3382,3584,23,13,20,80,9,41,365
2021,Benenden and Cranbrook,E05005130,7556,2868,3937,39,12,15,48,5,42,590
2021,Brenchley and Horsmonden,E05005131,5287,1898,3011,14,25,18,9,2,20,290
2021,Broadwater (Tunbridge Wells),E05005132,4611,1845,2194,9,35,5,214,0,22,287
2021,Capel,E05005133,2352,952,1213,10,8,2,14,0,7,146
2021,Culverden,E05005134,8424,3373,3955,49,190,15,219,15,49,559
2021,Frittenden and Sissinghurst,E05005135,2328,849,1327,7,2,4,12,0,10,117
2021,Goudhurst and Lamberhurst,E05005136,4709,1878,2498,5,2,3,7,4,8,304
2021,Hawkhurst and Sandhurst,E05005137,6410,2628,3262,24,6,13,29,2,31,415
2021,Paddock Wood East,E05005138,4187,1786,2062,8,13,3,25,4,31,255
2021,Paddock Wood West,E05005139,3972,1805,1833,10,21,3,32,0,10,258
2021,Pantiles and St Mark's,E05005140,6770,2695,3399,35,60,32,76,2,25,446
2021,Park (Tunbridge Wells),E05005141,7850,3085,3856,56,94,27,138,9,41,544
2021,Pembury,E05005142,5782,2287,2944,9,50,14,77,5,29,367
2021,Rusthall,E05005143,4868,2141,2374,10,9,4,58,1,25,246
2021,St James' (Tunbridge Wells),E05005144,6415,2806,2792,31,127,14,214,5,37,389
2021,St John's (Tunbridge Wells),E05005145,7416,3153,3406,26,92,14,186,5,48,486
2021,Sherwood (Tunbridge Wells),E05005146,8363,3609,3681,44,213,13,260,15,42,486
2021,Southborough and High Brooms,E05005147,7631,3236,3578,48,98,5,198,1,33,434
2021,Southborough North,E05005148,4333,1587,2337,23,32,9,45,6,27,267
2021,Speldhurst and Bidborough,E05005149,6033,1995,3595,25,27,11,40,3,17,320
2021,Bank Hall,E05005150,6795,1665,2465,16,5,0,2185,13,57,389
2021,Briercliffe,E05005151,5562,1727,3355,12,14,2,121,1,14,316
2021,Brunshaw,E05005152,6265,2593,3213,16,10,2,92,0,22,317
2021,Cliviger with Worsthorne,E05005153,5068,1341,3445,7,3,1,18,0,18,235
2021,Coal Clough with Deerplay,E05005154,5261,1905,3049,6,8,1,48,0,12,232
2021,Daneshouse with Stoneyholme,E05005155,7893,518,860,22,35,1,5925,2,6,524
2021,Gannow,E05005156,5911,2474,2998,12,3,1,51,8,20,344
2021,Gawthorpe,E05005157,6378,2520,3370,18,9,2,86,1,43,329
2021,Hapton with Park,E05005158,6380,2257,3704,17,11,3,37,3,21,327
2021,Lanehead,E05005159,6779,1600,3092,15,18,0,1687,0,15,352
2021,Queensgate,E05005160,6678,1278,2379,19,11,6,2507,12,14,452
2021,Rosegrove with Lowerhouse,E05005161,7096,2872,3732,19,6,1,72,0,34,360
2021,Rosehill with Burnley Wood,E05005162,6659,2703,3459,5,19,10,85,1,18,359
2021,Trinity (Burnley),E05005163,6069,2609,2810,27,17,4,249,6,37,310
2021,Whittlefield with Ightenhill,E05005164,5850,1760,3676,16,5,1,90,6,23,273
2021,Ansdell,E05005185,4131,1205,2678,8,13,13,26,6,20,162
2021,Ashton (Fylde),E05005186,4455,1404,2725,16,5,23,27,2,31,222
2021,Central (Fylde),E05005187,4407,1600,2415,21,18,18,58,13,30,234
2021,Clifton (Fylde),E05005188,3873,949,2647,16,5,18,10,4,10,214
2021,Elswick and Little Eccleston,E05005189,1622,469,1064,2,0,2,2,0,7,76
2021,Fairhaven,E05005190,4120,1176,2598,31,26,33,28,3,8,217
2021,Freckleton East,E05005191,3159,1091,1913,12,1,6,12,0,6,118
2021,Freckleton West,E05005192,2674,810,1718,2,5,2,2,1,7,127
2021,Heyhouses,E05005193,5254,1675,3158,19,13,36,35,3,25,290
2021,Kilnhouse,E05005194,3986,1278,2330,15,6,20,59,10,21,247
2021,Kirkham North,E05005195,4665,1403,2946,13,11,12,29,3,21,227
2021,Kirkham South,E05005196,3218,1026,1905,5,17,4,77,2,18,164
2021,Medlar-with-Wesham,E05005197,4476,1516,2647,9,5,10,53,3,13,220
2021,Newton and Treales,E05005198,3258,879,2169,7,15,5,15,0,17,151
2021,Park (Fylde),E05005199,5001,1380,3207,25,42,32,40,3,13,259
2021,Ribby-with-Wrea,E05005200,1899,428,1375,6,3,0,5,0,2,80
2021,St Johns (Fylde),E05005201,4614,1373,2942,15,5,14,11,3,10,241
2021,St Leonards (Fylde),E05005202,5016,1742,2921,16,8,20,22,5,22,260
2021,Singleton and Greenhalgh,E05005203,1425,406,932,1,7,0,8,0,3,68
2021,Staining and Weeton,E05005204,3468,1296,1917,11,14,11,30,0,18,171
2021,Warton and Westby,E05005205,6666,2284,3935,23,15,11,31,4,28,335
2021,Altham,E05005206,5445,1703,3193,9,6,3,271,0,25,235
2021,Barnfield (Hyndburn),E05005207,4707,1512,2284,7,7,2,600,0,39,256
2021,Baxenden,E05005208,3930,1112,2464,9,4,1,113,0,17,210
2021,Central (Hyndburn),E05005209,6177,700,933,11,11,3,4106,5,11,397
2021,Church (Hyndburn),E05005210,5382,1427,2210,8,6,0,1333,0,35,363
2021,Clayton-le-Moors,E05005211,4505,1455,2709,10,7,1,103,1,11,208
2021,Huncoat,E05005212,4697,1605,2580,6,1,1,231,8,17,248
2021,Immanuel,E05005213,4300,1353,2694,4,1,1,52,3,8,184
2021,Milnshaw,E05005214,4890,1512,2539,6,3,2,562,0,26,240
2021,Netherton,E05005215,4743,1215,2198,10,6,2,1024,1,19,268
2021,Overton (Hyndburn),E05005216,6273,1607,4058,9,8,1,263,2,22,303
2021,Peel,E05005217,4456,1699,1882,15,0,1,596,1,28,234
2021,Rishton,E05005218,6657,2070,4106,13,6,4,109,1,23,325
2021,St Andrew's (Hyndburn),E05005219,4422,1507,2471,13,1,2,192,5,18,213
2021,St Oswald's (Hyndburn),E05005220,6063,1593,3910,18,11,2,229,1,25,274
2021,Spring Hill,E05005221,5586,1286,1718,4,6,0,2267,2,18,285
2021,Cribden,E05005316,3881,1330,1960,9,17,3,378,0,8,176
2021,Eden,E05005317,3607,1333,2051,6,3,4,24,2,26,158
2021,Facit and Shawforth,E05005318,3729,1539,1943,10,4,4,3,3,20,203
2021,Goodshaw,E05005319,4074,1648,2119,12,1,9,52,2,19,212
2021,Greenfield (Rossendale),E05005320,5779,1951,2801,12,28,6,679,1,19,282
2021,Greensclough,E05005321,6148,2808,2896,17,8,3,47,5,25,339
2021,Hareholme,E05005322,5543,2163,2621,11,6,5,378,2,29,328
2021,Healey and Whitworth,E05005323,4070,1851,1956,8,0,2,29,0,15,209
2021,Helmshore,E05005324,6091,2261,3398,15,4,8,85,1,13,306
2021,Irwell,E05005325,6266,2824,2978,12,5,2,92,0,39,314
2021,Longholme,E05005326,6016,2321,2899,18,3,0,427,4,14,330
2021,Stacksteads,E05005327,3957,1782,1898,8,2,5,26,1,40,195
2021,Whitewell,E05005328,5696,2582,2718,25,8,3,49,7,40,264
2021,Worsley,E05005329,6012,2016,2373,22,14,11,1207,4,26,339
2021,Ashurst,E05005357,6668,2431,3750,13,12,4,42,44,34,338
2021,Aughton and Downholland,E05005358,5508,1247,3900,18,21,6,7,11,8,290
2021,Aughton Park,E05005359,3818,819,2763,8,9,0,4,5,13,197
2021,Birch Green,E05005360,4564,1901,2300,6,10,3,36,1,20,287
2021,Burscough East,E05005361,4564,1311,2995,13,6,5,11,1,13,209
2021,Burscough West,E05005362,5054,1559,3143,16,1,1,14,0,11,309
2021,Derby (West Lancashire),E05005363,9511,3792,4715,25,44,15,100,5,33,782
2021,Digmoor,E05005364,4605,1902,2380,11,7,2,19,0,7,277
2021,Halsall,E05005365,2185,612,1433,4,4,0,12,0,10,110
2021,Hesketh-with-Becconsall,E05005366,4187,1186,2722,13,5,2,7,0,9,243
2021,Knowsley,E05005367,5672,1535,3788,8,5,2,33,1,9,291
2021,Moorside (West Lancashire),E05005368,3950,1600,2044,6,3,2,16,11,12,256
2021,North Meols,E05005369,4683,1468,2885,7,1,4,16,0,19,283
2021,Parbold,E05005370,3610,925,2489,9,15,1,10,1,8,152
2021,Rufford,E05005371,2163,526,1492,1,1,0,9,0,11,123
2021,Scarisbrick,E05005372,4031,1112,2653,7,15,8,14,2,14,206
2021,Scott,E05005373,6388,2169,3729,20,12,2,21,3,16,416
2021,Skelmersdale North,E05005374,3918,1268,2397,7,9,1,15,0,16,205
2021,Skelmersdale South,E05005375,6417,2234,3722,19,18,3,30,1,21,369
2021,Tanhouse,E05005376,5335,2294,2598,8,18,2,41,4,21,349
2021,Tarleton,E05005377,5960,1437,4205,9,4,2,17,3,12,271
2021,Up Holland,E05005378,6346,1659,4332,13,8,2,18,1,26,287
2021,Wrightington,E05005379,4118,927,2987,9,7,0,12,0,8,168
2021,Bickerstaffe,E05005380,2159,572,1457,6,8,0,2,1,5,108
2021,Newburgh,E05005381,2025,534,1390,3,5,2,2,3,3,83
2021,Blaby South,E05005408,5210,2452,2309,17,55,7,31,19,23,297
2021,Cosby with South Whetstone,E05005409,5497,2601,2429,19,86,3,17,39,24,279
2021,Countesthorpe,E05005410,7966,3720,3676,12,31,1,29,30,30,437
2021,Croft Hill,E05005411,2509,1040,1254,7,21,1,12,18,16,140
2021,Ellis,E05005412,5947,2478,2521,7,342,4,115,144,35,301
2021,Enderby and St John's,E05005413,6188,3083,2334,26,260,4,67,125,29,260
2021,Fairestone,E05005414,4873,1833,2236,16,264,3,139,119,9,254
2021,Millfield (Blaby),E05005416,2685,899,1012,6,255,0,74,267,12,160
2021,Muxloe,E05005417,4375,1554,2226,5,146,4,34,143,10,253
2021,Narborough and Littlethorpe,E05005418,5393,2632,2313,27,76,3,34,40,20,248
2021,Normanton (Blaby),E05005419,2928,1345,1409,3,9,0,8,18,6,130
2021,North Whetstone,E05005420,5270,2495,2254,11,94,4,34,23,6,349
2021,Pastures,E05005421,4842,2082,2297,7,94,8,35,45,14,260
2021,Ravenhurst and Fosse,E05005422,7300,2266,2666,17,658,1,302,960,49,381
2021,Saxondale,E05005423,7326,3346,3184,21,152,2,87,59,27,448
2021,Stanton and Flamville,E05005424,9250,3924,4710,10,60,6,30,44,31,435
2021,Anstey,E05005426,7698,3595,3296,44,166,4,106,59,32,396
2021,Barrow and Sileby West,E05005427,7360,3184,3616,21,47,2,15,12,39,424
2021,Birstall Wanlip,E05005428,7650,2239,2568,31,1911,5,228,250,42,376
2021,Birstall Watermead,E05005429,6668,2399,2649,10,1030,0,134,135,19,292
2021,East Goscote,E05005430,2892,1257,1391,5,86,5,6,21,14,107
2021,Forest Bradgate,E05005431,3360,1250,1757,13,41,5,19,48,20,207
2021,Loughborough Ashby,E05005432,7338,3540,2299,43,218,20,336,34,36,812
2021,Loughborough Dishley and Hathern,E05005433,6413,2589,2690,13,538,3,162,70,37,311
2021,Loughborough Garendon,E05005434,5520,1966,2527,12,429,6,187,69,25,299
2021,Loughborough Hastings,E05005435,6629,2497,2173,27,373,5,1102,18,47,387
2021,Loughborough Lemyngton,E05005436,7225,2627,2372,41,468,5,1118,51,49,494
2021,Loughborough Nanpantan,E05005437,5250,1972,2041,38,359,5,219,41,20,555
2021,Loughborough Outwoods,E05005438,5681,2074,2703,20,291,0,171,46,22,354
2021,Loughborough Shelthorpe,E05005439,9675,4595,3497,37,541,3,352,68,53,529
2021,Loughborough Southfields,E05005440,7640,3614,2619,55,255,8,294,29,49,717
2021,Loughborough Storer,E05005441,6624,3115,2267,46,291,14,271,41,47,532
2021,Mountsorrel,E05005442,7014,3205,3202,8,130,3,21,30,36,379
2021,Queniborough,E05005443,4822,1501,2170,9,559,4,242,112,22,203
2021,Quorn and Mountsorrel Castle,E05005444,7259,2881,3719,26,102,7,44,7,34,439
2021,Rothley and Thurcaston,E05005445,8255,3216,4080,17,336,6,93,86,32,389
2021,Shepshed East,E05005446,6943,3079,3339,22,43,6,34,14,24,382
2021,Shepshed West,E05005447,7922,3512,3846,18,46,9,24,9,33,425
2021,Sileby,E05005448,8421,4308,3449,16,93,1,19,24,40,471
2021,Syston East,E05005449,7291,3160,3048,13,454,4,55,114,39,404
2021,Syston West,E05005450,6327,2322,2392,14,1053,3,86,96,50,311
2021,The Wolds,E05005451,3253,1251,1766,11,20,2,15,20,8,160
2021,Thurmaston,E05005452,9816,2878,3168,28,2357,9,329,511,75,461
2021,Wreake Villages,E05005453,3033,1076,1683,5,41,5,20,29,14,160
2021,Ambien,E05005479,3765,1157,2324,6,6,3,63,18,13,175
2021,"Barlestone, Nailstone and Osbaston",E05005480,3260,1291,1759,5,11,2,1,5,9,177
2021,Barwell,E05005481,9152,4068,4445,15,46,3,37,15,37,486
2021,Burbage St Catherines and Lash Hill,E05005482,6047,2372,3092,21,31,0,50,34,20,427
2021,Burbage Sketchley and Stretton,E05005483,10460,4081,5453,27,127,4,70,119,56,523
2021,"Cadeby, Carlton and Market Bosworth with Shackerstone",E05005484,3683,1293,2162,9,5,1,6,15,10,182
2021,Earl Shilton,E05005485,10627,4574,5206,24,86,1,44,66,77,549
2021,Groby,E05005486,6810,2693,3197,26,323,3,75,124,24,345
2021,Hinckley Castle,E05005487,7026,3126,3164,14,114,4,102,26,54,422
2021,Hinckley Clarendon,E05005488,9317,4310,4182,28,92,1,100,38,47,519
2021,Hinckley De Montfort,E05005489,10519,4312,5457,39,88,4,61,44,50,464
2021,Hinckley Trinity,E05005490,7347,3518,3287,4,57,1,54,28,50,348
2021,"Markfield, Stanton and Fieldhead",E05005491,6037,2455,3042,10,79,1,54,42,37,317
2021,Newbold Verdon with Desford and Peckleton,E05005492,8874,3601,4482,15,115,3,36,107,34,481
2021,"Ratby, Bagworth and Thornton",E05005493,7602,3498,3512,11,59,5,38,55,27,397
2021,Twycross and Witherley with Sheepy,E05005494,3102,1015,1873,9,9,3,7,3,8,175
2021,Asfordby,E05005495,3603,1545,1812,12,11,0,1,0,20,202
2021,Bottesford (Melton),E05005496,3687,1316,2121,15,9,4,6,0,10,206
2021,Croxton Kerrial,E05005497,1822,694,1005,5,1,3,3,0,3,108
2021,Frisby-on-the-Wreake,E05005498,1884,662,1096,7,2,1,5,3,4,104
2021,Gaddesby,E05005499,1703,553,1055,5,4,2,3,4,1,76
2021,Long Clawson and Stathern,E05005500,4213,1630,2323,11,7,0,4,0,12,226
2021,Melton Craven,E05005501,3541,1417,1839,24,45,1,19,10,19,167
2021,Melton Dorian,E05005502,5514,2219,2911,6,26,2,14,3,13,320
2021,Melton Egerton,E05005503,4121,1857,1949,2,21,3,19,8,20,242
2021,Melton Newport,E05005504,5382,2149,2858,28,2,6,33,7,25,274
2021,Melton Sysonby,E05005505,5539,2255,2910,13,15,2,6,8,16,314
2021,Melton Warwick,E05005506,3632,1482,1839,6,30,0,11,20,20,224
2021,Old Dalby,E05005507,1942,695,1123,2,6,0,1,0,1,114
2021,Somerby,E05005508,1812,654,1024,6,9,0,0,1,7,111
2021,Waltham-on-the-Wolds,E05005509,1793,672,1007,4,9,0,3,2,11,85
2021,Wymondham,E05005510,1563,562,901,2,2,2,1,4,1,88
2021,Oadby Brocks Hill,E05005531,4270,632,1216,12,834,4,791,550,27,204
2021,Oadby Grange,E05005532,6052,1223,1168,15,923,32,1436,713,39,503
2021,Oadby St Peter's,E05005533,4550,1061,1531,16,431,1,887,344,26,253
2021,Oadby Uplands,E05005534,4523,573,892,18,886,8,1146,735,43,222
2021,Oadby Woodlands,E05005535,4632,708,1129,11,1226,3,818,543,31,163
2021,South Wigston,E05005536,8117,3960,3169,36,156,7,162,126,35,466
2021,Wigston All Saints,E05005537,5875,2292,2834,16,162,8,100,118,24,321
2021,Wigston Fields,E05005538,6861,2561,2477,18,448,11,450,498,35,363
2021,Wigston Meadowcourt,E05005539,6304,2400,2855,21,252,18,220,214,37,287
2021,Wigston St Wolstan's,E05005540,6560,2031,2723,27,428,3,467,501,34,346
2021,Ashby de la Launde and Cranwell,E05005618,5829,2537,2870,8,7,2,14,3,50,338
2021,Bassingham and Brant Broughton,E05005619,5258,1923,2923,5,9,5,16,3,28,346
2021,"Billinghay, Martin and North Kyme",E05005620,5411,1992,3051,6,2,4,25,0,25,306
2021,Bracebridge Heath and Waddington East,E05005621,9977,4513,4776,27,21,6,63,10,44,517
2021,Branston (North Kesteven),E05005622,5505,2237,2889,7,7,5,6,7,21,326
2021,Cliff Villages,E05005623,5497,1817,3319,12,14,1,2,0,20,312
2021,"Eagle, Swinderby and Witham St Hughs",E05005624,6867,3070,3239,6,7,8,52,8,54,423
2021,Heckington Rural,E05005625,5699,1871,3398,12,7,7,12,6,29,357
2021,Heighington and Washingborough,E05005626,7085,2646,3977,9,13,6,17,10,18,389
2021,Kirkby la Thorpe and South Kyme,E05005627,2452,779,1505,3,2,0,1,2,26,134
2021,Leasingham and Rauceby,E05005628,2049,628,1277,8,3,2,6,0,9,116
2021,Metheringham,E05005629,5440,2015,3029,14,3,1,10,2,50,316
2021,North Hykeham Forum,E05005630,1838,700,1029,3,3,4,2,1,6,90
2021,North Hykeham Memorial,E05005631,3734,1752,1720,10,14,3,16,12,11,196
2021,North Hykeham Mill,E05005632,6466,3132,2856,15,47,1,43,6,24,342
2021,North Hykeham Moor,E05005633,2575,944,1465,2,2,1,5,0,7,149
2021,North Hykeham Witham,E05005634,2230,799,1271,4,5,1,9,0,6,135
2021,Osbournby,E05005635,2473,837,1480,7,0,0,4,0,18,127
2021,Ruskington,E05005636,5650,2056,3211,14,2,2,24,7,19,315
2021,Skellingthorpe,E05005637,3581,1354,2013,4,8,2,15,1,8,176
2021,Sleaford Castle,E05005638,2814,1193,1397,5,16,0,33,1,9,160
2021,Sleaford Holdingham,E05005639,3709,1551,1933,10,6,1,31,1,7,169
2021,Sleaford Navigation,E05005640,2506,932,1377,2,11,1,35,2,3,143
2021,Sleaford Quarrington and Mareham,E05005641,7897,3083,4278,9,27,4,45,9,18,424
2021,Sleaford Westholme,E05005642,2888,1182,1499,8,0,1,32,0,14,152
2021,Waddington West,E05005643,2646,1098,1365,5,9,1,10,0,20,138
2021,Crowland and Deeping St Nicholas,E05005644,6829,2786,3551,11,16,3,23,8,35,396
2021,"Donington, Quadring and Gosberton",E05005645,7446,2675,4223,14,5,5,22,16,45,441
2021,Fleet,E05005646,2456,854,1448,2,4,1,15,0,11,121
2021,Gedney,E05005647,2312,879,1263,1,1,0,7,1,15,145
2021,Holbeach Hurn,E05005648,2293,817,1259,4,2,1,8,4,14,184
2021,Holbeach Town,E05005649,8086,2827,4654,23,11,4,42,4,39,482
2021,Long Sutton,E05005650,7618,2582,4427,13,13,4,18,6,20,535
2021,"Moulton, Weston and Cowbit",E05005651,7295,2511,4262,13,12,5,17,4,34,437
2021,Pinchbeck and Surfleet,E05005652,7377,2395,4486,8,6,7,29,15,30,401
2021,Spalding Castle,E05005653,2564,771,1541,9,5,1,30,4,9,194
2021,Spalding Monks House,E05005654,5971,1632,3836,3,26,3,11,2,20,438
2021,Spalding St John's,E05005655,6537,1687,4269,1,44,3,57,6,14,456
2021,Spalding St Mary's,E05005656,4603,1261,2885,12,9,0,21,17,23,375
2021,Spalding St Paul's,E05005657,5604,1571,3479,19,14,7,49,12,22,431
2021,Spalding Wygate,E05005658,6585,1867,4071,13,23,1,74,14,30,492
2021,Sutton Bridge,E05005659,4530,1750,2421,7,13,4,8,2,25,300
2021,The Saints,E05005660,2701,995,1511,7,9,4,3,0,19,153
2021,Whaplode and Holbeach St John's,E05005661,4330,1582,2438,12,5,9,19,4,14,247
2021,Acle,E05005757,2788,1123,1485,12,0,4,11,0,5,148
2021,Aylsham,E05005758,8938,3816,4411,23,6,4,23,5,59,591
2021,Blofield with South Walsham,E05005759,6358,2585,3280,23,23,6,10,15,18,398
2021,Brundall,E05005760,6216,2669,3074,29,22,9,11,5,28,369
2021,Burlingham,E05005761,2695,1161,1327,15,4,0,5,0,12,171
2021,Buxton,E05005762,2686,1210,1294,2,2,0,5,0,10,163
2021,Coltishall,E05005763,2811,1180,1414,8,3,5,0,0,9,192
2021,Drayton North,E05005764,2987,1446,1320,2,6,3,16,0,12,182
2021,Drayton South,E05005765,2403,912,1289,7,5,2,2,0,8,178
2021,Eynesford,E05005766,3273,1503,1569,5,4,3,5,0,7,177
2021,Great Witchingham,E05005767,2718,1117,1400,15,1,4,3,1,23,154
2021,Hellesdon North West,E05005768,5684,2330,2886,16,36,3,23,10,15,365
2021,Hellesdon South East,E05005769,5442,2351,2605,19,25,6,72,13,18,333
2021,Hevingham,E05005770,2902,1215,1445,12,2,1,8,0,21,198
2021,Horsford and Felthorpe,E05005771,5705,2788,2524,13,13,3,22,0,35,307
2021,Marshes,E05005772,3236,1455,1552,8,0,9,2,2,16,192
2021,Old Catton and Sprowston West,E05005773,8496,3989,3857,31,12,3,51,3,38,512
2021,Plumstead,E05005774,3600,1560,1754,8,15,5,21,4,11,222
2021,Reepham,E05005775,2659,1229,1206,7,3,35,3,0,16,160
2021,Spixworth with St Faiths,E05005776,5331,2393,2596,8,4,3,5,1,27,294
2021,Sprowston Central,E05005777,5345,2576,2301,18,33,6,45,6,16,344
2021,Sprowston East,E05005778,9529,4527,4192,26,38,9,117,3,36,581
2021,Taverham North,E05005779,5282,2618,2312,16,11,8,39,0,16,262
2021,Taverham South,E05005780,4552,1827,2371,6,20,0,23,11,15,279
2021,Thorpe St Andrew North West,E05005781,7367,3298,3479,25,15,8,47,2,37,456
2021,Thorpe St Andrew South East,E05005782,7161,3344,3055,33,62,14,59,8,52,534
2021,Wroxham,E05005783,5557,2359,2769,6,8,4,20,0,14,377
2021,Bradwell North,E05005784,6482,2749,3263,16,16,4,15,1,16,402
2021,Bradwell South and Hopton,E05005785,7727,3520,3638,14,30,5,59,1,35,425
2021,Caister North,E05005786,4322,1643,2381,14,2,3,11,0,13,255
2021,Caister South,E05005787,4482,1824,2287,7,16,3,24,0,13,308
2021,Central and Northgate,E05005788,8640,3939,3880,33,29,4,99,6,49,601
2021,Claydon,E05005789,7734,4146,2988,18,23,4,14,5,73,463
2021,East Flegg,E05005790,4980,1886,2726,10,10,1,8,2,16,321
2021,Fleggburgh,E05005791,2696,1018,1474,7,1,0,11,0,25,160
2021,Gorleston,E05005792,5290,2169,2650,27,70,2,36,2,30,304
2021,Lothingland (Great Yarmouth),E05005793,5588,2443,2780,16,1,6,6,2,26,308
2021,Magdalen,E05005794,7417,3709,3040,26,72,9,92,2,38,429
2021,Nelson (Great Yarmouth),E05005795,9342,4447,3952,37,24,2,178,9,60,633
2021,Ormesby (Great Yarmouth),E05005796,4704,1928,2488,8,4,2,6,2,12,254
2021,St Andrews (Great Yarmouth),E05005797,4878,2519,2014,7,17,1,43,3,23,251
2021,Southtown and Cobholm,E05005798,5687,3012,2152,11,18,5,55,3,58,373
2021,West Flegg,E05005799,5320,2197,2749,10,1,11,10,0,33,309
2021,Yarmouth North,E05005800,4471,1936,2106,7,18,1,57,1,21,324
2021,Beckingham,E05006377,2493,878,1456,4,5,0,5,0,11,134
2021,Blyth,E05006378,2302,789,1372,2,2,6,3,2,16,110
2021,Carlton (Bassetlaw),E05006379,5661,2071,3215,16,3,1,18,1,22,314
2021,Clayworth,E05006380,1824,663,1060,4,3,0,4,2,5,83
2021,East Markham,E05006381,2501,828,1465,5,9,1,21,0,7,165
2021,East Retford East,E05006382,7159,2837,3765,10,28,1,48,3,30,437
2021,East Retford North,E05006383,6351,2295,3612,10,8,4,19,7,17,379
2021,East Retford South,E05006384,5275,2049,2896,9,12,2,11,1,22,273
2021,East Retford West,E05006385,5182,2305,2480,22,19,2,27,3,28,296
2021,Everton (Bassetlaw),E05006386,2514,855,1500,3,0,1,1,0,17,137
2021,Harworth,E05006387,8887,3745,4563,14,8,2,22,14,32,487
2021,Langold,E05006388,2603,1178,1238,2,1,1,13,16,14,140
2021,Misterton (Bassetlaw),E05006389,2526,951,1371,6,0,2,7,28,17,144
2021,Rampton,E05006390,2296,787,1331,10,0,4,33,3,12,116
2021,Ranskill,E05006391,2406,785,1470,1,2,1,0,6,9,132
2021,Sturton,E05006392,2385,767,1454,5,5,0,5,0,5,144
2021,Sutton (Bassetlaw),E05006393,2900,1004,1501,28,15,5,94,7,29,217
2021,Tuxford and Trent,E05006394,4597,1680,2599,5,2,0,13,10,17,271
2021,Welbeck,E05006395,1995,795,1079,3,7,0,2,3,14,92
2021,Worksop East,E05006396,6424,2315,3641,11,19,5,35,4,17,377
2021,Worksop North,E05006397,9682,4023,5025,17,16,3,96,12,33,457
2021,Worksop North East,E05006398,6119,2022,3627,20,20,2,18,17,20,373
2021,Worksop North West,E05006399,8371,3297,4472,12,34,2,85,15,38,416
2021,Worksop South,E05006400,7049,2202,4393,21,26,1,73,11,22,300
2021,Worksop South East,E05006401,8307,3111,4537,15,25,0,81,18,21,499
2021,Alvescot and Filkins,E05006627,1822,621,1047,4,2,8,5,1,10,124
2021,Ascott and Shipton,E05006628,2176,795,1232,2,2,3,2,1,15,124
2021,Bampton and Clanfield,E05006629,4202,1593,2341,11,0,11,6,1,13,226
2021,Carterton North East,E05006632,6065,2867,2717,20,12,8,82,0,40,319
2021,Carterton South,E05006634,4173,1648,2200,19,7,6,23,0,9,261
2021,Chipping Norton,E05006637,7250,2989,3620,38,19,17,91,7,33,436
2021,Ducklington,E05006638,2422,952,1296,9,0,1,16,0,23,125
2021,Eynsham and Cassington,E05006639,6456,2696,3234,31,10,11,24,3,31,416
2021,Freeland and Hanborough,E05006640,5023,1966,2735,4,14,7,22,1,23,251
2021,"Kingham, Rollright and Enstone",E05006642,4297,1515,2443,14,16,8,18,6,17,260
2021,Milton-under-Wychwood,E05006643,2244,864,1216,4,3,3,2,0,12,140
2021,North Leigh,E05006644,2127,803,1169,5,4,1,8,0,10,127
2021,"Standlake, Aston and Stanton Harcourt",E05006645,4586,1703,2522,8,8,4,18,5,22,296
2021,Stonesfield and Tackley,E05006646,4432,1773,2292,16,9,2,10,0,29,301
2021,The Bartons,E05006647,1971,730,1095,10,3,1,1,7,11,113
2021,Witney Central,E05006648,5951,2690,2697,26,17,7,109,1,39,365
2021,Witney East,E05006649,7822,3352,3844,28,35,12,68,5,41,437
2021,Witney North,E05006650,3951,1602,2048,17,10,6,13,3,29,223
2021,Witney South,E05006651,6283,2494,3227,28,18,11,94,1,38,372
2021,Witney West,E05006652,5621,2404,2791,19,17,8,39,8,40,295
2021,Woodstock and Bladon,E05006653,4500,1737,2339,22,29,19,35,3,25,291
2021,Brereton and Ravenhill,E05006902,7021,2910,3660,14,9,0,28,27,30,343
2021,Cannock East,E05006903,7100,2984,3621,10,14,6,22,11,46,386
2021,Cannock North,E05006904,7345,3311,3512,28,13,0,39,27,31,384
2021,Cannock South,E05006905,8301,3731,3987,30,14,3,59,20,55,402
2021,Cannock West,E05006906,7109,2301,4311,10,28,2,25,59,32,341
2021,Etching Hill and The Heath,E05006907,6594,2636,3575,6,16,4,7,16,24,310
2021,Hagley (Cannock Chase),E05006908,4547,1939,2288,8,5,2,31,18,12,244
2021,Hawks Green,E05006909,7134,2878,3822,20,6,0,21,18,26,343
2021,Heath Hayes East and Wimblebury,E05006910,6279,2560,3294,11,12,4,16,19,25,338
2021,Hednesford Green Heath,E05006911,6975,3085,3494,10,6,0,30,48,25,277
2021,Hednesford North,E05006912,6949,2925,3578,18,5,1,15,30,34,343
2021,Hednesford South,E05006913,5415,1942,3121,11,12,1,9,25,18,276
2021,Norton Canes,E05006914,8321,3558,4265,25,0,4,14,29,34,392
2021,Rawnsley,E05006915,4715,1911,2509,7,3,2,2,31,22,228
2021,Western Springs,E05006916,6716,2623,3670,14,16,0,29,1,33,330
2021,Abbey (East Staffordshire),E05006917,2892,848,1888,5,0,0,1,3,10,137
2021,Anglesey (East Staffordshire),E05006918,7842,1626,2877,18,25,0,2805,17,30,444
2021,Bagots,E05006919,2774,675,1907,5,2,0,4,2,10,169
2021,Branston (East Staffordshire),E05006920,9378,3458,4316,19,31,1,933,62,29,529
2021,Brizlincote,E05006921,5264,1998,2866,11,20,1,60,13,36,259
2021,Burton (East Staffordshire),E05006922,4309,1586,1970,23,12,1,407,9,33,268
2021,Churnet (East Staffordshire),E05006923,2834,912,1693,11,1,0,8,10,4,195
2021,Crown,E05006924,3503,1048,1965,34,12,4,187,17,30,206
2021,Eton Park,E05006925,8056,2479,3030,22,51,1,1939,10,28,496
2021,Heath (East Staffordshire),E05006926,7085,2463,4177,20,8,1,13,2,26,375
2021,Horninglow,E05006927,9159,3271,4184,26,44,2,1006,40,51,535
2021,Needwood,E05006928,5966,2128,3401,15,13,3,30,39,25,312
2021,Rolleston on Dove,E05006929,3219,1106,1923,3,4,1,17,8,6,151
2021,Shobnall,E05006930,8473,2273,2920,21,46,3,2669,40,26,475
2021,Stapenhill,E05006931,8192,3547,3875,23,10,1,190,23,44,479
2021,Stretton,E05006932,7760,2689,4388,9,37,2,163,26,31,415
2021,Town (East Staffordshire),E05006933,6937,2541,3925,24,8,6,29,15,30,359
2021,Tutbury and Outwoods,E05006934,7218,2607,3892,21,13,1,167,41,40,436
2021,Weaver,E05006935,2018,582,1302,1,1,1,2,2,8,119
2021,Winshill,E05006936,8388,3376,4295,16,18,2,131,23,32,495
2021,Yoxall,E05006937,2751,809,1765,8,1,4,18,1,15,130
2021,Bilbrook,E05006988,4166,1357,2442,20,33,1,15,96,9,193
2021,Brewood and Coven,E05006989,6567,1824,4221,21,13,3,23,88,35,339
2021,Cheslyn Hay North and Saredon,E05006990,4343,1564,2476,14,8,3,22,22,13,221
2021,Cheslyn Hay South,E05006991,3480,1119,2143,1,2,1,2,39,12,161
2021,Codsall North,E05006992,4588,1374,2825,12,26,1,37,95,14,204
2021,Codsall South,E05006993,3956,1085,2471,6,33,0,21,138,17,185
2021,Essington,E05006994,5215,1687,3019,6,15,1,30,149,19,289
2021,Featherstone and Shareshill,E05006995,7861,2740,3903,50,30,11,479,130,74,444
2021,Great Wyrley Landywood,E05006996,4634,1785,2544,8,11,0,15,56,5,210
2021,Great Wyrley Town,E05006997,6320,2282,3608,8,8,5,4,35,23,347
2021,Himley and Swindon,E05006998,2523,684,1643,3,13,2,8,55,12,103
2021,Huntington and Hatherton,E05006999,5364,2359,2699,12,8,1,26,44,18,197
2021,Kinver,E05007000,7105,2207,4406,21,10,2,31,49,19,360
2021,Pattingham and Patshull,E05007001,2260,626,1485,4,9,2,11,28,7,88
2021,Penkridge North East and Acton Trussell,E05007002,3709,1087,2424,6,12,0,18,20,7,135
2021,Penkridge South East,E05007003,5049,1722,3016,2,4,0,11,24,34,236
2021,Penkridge West,E05007004,2164,710,1345,4,3,0,7,11,11,73
2021,Perton Dippons,E05007005,1916,567,1121,3,43,0,18,55,5,104
2021,Perton East,E05007006,2029,667,1168,7,13,0,11,67,5,91
2021,Perton Lakeside,E05007007,5968,2106,3345,12,40,3,27,105,31,299
2021,Trysull and Seisdon,E05007008,2267,568,1491,12,11,0,8,34,18,125
2021,"Wheaton Aston, Bishopswood and Lapley",E05007009,4172,1319,2618,3,7,0,20,10,14,181
2021,Wombourne North and Lower Penn,E05007010,6337,1743,3825,26,56,2,14,330,38,303
2021,Wombourne South East,E05007011,3913,1135,2501,4,16,1,1,18,8,229
2021,Wombourne South West,E05007012,4573,1614,2646,9,18,2,7,20,17,240
2021,Alton,E05007039,1356,372,892,2,0,1,4,0,4,81
2021,Bagnall and Stanley,E05007040,1626,541,990,0,5,1,0,0,13,76
2021,Biddulph East,E05007041,6061,2962,2708,9,0,1,6,2,11,362
2021,Biddulph Moor,E05007042,1563,504,973,1,2,1,2,0,5,75
2021,Biddulph North,E05007043,5385,1878,3171,1,3,1,6,6,19,300
2021,Biddulph South,E05007044,1590,542,965,2,8,0,6,0,4,63
2021,Biddulph West,E05007045,5028,1978,2742,16,6,1,6,1,9,269
2021,Brown Edge and Endon,E05007046,4727,1434,2924,9,6,1,3,5,16,329
2021,Caverswall,E05007047,1775,537,1111,3,2,0,8,4,12,98
2021,Cellarhead,E05007048,3201,1104,1903,7,1,2,13,1,16,154
2021,Cheadle North East,E05007049,3400,982,2189,1,1,1,19,0,19,188
2021,Cheadle South East,E05007050,3550,984,2372,6,3,0,4,3,4,174
2021,Cheadle West,E05007051,5076,1439,3267,8,8,2,26,0,8,318
2021,Checkley,E05007052,5544,1655,3582,10,3,4,15,7,18,250
2021,Cheddleton,E05007053,5320,1631,3338,0,3,1,11,9,29,298
2021,Churnet (Staffordshire Moorlands),E05007054,3195,948,2056,8,1,4,11,2,17,148
2021,Dane,E05007055,1592,529,908,2,0,0,3,0,11,139
2021,Forsbrook,E05007056,5072,1644,3109,10,7,3,17,8,27,247
2021,Hamps Valley,E05007057,1744,483,1165,3,0,0,0,0,7,86
2021,Horton,E05007058,1845,560,1155,2,0,0,13,0,7,108
2021,Ipstones,E05007059,1751,427,1201,2,4,0,6,0,5,106
2021,Leek East,E05007060,4918,1823,2712,21,8,5,30,1,26,292
2021,Leek North,E05007061,5539,2092,2991,11,13,0,16,1,32,383
2021,Leek South,E05007062,5736,2219,3081,10,15,3,17,5,24,362
2021,Leek West,E05007063,4413,1616,2477,17,6,1,19,7,31,239
2021,Manifold,E05007064,1724,560,1027,5,0,1,2,0,8,121
2021,Werrington (Staffordshire Moorlands),E05007065,3114,1021,1825,16,11,1,2,0,11,227
2021,Amington,E05007066,8357,3751,4020,21,28,3,32,32,38,432
2021,Belgrave (Tamworth),E05007067,7911,3661,3690,16,24,1,45,18,30,426
2021,Bolehall,E05007068,7508,3250,3725,25,26,0,54,14,31,383
2021,Castle (Tamworth),E05007069,7595,3153,3879,24,18,1,50,12,44,414
2021,Glascote,E05007070,7687,3807,3418,15,14,2,12,12,45,362
2021,Mercian,E05007071,7116,2982,3709,14,11,0,16,26,24,334
2021,Spital,E05007072,8139,3469,4141,20,28,1,22,30,17,411
2021,Stonydelph,E05007073,7625,3722,3425,22,21,1,28,20,21,365
2021,Trinity (Tamworth),E05007074,7341,2818,4037,22,27,1,49,32,24,331
2021,Wilnecote,E05007075,9369,4237,4547,15,22,5,44,27,36,436
2021,Alexandra (Ipswich),E05007117,10690,4781,4036,59,292,9,676,32,124,681
2021,Bixley,E05007118,7449,2890,3797,30,68,4,166,42,25,427
2021,Bridge (Ipswich),E05007119,9841,4427,4236,51,60,7,317,11,64,668
2021,Castle Hill,E05007120,7432,3385,3372,22,49,5,141,45,34,379
2021,Gainsborough,E05007121,8847,4522,3296,30,26,4,391,13,35,530
2021,Gipping,E05007122,9397,4064,3878,47,149,3,464,15,58,719
2021,Holywells,E05007123,8121,3698,3323,39,200,9,210,25,56,561
2021,Priory Heath,E05007124,9651,4651,3619,41,49,7,602,39,49,594
2021,Rushmere,E05007125,8481,3733,3716,37,62,2,369,46,48,468
2021,St John's (Ipswich),E05007126,9700,4337,4217,72,147,9,253,43,39,583
2021,St Margaret's (Ipswich),E05007127,8388,3467,3858,43,116,14,231,36,71,552
2021,Sprites,E05007128,6777,3148,2965,17,18,4,127,4,33,461
2021,Stoke Park,E05007129,7279,3593,3001,10,11,8,147,4,43,462
2021,Westgate (Ipswich),E05007130,10202,4224,4489,40,55,2,653,53,83,603
2021,Whitehouse,E05007131,9106,4526,3466,30,32,6,386,29,51,580
2021,Whitton (Ipswich),E05007132,8286,3810,3629,27,8,8,302,20,26,456
2021,Auriol,E05007273,4116,1365,2056,41,207,9,192,18,12,216
2021,College (Epsom and Ewell),E05007274,6016,2242,2957,30,144,14,222,10,27,370
2021,Court (Epsom and Ewell),E05007275,7687,2886,3433,57,269,19,471,25,26,501
2021,Cuddington,E05007276,5925,1782,2814,44,251,8,607,10,23,386
2021,Ewell,E05007277,5987,2258,2985,48,123,20,160,16,30,347
2021,Ewell Court,E05007278,5535,1710,2772,52,307,16,336,12,12,318
2021,Nonsuch,E05007279,6167,1748,2980,32,473,47,448,32,38,369
2021,Ruxley,E05007280,6549,2388,3090,53,205,14,361,16,17,405
2021,Stamford,E05007281,7526,3011,3579,35,150,20,221,32,29,449
2021,Stoneleigh,E05007282,4757,1647,2397,13,250,7,188,16,12,227
2021,Town (Epsom and Ewell),E05007283,8292,3157,3733,69,241,14,418,17,53,590
2021,West Ewell,E05007284,6385,2574,3049,52,150,8,153,13,18,368
2021,Woodcote,E05007285,6001,2135,3112,27,124,10,150,8,36,399
2021,Ash South and Tongham,E05007286,8709,3444,4309,39,117,11,203,26,40,520
2021,Ash Vale,E05007287,5694,2440,2747,33,36,16,72,20,12,318
2021,Ash Wharf,E05007288,6053,2544,3017,42,28,7,92,11,15,297
2021,Burpham,E05007289,5840,2398,2698,33,98,17,150,18,21,407
2021,Christchurch,E05007290,5911,2144,2943,88,118,14,157,16,26,405
2021,Clandon and Horsley,E05007291,8864,2976,5096,27,35,40,44,20,41,585
2021,Effingham,E05007292,2722,982,1497,7,12,8,12,1,10,193
2021,Friary and St Nicolas,E05007293,10113,4782,3860,95,185,26,342,15,65,743
2021,Holy Trinity,E05007294,8233,3444,3763,71,79,26,150,9,50,641
2021,Lovelace,E05007295,2614,957,1448,12,4,7,17,5,20,144
2021,Merrow,E05007296,8065,2947,4188,56,132,17,188,21,23,493
2021,Normandy,E05007297,3110,1080,1774,13,7,8,13,0,18,197
2021,Onslow,E05007298,11064,4559,3601,137,439,32,509,58,79,1650
2021,Pilgrims,E05007299,2557,850,1506,10,6,10,20,3,9,143
2021,Pirbright,E05007300,4563,2128,1988,38,51,4,76,5,34,239
2021,Send,E05007301,4243,1512,2365,17,18,20,35,7,20,249
2021,Shalford,E05007302,5569,2124,2923,23,34,17,36,8,14,390
2021,Stoke (Guildford),E05007303,6377,2731,2788,69,83,10,234,4,42,416
2021,Stoughton,E05007304,9576,3812,4582,42,178,29,307,20,43,563
2021,Tillingbourne,E05007305,5659,2002,3245,24,20,38,24,5,25,276
2021,Westborough (Guildford),E05007306,9655,4080,4358,74,189,4,303,27,42,578
2021,Worplesdon,E05007307,8460,3032,4535,41,103,19,130,18,28,554
2021,Ashtead Common,E05007308,4170,1678,2113,26,37,6,40,4,15,251
2021,Ashtead Park,E05007309,4530,1399,2619,13,71,9,99,9,6,305
2021,Ashtead Village,E05007310,6131,2151,3397,30,69,5,91,16,23,349
2021,Beare Green,E05007311,1942,696,1085,7,7,4,2,1,11,129
2021,Bookham North,E05007312,5969,2282,3253,14,11,24,17,6,18,344
2021,Bookham South,E05007313,5680,2066,3148,18,29,12,49,14,24,320
2021,Box Hill and Headley,E05007314,1847,614,1071,13,7,8,5,1,11,117
2021,"Brockham, Betchworth and Buckland",E05007315,4411,1648,2397,11,9,9,9,5,23,300
2021,"Capel, Leigh and Newdigate",E05007316,4242,1547,2358,13,9,9,13,2,17,274
2021,Charlwood,E05007317,2399,909,1235,8,29,4,20,7,8,179
2021,Dorking North,E05007318,4447,1988,2127,8,28,10,32,1,17,236
2021,Dorking South,E05007319,7323,3093,3490,34,29,19,158,6,31,463
2021,Fetcham East,E05007320,3866,1440,2045,6,53,16,57,12,10,227
2021,Fetcham West,E05007321,4164,1565,2211,14,64,10,37,2,13,248
2021,Holmwoods,E05007322,6410,2694,3110,22,30,6,95,6,35,412
2021,Leatherhead North,E05007323,7705,3306,3470,46,102,17,218,19,43,484
2021,Leatherhead South,E05007324,4386,1577,2319,32,43,14,59,7,16,319
2021,Leith Hill,E05007325,1642,567,949,4,2,10,3,2,6,99
2021,"Mickleham, Westhumble and Pixham",E05007326,1891,708,976,19,0,2,15,0,13,158
2021,Okewood,E05007327,1964,714,1094,5,0,10,6,0,7,128
2021,Westcott,E05007328,2275,921,1149,4,19,13,23,1,12,133
2021,Ashford Common,E05007362,8353,2507,4444,41,344,8,303,216,46,444
2021,Ashford East,E05007363,7694,2180,4132,37,310,8,343,232,32,420
2021,Ashford North and Stanwell South,E05007364,9669,2522,4451,72,740,11,700,544,81,548
2021,Ashford Town,E05007365,7653,2370,4001,57,261,14,272,164,57,457
2021,Halliford and Sunbury West,E05007366,6472,2198,3407,42,134,10,182,72,14,413
2021,Laleham and Shepperton Green,E05007367,8348,2852,4505,40,165,23,213,75,17,458
2021,Riverside and Laleham,E05007368,6804,2040,3867,22,236,22,77,92,28,420
2021,Shepperton Town,E05007369,6985,2354,3942,37,77,26,81,38,24,406
2021,Staines,E05007370,8954,3089,4002,61,666,10,389,127,56,554
2021,Staines South,E05007371,7164,2424,3625,15,302,3,224,128,43,400
2021,Stanwell North,E05007372,8600,2252,3880,157,470,9,649,689,65,429
2021,Sunbury Common,E05007373,8513,2913,3995,91,398,9,465,118,36,488
2021,Sunbury East,E05007374,7742,2409,4179,29,268,22,247,117,21,450
2021,Chaldon,E05007391,1822,544,1081,13,40,5,13,3,3,120
2021,Dormansland and Felcourt,E05007392,3988,1536,2113,20,8,17,20,3,24,247
2021,Felbridge,E05007393,2321,861,1234,3,22,7,21,1,16,156
2021,Godstone,E05007394,6213,2563,3127,15,33,4,53,4,18,396
2021,Harestone,E05007395,4507,1729,2282,20,82,8,57,3,13,313
2021,Limpsfield,E05007396,3613,1329,2006,9,11,4,9,4,13,228
2021,Lingfield and Crowhurst,E05007397,4399,1904,2117,21,13,10,73,6,27,228
2021,Oxted North and Tandridge,E05007398,5878,2156,3201,18,47,12,29,1,26,388
2021,Oxted South,E05007399,6627,2931,3147,17,29,13,39,4,20,427
2021,Portley,E05007400,4685,1770,2365,5,112,4,88,5,19,317
2021,Queens Park (Tandridge),E05007401,3849,1371,2080,12,51,8,77,9,12,229
2021,Tatsfield and Titsey,E05007402,1976,758,1103,7,0,2,5,2,4,95
2021,Valley (Tandridge),E05007403,4519,1968,2036,34,71,6,100,5,23,276
2021,Warlingham East and Chelsham and Farleigh,E05007404,5739,2197,3044,18,58,6,92,0,21,303
2021,Warlingham West,E05007405,3588,1186,1983,7,108,5,72,6,10,211
2021,Westway,E05007406,4831,1910,2388,21,114,4,108,3,14,269
2021,Whyteleafe,E05007407,4623,2033,1956,34,87,9,141,6,37,320
2021,Woldingham,E05007408,2542,815,1327,24,40,9,28,3,14,282
2021,Bletchingley and Nutfield,E05007409,5970,2267,3158,18,42,7,35,5,20,418
2021,"Burstow, Horne and Outwood",E05007410,6175,2359,3210,21,42,14,99,18,8,404
2021,"Alfold, Cranleigh Rural and Ellens Green",E05007411,1968,706,1084,6,9,3,7,5,10,138
2021,Blackheath and Wonersh,E05007412,1874,588,1137,7,4,7,1,0,7,123
2021,"Bramley, Busbridge and Hascombe",E05007413,4995,1855,2739,30,18,6,28,4,15,300
2021,Chiddingfold and Dunsfold,E05007414,4057,1469,2257,16,4,4,24,4,10,269
2021,Cranleigh East,E05007415,6764,2490,3773,32,2,11,53,0,35,368
2021,Cranleigh West,E05007416,5028,1776,2858,26,12,19,27,0,17,293
2021,Elstead and Thursley,E05007417,3967,1419,2202,8,11,20,30,1,19,257
2021,Ewhurst,E05007418,2361,852,1307,12,3,8,13,0,13,153
2021,Farnham Bourne,E05007419,4492,1653,2418,16,25,6,58,8,18,290
2021,Farnham Castle,E05007420,4755,2131,2105,17,27,21,80,2,29,343
2021,Farnham Firgrove,E05007421,4694,1904,2329,24,9,12,102,14,18,282
2021,Farnham Hale and Heath End,E05007422,4492,1844,2244,12,9,4,72,3,32,272
2021,Farnham Moor Park,E05007423,5391,2205,2662,37,14,4,85,13,35,336
2021,Farnham Shortheath and Boundstone,E05007424,4312,1729,2155,21,17,9,82,5,13,281
2021,Farnham Upper Hale,E05007425,4236,1762,2086,29,13,2,57,17,28,242
2021,Farnham Weybourne and Badshot Lea,E05007426,4702,1800,2443,14,30,4,88,8,18,297
2021,Farnham Wrecclesham and Rowledge,E05007427,5125,2100,2571,17,20,16,51,4,17,329
2021,"Frensham, Dockenfield and Tilford",E05007428,4146,1364,2271,9,12,12,200,0,18,260
2021,Godalming Binscombe,E05007429,4202,1930,1971,11,18,1,35,6,21,209
2021,Godalming Central and Ockford,E05007430,5181,2300,2404,32,24,4,77,2,25,313
2021,Godalming Charterhouse,E05007431,4343,1779,2084,40,44,11,39,7,22,317
2021,Godalming Farncombe and Catteshall,E05007432,5125,2277,2400,16,34,6,38,2,30,322
2021,Godalming Holloway,E05007433,4475,1605,2477,19,18,4,36,3,15,298
2021,Haslemere Critchmere and Shottermill,E05007434,6143,2536,2903,23,7,14,115,2,41,502
2021,Haslemere East and Grayswood,E05007435,6765,2489,3755,23,28,19,40,1,36,374
2021,Hindhead,E05007436,4374,1662,2307,28,14,14,28,3,16,302
2021,Milford (Waverley),E05007437,4117,1572,2225,16,4,9,18,1,24,248
2021,Shamley Green and Cranleigh North,E05007438,1940,615,1152,9,6,15,3,0,7,133
2021,Witley and Hambledon,E05007439,4213,1578,2286,15,11,5,20,3,15,280
2021,Arley and Whitacre,E05007457,5927,2476,3014,19,8,4,15,29,38,324
2021,Atherstone Central,E05007458,4174,1870,2014,15,24,1,23,6,43,178
2021,Atherstone North,E05007459,3748,1356,2129,7,13,1,4,23,9,206
2021,Atherstone South and Mancetter,E05007460,3818,1454,2095,5,14,0,25,10,11,204
2021,Baddesley and Grendon,E05007461,4384,1560,2534,8,5,2,4,8,15,248
2021,Coleshill North,E05007462,3231,1218,1867,2,9,0,21,2,11,101
2021,Coleshill South,E05007463,3659,1170,2252,9,15,1,10,5,13,184
2021,Curdworth,E05007464,3420,1028,2101,13,22,0,26,36,10,184
2021,Dordon,E05007465,3214,1243,1740,2,6,1,18,18,13,173
2021,Fillongley,E05007466,3628,1226,2086,8,24,4,24,80,9,167
2021,Hartshill,E05007467,3827,1638,1890,6,8,1,14,20,12,238
2021,Hurley and Wood End,E05007468,4012,1749,1975,8,3,0,20,13,17,227
2021,Kingsbury (North Warwickshire),E05007469,3550,1372,1973,12,13,0,7,13,18,142
2021,Newton Regis and Warton,E05007470,3703,1297,2143,0,2,2,7,15,23,214
2021,Polesworth East,E05007471,3957,1548,2220,3,1,1,8,14,10,152
2021,Polesworth West,E05007472,3297,1290,1803,8,6,0,11,0,10,169
2021,Water Orton,E05007473,3482,1307,1939,13,16,8,21,11,9,158
2021,Abbey (Nuneaton and Bedworth),E05007474,9145,2961,3395,292,428,0,1316,92,117,544
2021,Arbury (Nuneaton and Bedworth),E05007475,7257,2783,3623,20,131,4,160,154,41,341
2021,Attleborough,E05007476,7647,3017,3701,30,139,0,96,188,85,391
2021,Bar Pool,E05007477,7493,3105,3544,44,117,2,141,68,53,419
2021,Bede (Nuneaton and Bedworth),E05007478,6945,2765,3576,18,44,2,34,67,41,398
2021,Bulkington,E05007479,6082,1887,3656,9,36,2,28,98,20,346
2021,Camp Hill,E05007480,9599,4540,4105,51,109,2,174,60,57,501
2021,Exhall,E05007481,8560,3218,3904,21,163,4,169,561,44,476
2021,Galley Common,E05007482,8405,3514,4252,16,44,3,63,53,27,433
2021,Heath (Nuneaton and Bedworth),E05007483,7746,3140,3549,28,129,5,77,384,16,418
2021,Kingswood (Nuneaton and Bedworth),E05007484,7317,3129,3656,16,47,0,47,44,29,349
2021,Poplar (Nuneaton and Bedworth),E05007485,8057,2923,3560,20,187,0,147,802,49,369
2021,St Nicolas (Nuneaton and Bedworth),E05007486,8738,2971,4568,19,178,5,223,327,37,410
2021,Slough,E05007487,7082,2634,3799,23,27,5,37,200,31,326
2021,Weddington,E05007488,9584,3487,5054,22,116,2,163,202,39,499
2021,Wem Brook,E05007489,7958,2641,3253,92,192,2,1042,90,145,501
2021,Whitestone,E05007490,6590,2061,3847,8,103,2,63,139,21,346
2021,Buckingham,E05007562,4024,1771,1952,12,2,15,34,2,26,210
2021,Churchill (Adur),E05007563,4448,1986,2032,25,28,16,35,5,28,293
2021,Cokeham,E05007564,4491,2130,1954,23,13,13,45,2,30,281
2021,Eastbrook,E05007565,4846,2343,1997,23,19,11,114,9,28,302
2021,Hillside (Adur),E05007566,4481,2039,2086,14,19,10,49,0,31,233
2021,Manor (Adur),E05007567,4500,2060,2064,12,13,11,22,1,25,292
2021,Marine (Adur),E05007568,4662,2429,1814,23,21,28,35,3,29,280
2021,Mash Barn,E05007569,4465,2247,1807,30,4,15,75,1,28,258
2021,Peverel,E05007570,4397,2057,1973,16,14,6,49,0,13,269
2021,St Mary's (Adur),E05007571,5233,2744,1951,32,26,32,127,1,34,286
2021,St Nicolas (Adur),E05007572,4122,1888,1904,15,18,23,25,0,22,227
2021,Southlands,E05007573,4267,2100,1718,18,17,9,108,7,44,246
2021,Southwick Green,E05007574,4618,2293,1916,8,3,45,42,0,33,278
2021,Widewater,E05007575,5987,2803,2668,22,9,16,78,3,22,366
2021,Ardingly and Balcombe,E05007668,6865,3039,3114,20,58,16,75,11,36,496
2021,Ashurst Wood,E05007669,2760,1234,1207,4,6,8,15,1,54,231
2021,Bolney,E05007670,2931,1137,1523,11,1,13,10,6,18,212
2021,Burgess Hill Dunstall,E05007671,5160,2205,2485,33,42,29,66,2,12,286
2021,Burgess Hill Franklands,E05007672,5110,2060,2624,15,59,6,22,3,13,308
2021,Burgess Hill Leylands,E05007673,4722,1976,2245,18,47,3,134,5,26,268
2021,Burgess Hill Meeds,E05007674,4957,1808,2373,37,279,12,125,6,34,283
2021,Burgess Hill St Andrews,E05007675,6439,3069,2810,34,85,6,67,0,22,346
2021,Burgess Hill Victoria,E05007676,6103,2730,2769,31,116,15,107,0,28,307
2021,Copthorne and Worth,E05007677,5014,1891,2600,13,73,9,90,27,14,297
2021,Crawley Down and Turners Hill,E05007678,7687,2938,4061,13,53,22,61,8,43,488
2021,Cuckfield,E05007679,6532,2594,3374,25,26,10,53,2,20,428
2021,East Grinstead Ashplats,E05007680,5979,2582,2730,13,48,7,92,9,90,408
2021,East Grinstead Baldwins,E05007681,5097,2264,2315,16,25,7,77,1,50,342
2021,East Grinstead Herontye,E05007682,4810,1955,2308,14,18,14,38,6,95,362
2021,East Grinstead Imberhorne,E05007683,4731,1792,2430,12,37,10,38,2,34,376
2021,East Grinstead Town,E05007684,6215,2663,2707,48,62,24,140,4,211,356
2021,Hassocks,E05007685,8502,4158,3656,31,18,28,61,4,70,476
2021,Haywards Heath Ashenground,E05007686,5625,2324,2773,34,61,1,72,4,26,330
2021,Haywards Heath Bentswood,E05007687,6337,2617,3094,17,56,8,142,5,32,366
2021,Haywards Heath Franklands,E05007688,5765,2377,2851,17,77,9,78,4,19,333
2021,Haywards Heath Heath,E05007689,5772,2327,2730,28,154,16,88,5,36,388
2021,Haywards Heath Lucastes,E05007690,7323,3219,3270,22,120,15,89,8,29,551
2021,High Weald,E05007691,5012,1933,2668,8,11,12,14,3,25,338
2021,Hurstpierpoint and Downs,E05007692,8847,3914,4150,43,32,10,40,10,62,586
2021,Lindfield,E05007693,8272,3402,4239,25,13,17,45,11,19,501
2021,Broadwater (Worthing),E05007694,9312,4531,3758,49,87,21,197,14,71,584
2021,Castle (Worthing),E05007695,9432,4347,4059,64,93,18,263,20,50,518
2021,Central (Worthing),E05007696,10557,5060,4097,115,92,39,298,11,110,735
2021,Durrington (Worthing),E05007697,5841,2568,2748,21,28,20,58,9,22,367
2021,Gaisford,E05007698,9372,4578,3833,53,54,12,145,10,87,600
2021,Goring (Worthing),E05007699,8406,3031,4609,27,67,21,97,6,34,514
2021,Heene,E05007700,8746,3827,3805,82,47,39,204,18,97,627
2021,Marine (Worthing),E05007701,8248,3659,3751,47,62,29,115,1,65,519
2021,Northbrook,E05007702,7486,3937,2889,62,59,2,124,10,34,369
2021,Offington,E05007703,7978,3264,4054,46,26,15,67,6,23,477
2021,Salvington,E05007704,9088,3911,4315,52,29,25,90,8,48,610
2021,Selden,E05007705,8420,3994,3420,51,77,23,177,3,87,588
2021,Tarring,E05007706,8463,4190,3559,35,25,11,78,9,51,505
2021,Alfrick and Leigh,E05007846,3716,1433,1987,16,3,5,33,1,19,219
2021,Baldwin,E05007847,2207,712,1307,6,3,0,7,0,9,163
2021,Broadheath (Malvern Hills),E05007848,3953,1380,2294,13,8,1,11,7,8,231
2021,Chase,E05007849,5989,2465,2989,24,14,12,28,4,36,417
2021,Dyson Perrins,E05007850,4713,2086,2251,16,16,4,13,5,29,293
2021,Hallow,E05007851,2067,721,1210,4,0,0,9,13,4,106
2021,Kempsey,E05007852,5043,1957,2776,11,5,0,44,1,8,241
2021,Lindridge,E05007853,2294,707,1410,3,5,4,1,0,21,143
2021,Link,E05007854,6300,2595,3178,35,13,3,45,3,54,374
2021,Longdon (Malvern Hills),E05007855,2156,671,1335,7,0,2,8,1,9,123
2021,Martley,E05007856,1992,661,1189,8,3,0,2,0,1,128
2021,Morton (Malvern Hills),E05007857,2433,832,1390,1,4,3,3,1,12,187
2021,Pickersleigh,E05007858,6453,2945,2946,20,10,0,73,3,36,420
2021,Powick,E05007859,4167,1495,2375,9,16,5,18,7,19,223
2021,Priory (Malvern Hills),E05007860,4242,1701,2139,41,29,3,10,5,18,296
2021,Ripple,E05007861,1887,611,1132,8,2,1,3,4,10,116
2021,Teme Valley,E05007862,2203,727,1348,4,1,3,3,1,15,101
2021,Tenbury,E05007863,3926,1206,2409,8,0,8,3,4,20,268
2021,Upton and Hanley,E05007864,4347,1470,2503,12,2,6,13,10,22,309
2021,Wells (Malvern Hills),E05007865,3164,1301,1577,14,0,4,33,3,21,211
2021,West (Malvern Hills),E05007866,3983,1858,1772,29,9,3,21,13,29,249
2021,Woodbury,E05007867,2258,775,1329,3,1,0,5,0,6,139
2021,Abbey (Redditch),E05007868,6945,2495,3127,16,57,4,740,47,33,426
2021,Astwood Bank and Feckenham,E05007869,6054,2383,3256,21,10,9,40,48,12,275
2021,Batchley & Brockhill,E05007870,9337,3950,4289,21,45,2,416,29,34,551
2021,Central (Redditch),E05007871,6472,1977,2917,17,24,1,1135,19,33,349
2021,Church Hill,E05007872,8222,3637,3978,19,22,12,88,10,41,415
2021,Crabbs Cross,E05007873,5573,2261,2903,9,14,2,74,6,21,283
2021,Greenlands (Redditch),E05007874,9780,4513,4247,9,39,2,291,38,51,590
2021,Headless Cross and Oakenshaw,E05007875,8365,3269,4463,12,20,5,87,13,39,457
2021,Lodge Park,E05007876,5574,2046,2549,13,12,0,564,17,23,350
2021,Matchborough,E05007877,6120,2519,3057,21,5,10,87,35,42,344
2021,West (Redditch),E05007878,6352,2362,3580,6,25,3,32,23,16,305
2021,Winyates,E05007879,8241,3424,4182,20,34,2,74,24,39,442
2021,Arboretum (Worcester),E05007880,6117,2581,2762,25,20,3,328,10,52,336
2021,Battenhall,E05007881,5433,2201,2572,17,6,3,294,4,29,307
2021,Bedwardine,E05007882,8738,3367,4705,46,12,6,128,7,18,449
2021,Cathedral,E05007883,11499,4660,4658,69,77,7,1148,22,106,752
2021,Claines,E05007884,8219,2993,4623,16,12,5,100,18,22,430
2021,Gorse Hill (Worcester),E05007885,5651,2127,2728,15,26,0,362,3,20,370
2021,Nunnery,E05007886,8958,3098,4239,25,61,1,951,12,24,547
2021,Rainbow Hill,E05007887,5841,2605,2582,17,18,1,179,3,27,409
2021,St Clement (Worcester),E05007888,5734,2318,2804,12,36,6,79,9,20,450
2021,St John (Worcester),E05007889,8982,3889,4221,23,10,5,95,23,40,676
2021,St Peter's Parish,E05007890,5648,2083,3087,20,13,1,105,9,28,302
2021,St Stephen (Worcester),E05007891,5590,2100,2985,25,13,1,157,7,16,286
2021,Warndon,E05007892,5869,2664,2640,19,8,3,90,9,23,413
2021,Warndon Parish North,E05007893,5317,2062,2852,9,20,2,72,20,9,271
2021,Warndon Parish South,E05007894,6282,2336,3296,31,100,7,145,13,16,338
2021,Badsey,E05007895,3294,1145,1943,2,4,4,7,6,12,171
2021,Bengeworth,E05007896,7854,2719,4508,17,7,8,127,12,32,424
2021,Bowbrook (Wychavon),E05007897,2953,962,1788,5,1,5,11,5,14,162
2021,Bredon,E05007898,2658,904,1565,11,2,2,7,1,5,161
2021,Bretforton and Offenham,E05007899,2950,1019,1724,2,4,2,15,3,13,168
2021,Broadway and Wickhamford,E05007900,4958,1546,3085,8,5,3,9,6,19,277
2021,Dodderhill,E05007901,2987,1154,1596,11,8,2,9,26,10,171
2021,Drakes Broughton,E05007902,2746,908,1667,5,0,1,2,0,17,146
2021,Droitwich Central,E05007903,2498,971,1341,4,5,0,6,9,14,148
2021,Droitwich East,E05007904,5428,1922,3100,11,15,4,27,29,17,303
2021,Droitwich South East,E05007905,6755,2544,3720,13,23,1,34,65,18,337
2021,Droitwich South West,E05007906,4949,1841,2774,11,2,2,9,6,24,280
2021,Droitwich West,E05007907,5406,2403,2617,16,10,2,33,20,24,281
2021,Eckington,E05007908,2766,893,1694,7,3,6,2,0,9,152
2021,Elmley Castle and Somerville,E05007909,2518,816,1527,2,1,1,8,2,13,148
2021,Evesham North,E05007910,5199,1671,3041,23,5,6,70,15,34,334
2021,Evesham South,E05007911,5086,1599,3046,13,11,3,36,16,36,326
2021,Fladbury,E05007912,2790,907,1667,8,2,5,1,4,8,188
2021,Great Hampton,E05007913,3815,1428,2131,9,4,1,21,8,22,191
2021,Hartlebury,E05007914,3083,1030,1813,0,7,3,2,20,16,192
2021,Harvington and Norton,E05007915,2772,925,1645,2,0,2,4,5,9,180
2021,Honeybourne and Pebworth,E05007916,3048,1116,1748,8,0,0,2,3,8,163
2021,Inkberrow,E05007917,6013,1867,3703,12,4,5,14,14,20,374
2021,Little Hampton,E05007918,5734,1935,3412,10,0,7,17,15,18,320
2021,Lovett and North Claines,E05007919,7646,2785,4293,24,54,4,61,16,23,386
2021,Norton and Whittington,E05007920,3961,1572,2066,18,11,2,45,9,15,223
2021,Ombersley,E05007921,2466,760,1545,6,0,3,8,0,7,137
2021,Pershore,E05007922,8398,3012,4854,27,8,4,14,10,36,433
2021,Pinvin,E05007923,3242,1155,1910,8,0,5,4,3,7,150
2021,South Bredon Hill,E05007924,2394,850,1396,2,0,10,2,1,9,124
2021,The Littletons,E05007925,3424,1175,1858,37,7,6,116,4,35,186
2021,Upton Snodsbury,E05007926,2704,824,1709,2,2,5,5,0,13,144
2021,Abbey (Shropshire),E05008136,4429,1862,2224,35,7,1,27,4,14,255
2021,Albrighton,E05008137,4739,1455,2791,15,14,0,9,168,12,275
2021,Alveley and Claverley,E05008138,4171,1145,2757,7,3,1,14,23,28,193
2021,Bagley,E05008139,4778,1989,2398,14,9,0,21,5,22,320
2021,Battlefield,E05008140,5907,2678,2827,7,9,2,37,5,63,279
2021,"Bayston Hill, Column and Sutton",E05008141,12489,4720,6878,23,22,12,27,18,58,731
2021,Belle Vue (Shropshire),E05008142,4404,2092,1962,14,6,6,28,2,47,247
2021,Bishop's Castle,E05008143,3677,1410,1996,14,4,2,7,1,36,207
2021,Bowbrook (Shropshire),E05008144,4153,1569,2198,11,44,0,63,20,17,231
2021,Bridgnorth East and Astley Abbotts,E05008145,6676,2271,4006,32,2,2,6,1,25,331
2021,Bridgnorth West and Tasley,E05008146,6783,2281,4021,16,3,6,16,2,17,421
2021,Broseley,E05008147,5095,1892,2861,11,2,2,8,8,25,286
2021,Brown Clee,E05008148,4449,1138,3049,8,6,4,9,3,12,220
2021,Burnell,E05008149,4682,1553,2674,28,7,2,10,100,22,286
2021,Castlefields and Ditherington,E05008150,4681,2165,2062,21,11,6,95,6,43,272
2021,Cheswardine,E05008151,4315,1491,2542,11,7,1,22,14,24,203
2021,Chirbury and Worthen,E05008152,2894,996,1686,2,5,0,2,0,7,196
2021,Church Stretton and Craven Arms,E05008153,8930,3110,5059,31,5,4,104,3,41,573
2021,Clee,E05008154,4415,1434,2659,12,5,1,10,1,14,279
2021,Cleobury Mortimer,E05008155,7422,2459,4407,15,4,4,22,0,38,473
2021,Clun,E05008156,3716,1269,2120,13,0,3,9,3,41,258
2021,Copthorne,E05008157,4130,1489,2256,16,51,1,30,10,19,258
2021,Corvedale,E05008158,3673,1197,2193,11,0,0,11,1,21,239
2021,Ellesmere Urban,E05008159,4415,1448,2662,11,1,0,12,3,12,266
2021,Harlescott,E05008160,5074,2487,2202,11,9,1,20,1,22,321
2021,Highley,E05008161,3733,1367,2071,9,1,1,2,14,34,234
2021,Hodnet,E05008162,4896,1609,2878,27,9,11,90,15,19,238
2021,Llanymynech,E05008163,4271,1460,2490,10,8,6,11,6,16,264
2021,Longden,E05008164,4172,1478,2408,18,10,1,4,0,16,237
2021,Loton,E05008165,4495,1361,2787,7,4,0,9,47,12,268
2021,Ludlow East,E05008166,3895,1405,2194,11,1,2,0,14,13,255
2021,Ludlow North,E05008167,3826,1261,2243,11,4,2,22,2,15,266
2021,Ludlow South,E05008168,3988,1420,2288,8,0,0,7,3,15,247
2021,Market Drayton East,E05008169,5468,1919,3175,10,4,2,38,3,28,289
2021,Market Drayton West,E05008170,9144,3319,5260,12,6,2,28,11,46,460
2021,Meole,E05008171,4390,1817,2174,8,3,0,22,1,24,341
2021,Rea Valley,E05008172,4511,1517,2624,4,4,2,7,1,10,342
2021,Monkmoor,E05008173,4356,1937,2092,7,2,0,10,5,17,286
2021,Much Wenlock,E05008174,4323,1434,2674,1,1,1,7,2,25,178
2021,Porthill,E05008178,4695,1978,2264,30,22,7,51,1,24,318
2021,Prees,E05008179,4515,1435,2731,13,8,2,2,15,13,296
2021,Quarry and Coton Hill,E05008180,4269,2076,1776,20,16,1,60,4,34,282
2021,Radbrook,E05008181,5842,2320,3038,16,48,5,69,19,14,313
2021,St Martin's (Shropshire),E05008183,4607,1734,2603,8,2,4,5,3,14,234
2021,Severn Valley,E05008186,4890,1957,2624,12,2,2,12,3,30,248
2021,Shawbury,E05008187,4880,1714,2816,6,10,0,24,5,8,297
2021,Shifnal North,E05008188,6052,2240,3391,12,29,7,13,33,25,302
2021,Shifnal South and Cosford,E05008189,7595,3084,3714,34,9,4,195,55,22,478
2021,Sundorne,E05008190,4119,2013,1786,11,0,2,16,3,17,271
2021,Tern,E05008191,4914,1682,2892,16,4,14,17,11,19,259
2021,The Meres,E05008192,4906,1660,2958,11,4,3,3,4,21,242
2021,Underdale,E05008193,4302,2079,1881,27,10,4,40,7,22,232
2021,Wem,E05008194,8896,3292,5018,20,6,5,21,7,37,490
2021,Whitchurch North,E05008195,7426,2583,4408,9,4,1,21,23,23,354
2021,Whitchurch South,E05008196,4321,1403,2583,12,5,6,11,2,21,278
2021,Worfield,E05008198,3706,1169,2280,8,11,7,7,1,13,210
2021,Belper South,E05008520,5645,2779,2416,11,11,5,10,5,51,357
2021,Duffield,E05008521,5067,1965,2672,16,29,2,33,30,18,302
2021,Heanor East,E05008522,5843,3161,2283,12,7,1,15,4,34,326
2021,"Kilburn, Denby and Holbrook",E05008523,7568,3368,3643,12,14,7,16,12,47,449
2021,"Shipley Park, Horsley and Horsley Woodhouse",E05008524,6585,2832,3302,16,8,4,6,22,26,369
2021,Boniface,E05008546,4276,2138,1793,18,9,3,13,0,33,269
2021,Newbrooke,E05008547,1586,672,778,5,1,0,2,2,13,113
2021,Yeo,E05008548,3834,1716,1823,7,10,6,6,0,15,251
2021,Coxheath and Hunton,E05008553,8242,3276,4434,12,13,9,62,2,34,400
2021,Loose,E05008554,2575,998,1367,3,16,1,36,7,10,137
2021,South (Maidstone),E05008555,10261,3987,5108,117,154,11,183,14,89,598
2021,Almondbury,E05008558,17657,7539,8117,33,62,12,704,125,80,985
2021,Colne Valley,E05008559,17579,8822,7399,45,18,3,159,43,82,1008
2021,Crosland Moor and Netherton,E05008560,19788,5035,5596,34,103,6,7463,401,84,1066
2021,Holme Valley North,E05008561,16803,7365,8154,46,15,12,122,39,76,974
2021,Kirkburton,E05008562,16312,6673,8353,35,39,10,119,91,66,926
2021,Alderley Edge,E05008610,4780,1591,2635,25,30,25,90,3,25,356
2021,Alsager,E05008611,13386,5300,7296,37,13,12,62,16,34,616
2021,Audlem,E05008612,5311,1620,3345,10,3,3,12,1,12,305
2021,Bollington,E05008613,8682,3628,4464,23,9,10,65,2,30,451
2021,Brereton Rural,E05008614,7438,2690,4164,33,16,9,41,14,25,446
2021,Broken Cross and Upton,E05008615,8970,3601,4695,30,63,14,74,9,37,447
2021,Bunbury,E05008616,6084,2256,3391,12,6,5,23,1,16,374
2021,Chelford,E05008617,4644,1418,2866,7,20,25,46,6,15,241
2021,Congleton East,E05008618,14220,5741,7472,31,27,12,68,4,54,811
2021,Congleton West,E05008619,14264,5500,7821,49,39,13,74,12,55,701
2021,Crewe Central,E05008620,6920,2783,3323,18,157,8,162,3,63,403
2021,Crewe East,E05008621,15642,6632,7793,52,75,9,178,7,37,859
2021,Crewe North,E05008622,4799,1960,2473,6,10,1,44,2,9,294
2021,Crewe St Barnabas,E05008623,5488,2372,2621,11,24,4,67,3,28,358
2021,Crewe South,E05008624,12445,4080,7105,58,61,11,432,11,50,637
2021,Crewe West,E05008625,10686,4255,5529,27,54,6,185,9,60,561
2021,Dane Valley (Cheshire East),E05008626,10370,3619,6058,20,34,16,56,4,37,526
2021,Disley,E05008627,4804,2036,2428,22,1,11,31,4,22,249
2021,Gawsworth,E05008628,4385,1326,2753,17,12,9,27,3,15,223
2021,Handforth,E05008629,9783,3858,4716,29,122,35,420,31,46,526
2021,Haslington,E05008630,8856,3184,5020,33,12,6,23,0,17,561
2021,High Legh,E05008631,4925,1353,3057,8,33,14,94,18,14,334
2021,Knutsford,E05008632,13256,4909,7371,38,133,32,94,19,50,610
2021,Leighton,E05008633,6026,2479,3056,22,36,1,71,11,15,335
2021,Macclesfield Central,E05008634,9169,4347,3903,51,125,12,148,3,57,523
2021,Macclesfield East,E05008635,4484,2006,2118,33,20,2,29,0,35,241
2021,Macclesfield Hurdsfield,E05008636,4520,1968,2139,68,45,5,42,4,24,225
2021,Macclesfield South,E05008637,8635,3806,4189,22,14,10,57,9,34,494
2021,Macclesfield Tytherington,E05008638,9057,3267,5156,34,58,2,68,8,26,438
2021,Macclesfield West and Ivy,E05008639,8215,3390,4184,20,41,6,46,5,52,471
2021,Middlewich,E05008640,14425,5194,8291,23,24,15,51,4,52,771
2021,Mobberley,E05008641,4732,1339,2918,17,18,26,44,2,8,360
2021,Nantwich North and West,E05008642,8617,3322,4694,31,22,8,41,8,44,447
2021,Nantwich South and Stapeley,E05008643,9671,3494,5439,43,43,7,61,6,37,541
2021,Odd Rode,E05008644,8267,2899,4886,20,7,5,23,5,32,390
2021,Poynton East and Pott Shrigley,E05008645,7500,2680,4350,13,19,12,7,6,21,392
2021,Poynton West and Adlington,E05008646,8520,3140,4741,23,38,10,51,6,48,463
2021,Prestbury (Cheshire East),E05008647,4397,1235,2822,6,17,21,30,8,10,248
2021,Sandbach Elworth,E05008648,5932,2431,3115,19,14,2,18,5,4,324
2021,Sandbach Ettiley Heath and Wheelock,E05008649,5786,2439,2965,26,3,7,19,0,11,316
2021,Sandbach Heath and East,E05008650,4910,1838,2709,10,17,4,15,9,41,267
2021,Sandbach Town,E05008651,5298,1816,3113,17,14,3,20,6,22,287
2021,Shavington,E05008652,5602,2224,2952,7,19,3,39,1,15,342
2021,Sutton (Cheshire East),E05008653,4228,1493,2449,9,0,15,7,6,27,222
2021,Willaston and Rope,E05008654,5381,1835,3162,23,15,3,29,0,7,307
2021,Wilmslow Dean Row,E05008655,5141,1866,2374,35,163,40,351,30,31,251
2021,Wilmslow East,E05008656,4441,1458,2367,8,138,53,132,1,23,261
2021,Wilmslow Lacey Green,E05008657,4977,1983,2410,27,45,20,126,10,45,311
2021,Wilmslow West and Chorley,E05008658,10087,3895,5247,52,50,42,157,15,25,604
2021,Wistaston,E05008659,9365,3098,5590,23,34,11,57,7,25,520
2021,Wrenbury,E05008660,5553,1730,3477,23,4,3,13,1,15,287
2021,Wybunbury,E05008661,5686,1873,3417,9,48,2,29,10,15,283
2021,Abbey Hulton and Townsend,E05008714,10958,5149,4923,25,21,3,170,8,64,595
2021,"Baddeley, Milton and Norton",E05008715,17066,6661,9106,28,40,2,159,17,67,986
2021,Bentilee and Ubberley,E05008716,11538,5747,4800,20,24,2,218,7,62,658
2021,Birches Head and Central Forest Park,E05008717,10369,3829,4854,40,45,2,945,25,49,580
2021,Blurton East,E05008718,5540,2081,2992,26,7,2,108,7,22,295
2021,Blurton West and Newstead,E05008719,7436,3484,3108,31,104,2,215,36,36,420
2021,Boothen and Oak Hill,E05008720,6368,2378,2929,39,56,6,554,16,24,366
2021,Bradeley and Chell Heath,E05008721,5670,2587,2647,10,10,0,85,0,15,316
2021,Broadway and Longton East,E05008722,5464,2100,2788,11,4,1,232,12,15,301
2021,Burslem Central,E05008723,6941,2688,2909,18,58,13,920,11,26,298
2021,Burslem Park,E05008724,4746,1763,2264,10,32,1,390,18,17,251
2021,Dresden and Florence,E05008725,5088,1392,2121,35,28,4,1218,18,15,257
2021,Eaton Park,E05008726,4393,1608,2440,6,13,0,49,5,32,240
2021,Etruria and Hanley,E05008727,7898,1621,2477,12,65,4,3192,26,36,465
2021,Fenton East,E05008728,5943,2431,2723,33,35,0,334,32,28,327
2021,Fenton West and Mount Pleasant,E05008729,5677,2365,2685,4,26,4,255,17,35,286
2021,Ford Green and Smallthorne,E05008730,6390,2728,2889,9,17,3,318,6,34,386
2021,Goldenhill and Sandyford,E05008731,6266,2365,2964,10,6,0,458,6,18,439
2021,Great Chell and Packmoor,E05008732,10252,4193,5180,15,8,2,180,6,37,631
2021,Hanford and Trentham,E05008733,11478,3569,6819,15,93,6,183,98,45,650
2021,Hanley Park and Shelton,E05008734,6318,2182,1365,34,138,7,1966,21,55,550
2021,Hartshill and Basford,E05008735,7122,2524,3403,40,66,3,598,32,37,419
2021,Hollybush and Longton West,E05008736,5762,2227,2994,13,13,0,122,11,24,358
2021,Joiner's Square,E05008737,6905,2309,2579,23,42,1,1455,31,40,425
2021,Lightwood North and Normacot,E05008738,5649,1141,1918,6,29,0,2208,17,15,315
2021,Little Chell and Stanfield,E05008739,6670,2342,2920,23,24,1,916,14,32,398
2021,Meir Hay,E05008740,4434,1800,2337,14,7,0,66,2,15,193
2021,Meir North,E05008741,6234,3045,2722,10,11,0,80,2,36,328
2021,Meir Park,E05008742,4680,1517,2830,10,29,0,50,8,14,222
2021,Meir South,E05008743,6114,2704,2475,8,18,1,556,9,19,324
2021,Moorcroft,E05008744,6294,1380,2007,7,40,0,2420,22,25,393
2021,Penkhull and Stoke,E05008745,6754,2492,3141,66,72,3,497,15,35,433
2021,Sandford Hill,E05008746,6108,2614,2936,16,3,0,135,12,30,362
2021,Sneyd Green,E05008747,5347,1998,2603,9,15,2,428,3,20,269
2021,Springfields and Trent Vale,E05008748,6806,2499,3343,97,136,5,319,12,39,356
2021,Tunstall,E05008749,6561,1975,2390,32,16,2,1739,17,25,365
2021,Weston Coyney,E05008750,5139,1945,2852,5,5,1,53,5,16,257
2021,Brickhill,E05008751,8162,2613,4383,34,143,10,271,237,55,416
2021,Bromham and Biddenham,E05008752,8093,2591,4275,43,170,25,275,235,37,442
2021,Castle (Bedford),E05008753,9114,3069,4165,47,158,11,983,45,75,561
2021,Cauldwell,E05008754,11008,2504,5142,38,417,7,1439,427,370,664
2021,Clapham,E05008755,4504,1673,2377,11,45,9,74,60,30,225
2021,De Parys,E05008756,7157,2490,3550,24,98,16,259,71,61,588
2021,Eastcotts,E05008757,5666,2367,2495,34,85,6,270,67,34,308
2021,Elstow and Stewartby,E05008758,5933,2423,2496,20,114,5,198,294,80,303
2021,Goldington,E05008759,9797,3536,4755,29,144,2,511,129,78,613
2021,Great Barford,E05008760,8254,3015,4443,17,74,7,145,83,45,425
2021,Harpur,E05008761,8870,3092,4125,42,113,10,608,126,94,660
2021,Harrold,E05008762,4257,1872,2060,2,7,6,30,10,40,230
2021,Kempston Central and East,E05008763,7385,2321,3431,27,184,3,340,422,243,414
2021,Kempston North,E05008764,3720,1165,1822,15,75,1,182,181,93,186
2021,Kempston Rural,E05008765,9067,3617,4059,16,164,15,465,169,50,512
2021,Kempston South,E05008766,4107,1200,2084,6,115,1,110,286,90,215
2021,Kempston West,E05008767,5522,2075,2491,20,104,8,288,164,60,312
2021,Kingsbrook,E05008768,10129,3095,4624,29,149,17,1249,208,95,663
2021,Newnham (Bedford),E05008769,8061,3173,3782,21,72,10,334,125,51,493
2021,Oakley (Bedford),E05008770,3792,1429,2061,17,19,14,13,11,14,214
2021,Putnoe,E05008771,7155,2170,3939,16,176,10,203,184,70,387
2021,Queens Park (Bedford),E05008772,9778,1332,2936,27,170,5,4411,245,100,552
2021,Riseley,E05008773,3428,1358,1810,12,7,8,7,5,24,197
2021,Sharnbrook,E05008774,3981,1555,2122,20,20,3,16,22,22,201
2021,Wilshamstead,E05008775,6981,2921,3206,24,119,11,215,114,31,340
2021,Wootton (Bedford),E05008776,7565,3193,3517,26,92,8,152,173,59,345
2021,Wyboston,E05008777,3735,1390,2029,11,10,4,11,23,13,244
2021,Arlesey,E05008779,16317,7432,7430,61,104,31,128,227,54,850
2021,Aspley and Woburn,E05008780,4673,1837,2455,8,23,14,27,6,16,287
2021,Barton-le-Clay,E05008781,4940,1827,2751,5,36,10,33,13,18,247
2021,Biggleswade North,E05008782,10884,5417,4510,42,111,28,69,38,56,613
2021,Biggleswade South,E05008783,11657,5541,5129,60,76,25,103,65,46,612
2021,Cranfield and Marston Moretaine,E05008785,16971,7398,7544,88,283,36,465,81,95,981
2021,Dunstable-Central,E05008786,5133,1954,2703,30,61,22,89,2,7,265
2021,Dunstable-Icknield,E05008787,9133,2830,4620,51,442,9,587,58,55,481
2021,Dunstable-Watling,E05008790,9120,3193,5024,23,114,27,144,38,43,514
2021,Eaton Bray,E05008791,4198,1615,2284,12,3,14,21,14,21,214
2021,Flitwick,E05008792,13854,6193,6590,52,88,15,113,50,59,694
2021,Heath and Reach,E05008793,5278,2120,2759,17,32,6,57,10,20,257
2021,Leighton Buzzard North,E05008796,14957,6971,6799,37,65,30,93,24,62,876
2021,Leighton Buzzard South,E05008797,15488,7561,6634,43,132,31,150,22,67,848
2021,Linslade,E05008798,11954,5321,5624,37,61,28,72,10,67,734
2021,Parkside (Central Bedfordshire),E05008800,5108,1858,2675,13,92,8,177,14,30,241
2021,Potton,E05008801,8758,3928,4221,23,35,15,34,31,26,445
2021,Shefford,E05008803,11248,5396,4937,41,57,20,32,54,58,653
2021,Silsoe and Shillington,E05008804,6063,2549,3050,5,45,11,16,40,21,326
2021,Stotfold and Langford,E05008805,16132,7371,7276,34,211,34,69,223,79,835
2021,Tithe Farm,E05008806,4528,1662,2316,12,86,7,186,23,8,228
2021,Toddington,E05008807,9696,3648,5088,38,99,12,207,71,48,485
2021,"Westoning, Flitton and Greenfield",E05008808,4796,1857,2580,16,26,25,26,28,5,233
2021,Aston (South Derbyshire),E05008809,9288,3987,4492,28,40,3,87,173,37,441
2021,Church Gresley,E05008810,8606,4182,3774,21,14,1,33,28,42,511
2021,Etwall,E05008811,7049,2726,3523,35,79,1,86,141,17,441
2021,Hatton,E05008812,2561,1129,1269,1,5,4,5,15,12,121
2021,Hilton,E05008813,9998,4377,4728,29,23,5,63,168,48,557
2021,Linton (South Derbyshire),E05008814,6068,2658,3015,10,16,2,19,13,47,288
2021,Melbourne,E05008815,5538,2180,3038,8,2,2,13,5,17,273
2021,Midway,E05008816,8189,3690,3892,6,32,4,16,15,22,512
2021,Newhall and Stanton,E05008817,8062,3837,3738,9,18,4,17,9,29,401
2021,Repton (South Derbyshire),E05008818,5851,2240,3124,26,28,5,17,34,36,341
2021,Seales,E05008819,5405,2148,2899,15,3,4,10,26,26,274
2021,Stenson,E05008820,5246,1607,1855,3,111,1,194,1179,40,256
2021,Swadlincote,E05008821,8860,3962,4231,18,5,1,19,36,50,538
2021,Willington and Findern,E05008822,7347,2940,3193,13,172,1,184,375,33,436
2021,Woodville,E05008823,9141,4485,4032,23,16,2,12,44,38,489
2021,Abbott,E05008857,2230,825,1226,7,1,1,13,6,10,141
2021,Berry Hill (Mansfield),E05008858,3252,1220,1717,10,45,0,71,28,18,143
2021,Brick Kiln,E05008859,3141,1546,1330,4,13,1,46,3,29,169
2021,Broomhill,E05008860,3330,1396,1614,7,13,3,86,8,6,197
2021,Bull Farm and Pleasley Hill,E05008861,4261,2024,1887,6,11,0,56,8,12,257
2021,Carr Bank,E05008862,3401,1781,1369,3,8,1,44,2,10,183
2021,Eakring,E05008863,2663,1191,1292,5,7,0,17,10,11,130
2021,Grange Farm,E05008864,2866,990,1528,11,33,1,113,3,12,175
2021,Holly,E05008865,3054,1361,1461,7,7,6,11,6,11,184
2021,Hornby,E05008866,2617,1082,1361,5,6,1,7,8,5,142
2021,Kings Walk,E05008867,3506,1793,1416,21,29,0,56,8,19,164
2021,Kingsway (Mansfield),E05008868,3198,1428,1518,18,5,0,37,8,7,177
2021,Ladybrook,E05008869,3638,1514,1648,16,5,0,185,5,28,237
2021,Lindhurst,E05008870,2832,1148,1510,13,24,0,9,10,12,106
2021,Ling Forest,E05008871,2472,1068,1283,7,1,1,8,4,6,94
2021,Manor (Mansfield),E05008872,2735,1158,1430,6,12,1,12,0,4,112
2021,Market Warsop,E05008873,3081,1489,1400,1,7,1,14,8,16,145
2021,Maun Valley,E05008874,3483,1653,1601,13,3,1,18,0,15,179
2021,Meden,E05008875,2958,1233,1498,5,12,0,15,1,12,182
2021,Netherfield (Mansfield),E05008876,2794,1291,1318,3,1,1,10,5,7,158
2021,Newgate,E05008877,3112,1452,1375,11,1,1,75,5,15,177
2021,Newlands,E05008878,3145,1534,1360,6,21,1,6,7,17,193
2021,Oak Tree,E05008879,2736,1489,1041,5,1,0,5,15,15,165
2021,Oakham,E05008880,2736,1178,1370,8,7,0,15,12,14,132
2021,Park Hall,E05008881,3373,1672,1472,9,11,1,3,18,11,176
2021,Peafields,E05008882,2737,1270,1259,10,2,0,16,5,17,158
2021,Penniment,E05008883,2979,1367,1343,9,4,2,51,6,13,184
2021,Portland (Mansfield),E05008884,2827,1177,1375,13,26,2,78,6,17,133
2021,Racecourse,E05008885,3086,1428,1408,3,4,1,21,0,16,205
2021,Ransom Wood,E05008886,2876,1471,1173,6,13,2,23,6,16,166
2021,Sandhurst,E05008887,2871,1262,1406,0,11,1,25,5,25,136
2021,Sherwood (Mansfield),E05008888,3094,1461,1418,9,5,3,17,6,10,165
2021,Warsop Carrs,E05008889,3813,1984,1589,6,7,1,9,1,16,200
2021,Woodhouse (Mansfield),E05008890,3470,1882,1350,3,5,0,16,6,10,198
2021,Woodlands (Mansfield),E05008891,2511,918,1359,14,8,0,35,3,9,165
2021,Yeoman Hill,E05008892,3599,1658,1680,28,6,2,20,3,19,183
2021,Downlands and Forest,E05008932,2836,1009,1621,13,0,3,5,1,20,164
2021,Fordingbridge,E05008933,6782,2761,3470,15,8,11,6,5,25,481
2021,Forest North West,E05008934,2473,903,1336,14,0,3,10,0,7,200
2021,"Hastingwood, Matching and Sheering Village",E05008940,2599,997,1423,4,17,21,6,5,10,116
2021,Moreton and Fyfield,E05008941,2144,740,1208,4,0,26,16,15,8,127
2021,Central (Swindon),E05008954,15425,3208,9293,138,1073,3,875,106,58,671
2021,Chiseldon and Lawn,E05008955,7838,2988,3812,91,207,3,181,76,52,428
2021,Covingham and Dorcan,E05008956,10635,4312,5220,48,201,4,159,44,69,578
2021,Eastcott,E05008957,12025,4206,5576,96,893,4,394,61,76,719
2021,Gorse Hill and Pinehurst,E05008958,14018,5300,6730,94,293,9,486,205,101,800
2021,"Liden, Eldene and Park South",E05008960,11425,4742,5036,172,360,7,316,42,156,594
2021,Lydiard and Freshbrook,E05008961,11007,4634,4855,117,135,5,469,109,73,610
2021,Mannington and Western,E05008962,11195,4589,4987,99,229,5,432,100,85,669
2021,Old Town (Swindon),E05008963,11162,4978,4550,35,408,5,266,60,74,786
2021,Priory Vale,E05008965,12739,5974,5381,91,201,16,247,52,65,712
2021,Ridgeway (Swindon),E05008966,3422,1397,1715,4,42,2,39,17,19,187
2021,Rodbourne Cheney,E05008967,12701,5363,5774,61,392,9,277,54,97,674
2021,St Andrews (Swindon),E05008968,19141,8907,7924,143,393,8,540,115,100,1011
2021,St Margaret and South Marston,E05008969,11574,4603,5925,55,52,12,151,53,44,679
2021,Shaw (Swindon),E05008970,10950,4736,4817,64,230,6,285,87,82,643
2021,Walcot and Park North,E05008971,13711,5364,5981,196,341,5,766,92,125,841
2021,Wroughton and Wichelstowe,E05008972,8231,3112,4442,30,80,5,77,10,34,441
2021,Benn,E05008974,9343,3281,4227,39,400,2,479,30,67,818
2021,Bilton,E05008975,6550,2045,3767,15,105,6,70,57,32,453
2021,"Clifton, Newton and Churchover",E05008976,2946,1077,1503,6,78,0,38,60,12,172
2021,Coton and Boughton,E05008977,8109,3066,3596,39,411,1,183,299,43,471
2021,Hillmorton,E05008979,7746,2791,3910,24,303,5,104,110,44,455
2021,Leam Valley,E05008980,2445,803,1462,2,1,0,5,9,16,147
2021,New Bilton,E05008981,8169,3026,3965,41,342,4,142,45,43,561
2021,Newbold and Brownsover,E05008982,9276,3523,4421,27,347,4,244,74,57,579
2021,Paddox,E05008983,7360,2699,3689,28,322,2,154,86,32,348
2021,Revel and Binley Woods,E05008984,6408,2038,3757,10,78,2,59,132,37,295
2021,Rokeby and Overslade,E05008985,7701,2593,4164,27,192,11,110,82,45,477
2021,Eastlands,E05008986,8584,3264,3995,51,458,8,194,64,36,514
2021,Wolvey and Shilton,E05008988,2939,997,1526,51,133,3,24,33,44,128
2021,Aldershot Park,E05008989,7008,2647,3231,206,205,6,231,2,50,430
2021,Cherrywood,E05008990,8806,3224,2740,1058,868,0,215,12,264,425
2021,Cove and Southwood,E05008991,7352,3122,3261,157,195,3,182,22,77,333
2021,Empress,E05008992,6565,2652,2799,121,412,5,140,17,58,361
2021,Fernhill (Rushmoor),E05008993,7032,3013,3081,141,194,1,113,5,61,423
2021,Knellwood,E05008994,7427,2860,3755,54,204,10,132,15,34,363
2021,Manor Park (Rushmoor),E05008995,9297,2684,3898,802,904,8,307,19,132,543
2021,North Town,E05008996,7847,3151,3377,294,329,2,250,7,58,379
2021,Rowhill,E05008997,7250,2354,3480,335,382,7,176,23,83,410
2021,St John's (Rushmoor),E05008998,7066,3003,3180,128,182,4,114,29,44,382
2021,St Mark's (Rushmoor),E05008999,8497,3593,3445,238,407,6,187,13,75,533
2021,Wellington (Rushmoor),E05009000,8770,2974,2983,781,1056,2,312,28,231,403
2021,West Heath (Rushmoor),E05009001,6836,2577,2939,418,370,6,105,5,77,339
2021,Broxbourne and Hoddesdon South,E05009002,9040,2819,5409,37,60,47,131,14,51,472
2021,Cheshunt North,E05009003,9428,2980,5003,34,106,31,518,17,192,547
2021,Cheshunt South and Theobalds,E05009004,9364,2766,5037,71,187,13,431,12,223,624
2021,Flamstead End,E05009005,8821,3127,4521,34,96,18,349,8,172,496
2021,Goffs Oak,E05009006,9272,2687,5160,45,252,80,363,35,103,547
2021,Hoddesdon North,E05009007,9790,3782,5102,34,57,37,144,16,36,582
2021,Hoddesdon Town and Rye Park,E05009008,10161,3999,5178,34,41,35,226,15,68,565
2021,Rosedale and Bury Green,E05009009,9777,3323,4992,63,98,35,513,7,189,557
2021,Waltham Cross,E05009010,11939,3015,6363,75,142,35,1161,19,421,708
2021,Wormley and Turnford,E05009011,11420,4216,5727,52,111,34,412,15,147,706
2021,Annfield Plain,E05009030,8079,3591,3946,15,10,3,70,28,71,345
2021,Aycliffe East,E05009031,8318,3473,4377,7,3,6,11,4,24,413
2021,Aycliffe North and Middridge,E05009032,10755,4151,5913,21,10,2,45,25,44,544
2021,Aycliffe West,E05009033,7754,3569,3678,15,5,5,38,4,33,407
2021,Barnard Castle East,E05009034,8358,2630,5231,33,3,0,13,4,32,412
2021,Barnard Castle West,E05009035,8295,2587,5134,12,7,3,49,1,43,459
2021,Belmont (County Durham),E05009036,13626,4890,7543,62,131,11,236,23,48,682
2021,Benfieldside,E05009037,8169,2883,4818,14,12,7,54,3,43,335
2021,Bishop Auckland Town,E05009038,7893,2705,4713,21,10,1,19,7,31,386
2021,Bishop Middleham and Cornforth,E05009039,3682,1399,2033,7,7,0,8,1,14,213
2021,Blackhalls,E05009040,7874,2772,4561,14,7,2,17,8,55,438
2021,Brandon,E05009041,10266,4083,5501,30,31,5,76,2,35,503
2021,Burnopfield and Dipton,E05009042,7920,3278,4199,19,6,2,26,11,25,354
2021,Chester-le-Street East,E05009043,3448,1224,1993,12,0,2,15,7,31,164
2021,Chester-le-Street North,E05009044,3789,1454,2143,6,4,0,20,7,3,152
2021,Chester-le-Street South,E05009045,7268,2480,4361,14,14,0,44,28,14,313
2021,Chester-le-Street West Central,E05009046,7904,3579,3835,17,18,3,39,14,35,364
2021,Chilton (County Durham),E05009047,4695,1949,2419,16,4,5,11,3,28,260
2021,Consett North,E05009048,7875,2637,4818,11,6,2,15,4,19,363
2021,Consett South,E05009049,5484,2237,2906,5,23,3,19,44,29,218
2021,Coundon,E05009050,4351,1553,2558,7,1,1,14,0,18,199
2021,Coxhoe,E05009051,13051,5216,6982,25,34,6,74,25,65,624
2021,Craghead and South Moor,E05009052,8499,4107,3874,15,5,1,50,12,61,374
2021,Crook,E05009053,12335,4644,6897,20,8,3,43,17,55,648
2021,Dawdon,E05009054,8724,3366,4832,20,10,2,39,44,18,393
2021,Deerness,E05009055,12838,5269,6774,21,17,4,96,10,58,589
2021,Delves Lane,E05009056,8360,2914,5023,14,5,1,11,21,38,333
2021,Deneside,E05009057,6962,2600,3938,8,5,3,39,11,30,328
2021,Durham South,E05009058,1496,441,951,2,2,3,14,6,7,70
2021,Easington,E05009059,7641,2899,4318,15,0,3,4,6,42,354
2021,Elvet and Gilesgate,E05009060,9548,4512,3195,93,90,50,242,12,72,1282
2021,Esh and Witton Gilbert,E05009061,7922,3064,4356,17,6,1,29,9,31,409
2021,Evenwood,E05009062,8059,2655,4918,9,16,6,6,3,14,432
2021,Ferryhill,E05009063,11046,4634,5751,20,14,7,50,11,42,517
2021,Framwellgate and Newton Hall,E05009064,13917,4739,7761,102,96,15,345,24,114,721
2021,Horden,E05009065,7202,3123,3671,12,5,5,44,8,33,301
2021,Lanchester,E05009066,7636,2334,4882,17,5,0,28,12,20,338
2021,Leadgate and Medomsley,E05009067,8636,3111,4976,21,11,5,30,9,39,434
2021,Lumley,E05009068,7278,2803,4083,16,4,4,22,29,21,296
2021,Murton,E05009069,7617,2801,4420,11,1,3,12,21,8,340
2021,Neville's Cross,E05009070,13627,6138,5119,89,129,51,277,29,82,1713
2021,North Lodge,E05009071,3905,1330,2359,8,20,1,9,9,9,160
2021,Passfield,E05009072,4539,1572,2718,5,9,0,14,7,7,207
2021,Pelton,E05009073,12840,5194,6883,20,7,7,52,49,51,577
2021,Peterlee East,E05009074,7717,3678,3576,7,11,3,17,2,22,401
2021,Peterlee West,E05009075,8073,3639,4013,5,15,2,11,8,17,363
2021,Sacriston,E05009076,7581,3162,3917,37,8,3,32,17,31,374
2021,Seaham,E05009077,6586,1997,4177,20,0,5,58,27,25,277
2021,Sedgefield,E05009078,8156,2796,4863,19,5,2,30,8,17,416
2021,Sherburn,E05009079,8488,3098,4917,12,8,0,26,7,33,387
2021,Shildon and Dene Valley,E05009080,13494,5502,7153,31,8,6,45,11,58,680
2021,Shotton and South Hetton,E05009081,9328,3399,5351,27,6,3,42,30,41,429
2021,Spennymoor,E05009082,11415,4218,6500,12,6,5,31,25,47,571
2021,Stanley (County Durham),E05009083,8746,3998,4258,23,11,1,39,5,24,387
2021,Tanfield,E05009084,7991,3326,4213,13,5,0,49,16,36,333
2021,Tow Law,E05009085,4643,1910,2467,12,5,1,9,2,24,213
2021,Trimdon and Thornley,E05009086,12756,4868,7172,14,18,2,19,10,45,608
2021,Tudhoe,E05009087,9533,3781,5123,21,15,1,49,16,32,495
2021,Weardale,E05009088,7828,2624,4752,12,10,4,16,1,53,356
2021,West Auckland,E05009089,8788,3080,5208,21,21,0,39,14,25,380
2021,Willington and Hunwick,E05009090,8955,3283,5076,24,12,3,14,13,35,495
2021,Wingate,E05009091,4266,1615,2464,2,3,0,7,4,10,161
2021,Woodhouse Close,E05009092,8237,3126,4599,40,15,1,20,11,24,401
2021,Alnwick,E05009093,10322,3601,6099,21,5,1,38,11,36,510
2021,Amble,E05009094,5082,1902,2911,12,6,2,18,0,23,208
2021,Amble West with Warkworth,E05009095,4093,1357,2502,20,1,6,2,3,13,189
2021,Ashington Central,E05009096,4710,2250,2133,6,1,5,47,15,14,239
2021,Bamburgh,E05009097,4189,1328,2597,9,0,4,3,1,28,219
2021,Bedlington Central,E05009098,5106,1843,2940,11,0,1,8,15,17,271
2021,Bedlington East,E05009099,4565,2064,2214,5,2,0,25,16,38,201
2021,Bedlington West,E05009100,4613,1702,2701,4,4,0,16,9,9,168
2021,Bellingham (Northumberland),E05009101,3761,1252,2212,27,0,0,9,2,36,223
2021,Berwick East,E05009102,4715,2097,2277,5,1,1,19,0,16,299
2021,Berwick North,E05009103,4327,1728,2299,9,5,1,16,11,16,242
2021,Berwick West with Ord,E05009104,4242,1613,2293,5,5,0,32,2,6,286
2021,Bywell,E05009106,4448,1715,2435,10,1,1,11,10,43,222
2021,Choppington,E05009107,4571,2066,2232,4,1,1,23,7,23,214
2021,College (Northumberland),E05009108,4758,2079,2386,12,1,3,30,16,21,210
2021,Corbridge,E05009109,4014,1307,2481,6,4,4,11,0,13,188
2021,Cowpen,E05009110,4162,2234,1686,3,3,1,26,7,15,187
2021,Cramlington East,E05009111,4313,2119,1902,12,2,3,45,4,18,208
2021,Cramlington Eastfield,E05009112,5106,2397,2452,14,1,2,20,6,14,200
2021,Cramlington North,E05009113,4791,1787,2678,9,6,3,8,5,14,281
2021,Cramlington South East,E05009114,4457,1570,2612,5,0,1,18,11,20,220
2021,Cramlington Village,E05009115,4346,1765,2300,8,6,2,37,3,14,211
2021,Cramlington West,E05009116,7067,3537,3067,6,5,4,24,13,30,381
2021,Croft (Northumberland),E05009117,4582,2308,1834,6,1,0,97,14,20,302
2021,Druridge Bay,E05009118,6747,2629,3588,23,8,8,60,17,33,381
2021,Haltwhistle,E05009119,4649,1566,2700,15,0,6,5,1,38,318
2021,Hartley,E05009120,4720,1849,2596,5,3,1,13,7,15,231
2021,Haydon,E05009121,4214,1605,2387,17,2,4,18,0,12,169
2021,Haydon and Hadrian,E05009122,4443,1644,2510,6,1,0,1,1,16,264
2021,Hexham Central with Acomb,E05009123,4464,1725,2406,15,4,1,11,6,24,272
2021,Hexham East,E05009124,4311,1644,2371,11,5,1,11,8,24,236
2021,Hexham West,E05009125,3868,1444,2143,10,11,4,16,5,11,224
2021,Hirst,E05009126,5101,2598,2136,7,11,0,54,23,25,247
2021,Holywell (Northumberland),E05009127,4853,1982,2569,9,2,1,18,2,23,247
2021,Humshaugh,E05009128,4142,1354,2549,10,6,6,8,3,21,185
2021,Isabella,E05009129,4491,2284,1925,7,8,3,57,10,15,182
2021,Kitty Brewster,E05009130,7346,3869,3034,14,1,3,37,23,20,345
2021,Longhorsley,E05009131,4506,1637,2607,8,9,8,10,8,12,207
2021,Longhoughton,E05009132,4325,1451,2586,20,1,2,5,0,28,232
2021,Lynemouth,E05009133,4441,1785,2388,16,1,1,10,11,13,216
2021,Morpeth Kirkhill,E05009134,5344,2013,3004,20,8,4,18,8,28,241
2021,Morpeth North,E05009135,4608,1700,2598,12,6,5,41,9,15,222
2021,Morpeth Stobhill,E05009136,4815,1753,2774,6,0,6,35,15,23,203
2021,Newbiggin Central and East,E05009137,4433,1777,2322,9,1,1,20,1,23,279
2021,Norham and Islandshires,E05009139,4131,1494,2323,16,2,7,3,7,17,262
2021,Plessey,E05009141,3719,1548,1958,11,5,0,17,0,21,159
2021,Ponteland East and Stannington,E05009142,4941,1622,2930,5,33,5,37,48,15,246
2021,Ponteland North,E05009143,5334,1817,2966,14,54,2,55,93,16,317
2021,Ponteland South with Heddon,E05009144,4132,1241,2451,18,77,3,88,48,10,196
2021,Ponteland West,E05009145,4309,1438,2448,9,53,2,76,41,25,217
2021,Prudhoe North,E05009146,5037,1950,2756,5,5,3,18,10,22,268
2021,Prudhoe South,E05009147,5698,2456,2861,11,10,1,14,7,36,302
2021,Rothbury,E05009148,4868,1652,2908,16,1,3,18,0,19,251
2021,Seaton with Newbiggin West,E05009149,6113,2717,3035,19,4,1,32,12,16,277
2021,Shilbottle,E05009151,5413,1932,3164,7,4,6,9,0,18,273
2021,Sleekburn,E05009152,4290,2002,1999,13,2,1,14,8,20,231
2021,South Blyth,E05009153,4682,1861,2624,7,1,3,7,8,4,167
2021,South Tynedale,E05009154,4722,1726,2653,40,2,2,6,6,23,264
2021,Stakeford,E05009155,4435,1622,2557,2,2,0,21,6,23,202
2021,Stocksfield and Broomhaugh,E05009156,4784,1799,2668,10,0,2,15,0,27,263
2021,Wensleydale,E05009157,5365,2489,2533,19,0,3,35,5,19,262
2021,Wooler,E05009158,4346,1451,2596,11,1,3,6,2,24,252
2021,"Gobowen, Selattyn and Weston Rhyn",E05009281,6944,2690,3737,24,12,4,40,6,32,399
2021,Oswestry East,E05009282,9409,3604,5004,18,32,0,85,8,28,630
2021,Oswestry South,E05009283,4412,1638,2367,19,9,6,55,6,18,294
2021,Oswestry West,E05009284,3688,1393,2031,11,3,3,13,0,16,218
2021,Ruyton and Baschurch,E05009285,4363,1597,2485,6,5,3,6,10,12,239
2021,St Oswald (Shropshire),E05009286,4829,1775,2740,5,1,1,17,4,15,271
2021,Whittington,E05009287,4440,1553,2542,9,9,0,45,4,31,247
2021,Chopwell and Rowlands Gill,E05009313,8831,3940,4379,18,8,5,84,4,49,344
2021,Walkern,E05009315,2809,1197,1420,9,2,14,2,6,6,153
2021,Manor (Stevenage),E05009316,6434,2677,3054,22,95,6,130,14,46,390
2021,Bethnal Green,E05009317,21091,6052,4394,230,309,82,8418,85,106,1415
2021,Blackwall & Cubitt Town,E05009318,21425,6539,5550,311,1220,95,5625,104,160,1821
2021,Bow East,E05009319,19523,7384,5059,121,135,112,5346,66,129,1171
2021,Bow West,E05009320,13711,4846,3443,105,106,75,4172,68,80,816
2021,Bromley North,E05009321,11702,2549,2459,111,156,27,5596,48,24,732
2021,Bromley South,E05009322,13959,2847,2797,132,163,39,6934,28,49,970
2021,Canary Wharf,E05009323,17978,5397,4884,270,1033,79,4704,85,115,1411
2021,Island Gardens,E05009324,15303,4262,4868,226,669,54,3930,39,110,1145
2021,Lansbury,E05009325,21707,4154,5178,203,367,46,10317,45,81,1316
2021,Limehouse,E05009326,6554,2146,2042,73,167,43,1435,39,59,550
2021,Mile End (Tower Hamlets),E05009327,21653,5148,4279,145,236,52,10181,48,83,1481
2021,Poplar (Tower Hamlets),E05009328,8069,1321,1595,51,163,18,4389,20,35,477
2021,St Dunstan's,E05009329,14748,2612,2480,94,137,59,8495,35,56,780
2021,St Katharine's & Wapping,E05009330,11960,4389,3843,111,281,78,2194,39,80,945
2021,St Peter's (Tower Hamlets),E05009331,19780,6136,3558,167,115,110,8111,45,146,1392
2021,Shadwell,E05009332,13277,1977,2239,86,120,62,7912,11,60,810
2021,Spitalfields & Banglatown,E05009333,13339,3538,2134,161,271,69,6079,27,72,988
2021,Stepney Green,E05009334,12347,2037,2216,64,63,72,7003,25,46,821
2021,Weavers,E05009335,13339,4337,2771,112,97,104,4972,36,68,842
2021,Whitechapel,E05009336,18842,4963,3433,189,489,64,8099,76,97,1432
2021,Baylis and Stoke,E05009337,10448,822,2152,15,413,3,5147,1285,37,574
2021,Britwell and Northborough,E05009338,11576,2604,4713,35,545,5,2438,588,41,607
2021,Central (Slough),E05009339,13015,1270,4214,81,1037,9,4910,665,76,753
2021,Chalvey,E05009340,13464,1234,3871,71,880,7,5747,698,53,903
2021,Cippenham Green,E05009341,10436,2030,3752,42,733,3,2405,952,42,477
2021,Cippenham Meadows,E05009342,12452,1785,4204,88,873,4,3475,1287,46,690
2021,Colnbrook with Poyle,E05009343,6418,1050,2762,52,397,8,873,868,26,382
2021,Elliman,E05009344,10495,859,2972,23,565,6,4093,1412,48,517
2021,Farnham,E05009345,11298,1123,3459,46,645,7,3588,1879,49,502
2021,Foxborough,E05009346,3916,649,1603,17,259,2,839,258,15,274
2021,Haymill and Lynch Hill,E05009347,10319,2385,4239,43,636,4,1470,913,43,586
2021,Langley Kedermister,E05009348,10624,1563,3449,67,1411,6,2237,1238,73,580
2021,Langley St Mary's,E05009349,11773,1681,3846,68,1678,8,2062,1772,67,591
2021,Upton (Slough),E05009350,10679,737,2311,90,1754,10,2823,2362,62,530
2021,Wexham Lea,E05009351,11599,934,3119,38,518,4,4554,1811,39,582
2021,Blackwater and Hawley,E05009352,9243,3826,4208,155,266,10,130,52,59,537
2021,Crookham East,E05009353,7346,3029,3699,40,38,8,29,19,25,459
2021,Crookham West and Ewshot,E05009354,11234,4865,5367,90,111,12,75,12,56,646
2021,Fleet Central,E05009355,8936,3654,4393,56,153,11,88,31,36,514
2021,Fleet East,E05009356,7892,3241,3882,25,131,8,86,55,34,430
2021,Fleet West,E05009357,9416,3948,4447,47,202,13,152,31,31,545
2021,Hartley Wintney,E05009358,9569,3726,5166,31,23,13,37,29,31,513
2021,Hook,E05009359,9659,4060,4737,44,108,10,93,41,28,538
2021,Odiham,E05009360,9152,3483,5010,46,32,7,34,7,38,495
2021,Yateley East,E05009361,8430,3397,4355,70,80,9,26,8,29,456
2021,Yateley West,E05009362,8528,3669,4197,28,43,15,55,35,38,448
2021,Burford,E05009363,1977,697,1152,10,3,6,3,2,15,89
2021,Brize Norton and Shilton,E05009364,3536,1682,1594,21,11,4,17,0,15,192
2021,Carterton North West,E05009365,5445,2406,2641,23,9,1,31,1,18,315
2021,Brownswood,E05009367,9015,4071,2571,94,85,243,944,71,216,720
2021,Cazenove,E05009368,15334,3447,3167,70,34,3668,2309,136,289,2214
2021,Clissold,E05009369,12580,6154,3424,116,72,330,1175,98,217,994
2021,Dalston,E05009370,8879,4254,2474,73,68,146,984,62,132,686
2021,De Beauvoir,E05009371,9195,3974,3091,56,50,136,1027,48,170,643
2021,Hackney Central,E05009372,12720,4991,4260,156,102,144,1825,143,248,851
2021,Hackney Downs,E05009373,12998,5033,3887,120,77,155,2289,141,358,938
2021,Hackney Wick,E05009374,12308,4394,4815,116,52,112,1664,69,222,864
2021,Haggerston,E05009375,14408,5688,4699,155,99,148,2246,43,295,1035
2021,Homerton,E05009376,13883,4684,5302,190,102,136,2145,113,279,932
2021,Hoxton East & Shoreditch,E05009377,11769,4832,3944,153,148,110,1380,57,269,876
2021,Hoxton West,E05009378,13752,5077,5032,169,161,201,1676,105,282,1049
2021,King's Park,E05009379,13061,4073,5161,88,74,54,2313,114,225,959
2021,Lea Bridge (Hackney),E05009380,14124,5524,3715,111,350,351,2366,106,167,1434
2021,London Fields,E05009381,12684,5500,3868,122,117,151,1699,37,280,910
2021,Shacklewell,E05009382,9124,3444,2855,79,109,114,1494,80,217,732
2021,Springfield,E05009383,15321,2317,3502,60,43,5461,1607,94,252,1985
2021,Stamford Hill West,E05009384,10342,1800,1930,41,12,4138,639,80,166,1536
2021,Stoke Newington,E05009385,13381,6476,3572,93,98,434,1466,106,182,954
2021,Victoria (Hackney),E05009386,12158,4945,4356,152,54,169,1388,61,170,863
2021,Woodberry Down,E05009387,12113,3439,3873,131,91,1027,1942,105,240,1265
2021,Abingdon,E05009388,7894,2083,3772,123,109,187,855,11,76,678
2021,Brompton & Hans Town,E05009389,7788,1725,3675,83,92,199,805,21,50,1138
2021,Campden,E05009390,8624,2314,4142,97,141,370,525,23,43,969
2021,Chelsea Riverside,E05009391,7632,1585,3877,69,75,83,1237,16,74,616
2021,Colville,E05009392,8574,2490,3925,95,41,135,996,21,89,782
2021,Courtfield,E05009393,8332,2338,3917,92,144,225,597,28,74,917
2021,Dalgarno,E05009394,7212,1370,3488,37,30,38,1693,7,33,516
2021,Earl's Court,E05009395,8937,2633,4151,183,116,87,804,24,28,911
2021,Golborne,E05009396,8804,1939,3382,67,50,54,2445,13,67,787
2021,Holland,E05009397,9102,1971,4298,122,114,172,1410,19,58,938
2021,Norland,E05009398,5702,1701,2870,73,44,155,324,9,37,489
2021,Notting Dale,E05009399,9137,1613,4216,73,34,52,2069,13,42,1025
2021,Pembridge,E05009400,5384,1689,2366,87,72,109,289,19,49,704
2021,Queen's Gate,E05009401,7906,2066,3845,111,168,186,534,33,79,884
2021,Redcliffe,E05009402,9194,2429,4919,81,125,177,520,36,96,811
2021,Royal Hospital,E05009403,8416,1719,5130,63,80,182,451,9,64,718
2021,St. Helen's (Kensington and Chelsea),E05009404,6160,1899,2954,63,19,109,577,5,47,487
2021,Stanley (Kensington and Chelsea),E05009405,8584,2045,4408,84,131,161,735,11,60,949
2021,Bletchley East,E05009406,17933,6905,7535,87,392,12,1768,87,73,1074
2021,Bletchley Park,E05009407,15852,5847,7261,57,319,29,1330,75,84,850
2021,Bletchley West,E05009408,14905,5564,7005,69,403,8,843,60,76,877
2021,Bradwell (Milton Keynes),E05009409,13288,4917,5486,41,691,24,1151,113,102,763
2021,Broughton (Milton Keynes),E05009410,20565,6996,8290,144,1714,33,1756,222,119,1291
2021,Campbell Park & Old Woughton,E05009411,13669,4512,6382,66,852,21,902,120,81,733
2021,Central Milton Keynes,E05009412,16486,4615,6953,129,1418,10,2059,111,140,1051
2021,Danesborough & Walton,E05009413,14305,6071,6397,114,319,17,476,62,57,792
2021,Loughton & Shenley,E05009414,14811,5126,6108,81,1184,29,1099,245,63,876
2021,Monkston,E05009415,13409,5190,5815,67,522,26,807,119,65,798
2021,Newport Pagnell North & Hanslope,E05009416,13304,5979,6115,24,103,19,229,41,76,718
2021,Newport Pagnell South,E05009417,11870,5440,5265,32,139,21,167,63,56,687
2021,Olney,E05009418,12437,5092,6325,56,69,29,58,22,41,745
2021,Shenley Brook End,E05009419,13980,5355,5581,76,972,19,820,172,95,890
2021,Stantonbury,E05009420,16078,6364,6960,48,544,30,1083,71,90,888
2021,Stony Stratford,E05009421,16431,6874,6101,92,1170,11,1096,99,93,895
2021,Tattenhoe,E05009422,12952,4853,4948,71,1420,16,735,185,58,666
2021,Wolverton,E05009423,16195,7085,5939,81,247,18,1844,27,78,876
2021,Woughton & Fishermead,E05009424,18593,6169,8469,68,435,13,2260,65,111,1003
2021,Abbots Langley & Bedmond,E05009425,6456,2180,3600,16,149,62,86,14,22,327
2021,Carpenders Park,E05009426,6948,1629,3341,47,930,143,390,33,87,348
2021,Chorleywood North & Sarratt,E05009427,6961,1696,3231,24,856,201,274,170,79,430
2021,Chorleywood South & Maple Cross,E05009428,7938,2830,4008,26,264,116,153,36,48,457
2021,Dickinsons,E05009429,6468,2267,2928,38,466,86,199,48,71,365
2021,Durrants,E05009430,7064,2250,3678,25,404,72,180,56,41,358
2021,Gade Valley,E05009431,6934,2693,3386,27,145,54,186,9,26,408
2021,Leavesden,E05009432,8556,2707,3979,46,772,140,333,56,40,483
2021,Moor Park & Eastbury,E05009433,6144,925,1708,43,1655,269,731,248,218,347
2021,Oxhey Hall & Hayling,E05009434,7566,2267,3720,43,653,100,309,42,72,360
2021,Penn & Mill End,E05009435,7200,2506,3533,43,373,48,183,45,37,432
2021,Rickmansworth Town,E05009436,7658,2443,3838,51,417,132,152,57,80,488
2021,South Oxhey,E05009437,7878,2524,3705,57,706,42,283,31,49,481
2021,Arrow,E05009438,3653,1321,2052,4,2,4,10,0,22,238
2021,Aylestone Hill,E05009439,3474,1187,1956,3,15,2,10,6,11,284
2021,Backbury,E05009440,3200,1120,1817,11,12,4,9,1,21,205
2021,Belmont Rural,E05009441,3656,1360,2006,9,9,0,20,1,3,248
2021,Birch (Herefordshire),E05009442,3071,1070,1732,7,0,0,3,0,14,245
2021,Bircher,E05009443,3818,1326,2221,21,4,4,3,1,11,227
2021,Bishops Frome & Cradley,E05009444,3072,1054,1776,14,7,7,4,0,17,193
2021,Bobblestock,E05009445,3387,1235,1896,11,13,2,10,2,16,202
2021,Bromyard Bringsty,E05009446,3463,1234,1919,10,14,1,10,2,17,256
2021,Bromyard West,E05009447,3280,1303,1677,6,3,1,9,1,17,263
2021,Castle (Herefordshire),E05009448,3150,1103,1788,11,7,6,4,2,18,211
2021,Central (Herefordshire),E05009449,3414,1393,1578,24,28,0,65,13,27,286
2021,College (Herefordshire),E05009450,3735,1433,1949,15,24,1,52,4,12,245
2021,Dinedor Hill,E05009452,3582,1323,1966,12,4,2,6,0,14,255
2021,Eign Hill,E05009453,3580,1270,1998,12,14,1,24,1,14,246
2021,Golden Valley North,E05009454,3044,1246,1535,9,4,2,2,2,9,235
2021,Golden Valley South,E05009455,3287,1187,1802,22,4,2,1,0,22,247
2021,Greyfriars (Herefordshire),E05009456,3876,1689,1797,21,9,11,39,0,32,278
2021,Hagley (Herefordshire),E05009457,4299,1634,2335,16,0,3,19,18,25,249
2021,Hampton (Herefordshire),E05009458,3488,1085,2118,12,0,2,3,0,27,241
2021,Hinton & Hunderton,E05009459,4385,1836,2135,3,9,4,22,9,39,328
2021,Holmer,E05009460,4226,1432,2437,12,21,10,33,2,13,266
2021,Hope End,E05009461,3571,1233,1991,24,2,4,7,0,15,295
2021,Kerne Bridge,E05009462,3093,1261,1569,14,3,4,2,1,27,212
2021,Kings Acre,E05009463,3245,1043,1947,4,3,3,17,3,11,214
2021,Kington (Herefordshire),E05009464,3223,1301,1626,6,8,0,10,5,19,248
2021,Ledbury North,E05009465,2876,1016,1570,14,0,2,17,1,22,234
2021,Ledbury South,E05009466,3544,1160,2096,9,2,1,11,3,22,240
2021,Ledbury West,E05009467,3572,1319,2020,9,3,0,8,0,11,202
2021,Leominster East,E05009468,4260,1683,2206,27,8,5,21,8,21,281
2021,Leominster North & Rural,E05009469,3923,1509,2099,13,2,0,7,1,24,268
2021,Leominster South,E05009470,3209,1194,1772,19,6,6,5,0,18,189
2021,Leominster West,E05009471,2765,1021,1549,12,3,0,7,0,7,166
2021,Llangarron,E05009472,3357,1231,1852,10,0,2,14,1,23,224
2021,Mortimer,E05009473,3316,1326,1724,7,5,5,10,1,12,226
2021,Newton Farm,E05009474,4528,1839,2300,4,8,6,44,0,13,314
2021,Old Gore,E05009475,3107,1030,1827,17,1,5,2,0,33,192
2021,Penyard,E05009476,3527,1241,2072,11,3,0,2,1,11,186
2021,Red Hill,E05009478,4003,1542,2083,8,3,0,35,0,18,314
2021,Ross East,E05009479,3878,1432,2077,14,5,3,15,0,12,320
2021,Ross North,E05009480,3644,1349,1947,12,13,1,14,0,24,284
2021,Ross West,E05009481,3465,1302,1863,23,7,6,19,4,17,224
2021,Saxon Gate,E05009482,4040,1585,2016,37,45,0,19,4,15,319
2021,Three Crosses,E05009485,3557,1125,2172,3,1,6,10,5,18,217
2021,Tupsley,E05009486,3075,953,1824,11,9,0,22,0,8,248
2021,Weobley,E05009487,3695,1327,2085,20,7,1,3,0,13,239
2021,Whitecross,E05009488,3755,1421,2007,6,6,1,29,1,21,263
2021,Widemarsh,E05009489,3182,1176,1728,10,5,1,21,3,14,224
2021,Wormside,E05009490,3674,1279,2074,5,5,3,18,5,16,269
2021,Bassenhally,E05009491,5529,2362,2733,15,6,4,45,10,23,331
2021,"Benwick, Coates & Eastrea",E05009492,4681,1982,2399,2,10,5,19,9,21,234
2021,Birch (Fenland),E05009493,2542,1154,1209,5,4,2,6,0,12,150
2021,Clarkson,E05009494,2772,905,1573,0,10,2,35,0,14,233
2021,Doddington & Wimblington,E05009495,4902,2018,2528,3,10,3,14,4,17,305
2021,Elm & Christchurch,E05009496,4921,1965,2609,5,6,1,7,4,23,301
2021,Kirkgate,E05009497,2609,960,1439,1,5,4,15,14,6,165
2021,Lattersey,E05009498,2735,1025,1541,5,1,1,6,0,13,143
2021,Manea,E05009499,2810,1372,1251,4,0,2,6,0,28,147
2021,March East,E05009500,7658,3204,3776,16,13,13,52,12,38,534
2021,March North,E05009501,7814,3340,3671,32,14,15,179,15,66,482
2021,March West,E05009502,7486,3029,3899,20,14,7,25,0,39,453
2021,Medworth,E05009503,3139,972,1878,15,8,0,52,1,18,195
2021,Octavia Hill,E05009504,5703,1921,3341,14,13,4,37,11,27,335
2021,Parson Drove & Wisbech St Mary,E05009505,5439,2225,2867,6,3,6,12,4,27,289
2021,Peckover,E05009506,2470,863,1360,6,15,8,13,7,13,185
2021,Roman Bank,E05009507,6808,2484,3742,23,19,3,18,1,32,486
2021,St Andrews (Fenland),E05009508,2961,1057,1653,7,12,2,35,1,20,174
2021,Slade Lode,E05009509,2988,1545,1200,16,14,12,21,2,17,161
2021,Staithe,E05009510,2403,857,1383,7,0,0,7,3,10,136
2021,Stonald,E05009511,2894,1192,1474,2,6,2,35,4,4,175
2021,The Mills,E05009512,2785,1267,1320,6,0,4,12,8,10,158
2021,Waterlees Village,E05009513,5698,2028,3196,11,7,5,21,0,16,414
2021,Wenneye,E05009514,2702,1170,1312,18,16,2,10,0,19,155
2021,Abbey (Swale),E05009544,5270,2495,2345,29,17,1,35,5,13,330
2021,"Bobbing, Iwade and Lower Halstow",E05009545,6439,3103,2885,12,47,9,18,7,34,324
2021,Borden and Grove Park,E05009546,6439,2653,3249,11,31,6,58,18,21,392
2021,Boughton and Courtenay,E05009547,5797,2385,3038,11,14,6,11,3,23,306
2021,Chalkwell (Swale),E05009548,3682,1646,1676,12,46,1,85,21,21,174
2021,East Downs,E05009549,2761,1062,1469,12,0,3,19,1,19,176
2021,"Hartlip, Newington and Upchurch",E05009550,6600,2676,3480,15,28,2,35,29,19,316
2021,Homewood,E05009551,6250,2802,2994,26,3,4,64,9,37,311
2021,Kemsley,E05009552,6792,3113,3192,16,49,2,49,3,30,338
2021,Milton Regis,E05009553,6018,2700,2919,4,16,1,52,12,20,294
2021,Minster Cliffs,E05009554,7859,3269,4087,15,32,5,45,15,37,354
2021,Murston,E05009555,6942,3173,3246,7,27,5,75,5,30,374
2021,Priory (Swale),E05009556,2901,1447,1298,5,6,1,5,4,15,120
2021,Queenborough and Halfway,E05009557,8260,3928,3752,21,36,8,94,4,27,390
2021,Roman (Swale),E05009558,6938,3147,3205,19,47,2,114,2,27,375
2021,St Ann's (Swale),E05009559,5498,2505,2598,13,6,7,33,2,31,303
2021,Sheerness,E05009560,13250,7324,4939,32,31,8,189,20,73,634
2021,Sheppey Central,E05009561,9169,4416,4146,19,28,8,84,8,39,421
2021,Sheppey East,E05009562,8353,3337,4038,51,18,14,268,11,55,561
2021,Teynham and Lynsted,E05009563,6762,3075,3250,21,11,2,42,4,19,338
2021,The Meads,E05009564,4027,2035,1728,11,32,1,50,12,11,147
2021,Watling (Swale),E05009565,6767,3204,3066,22,21,14,52,4,24,360
2021,West Downs,E05009566,2908,1075,1650,2,9,3,2,1,26,140
2021,Woodstock (Swale),E05009567,5989,2213,3312,15,35,7,50,7,18,332
2021,Aylesford North and Walderslade,E05009568,6321,2720,3083,19,44,8,44,39,25,339
2021,Aylesford South,E05009569,5354,2216,2679,11,46,6,59,16,21,300
2021,Borough Green and Long Mill,E05009570,7754,3023,4035,21,29,12,92,24,37,481
2021,Burham and Wouldham,E05009571,4068,2053,1740,14,17,5,35,14,13,177
2021,Cage Green,E05009572,4503,1755,2386,10,32,4,45,7,13,251
2021,Castle (Tonbridge and Malling),E05009573,4946,1979,2464,11,77,10,79,3,23,300
2021,Ditton,E05009574,4957,2030,2582,14,26,4,20,6,13,262
2021,Downs and Mereworth,E05009575,4614,1802,2459,13,21,7,29,12,16,255
2021,Hadlow and East Peckham,E05009577,7213,2935,3749,15,27,9,48,8,29,393
2021,Higham (Tonbridge and Malling),E05009578,4786,1926,2470,15,23,14,30,2,17,289
2021,Hildenborough,E05009579,4978,1831,2714,4,30,9,25,6,14,345
2021,Judd,E05009580,5428,2571,2231,28,147,4,93,9,29,316
2021,Larkfield North,E05009582,4894,2117,2389,24,10,3,38,1,16,296
2021,Larkfield South,E05009583,4326,1886,2097,6,17,5,28,13,18,256
2021,Medway,E05009584,7439,3374,3172,47,186,3,184,3,31,439
2021,Snodland East and Ham Hill,E05009585,5104,2625,2159,4,15,4,38,4,21,234
2021,Snodland West and Holborough Lakes,E05009586,6725,3120,3093,36,37,3,53,18,24,341
2021,Trench,E05009587,4845,2245,2146,34,51,5,85,7,19,253
2021,Vauxhall (Tonbridge and Malling),E05009588,5257,2478,2198,22,129,8,80,6,13,323
2021,Wateringbury,E05009589,1977,774,1086,10,13,1,7,0,7,79
2021,West Malling and Leybourne,E05009590,7251,3134,3540,29,46,13,44,15,33,397
2021,"Wrotham, Ightham and Stansted",E05009591,4524,1707,2507,9,13,11,25,10,21,221
2021,Bare,E05009592,6892,2214,4197,22,5,6,22,10,25,391
2021,Bolton & Slyne,E05009593,7243,2053,4723,12,2,7,26,4,24,392
2021,Bulk,E05009594,9505,4129,3928,70,86,19,300,12,69,892
2021,Carnforth & Millhead,E05009595,6044,2215,3431,8,1,4,36,5,11,333
2021,Castle (Lancaster),E05009596,5454,2553,1780,42,53,14,500,12,58,442
2021,Ellel,E05009597,4315,1355,2632,10,34,0,29,3,11,241
2021,Halton-with-Aughton,E05009598,2887,1074,1618,23,7,2,4,2,10,147
2021,Harbour,E05009599,7726,3253,3821,24,28,5,46,2,44,503
2021,Heysham Central,E05009600,4719,1616,2792,13,8,0,18,7,12,253
2021,Heysham North,E05009601,4801,2069,2344,14,3,5,32,2,36,296
2021,Heysham South,E05009602,6773,2488,3847,9,9,5,22,4,22,367
2021,John O'Gaunt,E05009603,7125,2932,3063,47,82,9,371,9,81,531
2021,Kellet,E05009604,2279,707,1461,7,4,1,1,0,11,87
2021,Lower Lune Valley,E05009605,4534,1345,2861,13,7,1,19,1,17,270
2021,Marsh,E05009606,6161,2753,2673,49,37,5,175,12,43,414
2021,Overton (Lancaster),E05009607,2492,859,1472,5,0,0,4,6,14,132
2021,Poulton,E05009608,5376,2277,2565,33,7,2,69,8,52,363
2021,Scotforth East,E05009609,4260,1400,2464,21,34,4,97,2,13,225
2021,Scotforth West,E05009610,7172,2734,3274,27,67,12,488,0,27,543
2021,Silverdale (Lancaster),E05009611,1900,650,1116,5,1,4,0,1,14,109
2021,Skerton East,E05009612,6941,2965,3414,31,9,4,73,7,45,393
2021,Skerton West,E05009613,7148,2788,3739,19,6,5,87,16,63,425
2021,Torrisholme,E05009614,4421,1250,2858,14,7,2,17,1,18,254
2021,University & Scotforth Rural,E05009615,5108,2582,1465,46,93,16,155,15,31,705
2021,Upper Lune Valley,E05009616,2320,703,1434,8,3,7,7,1,13,144
2021,Warton,E05009617,1999,745,1133,3,1,2,3,1,6,105
2021,Westgate (Lancaster),E05009618,7342,2724,4003,31,13,3,61,4,39,464
2021,Forest (Blaby),E05009619,8086,3048,3151,16,695,4,122,549,33,468
2021,Winstanley (Blaby),E05009620,7278,3055,2702,35,525,2,251,286,36,386
2021,Coastal (Boston),E05009621,3948,1226,2385,35,4,0,26,12,34,226
2021,Fenside,E05009622,5104,1533,3114,9,1,2,36,0,30,379
2021,Fishtoft,E05009623,7156,1952,4476,19,76,7,149,2,16,459
2021,Five Village,E05009624,4076,1413,2412,5,3,2,5,0,13,223
2021,Kirton and Frampton,E05009625,7432,2572,4349,21,22,4,41,4,37,382
2021,Old Leake and Wrangle,E05009626,3615,1245,2094,5,3,2,9,6,17,234
2021,St Thomas' (Boston),E05009627,2529,801,1511,5,14,2,21,0,7,168
2021,Skirbeck,E05009628,8274,2492,4967,10,14,1,129,0,34,627
2021,Staniland,E05009629,4302,1261,2667,6,2,5,19,0,10,332
2021,Station,E05009630,2702,717,1696,4,7,3,74,0,12,189
2021,Swineshead and Holland Fen,E05009631,4248,1589,2429,4,0,0,9,0,6,211
2021,Trinity (Boston),E05009632,5302,1294,3216,25,58,3,320,4,12,370
2021,West (Boston),E05009633,2189,715,1304,5,10,5,23,3,3,121
2021,Witham (Boston),E05009634,4617,1418,2742,8,11,3,79,1,33,322
2021,Wyberton,E05009635,5012,1806,2809,9,11,2,26,0,19,330
2021,Bardney,E05009636,2758,1025,1526,8,4,2,4,3,14,172
2021,Caistor and Yarborough,E05009637,5574,2024,3169,15,17,2,2,0,32,313
2021,Cherry Willingham,E05009638,7936,2932,4433,30,45,1,51,1,33,410
2021,Dunholme and Welton,E05009639,8704,3094,5034,10,7,2,17,8,49,483
2021,Gainsborough East,E05009640,7476,3604,3297,20,8,2,32,6,33,474
2021,Gainsborough North,E05009641,7596,3525,3541,16,12,3,26,8,46,419
2021,Gainsborough South-West,E05009642,5463,2566,2427,9,23,0,51,1,49,337
2021,Hemswell,E05009643,2629,923,1517,6,0,3,3,2,17,158
2021,Kelsey Wold,E05009644,2676,864,1618,8,9,3,15,9,13,137
2021,Lea,E05009645,2117,597,1395,2,1,0,5,3,17,97
2021,Market Rasen,E05009646,8486,3129,4700,15,6,2,31,10,47,546
2021,Nettleham,E05009647,4470,1539,2632,21,14,4,24,18,8,210
2021,Saxilby,E05009648,5739,2070,3278,16,29,3,24,6,24,289
2021,Scampton,E05009649,2806,1166,1492,6,0,2,2,3,12,123
2021,Scotter and Blyton,E05009650,7579,2560,4439,15,17,9,30,35,32,442
2021,Stow (West Lindsey),E05009651,2445,874,1352,0,2,2,2,6,9,198
2021,Sudbrooke,E05009652,2709,804,1616,6,86,0,48,4,9,136
2021,Torksey,E05009653,2856,894,1755,7,4,1,8,1,16,170
2021,Waddingham and Spital,E05009654,2445,849,1429,1,2,1,5,1,5,152
2021,Wold View,E05009655,2680,1072,1411,7,4,3,1,4,16,162
2021,Bestwood St Albans,E05009689,5464,2710,2231,14,50,5,115,34,29,276
2021,Calverton,E05009690,7579,3418,3638,19,11,8,18,5,38,424
2021,Carlton (Gedling),E05009691,5629,2361,2375,20,27,2,529,32,18,265
2021,Carlton Hill,E05009692,9108,4329,3670,26,58,10,355,65,49,546
2021,Cavendish,E05009693,5174,2550,2179,13,17,1,118,19,17,260
2021,Colwick,E05009694,2776,1327,1100,19,38,0,62,41,14,175
2021,Coppice,E05009695,5956,3036,2367,27,29,7,95,17,25,353
2021,Daybrook,E05009696,6027,3115,2348,26,19,3,102,53,41,320
2021,Dumbles,E05009697,2879,1013,1616,6,13,4,14,28,15,170
2021,Ernehale,E05009698,6219,3071,2600,24,23,7,81,46,25,342
2021,Gedling,E05009699,6330,3213,2584,18,16,8,80,27,31,353
2021,Netherfield (Gedling),E05009700,5589,3166,1930,16,24,4,93,13,36,307
2021,Newstead Abbey,E05009701,8605,3578,4244,23,107,10,72,83,44,444
2021,Phoenix,E05009702,5470,2948,2038,12,22,1,102,18,24,305
2021,Plains,E05009703,8365,3581,3790,36,98,5,149,195,28,483
2021,Porchester,E05009704,7676,3801,3089,22,47,1,163,97,42,414
2021,Redhill (Gedling),E05009705,6608,3312,2673,13,80,6,90,74,34,326
2021,Trent Valley,E05009706,5683,2644,2566,15,27,8,43,24,20,336
2021,Woodthorpe,E05009707,6123,2705,2660,14,68,6,196,80,21,373
2021,Abbey (Rushcliffe),E05009708,5279,2461,2090,14,86,9,178,109,23,309
2021,Bingham East,E05009709,5119,2292,2464,12,15,9,27,19,19,262
2021,Bingham West,E05009710,4993,2614,2046,13,31,7,19,14,17,232
2021,Bunny,E05009711,2460,926,1267,13,42,12,23,17,3,157
2021,Compton Acres,E05009712,5548,1879,2238,22,387,11,462,202,35,312
2021,Cotgrave,E05009713,8206,4114,3497,7,26,10,42,35,30,445
2021,Cranmer,E05009714,3360,1263,1730,30,6,7,53,12,70,189
2021,Cropwell,E05009715,2452,1022,1247,9,3,5,8,6,21,131
2021,East Bridgford,E05009716,2872,1243,1426,14,5,3,15,5,8,153
2021,Edwalton,E05009717,5773,2208,2314,14,318,25,379,139,24,352
2021,Gamston North,E05009718,2744,1135,1113,8,91,28,100,53,2,214
2021,Gamston South,E05009719,2567,970,1133,6,125,5,100,72,8,148
2021,Gotham,E05009720,2451,1113,1213,7,3,6,0,3,9,97
2021,Keyworth & Wolds,E05009721,8145,3297,4138,29,42,25,73,47,28,466
2021,Lady Bay,E05009722,5269,2989,1727,13,39,10,124,42,21,304
2021,Leake,E05009723,9245,4385,4268,29,27,17,22,21,41,435
2021,Lutterell,E05009724,5982,2491,2255,16,233,5,443,118,36,385
2021,Musters,E05009725,4681,1959,1940,15,116,19,269,90,14,259
2021,Nevile & Langar,E05009726,2920,1043,1672,16,4,8,26,10,7,134
2021,Radcliffe on Trent,E05009727,8144,3638,3913,24,23,14,34,20,51,427
2021,Ruddington,E05009728,7672,3783,3179,30,69,16,67,66,25,437
2021,Sutton Bonington,E05009729,2339,1054,946,11,42,1,18,15,12,240
2021,Thoroton,E05009730,2490,1008,1325,4,2,5,4,2,15,125
2021,Tollerton,E05009731,2481,924,1301,4,19,14,46,17,18,138
2021,Trent Bridge,E05009732,5883,3106,2022,41,102,10,143,36,49,374
2021,Benson & Crowmarsh,E05009733,8521,3546,4308,38,29,27,31,7,35,500
2021,Berinsfield,E05009734,4136,1645,2174,18,7,7,37,2,15,231
2021,Chalgrove,E05009735,3320,1256,1819,9,11,5,11,2,10,197
2021,Chinnor,E05009736,9314,3877,4707,12,40,17,45,26,39,551
2021,Didcot West,E05009740,8496,3804,3597,59,243,18,171,12,43,549
2021,Garsington & Horspath,E05009742,3595,1290,1987,6,15,15,45,0,19,218
2021,Goring (South Oxfordshire),E05009743,3955,1446,2209,14,16,5,6,4,13,242
2021,Thame,E05009749,13266,5747,6489,50,85,22,67,10,42,754
2021,Watlington (South Oxfordshire),E05009751,4047,1562,2204,10,2,17,4,7,12,229
2021,Abingdon Abbey Northcourt,E05009754,6408,2931,2811,52,55,10,109,11,54,375
2021,Abingdon Caldecott,E05009755,7575,3423,3425,53,48,11,139,4,28,444
2021,Abingdon Fitzharris,E05009757,6504,2746,3117,15,42,7,75,14,32,456
2021,Ridgeway (Vale of White Horse),E05009769,3139,1204,1697,4,4,9,3,7,14,197
2021,Stanford,E05009770,3832,1542,2000,8,3,8,13,8,19,231
2021,Steventon & the Hanneys,E05009771,4207,1782,2125,13,22,8,11,8,20,218
2021,Aldwick East,E05009800,5171,1598,3217,11,19,10,16,2,15,283
2021,Aldwick West,E05009801,6281,2254,3602,6,15,9,31,1,32,331
2021,Angmering & Findon,E05009802,10842,4552,5575,39,16,20,53,2,51,534
2021,Arundel & Walberton,E05009803,8353,3031,4656,26,32,25,10,5,59,509
2021,Barnham,E05009804,9210,3656,4935,18,11,21,37,3,39,490
2021,Beach,E05009805,4708,1912,2423,22,12,7,23,1,28,280
2021,Bersted,E05009806,10236,4314,5056,40,32,7,143,1,34,609
2021,Brookfield (Arun),E05009807,6330,2939,2898,24,13,8,20,3,36,389
2021,Courtwick with Toddington,E05009808,11784,5849,4998,34,26,18,92,2,73,692
2021,East Preston,E05009809,7779,2886,4311,26,22,30,33,2,35,434
2021,Felpham East,E05009810,6036,2341,3237,8,7,14,16,1,30,382
2021,Felpham West,E05009811,6259,2477,3293,18,13,9,37,2,27,383
2021,Ferring,E05009812,4851,1518,2980,15,3,8,26,0,33,268
2021,Hotham,E05009813,6108,2436,3030,25,22,13,49,6,36,491
2021,Marine (Arun),E05009814,7158,2669,3713,23,19,9,147,4,48,526
2021,Middleton-on-Sea,E05009815,4916,1778,2773,11,11,11,7,2,24,299
2021,Orchard,E05009816,6774,2766,3300,28,33,6,91,0,53,497
2021,Pagham,E05009817,6435,2357,3612,11,3,3,17,1,36,395
2021,Pevensey,E05009818,5572,2288,2795,6,16,5,78,0,23,361
2021,River (Arun),E05009819,9474,4211,4407,49,38,6,82,7,72,602
2021,Rustington East,E05009820,5363,1943,3003,19,6,11,42,0,30,309
2021,Rustington West,E05009821,8344,3175,4556,25,10,7,22,7,17,525
2021,Yapton,E05009822,6910,2814,3551,22,11,7,89,26,26,364
2021,Alvechurch South,E05009823,3077,1089,1709,0,28,3,26,30,10,182
2021,Alvechurch Village,E05009824,2900,1206,1450,6,8,9,5,12,9,195
2021,Aston Fields,E05009825,3511,1473,1767,11,22,3,16,18,21,180
2021,Avoncroft,E05009826,3395,1367,1759,8,8,2,18,19,13,201
2021,Barnt Green & Hopwood,E05009827,2990,973,1696,6,31,0,21,79,3,181
2021,Belbroughton & Romsley,E05009828,6624,2143,3992,14,9,5,34,80,41,306
2021,Bromsgrove Central,E05009829,3436,1228,1899,25,38,4,28,9,12,193
2021,Catshill North,E05009830,2804,1239,1335,11,4,0,17,30,12,156
2021,Catshill South,E05009831,3155,1389,1565,12,13,2,14,8,9,143
2021,Charford,E05009832,3420,1562,1558,5,6,5,46,2,28,208
2021,Cofton,E05009833,3292,1358,1606,20,45,3,43,46,13,158
2021,Drakes Cross,E05009834,2791,943,1598,6,27,6,45,20,2,144
2021,Hagley East,E05009835,3498,1110,1916,14,45,1,61,131,7,213
2021,Hagley West,E05009836,3819,1208,2189,6,29,1,39,105,2,240
2021,Hill Top,E05009837,1989,785,1085,5,9,0,6,8,2,89
2021,Hollywood,E05009838,3166,1068,1836,8,23,2,36,25,6,162
2021,Lickey Hills,E05009839,3019,862,1767,6,29,5,26,98,10,216
2021,Lowes Hill,E05009840,3036,1205,1529,14,29,6,11,26,23,193
2021,Marlbrook,E05009841,2900,986,1634,7,15,3,23,62,6,164
2021,Norton (Bromsgrove),E05009842,3722,1519,1869,7,34,3,30,59,4,197
2021,Perryfields,E05009843,1701,629,906,4,9,0,11,7,8,127
2021,Rock Hill,E05009844,3549,1526,1737,0,18,5,36,19,18,190
2021,Rubery North,E05009845,3094,1260,1678,3,0,3,5,19,9,117
2021,Rubery South,E05009846,3325,1285,1795,4,22,2,8,19,12,178
2021,Sanders Park,E05009847,3272,1257,1738,15,26,4,28,18,16,170
2021,Sidemoor,E05009848,4354,1864,2174,7,14,7,30,22,28,208
2021,Slideslow,E05009849,3475,1368,1714,17,26,2,53,66,13,216
2021,Tardebigge,E05009850,3546,1248,1946,17,23,4,72,23,21,192
2021,Wythall East,E05009851,3119,966,1829,18,44,0,43,39,27,153
2021,Wythall West,E05009852,3203,1022,1799,9,33,4,30,53,9,244
2021,Acklam,E05009853,5898,1791,3052,13,24,1,680,52,7,278
2021,Ayresome,E05009854,6308,2395,2721,14,19,1,766,72,13,307
2021,Berwick Hills & Pallister,E05009855,9067,4443,3837,9,27,0,171,19,29,532
2021,Brambles & Thorntree,E05009856,9314,4885,3773,18,16,9,76,3,27,507
2021,Central (Middlesbrough),E05009857,11491,2882,3098,85,511,2,4079,48,60,726
2021,Coulby Newham,E05009858,8340,3146,4590,25,7,4,74,6,32,456
2021,Hemlington,E05009859,6568,3132,2988,7,6,4,55,8,16,352
2021,Kader,E05009860,4812,1278,2692,6,24,1,450,106,13,242
2021,Ladgate,E05009861,5513,2041,2909,16,34,2,205,12,23,271
2021,Linthorpe,E05009862,6708,1777,2598,11,18,1,1897,35,18,353
2021,Longlands & Beechwood,E05009863,11232,4217,5356,30,76,1,868,29,30,625
2021,Marton East,E05009864,6069,2120,3271,14,17,1,229,45,16,356
2021,Marton West,E05009865,5337,1729,3151,11,21,1,102,27,12,283
2021,Newport (Middlesbrough),E05009866,10776,3169,4349,99,405,7,2019,40,44,644
2021,North Ormesby,E05009867,3265,1202,1370,29,79,1,347,17,11,209
2021,Nunthorpe,E05009868,5340,1613,3164,5,51,1,211,23,14,258
2021,Park (Middlesbrough),E05009869,9587,2940,3854,21,58,1,2220,13,45,435
2021,Park End & Beckfield,E05009870,8331,3894,3916,13,10,1,81,7,16,393
2021,Stainton & Thornton,E05009871,3669,1464,1936,5,17,0,35,19,11,182
2021,Trimdon,E05009872,6305,2295,3518,8,17,1,143,26,22,275
2021,Alford,E05009873,4928,2098,2495,3,8,3,14,0,24,283
2021,Binbrook,E05009874,2442,847,1392,5,1,1,1,0,15,180
2021,Burgh le Marsh,E05009875,2602,837,1565,8,0,1,0,0,7,184
2021,Chapel St Leonards,E05009876,4739,1700,2713,6,6,1,6,4,19,284
2021,Coningsby & Mareham,E05009877,9495,3985,4854,18,12,10,30,0,44,542
2021,Croft (East Lindsey),E05009878,2413,878,1383,5,2,0,2,0,7,136
2021,Friskney,E05009879,2297,807,1318,4,3,6,12,0,9,138
2021,Fulstow,E05009880,2816,957,1681,6,14,2,4,1,15,136
2021,Grimoldby,E05009881,2312,891,1265,5,2,1,7,0,6,135
2021,Hagworthingham,E05009882,2289,827,1309,7,3,4,2,0,21,116
2021,Halton Holegate,E05009883,2644,971,1524,2,3,0,2,0,13,129
2021,Holton-le-Clay & North Thoresby,E05009884,5062,1925,2787,15,8,0,24,0,14,289
2021,Horncastle,E05009885,7745,3104,4012,8,6,3,35,4,44,529
2021,Ingoldmells,E05009886,2268,962,1173,0,0,0,17,3,12,101
2021,Legbourne,E05009887,2170,785,1224,3,1,2,6,1,8,140
2021,Mablethorpe,E05009888,8216,3349,4234,14,16,5,16,6,49,527
2021,Marshchapel & Somercotes,E05009889,4496,1676,2545,14,0,0,7,7,16,231
2021,North Holme,E05009890,2611,1209,1199,7,5,0,16,0,10,165
2021,Priory & St James',E05009891,4892,2279,2239,23,12,4,25,0,24,286
2021,Roughton (East Lindsey),E05009892,2363,746,1489,6,3,1,1,1,5,111
2021,St Clement's (East Lindsey),E05009893,5572,2291,2878,16,1,1,26,2,27,330
2021,St Margaret's (East Lindsey),E05009894,2891,1285,1344,1,8,0,3,0,12,238
2021,St Mary's (East Lindsey),E05009895,2335,841,1346,4,5,1,6,0,8,124
2021,St Michael's (East Lindsey),E05009896,2170,832,1159,8,1,0,0,0,7,163
2021,Scarbrough & Seacroft,E05009897,9656,4227,4707,37,11,6,55,11,52,550
2021,Sibsey & Stickney,E05009898,5096,1680,3074,12,9,3,14,18,17,269
2021,Spilsby,E05009899,3225,1348,1615,6,6,3,9,1,3,234
2021,Sutton on Sea,E05009900,4456,1325,2712,10,5,6,9,0,37,352
2021,Tetford & Donington,E05009901,2473,836,1468,7,4,4,6,0,15,133
2021,Tetney,E05009902,2521,904,1445,9,2,2,4,1,14,140
2021,Trinity (East Lindsey),E05009903,2478,1148,1129,5,4,0,11,0,14,167
2021,Wainfleet,E05009904,2727,1081,1427,1,4,0,5,0,8,201
2021,Willoughby with Sloothby,E05009905,2417,878,1385,1,4,2,6,0,15,126
2021,Winthorpe,E05009906,5894,2479,2918,26,20,5,36,15,42,353
2021,Withern & Theddlethorpe,E05009907,2546,846,1488,3,0,3,3,6,17,180
2021,Woodhall Spa,E05009908,4443,1399,2723,17,5,1,25,1,17,255
2021,Wragby,E05009909,2591,962,1444,4,4,3,12,4,18,140
2021,Ashdon,E05009910,2150,855,1153,12,2,12,11,0,4,101
2021,Broad Oak & the Hallingburys,E05009911,4168,1579,2283,13,11,8,21,7,17,229
2021,Clavering,E05009912,2327,876,1255,7,3,12,4,2,16,152
2021,Debden & Wimbish,E05009913,2266,937,1117,34,19,14,6,3,15,121
2021,Elsenham & Henham,E05009914,4945,2037,2555,5,18,12,25,1,18,274
2021,Felsted & Stebbing,E05009915,4632,1859,2410,8,14,25,24,7,7,278
2021,Flitch Green & Little Dunmow,E05009916,2898,1416,1243,12,1,24,22,5,8,167
2021,Great Dunmow North,E05009917,5103,2311,2448,22,34,12,20,4,25,227
2021,Great Dunmow South & Barnston,E05009918,6443,2559,3383,23,16,30,22,6,20,384
2021,Hatfield Heath,E05009919,2322,828,1277,7,27,16,16,9,15,127
2021,High Easter & the Rodings,E05009920,2493,953,1313,5,3,10,0,8,10,191
2021,"Littlebury, Chesterford & Wenden Lofts",E05009921,4496,1763,2341,5,19,12,23,0,15,318
2021,Newport (Uttlesford),E05009922,4133,1688,2141,14,16,21,19,0,9,225
2021,Saffron Walden Audley,E05009923,4258,1847,1966,23,25,24,40,6,38,289
2021,Saffron Walden Castle,E05009924,4765,2107,2216,33,23,9,48,2,22,305
2021,Saffron Walden Shire,E05009925,7590,3173,3677,60,53,23,87,7,38,472
2021,Stansted North,E05009926,4623,1947,2324,24,30,22,45,1,11,219
2021,Stansted South & Birchanger,E05009927,4960,2252,2246,28,9,22,102,8,25,268
2021,Stort Valley,E05009928,2075,808,1127,3,4,7,9,1,8,108
2021,Takeley,E05009929,7200,3198,3338,13,59,22,100,23,32,415
2021,Thaxted & the Eastons,E05009930,5289,2137,2757,13,24,14,16,0,19,309
2021,The Sampfords,E05009931,2195,786,1279,3,7,2,7,0,5,106
2021,Bourne,E05009932,6620,2800,3393,20,9,3,16,0,38,341
2021,Breck,E05009933,4569,1559,2629,10,19,5,33,0,13,301
2021,Brock with Catterall,E05009934,4979,1348,3219,17,16,8,11,4,30,326
2021,Calder (Wyre),E05009935,2425,686,1596,5,0,1,10,0,4,123
2021,Carleton,E05009936,4431,1383,2824,11,2,0,8,0,27,176
2021,Cleveleys Park,E05009937,4523,1482,2722,15,2,4,15,0,20,263
2021,Garstang,E05009938,6614,1700,4540,18,3,4,23,0,22,304
2021,Great Eccleston,E05009939,4365,1164,2950,11,4,3,12,0,15,206
2021,Hambleton & Stalmine,E05009940,4641,1335,3027,6,8,3,14,0,22,226
2021,Hardhorn with High Cross,E05009941,6048,1828,3835,18,27,1,37,5,19,278
2021,Jubilee (Wyre),E05009942,4585,1737,2530,15,5,1,49,0,14,234
2021,Marsh Mill,E05009943,6214,2008,3878,8,11,6,10,1,24,268
2021,Mount,E05009944,5142,2019,2786,7,5,5,45,7,26,242
2021,Park (Wyre),E05009945,4980,2033,2587,21,10,2,18,4,30,275
2021,Pharos,E05009946,5170,2264,2477,29,19,2,65,1,50,263
2021,Pheasant's Wood,E05009947,1849,708,1041,6,2,1,4,1,5,81
2021,Pilling,E05009948,2628,695,1784,1,0,2,0,0,18,128
2021,Preesall,E05009949,5656,1712,3572,12,3,2,6,1,27,321
2021,Rossall,E05009950,6120,2382,3343,9,10,13,15,0,25,323
2021,Stanah,E05009951,4585,1496,2799,21,10,7,4,0,12,236
2021,Tithebarn,E05009952,4284,1347,2657,19,5,4,15,0,9,228
2021,Victoria & Norcross,E05009953,4364,1396,2722,9,1,4,6,0,9,217
2021,Warren,E05009954,4814,1913,2590,4,5,2,31,1,15,253
2021,Wyresdale,E05009955,2335,725,1473,4,5,2,5,0,7,114
2021,Ash and New Ash Green,E05009956,6072,2606,3068,15,4,14,7,11,31,316
2021,Eynsford,E05009958,1865,704,1025,3,1,7,11,7,13,94
2021,Hartley and Hodsoll Street,E05009959,5933,2071,3285,32,63,17,27,72,24,342
2021,Hextable,E05009960,4099,1651,2121,13,17,6,55,2,7,227
2021,Leigh and Chiddingstone Causeway,E05009961,2502,969,1370,6,4,2,10,1,5,135
2021,Otford and Shoreham,E05009962,4721,1853,2544,3,13,10,14,8,9,267
2021,"Penshurst, Fordcombe and Chiddingstone",E05009963,2473,825,1468,2,4,8,5,7,6,148
2021,Swanley Christchurch and Swanley Village,E05009964,6355,2579,3037,29,123,14,136,29,13,395
2021,Westerham and Crockham Hill,E05009965,4498,1817,2340,8,8,7,20,2,12,284
2021,Admaston & Bratton,E05009966,2918,1087,1575,2,20,2,14,83,3,132
2021,Apley Castle,E05009967,3091,1004,1509,26,63,1,178,137,14,159
2021,Arleston,E05009968,3715,1252,1442,14,6,2,745,20,19,215
2021,Brookside,E05009969,6513,3164,2825,10,22,0,95,23,36,338
2021,Church Aston & Lilleshall,E05009970,3177,1085,1840,9,11,6,12,46,16,152
2021,College (Telford and Wrekin),E05009971,3607,1070,1520,20,30,0,706,42,19,200
2021,Dawley & Aqueduct,E05009972,9125,4130,4311,28,31,8,53,68,59,437
2021,Donnington (Telford and Wrekin),E05009973,6844,2738,3460,20,16,4,115,42,56,393
2021,Dothill,E05009974,2851,999,1575,15,6,0,74,10,10,162
2021,Edgmond & Ercall Magna,E05009975,6873,2316,3889,15,17,3,21,21,32,559
2021,Ercall,E05009976,3543,1274,1842,12,11,6,130,23,14,231
2021,Hadley & Leegomery,E05009977,11352,3871,5088,65,56,0,1189,345,61,677
2021,Haygate,E05009978,3761,1530,1707,32,42,1,192,16,36,205
2021,Horsehay & Lightmoor,E05009979,8558,4128,3676,24,68,5,94,89,31,443
2021,Ironbridge Gorge,E05009980,3093,1334,1492,11,0,3,15,5,28,205
2021,Ketley & Overdale,E05009981,12187,5590,5230,29,123,3,202,289,66,655
2021,Madeley & Sutton Hill,E05009982,10674,4809,4962,32,23,5,89,98,65,591
2021,Malinslee & Dawley Bank,E05009983,7083,3404,3034,30,71,3,146,45,25,325
2021,Muxton,E05009984,7109,2770,3615,15,56,1,68,175,22,387
2021,Newport North & West,E05009985,7173,2700,3881,30,40,1,47,26,32,416
2021,Newport South & East,E05009986,5887,2210,3220,13,22,0,23,32,16,351
2021,Oakengates & Ketley Bank,E05009987,9959,4208,4795,17,58,5,163,120,28,565
2021,Park (Telford and Wrekin),E05009988,2501,763,1425,21,8,0,68,9,3,204
2021,Priorslee,E05009989,7240,2722,3312,31,174,2,113,455,35,396
2021,St Georges (Telford and Wrekin),E05009990,6368,2766,3058,14,6,1,50,40,32,401
2021,Shawbirch,E05009991,2919,1095,1544,8,6,5,60,16,9,176
2021,The Nedge,E05009992,10061,4181,4675,18,277,3,154,147,66,540
2021,Woodside (Telford and Wrekin),E05009993,7597,4247,2740,17,30,1,77,19,50,416
2021,Wrockwardine,E05009994,3427,1302,1866,3,26,4,29,36,15,146
2021,Wrockwardine Wood & Trench,E05009995,6346,2218,3167,16,31,5,122,375,40,372
2021,Broadmead,E05010015,4203,1705,2068,35,57,7,63,0,28,240
2021,Cheriton,E05010016,13519,5690,5285,488,831,15,165,4,266,775
2021,East Folkestone,E05010017,11551,5710,4799,65,63,16,175,6,83,634
2021,Folkestone Central,E05010018,10313,4655,4370,77,109,16,282,10,134,660
2021,Folkestone Harbour,E05010019,6636,3207,2812,26,35,2,115,3,50,386
2021,Hythe,E05010020,11108,3969,6263,46,88,25,52,6,52,607
2021,Hythe Rural,E05010021,6208,2464,3286,19,33,6,55,1,30,314
2021,New Romney,E05010022,7254,2861,3883,13,17,10,31,0,31,408
2021,North Downs East,E05010023,11655,4797,5900,56,76,15,79,1,77,654
2021,North Downs West,E05010024,6272,2411,3395,13,17,13,12,8,26,377
2021,Romney Marsh,E05010025,7110,2575,3998,33,7,9,23,1,48,416
2021,Sandgate & West Folkestone,E05010026,6065,2354,2714,197,287,6,31,5,95,376
2021,Walland & Denge Marsh,E05010027,7868,3493,3880,9,7,6,21,3,54,395
2021,Balderton South,E05010064,5620,2342,2925,17,26,5,21,12,8,264
2021,Bilsthorpe,E05010066,3489,1500,1731,8,4,1,6,5,8,226
2021,Boughton,E05010067,3391,1286,1879,2,2,3,9,0,10,200
2021,Bridge (Newark and Sherwood),E05010068,7342,2995,3660,35,15,8,121,19,39,450
2021,Collingham,E05010070,5626,2091,3150,8,7,7,6,0,26,331
2021,Devon,E05010071,9694,3929,4998,23,18,4,75,3,46,598
2021,Dover Beck,E05010072,2915,1040,1666,7,12,3,9,6,8,164
2021,Edwinstowe & Clipstone,E05010073,11769,5626,5372,15,16,5,26,13,34,662
2021,Farnsfield,E05010075,3216,1108,1852,14,12,1,21,3,5,200
2021,Lowdham,E05010076,3516,1213,1850,25,6,11,159,20,22,210
2021,Muskham,E05010077,2946,989,1786,6,0,3,23,0,7,132
2021,Ollerton,E05010078,9363,4321,4392,22,13,7,36,21,49,502
2021,Rainworth North & Rufford,E05010079,6457,3014,2978,13,7,1,17,3,36,388
2021,Rainworth South & Blidworth,E05010080,6209,3130,2659,10,1,1,8,10,34,356
2021,Southwell,E05010081,8911,3343,4932,12,16,14,58,7,48,481
2021,Sutton-on-Trent,E05010082,3195,1131,1848,3,5,1,3,6,7,191
2021,Trent,E05010083,2912,986,1693,8,4,3,2,11,7,198
2021,Appleby,E05010090,2473,891,1441,3,5,2,1,8,8,114
2021,Ashby Castle,E05010091,3168,1314,1639,4,37,4,2,6,17,145
2021,Ashby Holywell,E05010092,3227,1499,1521,6,16,0,17,5,2,161
2021,Ashby Ivanhoe,E05010093,3363,1427,1709,10,10,1,12,1,17,176
2021,Ashby Money Hill,E05010094,3211,1415,1583,9,17,3,18,3,21,142
2021,Ashby Willesley,E05010095,2146,892,1091,6,4,2,5,1,7,138
2021,Ashby Woulds,E05010096,2723,1224,1336,0,12,0,5,7,10,129
2021,Bardon,E05010097,2823,1339,1174,9,49,9,28,40,12,163
2021,Blackfordby,E05010098,3116,1322,1577,5,6,0,9,13,10,174
2021,Broom Leys,E05010099,2118,729,1221,4,3,2,1,5,7,146
2021,Castle Donington Castle,E05010100,2518,1083,1249,16,4,2,19,7,18,120
2021,Castle Donington Central,E05010101,2309,1017,1153,8,8,0,4,9,4,106
2021,Castle Donington Park,E05010102,2523,1230,1116,1,5,0,10,6,11,144
2021,Castle Rock,E05010103,2660,1096,1370,6,17,1,21,18,6,125
2021,Coalville East,E05010104,2632,1123,1292,8,38,0,24,4,21,122
2021,Coalville West,E05010105,2990,1446,1318,1,21,1,21,11,30,141
2021,Daleacre Hill,E05010106,2556,1266,1080,3,8,5,15,0,7,172
2021,Ellistown & Battleflat,E05010107,2721,1321,1229,11,17,0,7,11,6,119
2021,Greenhill (North West Leicestershire),E05010108,3433,1754,1439,11,10,1,11,17,22,168
2021,Hermitage (North West Leicestershire),E05010109,2610,1188,1220,3,8,1,7,9,18,156
2021,Holly Hayes,E05010110,2590,1030,1386,2,5,0,23,9,5,130
2021,Hugglescote St John's,E05010111,2698,1278,1237,2,7,1,10,22,9,132
2021,Hugglescote St Mary's,E05010112,2955,1389,1346,15,14,1,2,2,14,172
2021,Ibstock East,E05010113,2535,1117,1257,6,2,0,6,4,19,124
2021,Ibstock West,E05010114,3017,1288,1544,8,4,4,2,4,11,152
2021,Kegworth,E05010115,2549,1285,1088,2,10,1,10,7,8,138
2021,Long Whatton & Diseworth,E05010116,2573,954,1477,11,3,0,1,4,1,122
2021,Measham North,E05010117,2852,1264,1415,3,7,0,6,0,14,143
2021,Measham South,E05010118,2519,946,1404,2,2,2,13,11,18,121
2021,Oakthorpe & Donisthorpe,E05010119,2884,1366,1341,4,6,0,6,0,15,146
2021,Ravenstone & Packington,E05010120,3180,1343,1621,10,13,1,4,14,18,156
2021,Sence Valley,E05010121,3102,1488,1404,1,31,1,13,2,4,158
2021,Snibston North,E05010122,3598,1771,1572,6,25,0,32,21,18,153
2021,Snibston South,E05010123,1776,838,790,4,23,0,14,6,22,79
2021,Thornborough,E05010124,2022,702,1190,5,3,0,11,6,1,104
2021,Thringstone,E05010125,2890,1236,1448,2,13,0,11,2,10,168
2021,Valley (North West Leicestershire),E05010126,2895,1083,1620,8,9,0,7,8,14,146
2021,Worthington & Breedon,E05010127,2760,1032,1530,7,7,0,15,3,6,160
2021,Allington & Strete,E05010128,3049,1219,1562,20,6,5,3,0,22,212
2021,Bickleigh & Cornwood,E05010129,2838,1129,1533,3,1,2,8,0,15,147
2021,Blackawton & Stoke Fleming,E05010130,2563,1070,1276,13,2,4,2,2,18,176
2021,Charterlands,E05010131,3157,1345,1572,18,3,2,0,4,12,201
2021,Dartington & Staverton,E05010132,2951,1470,1101,41,0,8,9,0,76,246
2021,Dartmouth & East Dart,E05010133,7855,3195,3998,32,10,16,90,3,41,470
2021,Ermington & Ugborough,E05010134,2856,1186,1452,9,7,2,11,1,19,169
2021,Ivybridge East,E05010135,6055,2712,2934,15,4,5,12,0,29,344
2021,Ivybridge West,E05010136,6434,3087,2918,22,3,4,17,0,29,354
2021,Kingsbridge,E05010137,5681,2604,2637,17,3,8,26,1,23,362
2021,Loddiswell & Aveton Gifford,E05010138,2894,1349,1300,12,0,3,3,0,15,212
2021,Marldon & Littlehempston,E05010139,2978,1248,1498,15,11,4,11,0,22,169
2021,Newton & Yealmpton,E05010140,6232,2678,3091,30,7,6,8,0,31,381
2021,Salcombe & Thurlestone,E05010141,4968,1847,2750,15,1,8,9,4,26,308
2021,South Brent,E05010142,5436,2372,2463,49,2,9,10,0,85,446
2021,Stokenham,E05010143,2642,968,1457,5,0,6,10,0,17,179
2021,Totnes,E05010144,9030,4952,2966,185,20,16,27,3,172,689
2021,Wembury & Brixton,E05010145,5452,2235,2837,8,0,9,6,0,34,323
2021,West Dart,E05010146,2558,1170,1115,21,7,2,8,0,41,194
2021,Woolwell,E05010147,2992,1190,1548,10,1,4,24,4,13,198
2021,Aveland,E05010148,2532,873,1481,5,5,2,4,0,12,150
2021,Belmont (South Kesteven),E05010149,4765,1703,2737,20,23,6,29,2,9,236
2021,Belvoir,E05010150,4838,1570,2933,7,25,4,11,2,11,275
2021,Bourne Austerby,E05010151,8039,3590,3841,18,107,5,53,2,40,383
2021,Bourne East,E05010152,4764,1697,2642,15,15,2,11,10,19,353
2021,Bourne West,E05010153,5183,1689,3041,8,19,5,18,7,10,386
2021,Casewick,E05010154,5721,1838,3497,8,9,3,14,5,29,318
2021,Castle (South Kesteven),E05010155,2228,728,1350,8,0,3,5,2,14,118
2021,Deeping St James,E05010156,7256,2944,3819,9,29,0,30,4,31,390
2021,Dole Wood,E05010157,2442,845,1438,3,12,3,4,5,5,127
2021,Glen (South Kesteven),E05010158,2365,841,1392,7,3,1,4,0,7,110
2021,Grantham Arnoldfield,E05010159,5666,2156,2915,34,87,11,89,10,21,343
2021,Grantham Barrowby Gate,E05010160,4804,1609,2774,12,43,4,40,4,16,302
2021,Grantham Earlesfield,E05010161,6725,2996,3165,23,47,3,24,11,31,425
2021,Grantham Harrowby,E05010162,4793,1937,2479,8,24,3,25,0,28,289
2021,Grantham St Vincent's,E05010163,7554,2957,3843,39,66,9,86,6,52,496
2021,Grantham St Wulfram's,E05010164,5384,1800,3002,28,145,4,74,1,33,297
2021,Grantham Springfield,E05010165,5570,2353,2777,18,58,2,38,4,24,296
2021,Isaac Newton,E05010166,4847,1797,2766,9,3,1,9,4,10,248
2021,Lincrest,E05010167,2541,845,1527,5,2,0,9,3,23,127
2021,Loveden Heath,E05010168,2570,920,1504,7,3,4,4,0,11,117
2021,Market & West Deeping,E05010169,7104,2894,3733,18,14,9,27,3,21,385
2021,Morton (South Kesteven),E05010170,2518,870,1466,1,10,2,10,2,8,149
2021,Peascliffe & Ridgeway,E05010171,4848,1588,2991,8,13,3,13,1,19,212
2021,Stamford All Saints,E05010172,4886,1905,2610,10,17,6,38,5,12,283
2021,Stamford St George's,E05010173,5237,2167,2661,11,7,6,17,2,7,359
2021,Stamford St John's,E05010174,5772,2200,3166,8,32,14,14,8,25,305
2021,Stamford St Mary's,E05010175,4854,1936,2553,17,22,8,17,8,27,266
2021,Toller (South Kesteven),E05010176,2643,884,1552,1,1,1,7,0,13,184
2021,Viking (South Kesteven),E05010177,4955,1704,2972,9,12,4,9,4,6,235
2021,Alcester Town,E05010178,3862,1336,2168,22,19,4,5,12,20,276
2021,Alcester & Rural,E05010179,3630,1162,2233,12,9,8,5,13,14,174
2021,Avenue (Stratford-on-Avon),E05010180,3772,1435,1925,16,44,4,77,25,12,234
2021,Bidford East,E05010181,4363,1599,2476,11,12,5,13,8,17,222
2021,Bidford West & Salford,E05010182,4206,1541,2402,6,11,0,6,18,17,205
2021,Bishop's Itchington,E05010183,4284,1751,2212,15,10,5,14,29,28,220
2021,Bishopton,E05010184,3246,1137,1802,12,32,3,35,23,14,188
2021,Brailes & Compton,E05010185,3375,1116,2011,9,9,3,6,2,18,201
2021,Bridgetown,E05010186,4799,1786,2525,28,30,5,52,38,21,314
2021,Clopton,E05010187,2659,937,1429,14,36,2,27,6,26,182
2021,Ettington,E05010188,3577,1159,2168,10,8,3,1,23,13,192
2021,Guildhall (Stratford-on-Avon),E05010189,3203,1092,1824,13,23,9,20,3,20,199
2021,Harbury,E05010190,4002,1441,2230,10,19,0,22,22,19,239
2021,Hathaway,E05010191,3527,1275,1941,9,28,5,40,19,12,198
2021,Henley-in-Arden,E05010192,3923,1201,2466,15,19,2,11,15,28,166
2021,Kineton,E05010193,3543,1312,1982,7,12,8,7,8,11,196
2021,Kinwarton,E05010194,2884,1016,1684,3,2,2,5,2,9,161
2021,Long Itchington & Stockton,E05010195,4526,1862,2339,5,6,4,9,28,20,253
2021,Napton & Fenny Compton,E05010196,3524,1349,1979,7,5,4,5,4,10,161
2021,Quinton (Stratford-on-Avon),E05010197,3738,1472,1967,13,6,4,17,25,13,221
2021,Red Horse,E05010198,3317,1150,1951,3,9,13,10,5,12,164
2021,Shipston North,E05010199,3999,1544,2133,12,7,11,4,5,19,264
2021,Shipston South,E05010200,4170,1603,2255,10,3,8,22,3,11,255
2021,Shottery,E05010201,2701,988,1487,12,21,7,17,13,7,149
2021,Snitterfield,E05010202,3630,1230,2136,12,16,7,6,9,9,205
2021,Southam North,E05010203,3915,1381,2194,9,36,2,18,11,23,241
2021,Southam South,E05010204,4195,1773,2070,11,30,4,42,35,14,216
2021,Studley with Mappleborough Green,E05010205,3904,1341,2251,8,21,5,14,39,15,210
2021,Studley with Sambourne,E05010206,3919,1382,2308,5,9,4,14,7,18,172
2021,Tanworth-in-Arden,E05010207,3223,816,2095,6,56,2,60,48,13,127
2021,Tiddington,E05010208,3540,1226,2077,19,7,9,6,16,15,165
2021,Welcombe,E05010209,3048,1079,1740,23,19,2,12,4,5,164
2021,Welford-on-Avon,E05010210,4603,1687,2584,2,18,4,15,20,20,253
2021,Wellesbourne East,E05010211,3737,1309,2140,5,7,3,14,4,14,241
2021,Wellesbourne West,E05010212,4599,1717,2550,11,25,11,8,25,28,224
2021,Wotton Wawen,E05010213,3593,1133,2201,13,1,6,7,5,6,221
2021,Bamber Bridge East,E05010214,4945,1585,3024,11,22,1,30,1,30,241
2021,Bamber Bridge West,E05010215,4273,1536,2390,5,21,1,38,13,23,246
2021,Broad Oak,E05010216,3994,1012,2645,8,97,4,43,2,12,171
2021,Broadfield (South Ribble),E05010217,4969,1957,2689,3,9,3,38,2,27,241
2021,Buckshaw & Worden,E05010218,4730,1473,2909,10,9,7,52,6,10,254
2021,Charnock,E05010219,3955,1163,2383,10,82,4,76,2,15,220
2021,Coupe Green & Gregson Lane,E05010220,4235,1044,2889,10,7,1,32,4,10,238
2021,Earnshaw Bridge,E05010221,4816,1537,2946,12,9,1,29,5,19,258
2021,Farington East,E05010222,4548,1675,2567,9,23,1,52,3,10,208
2021,Farington West,E05010223,4190,1333,2621,5,14,1,13,4,16,183
2021,Hoole,E05010224,4254,1047,2987,4,10,1,4,1,7,193
2021,Howick & Priory,E05010225,7231,1817,4727,18,133,9,88,3,12,424
2021,Leyland Central,E05010226,4937,1698,2893,18,28,6,31,2,15,246
2021,Longton & Hutton West,E05010227,5776,1324,4124,7,21,3,13,6,18,260
2021,Lostock Hall,E05010228,6138,1985,3766,12,19,0,33,8,25,290
2021,Middleforth,E05010229,7385,2477,4296,21,98,2,73,2,43,373
2021,Moss Side (South Ribble),E05010230,3894,1318,2380,6,15,4,6,2,7,156
2021,New Longton & Hutton East,E05010231,4702,1061,3353,6,23,0,29,4,15,211
2021,St Ambrose,E05010232,4207,1534,2382,13,2,1,55,1,20,199
2021,Samlesbury & Walton,E05010233,4135,1154,2555,7,6,7,125,11,15,255
2021,Seven Stars,E05010234,4323,1633,2400,8,15,2,27,1,8,229
2021,Walton-le-Dale East,E05010235,4743,1483,2799,13,68,0,64,32,9,275
2021,Walton-le-Dale West,E05010236,4658,1394,2896,16,44,0,75,2,14,217
2021,All Saints & Wayland,E05010237,7634,3079,3789,41,8,16,131,8,49,513
2021,Ashill,E05010238,2697,1004,1510,8,2,2,4,0,15,152
2021,Bedingfeld,E05010239,3224,1352,1617,10,1,3,6,0,21,214
2021,Attleborough Burgh & Haverscroft,E05010240,5092,2083,2634,10,2,10,21,1,24,307
2021,Attleborough Queens & Besthorpe,E05010241,7976,3659,3629,19,39,5,66,5,25,529
2021,Dereham Neatherd,E05010242,7436,3065,3811,13,10,7,31,2,42,455
2021,Dereham Toftwood,E05010243,5901,2562,2895,8,13,8,21,0,27,367
2021,Dereham Withburga,E05010244,5922,2801,2700,18,3,3,25,4,23,345
2021,Forest (Breckland),E05010245,3148,1385,1552,9,3,4,19,2,8,166
2021,Guiltcross,E05010246,3389,1392,1727,8,1,3,2,0,26,230
2021,Harling & Heathlands,E05010247,3172,1407,1564,5,0,1,2,1,18,174
2021,Hermitage (Breckland),E05010248,2835,1070,1533,10,6,1,10,1,11,193
2021,Launditch,E05010249,2603,1047,1394,7,1,3,5,0,10,136
2021,Lincoln,E05010250,5467,2246,2803,34,7,7,12,4,22,332
2021,Mattishall,E05010251,5590,2280,2934,10,3,3,3,1,23,333
2021,Nar Valley,E05010252,2871,1050,1562,11,2,2,11,4,13,216
2021,Necton,E05010253,2669,962,1536,7,2,2,1,2,19,138
2021,Saham Toney,E05010254,5501,2410,2708,13,6,8,18,1,32,305
2021,Shipdham-with-Scarning,E05010255,5763,2508,2828,10,5,7,5,0,34,366
2021,Swaffham,E05010256,8565,3316,4536,33,9,9,45,8,65,544
2021,The Buckenhams & Banham,E05010257,3263,1483,1533,8,1,0,1,2,23,212
2021,Thetford Boudica,E05010258,4951,2173,2350,16,4,3,15,1,36,353
2021,Thetford Burrell,E05010259,6220,2900,2825,30,4,5,49,1,59,347
2021,Thetford Castle,E05010260,6185,2674,3025,18,26,7,48,7,31,349
2021,Thetford Priory,E05010261,7899,3682,3494,13,28,10,53,1,39,579
2021,Upper Wensum,E05010262,6530,2685,3338,13,8,7,13,0,47,419
2021,Watton,E05010263,8970,3347,4882,17,15,9,36,6,58,600
2021,Backwell,E05010276,4812,2151,2238,14,26,6,12,10,19,336
2021,Banwell & Winscombe,E05010277,8220,3517,4106,29,10,4,9,5,34,506
2021,Blagdon & Churchill,E05010278,4288,1858,2060,14,3,2,22,2,32,295
2021,Clevedon East,E05010279,4618,2263,1953,23,9,1,34,3,29,303
2021,Clevedon South,E05010280,4200,2002,1880,9,1,0,29,2,18,259
2021,Clevedon Walton,E05010281,4514,1794,2372,10,1,5,18,1,29,284
2021,Clevedon West,E05010282,3864,1726,1836,21,5,3,26,1,28,218
2021,Clevedon Yeo,E05010283,4208,1854,2061,8,3,4,26,0,17,235
2021,Congresbury & Puxton,E05010284,4135,1838,1986,11,12,3,11,4,23,247
2021,Gordano Valley,E05010285,4166,1594,2238,10,10,4,19,12,18,261
2021,Hutton & Locking,E05010286,7771,3468,3800,16,15,6,25,1,40,400
2021,Long Ashton,E05010287,8942,4026,4138,46,53,12,47,5,38,577
2021,Nailsea Golden Valley,E05010288,4264,1795,2200,10,4,0,5,0,5,245
2021,Nailsea West End,E05010289,3247,1377,1640,7,7,3,22,0,18,173
2021,Nailsea Yeo,E05010290,3968,1718,1989,5,6,2,23,0,13,212
2021,Nailsea Youngwood,E05010291,4060,1689,2049,7,6,5,20,0,17,267
2021,Pill,E05010292,4387,2127,1972,8,3,6,20,1,22,228
2021,Portishead East,E05010293,8255,4084,3555,43,30,11,41,7,24,460
2021,Portishead North,E05010294,4800,2188,2216,29,5,7,32,8,22,293
2021,Portishead South,E05010295,4143,1641,2180,9,0,2,18,3,28,262
2021,Portishead West,E05010296,9161,3940,4566,22,14,2,57,2,52,506
2021,Weston-super-Mare South,E05010297,9525,5236,3392,35,20,4,129,1,76,632
2021,Weston-super-Mare Central,E05010298,9090,3812,4219,37,41,7,172,11,100,691
2021,Weston-super-Mare Hillside,E05010299,8488,3795,3919,48,9,8,70,1,75,563
2021,Weston-super-Mare Kewstoke,E05010300,8526,3502,4303,20,17,5,24,13,51,591
2021,Weston-super-Mare Mid Worle,E05010301,3906,1692,1875,6,6,0,40,1,15,271
2021,Weston-super-Mare Milton,E05010302,9634,4471,4278,29,31,9,108,2,54,652
2021,Weston-super-Mare North Worle,E05010303,8460,4095,3754,19,12,7,44,0,29,500
2021,Weston-super-Mare South Worle,E05010304,9001,4202,3951,26,14,1,49,1,35,722
2021,Weston-super-Mare Uphill,E05010305,8177,3277,4130,30,24,12,78,6,52,568
2021,Weston-super-Mare Winterstoke,E05010306,9463,5152,3576,41,28,6,66,5,27,562
2021,Wick St Lawrence & St Georges,E05010307,4875,2492,2015,3,9,1,13,0,17,325
2021,Winford,E05010308,4443,1976,2154,10,9,0,2,1,27,264
2021,Wrington,E05010309,4172,1689,2155,12,12,7,4,1,33,259
2021,Yatton,E05010310,8945,4043,4234,27,11,12,31,7,48,532
2021,Acomb,E05010311,9109,4066,4395,29,6,5,58,7,33,510
2021,Bishopthorpe,E05010312,4136,1634,2216,12,12,3,2,1,20,236
2021,Clifton (York),E05010313,9417,4849,3636,45,29,10,191,8,87,562
2021,Copmanthorpe,E05010314,4148,1659,2195,12,4,4,8,0,21,245
2021,Dringhouses & Woodthorpe,E05010315,11492,4884,5711,27,38,10,58,14,57,693
2021,Fishergate,E05010316,9554,5019,2964,134,200,31,241,9,127,829
2021,Fulford & Heslington,E05010317,4175,1871,1728,62,68,15,82,10,17,322
2021,Guildhall (York),E05010318,14553,7829,4784,151,111,26,327,11,148,1166
2021,Haxby & Wigginton,E05010319,11775,4455,6512,33,22,12,44,9,45,643
2021,Heworth,E05010320,13433,6814,5211,78,75,22,254,9,94,876
2021,Heworth Without,E05010321,4075,1600,2149,18,12,2,32,7,11,244
2021,Holgate,E05010322,11962,6046,4961,63,45,7,103,16,79,642
2021,Hull Road,E05010323,14860,7530,4555,102,123,23,418,30,122,1957
2021,Huntington & New Earswick,E05010324,12418,5270,6112,45,26,8,150,3,51,753
2021,Micklegate,E05010325,12405,6638,4532,76,76,25,155,18,115,770
2021,Osbaldwick & Derwent,E05010326,8401,3246,4377,30,46,17,96,2,37,550
2021,Rawcliffe & Clifton Without,E05010327,12332,5395,5791,41,73,16,146,6,71,793
2021,Rural West York,E05010328,8113,2880,4569,20,29,16,32,0,33,534
2021,Strensall,E05010329,8327,3312,4384,13,24,3,52,2,20,517
2021,Westfield (York),E05010330,13976,7025,5933,40,20,14,32,15,60,837
2021,Wheldrake,E05010331,4157,1555,2303,16,4,3,8,4,15,249
2021,Bocking Blackwater,E05010365,10299,4880,4598,26,51,23,98,3,47,573
2021,Bocking North,E05010366,5221,2254,2584,6,9,14,24,0,26,304
2021,Bocking South,E05010367,6756,3269,2900,24,27,16,75,6,35,404
2021,Braintree Central & Beckers Green,E05010368,9584,4636,4030,31,46,20,161,4,88,568
2021,Braintree South,E05010369,6557,3205,2750,21,30,17,98,6,19,411
2021,Braintree West,E05010370,6168,2623,3112,19,25,4,24,0,25,336
2021,Bumpstead,E05010371,2879,1228,1451,6,6,5,0,4,16,163
2021,Coggeshall,E05010372,5878,2395,3078,17,5,11,7,0,23,342
2021,Great Notley & Black Notley,E05010374,10101,4558,4738,25,45,17,69,25,25,599
2021,Hedingham,E05010378,6014,2833,2710,14,15,10,30,0,26,376
2021,Kelvedon & Feering,E05010379,5749,2351,2983,10,5,14,16,1,16,353
2021,Rayne,E05010380,2886,1216,1450,14,20,5,8,7,3,163
2021,Stour Valley North,E05010382,2923,1174,1555,8,3,3,3,2,5,170
2021,Stour Valley South,E05010383,3013,1197,1600,7,0,2,3,0,17,187
2021,The Colnes,E05010384,6004,2664,2912,8,9,10,43,1,24,333
2021,Three Fields,E05010385,5750,2311,3040,9,19,6,11,6,22,326
2021,Witham South,E05010388,6386,3004,2782,24,66,8,71,11,31,389
2021,Witham West,E05010389,6799,3174,3107,21,35,4,42,2,24,390
2021,Yeldham,E05010390,2859,1150,1519,5,9,10,2,4,18,142
2021,Beltinge,E05010392,7017,2762,3678,27,31,11,26,7,30,445
2021,Blean Forest,E05010393,10126,3933,4280,80,211,24,378,67,67,1086
2021,Chestfield,E05010395,7139,2737,3809,16,25,17,30,14,29,462
2021,Gorrell,E05010396,10625,5233,4475,61,41,16,72,6,93,628
2021,Greenhill (Canterbury),E05010397,4199,1851,2003,12,9,5,25,7,26,261
2021,Herne & Broomfield,E05010398,8983,3642,4671,20,20,11,34,15,50,520
2021,Heron,E05010399,13273,5911,6267,74,67,19,109,9,71,746
2021,Northgate (Canterbury),E05010402,7046,2978,2762,67,116,13,287,23,96,704
2021,Seasalter,E05010404,7810,3058,4148,19,8,10,26,14,34,493
2021,St Stephen's (Canterbury),E05010405,9999,4668,3778,69,132,16,395,22,113,806
2021,Swalecliffe,E05010407,3961,1427,2185,22,13,9,21,8,24,252
2021,Tankerton,E05010408,3528,1490,1762,25,6,7,9,1,19,209
2021,West Bay,E05010409,4085,1874,1886,14,3,6,20,0,28,254
2021,Westgate (Canterbury),E05010410,9191,4140,3563,100,135,30,357,27,91,748
2021,Wincheap,E05010411,9425,4166,4081,84,89,19,241,3,96,646
2021,Bank Top & Lascelles,E05010412,7103,2989,3570,26,20,3,71,44,26,354
2021,Brinkburn & Faverdale,E05010413,6831,2774,3630,16,30,0,60,16,9,296
2021,Cockerton,E05010414,6323,2982,2903,14,13,2,71,22,27,289
2021,College (Darlington),E05010415,4287,1507,2411,20,53,0,76,13,8,199
2021,Eastbourne,E05010416,6355,2631,3248,12,14,1,82,22,20,325
2021,Harrowgate Hill,E05010417,6470,2540,3507,15,7,0,47,47,20,287
2021,Haughton & Springfield,E05010418,6311,2487,3292,13,15,3,35,32,30,404
2021,Heighington & Coniscliffe,E05010419,4754,1519,2968,12,7,3,11,11,23,200
2021,Hummersknott,E05010420,3702,1123,2256,14,36,0,44,17,7,205
2021,Hurworth,E05010421,3689,1269,2218,7,4,1,20,6,4,160
2021,Mowden,E05010422,3819,1169,2378,5,39,4,44,19,2,159
2021,North Road,E05010423,6212,2733,2992,14,12,2,78,33,47,301
2021,Northgate (Darlington),E05010424,4147,1672,1510,34,19,0,655,32,33,192
2021,Park East,E05010425,7589,3450,3377,43,47,3,137,36,51,445
2021,Park West,E05010426,4261,1461,2538,8,18,6,39,12,12,167
2021,Pierremont,E05010427,5842,2490,2705,19,63,2,207,21,23,312
2021,Red Hall & Lingfield,E05010428,4676,2060,2312,22,5,2,41,16,19,199
2021,Sadberge & Middleton St George,E05010429,6764,2432,3887,16,18,2,26,20,18,345
2021,Stephenson,E05010430,4839,2054,2345,23,36,1,86,21,10,263
2021,Whinfield,E05010431,3837,1438,2147,14,2,1,24,4,15,192
2021,Abbey (Leicester),E05010458,22105,5921,7242,105,3572,7,2925,804,149,1380
2021,Aylestone,E05010459,11944,5302,4697,21,297,4,664,187,72,700
2021,Beaumont Leys,E05010460,18807,5794,6766,64,1981,4,2662,529,117,890
2021,Belgrave (Leicester),E05010461,20564,839,1483,29,14270,5,2480,688,92,678
2021,Braunstone Park & Rowley Fields,E05010462,21022,8591,7469,68,901,7,1648,921,139,1278
2021,Castle (Leicester),E05010463,23681,9381,6890,205,1263,62,2635,555,201,2489
2021,Evington,E05010464,17268,1486,3204,46,3720,12,6260,1617,62,861
2021,Eyres Monsell,E05010465,12009,5659,4350,24,185,8,836,146,81,720
2021,Fosse,E05010466,14374,4284,6573,50,703,5,1477,265,89,928
2021,Humberstone & Hamilton,E05010467,21143,3681,4722,47,4199,8,5582,1648,119,1137
2021,Knighton,E05010468,16827,4793,5422,49,1656,47,2281,1561,104,914
2021,North Evington,E05010469,23914,1255,1924,45,9156,7,9419,1195,80,833
2021,Rushey Mead,E05010470,17387,1035,1769,67,10423,9,2032,1384,150,518
2021,Saffron,E05010471,13888,5526,4652,39,463,3,1816,164,98,1127
2021,Spinney Hills,E05010472,13040,218,582,8,1938,3,8980,745,44,522
2021,Stoneygate,E05010473,21098,2053,2559,70,1732,93,12474,903,83,1131
2021,Thurncourt,E05010474,12061,2561,3214,24,1390,3,3354,806,75,634
2021,Troon,E05010475,14799,2059,2822,52,4045,8,3787,1356,62,608
2021,Westcotes,E05010476,15785,4938,5945,87,980,18,1742,526,132,1417
2021,Western,E05010477,21078,8859,7870,62,759,6,1991,298,82,1151
2021,Wycliffe,E05010478,15780,371,1006,22,2187,7,11399,154,44,590
2021,Barlaston,E05010479,2813,905,1717,4,4,2,5,2,18,156
2021,Baswich,E05010480,6114,2078,3427,7,93,3,114,67,26,299
2021,Common,E05010481,4525,2099,1994,16,39,0,65,24,44,244
2021,Coton,E05010482,8785,3748,3729,168,273,3,202,101,108,453
2021,Doxey & Castletown,E05010483,4231,1910,1928,12,41,1,73,14,16,236
2021,Eccleshall,E05010484,7047,2332,4226,8,11,2,56,4,30,378
2021,Forebridge,E05010485,3652,1662,1641,19,24,3,71,21,32,179
2021,Fulford,E05010486,5976,1838,3758,6,26,1,29,6,25,287
2021,Gnosall & Woodseaves,E05010487,6803,2223,4114,21,15,1,15,11,17,386
2021,Haywood & Hixon,E05010488,6780,2109,4203,11,4,1,9,13,30,400
2021,Highfields & Western Downs,E05010489,6889,2960,3284,22,18,8,77,31,34,455
2021,Holmcroft,E05010490,6695,2528,3578,19,37,3,64,24,19,423
2021,Littleworth,E05010491,5653,2171,2850,42,84,3,104,62,40,297
2021,Manor (Stafford),E05010492,7202,3062,3525,15,30,2,77,36,44,411
2021,Milford (Stafford),E05010493,2917,960,1724,9,22,2,28,7,7,158
2021,Milwich,E05010494,6988,2343,4000,60,85,3,66,13,44,374
2021,Penkside,E05010495,3566,1720,1477,6,47,4,77,17,10,208
2021,Rowley (Stafford),E05010496,3145,1103,1711,8,54,0,26,71,6,166
2021,St Michael's & Stonefield,E05010497,10230,3610,5909,27,34,7,54,4,36,549
2021,Seighford & Church Eaton,E05010498,6860,2256,4043,23,77,3,53,23,22,360
2021,Swynnerton & Oulton,E05010499,6504,2075,3944,23,54,3,66,14,33,292
2021,Walton (Stafford),E05010500,7048,2634,3930,29,32,1,45,15,23,339
2021,Weeping Cross & Wildwood,E05010501,6446,2150,3648,15,158,5,115,27,18,310
2021,Aggborough & Spennells,E05010502,8764,3500,4597,23,25,5,75,27,41,471
2021,Areley Kings & Riverside,E05010503,8258,2957,4687,14,10,1,25,5,44,515
2021,Bewdley & Rock,E05010504,8658,3050,5003,17,6,1,21,2,38,520
2021,Blakebrook & Habberley South,E05010505,9486,4016,4704,27,14,1,79,23,42,580
2021,Broadwaters,E05010506,9277,3850,4334,41,8,3,438,26,62,515
2021,Foley Park & Hoobrook,E05010507,10613,4707,5099,28,9,3,51,25,53,638
2021,Franche & Habberley North,E05010508,9784,3767,5358,19,8,3,22,11,23,573
2021,Lickhill,E05010509,2459,888,1392,3,1,2,20,0,11,142
2021,Mitton,E05010510,9939,3784,5361,16,16,2,27,27,38,668
2021,Offmore & Comberton,E05010511,9488,3713,5088,16,7,7,84,18,46,509
2021,Wribbenhall & Arley,E05010512,5304,2005,2895,11,10,7,7,11,33,325
2021,Wyre Forest Rural,E05010513,9581,3019,5662,19,12,7,208,81,44,529
2021,Attenborough & Chilwell East,E05010514,7122,3128,3256,15,39,8,102,33,26,515
2021,"Awsworth, Cossall & Trowell",E05010515,5017,2268,2388,8,22,4,31,17,26,253
2021,Beeston Central,E05010516,6187,2913,2231,57,101,11,301,42,51,480
2021,Beeston North,E05010517,6364,2950,2122,55,94,13,616,89,22,403
2021,Beeston Rylands,E05010518,4776,2480,1790,17,21,5,92,44,30,297
2021,Beeston West,E05010519,5551,2806,2029,39,72,11,213,15,42,324
2021,Bramcote,E05010520,7243,2530,3482,31,253,9,260,254,35,389
2021,Brinsley,E05010521,2284,1036,1056,1,6,4,6,6,9,160
2021,Chilwell West,E05010522,7590,3735,3179,45,84,10,83,31,54,369
2021,Eastwood Hall,E05010523,2610,1284,1172,13,0,2,0,3,17,119
2021,Eastwood Hilltop,E05010524,4856,2452,2045,16,15,3,22,4,17,282
2021,Eastwood St Mary's,E05010525,4878,2613,1882,5,18,4,43,10,28,275
2021,Greasley,E05010526,6550,2996,3167,18,16,4,20,12,21,296
2021,Kimberley,E05010527,6670,3352,2878,11,3,2,29,16,26,353
2021,Nuthall East & Strelley,E05010528,5209,1810,2249,25,209,4,357,239,14,302
2021,Stapleford North,E05010529,4762,2448,1863,15,22,3,60,22,29,300
2021,Stapleford South East,E05010530,5185,2479,2197,28,66,9,64,34,23,285
2021,Stapleford South West,E05010531,5503,3016,1976,22,28,3,108,31,30,289
2021,Toton & Chilwell Meadows,E05010532,8063,3529,3695,35,131,9,102,97,33,432
2021,Watnall & Nuthall West,E05010533,4516,2141,1987,18,14,4,34,36,7,275
2021,Bere Ferrers,E05010550,3671,1528,1853,8,0,2,0,1,27,252
2021,Bridestowe,E05010551,3271,1236,1774,4,1,6,3,0,26,221
2021,Buckland Monachorum,E05010552,3799,1434,2080,13,3,6,14,1,21,227
2021,Burrator,E05010553,3624,1395,1933,5,4,1,5,0,42,239
2021,Chagford,E05010554,1540,657,696,18,2,0,1,0,27,139
2021,Dartmoor,E05010555,2374,997,1124,26,3,8,17,0,44,155
2021,Drewsteignton,E05010556,1762,757,858,8,1,0,0,0,11,127
2021,Exbourne,E05010557,4148,1730,2149,7,5,2,4,0,37,214
2021,Hatherleigh,E05010558,3229,1308,1643,9,0,4,3,0,28,234
2021,Mary Tavy,E05010559,1602,620,847,5,0,6,4,0,9,111
2021,Milton Ford,E05010560,1924,731,1035,10,2,1,0,0,16,129
2021,Okehampton North,E05010561,5734,2603,2629,20,1,0,31,0,41,409
2021,Okehampton South,E05010562,3997,1906,1774,17,1,2,31,0,22,244
2021,South Tawton,E05010563,1929,821,964,6,0,2,0,0,11,125
2021,Tamarside,E05010564,1823,759,937,7,0,2,3,0,12,103
2021,Tavistock North,E05010565,5484,2438,2596,23,5,11,8,0,40,363
2021,Tavistock South East,E05010566,3894,1376,2249,10,0,4,1,7,17,230
2021,Tavistock South West,E05010567,3293,1459,1576,13,4,6,19,0,24,192
2021,Awsworth Road,E05010604,5149,3006,1814,6,18,2,14,4,35,250
2021,Breaston,E05010605,4370,1829,2226,7,22,1,6,17,20,242
2021,Cotmanhay,E05010606,5080,2879,1843,7,11,1,9,1,31,298
2021,Derby Road East,E05010607,5469,3099,1893,17,31,0,46,37,44,302
2021,Derby Road West,E05010608,6912,3272,2968,12,120,3,49,48,16,424
2021,Draycott & Risley,E05010609,4115,1994,1836,11,26,0,11,12,30,195
2021,Hallam Fields,E05010610,5053,2766,1975,11,13,6,11,12,15,244
2021,Kirk Hallam & Stanton-by-Dale,E05010611,6407,3355,2590,20,12,2,23,4,33,368
2021,Larklands,E05010612,8637,4790,3255,8,32,3,25,22,59,443
2021,Little Eaton & Stanley,E05010613,4359,1632,2407,15,9,1,11,10,30,244
2021,Little Hallam,E05010614,4709,2141,2233,26,14,0,22,5,17,251
2021,Long Eaton Central,E05010615,7281,3869,2802,25,40,1,40,26,58,420
2021,Nottingham Road,E05010616,4947,2591,1931,6,26,1,52,28,37,275
2021,Ockbrook & Borrowash,E05010617,7167,3182,3449,17,18,4,43,20,29,405
2021,Sandiacre,E05010618,8216,4334,3240,28,30,5,52,10,33,484
2021,Sawley,E05010619,6464,3227,2807,11,14,2,25,22,47,309
2021,Shipley View,E05010620,4794,2201,2323,7,9,0,9,1,13,231
2021,West Hallam & Dale Abbey,E05010621,6207,2367,3384,4,8,3,7,10,18,406
2021,Wilsthorpe,E05010622,7566,3816,3104,24,65,5,46,60,37,409
2021,Barms,E05010623,1704,774,811,5,2,0,10,0,15,87
2021,Blackbrook (High Peak),E05010624,4596,2108,2090,21,2,2,6,0,32,335
2021,Burbage,E05010625,2074,909,1018,4,1,2,2,0,6,132
2021,Buxton Central,E05010626,3602,1669,1592,30,6,12,23,0,32,238
2021,Chapel East,E05010627,2177,1013,1027,10,2,2,4,0,6,113
2021,Chapel West,E05010628,4962,2170,2465,19,7,3,13,1,28,256
2021,Corbar,E05010629,4030,1644,2126,14,1,0,5,1,8,231
2021,Cote Heath,E05010630,4105,1692,2053,22,6,4,3,0,15,310
2021,Dinting,E05010631,2411,1034,1206,9,5,1,6,1,13,136
2021,Gamesley,E05010632,2409,1225,994,6,0,0,1,1,13,169
2021,Hadfield North,E05010633,2344,1164,1035,3,0,0,3,4,10,125
2021,Hadfield South,E05010634,4200,1688,2235,9,11,1,13,0,13,230
2021,Hayfield,E05010635,1992,930,924,10,2,2,1,0,7,116
2021,Hope Valley,E05010636,3557,1421,1881,13,0,1,8,3,21,209
2021,Howard Town,E05010637,4682,2367,2015,24,2,5,18,0,37,214
2021,Limestone Peak,E05010638,2197,960,1084,2,2,2,2,0,18,127
2021,New Mills East,E05010639,4028,1853,1868,17,5,1,14,1,31,238
2021,New Mills West,E05010640,4186,2105,1768,22,1,7,27,0,34,222
2021,Old Glossop,E05010641,4518,1790,2430,10,1,1,13,1,17,255
2021,Padfield,E05010642,2224,1059,1031,7,0,0,8,0,16,103
2021,St John's (High Peak),E05010643,1870,758,1000,8,2,2,5,0,11,84
2021,Sett,E05010644,1862,842,907,7,1,1,9,0,7,88
2021,Simmondley,E05010645,4159,1648,2249,10,13,1,12,0,16,210
2021,Stone Bench,E05010646,4471,2066,2088,11,1,0,9,3,23,270
2021,Temple,E05010647,1728,656,948,13,2,2,1,0,11,95
2021,Tintwistle,E05010648,2223,987,1058,3,4,0,10,0,11,150
2021,Whaley Bridge,E05010649,6317,2782,3139,14,5,3,11,0,25,338
2021,Whitfield (High Peak),E05010650,2302,1065,1082,6,3,0,2,0,14,130
2021,Alrewas & Fradley,E05010651,6713,2591,3630,13,40,4,35,28,34,338
2021,Armitage with Handsacre,E05010652,8016,3163,4348,14,18,3,29,22,24,395
2021,Boley Park,E05010653,3848,1233,2322,9,14,1,29,19,19,202
2021,Boney Hay & Central,E05010654,6343,2383,3537,15,6,4,12,34,45,307
2021,Bourne Vale,E05010655,3010,1082,1579,9,18,3,110,33,13,163
2021,Chadsmead,E05010656,4619,2119,2182,8,9,6,34,11,23,227
2021,Chase Terrace,E05010657,4665,1917,2480,4,2,1,12,17,11,221
2021,Chasetown,E05010658,4965,2308,2292,12,11,0,10,20,19,293
2021,Colton & the Ridwares,E05010659,2293,753,1386,7,8,1,5,8,15,110
2021,Curborough,E05010660,4273,1887,2081,7,16,3,9,12,27,231
2021,Fazeley,E05010661,4615,1983,2306,6,12,3,16,29,7,253
2021,Hammerwich with Wall,E05010662,4198,1321,2568,5,9,2,13,42,11,227
2021,Highfield (Lichfield),E05010663,4512,1471,2736,1,13,4,8,17,10,252
2021,Leomansley,E05010664,7276,2814,3942,25,19,4,57,39,14,362
2021,Little Aston & Stonnall,E05010665,4906,1206,2625,11,177,4,138,471,30,244
2021,Longdon (Lichfield),E05010666,2023,649,1265,0,0,0,1,5,15,88
2021,Mease Valley,E05010667,2019,694,1213,1,1,4,4,4,10,88
2021,St John's (Lichfield),E05010668,5923,2275,3200,12,19,5,73,44,18,277
2021,Shenstone,E05010669,2195,735,1313,2,5,0,20,16,2,102
2021,Stowe,E05010670,6636,2465,3710,50,2,7,59,20,22,301
2021,Summerfield & All Saints,E05010671,6233,2729,3126,10,9,0,4,2,33,320
2021,Whittington & Streethay,E05010672,7144,2784,3841,26,49,2,43,29,34,336
2021,Abbey Hill,E05010673,3522,1879,1370,7,3,1,13,4,10,235
2021,Annesley & Kirkby Woodhouse,E05010674,7459,3638,3198,15,15,1,36,17,38,501
2021,Ashfields,E05010675,3986,1975,1698,10,14,2,18,15,16,238
2021,Carsic,E05010676,3794,2192,1274,11,6,0,40,17,12,242
2021,Sutton Central & New Cross,E05010677,7816,4231,2882,11,35,1,82,12,42,520
2021,Hucknall Central,E05010678,7471,3880,2992,14,36,1,60,10,57,421
2021,Hucknall North,E05010679,10580,5100,4640,23,37,4,76,16,57,627
2021,Hucknall South,E05010680,7678,3848,3202,14,32,3,77,29,38,435
2021,Hucknall West,E05010681,10705,5376,4531,31,29,3,49,51,42,593
2021,Huthwaite & Brierley,E05010682,7565,3731,3271,12,41,1,30,18,51,410
2021,Jacksdale & Westwood,E05010683,3284,1628,1443,5,3,3,6,0,20,176
2021,Kingsway (Ashfield),E05010684,2612,1293,1146,4,10,2,10,1,10,136
2021,Kirkby Cross & Portland,E05010685,4577,2426,1851,18,18,0,21,3,16,224
2021,Larwood,E05010686,3834,2006,1582,9,13,3,10,22,11,178
2021,Leamington,E05010687,4117,2341,1446,4,23,0,40,5,27,231
2021,Sutton St Mary's,E05010688,3634,1634,1749,13,14,2,11,11,10,190
2021,Selston,E05010689,6335,3024,2900,15,5,2,9,10,20,350
2021,Skegby,E05010690,6719,3061,3145,7,26,6,26,4,22,422
2021,Stanton Hill & Teversal,E05010691,3349,1627,1482,8,4,0,27,7,12,182
2021,Greenwood & Summit,E05010692,7286,4089,2554,12,22,1,84,20,37,467
2021,Sutton Junction & Harlow Wood,E05010693,3611,1709,1623,1,17,1,15,12,12,221
2021,The Dales,E05010694,3291,1502,1525,9,9,1,17,6,22,200
2021,Underwood,E05010695,3077,1290,1592,3,3,0,5,3,12,169
2021,Abbey (Cotswold),E05010696,2452,908,1257,19,11,7,4,0,19,227
2021,Blockley,E05010697,2573,940,1460,6,2,5,3,0,9,148
2021,Bourton Vale,E05010698,2768,825,1713,7,5,10,4,0,29,175
2021,Bourton Village,E05010699,3291,1255,1806,10,0,8,9,3,11,189
2021,Campden & Vale,E05010700,6125,2072,3653,19,6,15,4,4,15,337
2021,Chedworth & Churn Valley,E05010701,2508,831,1475,14,2,7,0,0,15,164
2021,Chesterton,E05010702,2435,927,1319,10,5,5,1,0,14,154
2021,Coln Valley,E05010703,2277,736,1367,4,6,7,2,0,16,139
2021,Ermin,E05010704,2617,894,1557,7,3,0,5,1,10,140
2021,Fairford North,E05010705,2422,881,1379,8,3,2,11,0,6,132
2021,Fosseridge,E05010706,2632,857,1570,11,3,6,10,10,5,160
2021,Four Acres,E05010707,1821,712,956,4,5,2,11,1,11,119
2021,Grumbolds Ash with Avening,E05010708,2624,947,1432,16,0,7,1,1,21,199
2021,Kemble,E05010709,2636,857,1583,11,6,8,3,1,10,157
2021,"Lechlade, Kempsford & Fairford South",E05010710,6141,2254,3434,15,9,12,16,11,34,356
2021,Moreton East,E05010711,3427,1445,1747,7,5,1,1,4,9,208
2021,Moreton West,E05010712,2323,831,1336,12,2,1,6,1,7,127
2021,New Mills,E05010713,2850,1262,1384,7,5,2,19,1,7,163
2021,Northleach,E05010714,2915,1028,1679,10,4,1,6,5,22,160
2021,St Michael's (Cotswold),E05010715,2391,967,1193,13,40,11,19,0,11,137
2021,Sandywell,E05010716,2568,955,1435,11,3,5,5,5,8,141
2021,Siddington & Cerney Rural,E05010717,2884,1078,1435,28,60,2,12,4,28,237
2021,South Cerney Village,E05010718,2788,1000,1581,15,1,1,5,9,10,166
2021,Stow (Cotswold),E05010719,2477,835,1464,15,5,3,4,0,13,138
2021,Stratton (Cotswold),E05010720,2557,932,1463,7,5,2,6,2,4,136
2021,Tetbury East & Rural,E05010721,2691,1029,1493,9,1,1,12,0,9,137
2021,Tetbury Town,E05010722,2384,993,1255,2,0,0,6,2,12,114
2021,Tetbury with Upton,E05010723,2241,843,1224,4,1,3,7,0,8,151
2021,The Ampneys & Hampton,E05010724,2696,879,1654,7,2,9,0,0,12,133
2021,The Beeches,E05010725,2729,1134,1368,13,4,8,12,0,10,180
2021,The Rissingtons,E05010726,2597,989,1430,8,1,4,2,0,10,153
2021,Watermoor,E05010727,2979,1212,1491,2,32,2,29,0,14,197
2021,Adwick le Street & Carcroft,E05010728,16517,7835,7462,32,69,3,80,41,79,916
2021,Armthorpe,E05010729,14163,5645,7499,38,30,5,139,24,39,744
2021,Balby South,E05010730,9392,3756,4706,17,26,2,232,90,62,501
2021,Bentley,E05010731,18196,8544,8205,94,76,5,155,33,91,993
2021,Bessacarr,E05010732,14961,4980,7828,42,204,8,633,304,140,822
2021,Conisbrough,E05010733,16316,7183,8113,25,23,9,58,18,61,826
2021,Edenthorpe & Kirk Sandall,E05010734,10151,3874,5638,24,18,3,54,26,31,483
2021,Edlington & Warmsworth,E05010735,12076,5112,6106,14,31,2,83,3,86,639
2021,Finningley,E05010736,17748,6341,9854,33,134,8,293,167,103,815
2021,Hatfield,E05010737,17151,6395,9122,61,24,6,440,38,115,950
2021,Hexthorpe & Balby North,E05010738,12244,4513,6289,32,39,9,404,148,79,731
2021,Mexborough,E05010739,15557,7192,7422,28,22,3,68,16,65,741
2021,Norton & Askern,E05010740,15236,6408,7837,13,35,4,48,11,55,825
2021,Roman Ridge,E05010741,10794,4647,5402,38,24,2,41,21,28,591
2021,Rossington & Bawtry,E05010742,17868,7580,9104,19,32,2,89,25,48,969
2021,Sprotbrough,E05010743,10773,3774,6354,15,11,2,41,9,40,527
2021,Stainforth & Barnby Dun,E05010744,9640,3869,5209,15,23,10,24,14,31,445
2021,Thorne & Moorends,E05010745,18094,7163,9654,41,25,5,63,25,65,1053
2021,Tickhill & Wadsworth,E05010746,11183,3968,6480,17,24,5,103,17,35,534
2021,Town (Doncaster),E05010747,22265,7091,10234,111,131,15,2909,274,173,1327
2021,Wheatley Hills & Intake,E05010748,17784,6775,8230,112,290,10,943,87,299,1038
2021,Blunsdon and Highworth,E05010755,11443,4643,5892,27,66,5,58,34,54,664
2021,Haydon Wick,E05010756,12047,5150,5618,102,185,12,147,63,75,695
2021,Penhill and Upper Stratton,E05010757,12725,6356,5250,34,87,6,145,66,75,706
2021,Admirals and Cawston,E05010758,9848,3865,4689,26,346,4,143,215,40,520
2021,Dunsmore,E05010759,8593,2954,4715,17,174,6,90,185,20,432
2021,Wolston and the Lawfords,E05010760,8353,3309,4343,38,67,11,75,72,28,410
2021,Chadlington and Churchill,E05010781,1951,698,1082,6,0,11,8,0,13,133
2021,Charlbury and Finstock,E05010782,3828,1614,1908,28,4,5,11,2,20,236
2021,"Hailey, Minster Lovell and Leafield",E05010783,4124,1503,2315,10,16,8,2,2,15,253
2021,Abbey (Lincoln),E05010784,11310,5032,4598,57,114,10,455,18,132,894
2021,Birchwood (Lincoln),E05010785,8928,4175,4047,22,18,6,80,14,59,507
2021,Boultham,E05010786,11259,5614,4044,44,69,11,269,30,84,1094
2021,Carholme,E05010787,11228,6152,3677,60,58,11,174,19,93,984
2021,Castle (Lincoln),E05010788,7729,3867,3134,28,27,5,115,3,64,486
2021,Glebe,E05010789,8723,4152,3855,17,32,1,113,0,61,492
2021,Hartsholme,E05010790,8201,3610,4006,16,15,8,35,3,52,456
2021,Minster,E05010791,8247,3793,3659,29,34,5,162,4,58,503
2021,Moorland,E05010792,8047,3619,3726,12,30,2,117,1,46,494
2021,Park (Lincoln),E05010793,12002,5384,5131,53,36,5,310,7,108,968
2021,Witham (Lincoln),E05010794,8136,3542,4024,15,25,6,66,3,34,421
2021,Byfleet and West Byfleet,E05010795,11847,4338,6166,35,124,38,360,44,46,696
2021,Canalside,E05010796,10517,2400,3619,155,459,25,3235,42,63,519
2021,Goldsworth Park,E05010797,9551,3375,4303,72,175,20,1007,7,36,556
2021,Heathlands,E05010798,9747,3289,5154,40,217,16,379,50,47,555
2021,Hoe Valley,E05010799,10051,3597,4583,41,282,23,784,19,33,689
2021,Horsell,E05010800,10249,3543,5323,35,148,34,416,30,44,676
2021,Knaphill,E05010801,11117,4291,5253,64,253,5,529,19,62,641
2021,Mount Hermon,E05010802,10867,3614,5083,68,461,18,872,33,73,645
2021,Pyrford,E05010803,10228,2367,5301,69,146,30,1709,25,54,527
2021,St John's (Woking),E05010804,9766,3761,4681,60,218,16,439,16,45,530
2021,Barnack,E05010805,3510,1283,1986,7,11,8,20,12,10,173
2021,Bretton,E05010806,10480,3755,5210,20,114,8,546,41,67,719
2021,Central (Peterborough),E05010807,14112,2333,5192,55,532,10,4998,50,58,884
2021,Dogsthorpe,E05010808,11085,3430,4671,17,147,14,1989,107,42,668
2021,East (Peterborough),E05010809,12094,3048,5814,43,158,6,2132,70,37,786
2021,"Eye, Thorney and Newborough",E05010810,10171,3910,5367,22,38,5,148,66,42,573
2021,Fletton and Stanground,E05010811,10991,4366,5136,46,148,8,445,88,69,685
2021,Fletton and Woodston,E05010812,11615,4368,5291,49,431,12,675,69,66,654
2021,Glinton and Castor,E05010813,6544,2232,3825,6,81,5,42,28,12,313
2021,Gunthorpe,E05010814,9405,3710,4722,24,97,5,327,20,30,470
2021,Hampton Vale,E05010815,8380,3348,3693,36,295,12,458,48,38,452
2021,Hargate and Hempsted,E05010816,9798,4025,4276,46,313,11,487,65,71,504
2021,North (Peterborough),E05010817,11790,2128,4373,16,96,18,4373,97,38,651
2021,Orton Longueville,E05010818,11155,4344,5580,25,55,4,400,26,58,663
2021,Orton Waterville,E05010819,9805,3757,4989,17,177,17,187,49,52,560
2021,Park (Peterborough),E05010820,11504,1771,4281,36,119,1,4448,137,40,671
2021,Paston and Walton,E05010821,11088,4285,5165,26,89,3,678,58,63,721
2021,Ravensthorpe,E05010822,12417,3102,5134,35,460,17,2788,113,67,701
2021,Stanground South,E05010823,10658,3921,5333,59,184,4,386,88,33,650
2021,Werrington (Peterborough),E05010824,9885,3761,5160,19,65,9,195,42,60,574
2021,West (Peterborough),E05010825,5645,1603,2937,10,184,2,497,68,26,318
2021,Wittering,E05010826,3549,1587,1670,7,19,7,21,6,19,213
2021,Berechurch,E05010827,11235,5542,4536,80,118,20,189,14,63,673
2021,Castle (Colchester),E05010828,11314,5065,4711,94,183,21,439,8,78,715
2021,Greenstead,E05010829,14670,6740,5685,123,167,26,597,18,121,1193
2021,Highwoods,E05010830,10501,4930,4366,75,167,17,307,21,65,553
2021,Lexden and Braiswick,E05010831,9609,3757,4896,27,171,20,129,19,31,559
2021,Marks Tey and Layer,E05010832,11147,4843,5408,38,85,28,81,12,40,612
2021,Mersea and Pyefleet,E05010833,9861,3716,5468,28,13,17,25,6,49,539
2021,Mile End (Colchester),E05010834,14233,6424,5740,96,464,31,517,19,71,871
2021,New Town and Christ Church,E05010835,14672,7352,5333,153,302,21,435,11,155,910
2021,Old Heath and The Hythe,E05010836,12761,6060,5094,84,84,19,337,30,72,981
2021,Prettygate,E05010837,10446,4160,5234,89,174,11,131,11,40,596
2021,Rural North,E05010838,10808,4090,5846,41,43,9,82,6,35,656
2021,St Anne's and St John's,E05010839,10789,4636,4998,52,107,12,227,10,69,678
2021,Shrub End,E05010840,12439,5900,5133,190,259,11,188,9,115,634
2021,Stanway,E05010841,9610,4243,4492,64,128,12,115,10,39,507
2021,Tiptree,E05010842,9628,3931,5024,14,11,8,41,4,42,553
2021,Wivenhoe,E05010843,8983,4094,3641,73,68,39,178,24,59,807
2021,Downhall and Rawreth,E05010844,6594,3081,3064,9,44,16,31,12,19,318
2021,Foulness and The Wakerings,E05010845,7133,3508,3099,15,13,23,27,7,40,401
2021,Hawkwell East,E05010846,5911,2648,2807,24,18,32,35,0,20,327
2021,Hawkwell West,E05010847,6519,2986,3100,16,24,18,20,4,18,333
2021,Hockley,E05010848,6508,2833,3167,20,42,17,45,0,21,363
2021,Hockley and Ashingdon,E05010849,6248,2639,3146,7,24,26,21,1,25,359
2021,Hullbridge,E05010850,6592,2826,3288,13,8,17,33,2,34,371
2021,Lodge,E05010851,6651,2858,3283,21,44,37,41,3,16,348
2021,Roche North and Rural,E05010852,6681,3277,2881,17,5,14,20,1,41,425
2021,Roche South,E05010853,6575,3143,2839,29,43,32,58,11,31,389
2021,Sweyne Park and Grange,E05010854,6761,3149,3140,17,33,19,21,3,15,364
2021,Trinity (Rochford),E05010855,6952,2783,3646,10,41,22,29,0,15,406
2021,Wheatley (Rochford),E05010856,6537,2766,3317,9,29,19,34,1,37,325
2021,Beauchief and Greenhill,E05010857,19441,8919,8498,56,46,12,733,13,95,1069
2021,Beighton,E05010858,17577,8039,8269,48,28,10,156,32,58,937
2021,Birley,E05010859,16683,8297,7243,32,13,14,132,6,59,887
2021,Broomhill and Sharrow Vale,E05010860,21927,11872,5665,154,292,84,1982,57,139,1682
2021,Burngreave,E05010861,27289,4261,8396,42,115,14,12692,25,75,1669
2021,City (Sheffield),E05010862,21483,11445,4243,276,686,22,2141,83,186,2401
2021,Crookes and Crosspool,E05010863,17195,8829,6201,113,183,30,648,24,116,1051
2021,Darnall,E05010864,22285,3653,6081,32,146,15,11224,24,36,1074
2021,Dore and Totley,E05010865,18781,7736,8959,46,168,53,610,77,64,1068
2021,East Ecclesfield,E05010866,18018,7626,9181,35,27,9,156,39,48,897
2021,Ecclesall,E05010867,20559,9557,7973,60,242,64,1327,55,98,1183
2021,Firth Park,E05010868,22356,8670,8011,58,99,20,4202,30,84,1182
2021,Fulwood,E05010869,17827,8067,7296,95,372,42,581,56,77,1241
2021,Gleadless Valley,E05010870,20759,10779,6967,102,49,18,1380,32,146,1286
2021,Graves Park,E05010871,17055,8142,7191,44,61,18,544,31,79,945
2021,Hillsborough,E05010872,19152,9660,7807,97,32,21,466,10,72,987
2021,Manor Castle,E05010873,22706,9849,8391,112,127,12,2567,43,120,1485
2021,Mosborough,E05010874,17260,7864,8118,53,49,9,171,15,61,920
2021,Nether Edge and Sharrow,E05010875,23834,9986,5635,140,313,46,5897,36,174,1607
2021,Park and Arbourthorne,E05010876,18765,8150,7705,78,136,13,1455,27,96,1105
2021,Richmond (Sheffield),E05010877,18795,8650,8279,53,35,16,482,18,63,1199
2021,Shiregreen and Brightside,E05010878,20608,8824,7961,61,150,10,2368,36,84,1114
2021,Southey,E05010879,20636,10416,8211,77,51,4,678,58,106,1035
2021,Stannington,E05010880,18607,8270,8829,49,33,18,224,11,83,1090
2021,Stocksbridge and Upper Don,E05010881,18467,8445,8841,47,15,16,56,3,68,976
2021,Walkley,E05010882,22701,10294,7012,201,230,27,3148,24,190,1575
2021,West Ecclesfield,E05010883,17321,7192,8833,40,22,17,141,28,76,972
2021,Woodhouse (Sheffield),E05010884,18429,8063,8336,20,39,11,882,32,83,963
2021,Ashley,E05010885,20002,11504,3587,173,64,74,2639,81,320,1560
2021,Avonmouth and Lawrence Weston,E05010886,22166,10299,9547,75,68,17,584,53,116,1407
2021,Bedminster,E05010887,12913,7889,3712,66,62,22,194,19,88,861
2021,Bishopston and Ashley Down,E05010888,13303,8363,3141,94,67,81,415,47,108,987
2021,Bishopsworth,E05010889,12274,6577,4677,46,33,11,186,3,54,687
2021,Brislington East,E05010890,12146,6377,4533,49,65,17,327,7,66,705
2021,Brislington West,E05010891,11880,6451,4125,52,69,7,301,8,75,792
2021,Central (Bristol),E05010892,18389,9819,3834,229,409,98,1838,64,189,1909
2021,Clifton (Bristol),E05010893,13022,7463,3826,131,98,93,280,30,106,995
2021,Clifton Down,E05010894,11422,6777,3102,99,112,103,213,43,82,891
2021,Cotham,E05010895,11521,7260,2811,87,90,79,231,17,108,838
2021,Easton (Bristol),E05010896,14165,7398,3095,107,61,31,2036,195,206,1036
2021,Eastville,E05010897,14862,6441,4379,128,123,17,2238,284,186,1066
2021,Filwood,E05010898,14300,7755,5000,58,60,5,548,19,49,806
2021,Frome Vale,E05010899,14054,6149,4941,109,103,24,1490,181,111,946
2021,Hartcliffe and Withywood,E05010900,19056,11351,5973,43,90,12,357,20,77,1133
2021,Henbury and Brentry,E05010901,13208,6005,5404,45,149,14,623,51,92,825
2021,Hengrove and Whitchurch Park,E05010902,18711,9282,7780,60,75,12,347,20,57,1078
2021,Hillfields,E05010903,13154,5594,4522,48,135,17,1803,166,97,772
2021,Horfield,E05010904,13838,6977,4814,66,147,22,728,93,85,906
2021,Hotwells and Harbourside,E05010905,6035,3428,1524,82,141,30,286,19,75,450
2021,Knowle (Bristol),E05010906,14047,7442,4880,37,86,25,604,18,88,867
2021,Lawrence Hill,E05010907,19603,6373,3871,99,174,30,7244,143,181,1488
2021,Lockleaze,E05010908,13397,5855,4236,96,130,11,1813,144,90,1022
2021,Redland,E05010909,13254,8084,3703,83,63,73,197,61,86,904
2021,St George Central,E05010910,12984,6051,4829,44,80,16,836,141,111,876
2021,St George Troopers Hill,E05010911,6459,3059,2749,32,19,6,183,43,45,323
2021,St George West,E05010912,6891,3814,2033,50,31,14,343,63,69,474
2021,Southmead,E05010913,13190,5713,5265,54,163,6,994,60,62,873
2021,Southville,E05010914,12882,8261,3071,52,119,32,346,8,139,854
2021,Stockwood,E05010915,11880,5763,4968,35,59,7,222,13,57,756
2021,Stoke Bishop,E05010916,13068,5803,5441,81,131,135,295,57,69,1056
2021,Westbury-on-Trym and Henleaze,E05010917,20420,8934,9304,103,184,59,344,47,93,1352
2021,Windmill Hill,E05010918,13958,8550,3448,100,87,23,691,26,105,928
2021,Banbury Cross and Neithrop,E05010921,10257,3691,4869,82,52,4,733,43,89,694
2021,Banbury Grimsbury and Hightown,E05010922,10423,3512,4783,71,69,12,1164,110,55,647
2021,Banbury Hardwick,E05010923,10406,4434,4756,56,75,11,321,61,45,647
2021,Banbury Ruscote,E05010924,11597,4700,5065,52,39,9,1019,50,36,627
2021,Bicester East,E05010925,8764,3358,4555,53,52,6,189,23,59,469
2021,Bicester North and Caversfield,E05010926,9331,3849,4526,47,61,10,149,58,38,593
2021,Bicester West,E05010928,8845,3376,4603,57,80,13,120,15,35,546
2021,"Cropredy, Sibfords and Wroxton",E05010929,8451,3071,4736,31,17,18,30,11,39,498
2021,Deddington,E05010930,9601,3561,5315,41,16,14,15,14,22,603
2021,Kidlington East,E05010932,9752,3410,5121,51,159,16,328,61,22,584
2021,Kidlington West,E05010933,9254,3220,4955,33,110,11,200,22,45,658
2021,Launton and Otmoor,E05010934,8961,3490,4590,38,37,23,162,16,81,524
2021,Cherryfield,E05010935,10773,2757,7428,13,8,1,49,4,32,481
2021,Halewood North,E05010936,10351,2779,6881,21,41,2,54,19,9,545
2021,Halewood South,E05010937,10405,3023,6742,21,33,6,89,8,18,465
2021,Northwood (Knowsley),E05010938,11868,3715,7483,26,24,2,58,2,11,547
2021,Page Moss,E05010939,11588,3540,7209,19,45,8,152,14,33,568
2021,Prescot North,E05010940,10586,2938,6906,18,71,6,59,1,31,556
2021,Prescot South,E05010941,10122,2854,6643,13,82,4,58,1,15,452
2021,Roby,E05010942,9582,1929,7097,16,17,17,37,1,7,461
2021,Shevington,E05010943,11428,3400,7475,14,5,1,56,1,21,455
2021,St Gabriels,E05010944,9518,2677,6243,15,8,11,62,0,14,488
2021,St Michaels (Knowsley),E05010945,9366,2483,6194,8,46,3,74,2,16,540
2021,Stockbridge,E05010946,10716,2887,7045,27,24,4,72,5,32,620
2021,Swanside,E05010947,9379,2088,6731,19,15,14,57,1,24,430
2021,Whiston and Cronton,E05010948,9079,2546,5985,18,35,5,40,0,11,439
2021,Whitefield,E05010949,9757,2386,6868,10,3,4,53,6,11,416
2021,Abbeydale,E05010950,7155,2819,3788,8,63,9,75,5,22,366
2021,Abbeymead,E05010951,6089,2639,2997,20,56,6,38,3,23,307
2021,Barnwood,E05010952,6735,2577,3612,12,96,5,67,11,22,333
2021,Barton and Tredworth,E05010953,12003,2987,4476,26,142,8,3613,16,43,692
2021,Coney Hill,E05010954,3401,1417,1592,7,36,0,118,4,13,214
2021,Elmbridge,E05010955,6466,2428,3298,15,129,1,119,37,18,421
2021,Grange (Gloucester),E05010956,7097,2947,3609,16,48,7,66,2,27,375
2021,Hucclecote,E05010957,6209,2325,3408,17,22,2,44,4,36,351
2021,Kingsholm and Wotton,E05010958,7094,2712,3425,30,137,3,187,29,37,534
2021,Kingsway (Gloucester),E05010959,7042,3267,3000,18,71,1,147,10,38,490
2021,Longlevens,E05010960,9533,3544,5221,16,94,1,139,27,33,458
2021,"Matson, Robinswood and White City",E05010961,9966,4352,4486,23,40,3,357,4,66,635
2021,Moreland,E05010962,10605,4410,4714,37,86,9,565,24,92,668
2021,Podsmead,E05010963,3465,1359,1719,7,45,0,100,21,22,192
2021,Quedgeley Fieldcourt,E05010964,7499,3407,3470,15,59,2,84,8,31,423
2021,Quedgeley Severn Vale,E05010965,6189,2699,2971,28,11,2,59,4,26,389
2021,Tuffley,E05010966,6170,2516,3116,13,29,2,92,14,28,360
2021,Westgate (Gloucester),E05010967,9693,4102,4242,93,118,5,330,31,70,702
2021,Berkeley Vale,E05010969,7265,2999,3819,17,1,8,1,13,20,387
2021,Cam East,E05010972,4443,1731,2414,5,1,8,6,0,22,256
2021,Cam West,E05010973,4077,1743,2017,8,9,11,10,0,39,240
2021,Coaley and Uley,E05010975,2437,1041,1246,6,2,3,2,4,21,112
2021,Dursley,E05010976,7462,3421,3392,16,21,4,21,9,56,522
2021,Painswick and Upton,E05010981,7626,3005,3989,38,28,14,33,5,45,469
2021,"Randwick, Whiteshill and Ruscombe",E05010982,2014,832,992,15,4,3,12,1,16,139
2021,Stroud Central,E05010986,2126,1038,825,23,3,2,34,0,35,166
2021,Stroud Farmhill and Paganhill,E05010987,2479,1132,1118,11,5,3,26,0,10,174
2021,Stroud Slade,E05010988,2394,1349,807,15,5,2,0,0,27,189
2021,Stroud Uplands,E05010990,2072,910,947,26,9,4,4,0,29,143
2021,Stroud Valley,E05010991,2223,1302,645,19,8,0,26,0,55,168
2021,The Stanleys,E05010992,4691,1945,2347,24,6,4,13,5,15,332
2021,Alresford and Itchen Valley,E05010995,8687,2984,5011,30,25,17,18,11,34,557
2021,Badger Farm and Oliver's Battery,E05010996,8272,3004,4476,36,79,14,52,41,52,518
2021,Bishop's Waltham,E05010997,7978,3393,4159,15,10,6,13,2,26,354
2021,Central Meon Valley,E05010998,9643,4037,5059,24,7,5,20,4,20,467
2021,Colden Common and Twyford,E05010999,5993,2590,3005,15,33,11,25,6,16,292
2021,Denmead,E05011000,8988,4115,4186,33,19,10,45,8,32,540
2021,St Barnabas,E05011001,9106,3733,4380,164,170,22,66,9,73,489
2021,St Bartholomew (Winchester),E05011002,9300,4316,3821,113,133,26,135,15,80,661
2021,St Luke (Winchester),E05011003,6207,2991,2519,40,53,7,108,4,31,454
2021,St Michael (Winchester),E05011004,8991,3781,4195,99,75,12,129,22,48,630
2021,St Paul (Winchester),E05011005,9993,4796,3911,59,75,35,130,11,68,908
2021,Southwick and Wickham,E05011006,6988,3190,3206,8,24,8,23,18,59,452
2021,The Worthys,E05011007,7031,2944,3344,78,94,18,56,12,42,443
2021,Upper Meon Valley,E05011008,5582,1956,3172,9,4,5,12,4,24,396
2021,Whiteley and Shedfield,E05011009,6704,2862,3197,19,96,9,42,13,25,441
2021,Wonston and Micheldever,E05011010,7987,3063,4307,48,52,15,32,4,44,422
2021,Alphington,E05011011,8266,3657,3948,37,3,8,50,4,32,527
2021,Duryard and St James,E05011012,15147,7764,4944,109,162,43,341,12,93,1679
2021,Exwick,E05011013,9770,5014,3907,32,19,7,138,3,98,552
2021,Heavitree,E05011014,9247,4415,3820,53,65,20,161,10,52,651
2021,Mincinglake and Whipton,E05011015,8792,4046,3777,23,30,9,327,7,56,517
2021,Newtown and St Leonard's,E05011016,10853,5484,3792,93,92,15,315,32,85,945
2021,Pennsylvania,E05011017,10531,5253,3907,43,36,34,332,33,87,806
2021,Pinhoe,E05011018,9588,4583,4009,27,41,6,224,31,43,624
2021,Priory (Exeter),E05011019,8713,4160,3766,45,50,15,130,6,51,490
2021,St David's (Exeter),E05011020,10531,5541,3298,116,120,19,366,23,119,929
2021,St Loyes,E05011021,9386,4062,4439,40,36,8,145,1,32,623
2021,St Thomas (Exeter),E05011022,9844,4862,3992,37,12,10,147,5,64,715
2021,Topsham,E05011023,10041,4544,4623,57,31,8,140,14,55,569
2021,Appleton (Warrington),E05011024,10577,3213,6404,15,143,3,120,44,35,600
2021,Bewsey and Whitecross,E05011025,12128,4602,5850,43,200,6,713,9,50,655
2021,Birchwood (Warrington),E05011026,10609,4337,5426,44,52,11,129,10,64,536
2021,Burtonwood and Winwick,E05011027,6219,1765,3923,10,37,2,59,1,19,403
2021,Chapelford and Old Hall,E05011028,12012,4136,6336,37,382,10,400,157,25,529
2021,"Culcheth, Glazebury and Croft",E05011029,11789,3795,7068,46,30,24,123,23,55,625
2021,Fairfield and Howley,E05011030,11855,4595,6049,36,129,12,302,15,55,662
2021,Grappenhall,E05011031,6938,2123,4233,25,48,11,69,20,24,385
2021,Great Sankey North and Whittle Hall,E05011032,10234,3284,6096,37,106,8,161,28,13,501
2021,Great Sankey South,E05011033,11306,4022,6285,35,38,6,288,23,32,577
2021,Latchford East,E05011034,8981,3629,4552,39,34,6,192,10,49,470
2021,Latchford West,E05011035,7535,2569,4319,32,50,8,112,0,36,409
2021,Lymm North and Thelwall,E05011036,11654,4074,6745,47,33,25,63,12,37,618
2021,Lymm South,E05011037,6381,2333,3588,18,30,10,45,16,14,327
2021,Orford,E05011038,11961,4465,6528,25,38,5,214,1,58,627
2021,Penketh and Cuerdley,E05011039,9877,2858,6332,21,13,12,102,13,39,487
2021,Poplars and Hulme,E05011040,12416,5058,6384,30,17,2,161,17,67,680
2021,Poulton North,E05011041,9708,3079,5975,21,16,8,87,1,34,487
2021,Poulton South,E05011042,6440,1990,4036,11,10,4,48,2,28,311
2021,Rixton and Woolston,E05011043,9211,2706,5861,8,18,11,94,13,26,474
2021,Stockton Heath,E05011044,6709,2280,3983,12,7,4,48,6,20,349
2021,Westbrook (Warrington),E05011045,6438,2133,3678,15,62,4,153,56,15,322
2021,Callowland,E05011046,8704,2351,3859,79,518,53,1192,43,59,550
2021,Central (Watford),E05011047,10472,2655,4661,147,783,67,1271,20,96,772
2021,Holywell (Watford),E05011048,9885,2100,4164,82,733,19,2128,50,51,558
2021,Leggatts,E05011049,8397,2028,3458,44,685,36,1577,29,56,484
2021,Meriden (Watford),E05011050,8070,2285,3956,63,596,44,604,17,67,438
2021,Nascot,E05011051,9071,2291,3681,94,1277,170,800,120,105,533
2021,Oxhey,E05011052,7179,2267,3132,74,381,189,560,30,105,441
2021,Park (Watford),E05011053,8639,1883,3215,68,1137,152,1302,174,124,584
2021,Stanborough,E05011054,7583,1889,3970,60,517,48,491,32,61,515
2021,Tudor (Watford),E05011055,7114,1823,3303,69,688,31,640,62,70,428
2021,Vicarage,E05011056,9162,1439,4061,192,571,50,2248,35,22,544
2021,Woodside (Watford),E05011057,7972,2331,3986,50,512,83,449,52,45,464
2021,Brookmans Park and Little Heath,E05011058,6898,2053,3769,13,154,265,148,13,56,427
2021,Haldens,E05011059,6578,2958,2947,35,104,28,114,12,36,344
2021,Handside,E05011060,6930,2816,3338,52,128,44,106,11,37,398
2021,Hatfield Central,E05011061,8317,2808,3896,79,422,71,402,25,43,571
2021,Hatfield East,E05011062,8107,2476,4225,89,298,53,369,27,55,515
2021,Hatfield South West,E05011063,11400,3490,4888,129,805,39,787,57,109,1096
2021,Hatfield Villages,E05011064,10629,3199,4679,125,755,110,603,65,76,1017
2021,Hollybush,E05011065,7054,3030,3100,40,153,30,206,15,49,431
2021,Howlands,E05011066,7399,3270,3213,38,135,29,195,77,44,398
2021,Northaw and Cuffley,E05011067,6084,1660,3575,21,110,90,178,13,58,379
2021,Panshanger,E05011068,6046,2499,2686,51,153,58,131,20,34,414
2021,Peartree (Welwyn Hatfield),E05011069,7958,3824,3181,70,147,38,140,40,63,455
2021,Sherrards,E05011070,5971,2638,2664,46,78,40,67,8,63,367
2021,Welham Green and Hatfield South,E05011071,7659,2562,3936,45,182,76,304,15,35,504
2021,Welwyn East,E05011072,6639,2605,3334,34,87,55,109,26,30,359
2021,Welwyn West,E05011073,6158,2419,3103,25,95,67,60,28,28,333
2021,Claygate,E05011074,7264,2534,4002,26,80,42,84,32,35,429
2021,Cobham and Downside,E05011075,8746,2919,4797,23,93,58,204,35,48,569
2021,Esher,E05011076,9101,3077,4747,67,120,69,269,30,40,682
2021,Hersham Village,E05011077,8617,3391,4250,53,121,13,198,25,36,530
2021,Hinchley Wood and Weston Green,E05011078,8742,2951,4644,67,258,48,147,81,41,505
2021,Long Ditton,E05011079,7234,2937,3235,29,207,59,222,29,30,486
2021,Molesey East,E05011080,8566,3252,4186,48,79,43,268,25,30,635
2021,Molesey West,E05011081,9175,3605,4290,61,135,31,385,66,46,556
2021,Oatlands and Burwood Park,E05011082,8289,2601,4577,32,166,73,197,64,43,536
2021,Oxshott and Stoke D'Abernon,E05011083,9747,2847,5716,27,169,96,181,53,36,622
2021,Thames Ditton,E05011084,9393,3681,4694,46,118,65,134,45,26,584
2021,Walton Central,E05011085,8482,2976,4507,53,114,21,221,43,39,508
2021,Walton North,E05011086,8991,3601,4177,50,113,19,337,36,33,625
2021,Walton South,E05011087,9066,3183,4759,53,198,42,249,61,37,484
2021,Weybridge Riverside,E05011088,8295,2811,4592,59,89,27,185,40,24,468
2021,Weybridge St George's Hill,E05011089,9035,2755,4956,56,158,40,251,76,65,678
2021,Borough & Bankside,E05011095,9014,3808,3228,120,209,78,689,33,70,779
2021,Camberwell Green,E05011096,15509,4829,7375,134,88,36,1861,18,101,1067
2021,Champion Hill,E05011097,9220,3476,3955,88,86,38,864,9,76,628
2021,Chaucer,E05011098,14733,4631,5751,132,308,51,2411,61,92,1296
2021,Dulwich Hill,E05011099,9588,4725,3715,55,62,33,368,29,37,564
2021,Dulwich Village,E05011100,10255,4785,4123,76,150,76,244,36,45,720
2021,Dulwich Wood,E05011101,10588,3962,4591,78,242,52,783,28,83,769
2021,Faraday,E05011102,12464,3090,6438,133,43,41,1811,16,54,838
2021,Goose Green,E05011103,13614,6913,4816,89,144,72,555,39,81,905
2021,London Bridge & West Bermondsey,E05011104,15097,5801,5980,198,317,74,1310,52,145,1220
2021,Newington (Southwark),E05011105,13446,3951,6434,151,56,56,1740,19,131,908
2021,North Bermondsey,E05011106,15283,5710,6627,141,288,96,1171,30,110,1110
2021,North Walworth,E05011107,15844,5724,6475,196,146,79,1941,27,117,1139
2021,Nunhead & Queen's Road,E05011108,15554,5660,6933,111,46,47,1457,16,110,1174
2021,Old Kent Road,E05011109,19035,5241,9739,173,139,25,2323,46,120,1229
2021,Peckham,E05011110,14787,3686,7557,195,68,16,2066,17,122,1060
2021,Peckham Rye,E05011111,10155,4757,3936,75,46,34,553,13,49,692
2021,Rotherhithe,E05011112,15626,5731,6706,172,256,36,1314,34,130,1247
2021,Rye Lane,E05011113,14473,5921,6049,109,69,96,1109,19,79,1022
2021,St George's (Southwark),E05011114,8454,3212,3157,84,146,51,1076,27,57,644
2021,St Giles,E05011115,15945,5761,7032,147,91,62,1514,24,127,1187
2021,South Bermondsey,E05011116,15946,5088,7582,134,178,38,1715,15,106,1090
2021,Surrey Docks,E05011117,13010,5474,5099,175,266,58,753,22,110,1053
2021,Acocks Green,E05011118,24488,5213,8519,58,690,7,7708,798,109,1386
2021,Allens Cross,E05011119,11122,4449,5307,61,72,7,554,31,51,590
2021,Alum Rock,E05011120,28018,799,2028,33,42,8,23448,89,37,1534
2021,Aston (Birmingham),E05011121,24445,1111,3375,81,269,12,17915,194,42,1446
2021,Balsall Heath West,E05011122,12152,1395,2127,40,125,17,7511,158,70,709
2021,Bartley Green,E05011123,22669,8520,10703,94,141,12,1606,151,84,1358
2021,Billesley,E05011124,21178,5658,7391,34,418,36,5692,565,103,1281
2021,Birchfield (Birmingham),E05011125,12471,996,3156,66,183,9,6456,556,135,914
2021,Bordesley & Highgate,E05011126,15061,2626,2958,136,190,12,7981,179,65,914
2021,Bordesley Green,E05011127,12986,513,1197,10,47,5,10412,41,25,736
2021,Bournbrook & Selly Park,E05011128,22376,10189,6328,120,578,377,2143,351,132,2158
2021,Bournville & Cotteridge,E05011129,19175,7502,8997,157,229,14,934,130,119,1093
2021,Brandwood & King's Heath,E05011130,18788,7001,6607,84,325,27,3139,368,112,1125
2021,Bromford & Hodge Hill,E05011131,22383,3204,5679,52,42,10,11922,101,28,1345
2021,Castle Vale,E05011132,9934,4454,4478,18,24,13,365,10,37,535
2021,Druids Heath & Monyhull,E05011133,11642,4218,5258,27,90,16,1255,93,57,628
2021,Edgbaston,E05011134,18730,5497,5651,142,1300,262,3205,957,150,1566
2021,Erdington,E05011135,21550,6430,10532,72,187,18,2604,242,102,1363
2021,Frankley Great Park,E05011136,12657,5755,5456,36,58,16,536,31,72,697
2021,Garretts Green,E05011137,11498,3281,4132,17,51,6,3259,56,24,672
2021,Glebe Farm & Tile Cross,E05011138,24530,6153,8601,50,139,8,7896,82,58,1543
2021,Gravelly Hill,E05011139,10498,2320,3974,35,78,8,3163,106,25,789
2021,Hall Green North,E05011140,24553,2491,5031,53,1123,33,13066,1263,62,1431
2021,Hall Green South,E05011141,10986,2042,4000,21,692,7,3176,522,36,490
2021,Handsworth,E05011142,11820,807,2229,83,684,8,5252,1791,308,658
2021,Handsworth Wood,E05011143,20399,2084,5390,174,1204,11,4846,5064,447,1179
2021,Harborne,E05011144,23002,7174,9755,131,737,94,2729,819,115,1448
2021,Heartlands,E05011145,13393,604,1629,10,48,2,10315,50,11,724
2021,Highter's Heath,E05011146,10743,3875,4921,22,154,10,1055,134,34,538
2021,Holyhead,E05011147,11318,753,3163,44,719,2,3589,2135,352,561
2021,King's Norton North,E05011148,11642,4374,5687,37,99,8,601,93,73,670
2021,King's Norton South,E05011149,11581,4625,5163,28,88,13,859,51,78,676
2021,Kingstanding,E05011150,21153,7183,9898,69,268,11,2021,243,111,1349
2021,Ladywood,E05011151,25739,8367,8704,275,893,33,4976,431,210,1850
2021,Longbridge & West Heath,E05011152,21649,8841,10443,72,94,16,725,59,149,1250
2021,Lozells,E05011153,12118,578,1732,59,74,1,8875,137,31,631
2021,Moseley,E05011154,21835,6058,5560,128,526,121,7404,501,139,1398
2021,Nechells,E05011155,16147,3021,4246,91,295,8,6491,143,68,1784
2021,Newtown (Birmingham),E05011156,16291,2116,4705,60,315,24,7004,256,61,1750
2021,North Edgbaston,E05011157,22564,3780,6453,119,715,29,7910,1924,179,1455
2021,Northfield (Birmingham),E05011158,10404,3820,5549,21,47,8,270,76,33,580
2021,Oscott,E05011159,20566,7210,9853,103,418,5,1265,439,100,1173
2021,Perry Barr,E05011160,20609,3801,8233,91,706,11,4853,1480,225,1209
2021,Perry Common,E05011161,12045,3570,5676,46,204,7,1624,108,48,762
2021,Pype Hayes,E05011162,11060,3639,5145,56,150,13,1232,146,47,632
2021,Quinton (Birmingham),E05011163,21377,6009,9412,85,703,19,2149,1626,119,1255
2021,Rubery & Rednal,E05011164,10319,4646,4590,42,54,7,234,33,63,650
2021,Shard End,E05011165,12329,4993,5422,22,13,6,1076,37,40,720
2021,Sheldon,E05011166,19943,6073,9321,51,196,21,2876,305,60,1040
2021,Small Heath,E05011167,21971,544,1109,10,103,9,18862,141,31,1162
2021,Soho & Jewellery Quarter,E05011168,25476,5829,7864,161,819,36,6498,2277,345,1647
2021,South Yardley,E05011169,10782,2803,4270,34,267,4,2488,245,46,625
2021,Sparkbrook & Balsall Heath East,E05011170,27335,1297,2549,29,321,8,21171,298,56,1606
2021,Sparkhill,E05011171,21462,718,1671,24,460,11,16991,345,39,1203
2021,Stirchley,E05011172,10122,4143,3674,44,155,46,1298,73,83,606
2021,Stockland Green,E05011173,23596,5626,10131,90,283,12,5511,314,148,1481
2021,Sutton Four Oaks,E05011174,9330,2594,4871,15,352,16,304,686,42,450
2021,Sutton Mere Green,E05011175,10145,3227,5192,35,250,14,391,478,37,521
2021,Sutton Reddicap,E05011176,10039,3725,5004,32,107,8,393,122,50,598
2021,Sutton Roughley,E05011177,11965,3819,6252,54,299,11,416,440,69,605
2021,Sutton Trinity,E05011178,9484,3390,4719,33,211,6,376,158,50,541
2021,Sutton Vesey,E05011179,20113,6284,10312,80,426,22,906,833,167,1083
2021,Sutton Walmley & Minworth,E05011180,16318,4712,9566,66,291,21,502,355,53,752
2021,Sutton Wylde Green,E05011181,9293,2627,4837,37,254,11,588,318,43,578
2021,Tyseley & Hay Mills,E05011182,11688,1778,3143,8,146,0,5808,215,33,557
2021,Ward End,E05011183,13713,851,1764,11,47,6,10229,27,31,747
2021,Weoley & Selly Oak,E05011184,23509,8179,10439,111,500,11,2335,316,136,1482
2021,Yardley East,E05011185,11051,2473,4315,25,96,7,3281,190,37,627
2021,Yardley West & Stechford,E05011186,13593,1890,3362,24,117,1,7287,134,34,744
2021,Bishopstoke,E05011187,10677,4827,5013,34,50,8,44,28,48,625
2021,Botley,E05011188,7137,3318,3268,18,19,3,49,27,31,404
2021,Bursledon & Hound North,E05011189,10175,5000,4390,42,65,8,90,18,46,516
2021,Chandler's Ford,E05011190,10513,4336,5194,47,110,13,111,127,30,545
2021,Eastleigh Central,E05011191,11031,5356,4131,80,321,10,283,117,96,637
2021,Eastleigh North,E05011192,9609,4319,4365,35,64,6,68,125,56,571
2021,Eastleigh South,E05011193,11611,5818,4555,46,132,4,234,140,56,626
2021,Fair Oak & Horton Heath,E05011194,11264,5079,5360,23,62,9,39,16,33,643
2021,Hamble & Netley,E05011195,10274,4602,4922,40,23,6,29,10,48,594
2021,Hedge End North,E05011196,10462,5055,4494,27,127,2,70,61,36,590
2021,Hedge End South,E05011197,11053,4692,5541,36,30,16,62,30,45,601
2021,Hiltingbury,E05011198,10615,3943,5250,34,272,19,202,242,48,605
2021,West End North,E05011199,5860,2560,2846,27,29,4,36,33,36,289
2021,West End South,E05011200,6160,2475,3038,26,46,5,87,48,21,414
2021,Ashdown,E05011201,5548,2678,2339,29,29,5,68,0,38,362
2021,Baird,E05011202,5495,2943,2070,13,28,8,56,2,44,331
2021,Braybrooke,E05011203,5437,2937,1917,21,21,16,68,0,51,406
2021,Castle (Hastings),E05011204,6877,3687,2267,50,46,16,203,4,98,506
2021,Central St Leonards,E05011205,6940,3382,2447,107,65,19,301,3,116,500
2021,Conquest,E05011206,5083,2226,2290,22,53,7,139,4,30,312
2021,Gensing,E05011207,6740,3493,2370,65,50,13,184,7,70,488
2021,Hollington,E05011208,5798,3369,2028,19,20,6,64,0,38,254
2021,Maze Hill,E05011209,5455,2512,2227,36,38,11,92,0,54,485
2021,Old Hastings,E05011210,5273,2829,1918,52,11,23,40,2,60,338
2021,Ore,E05011211,5658,3066,2053,23,9,7,59,6,29,406
2021,St Helens (Hastings),E05011212,4787,2036,2363,18,10,12,55,0,22,271
2021,Silverhill,E05011213,5781,2878,2296,27,28,5,122,0,41,384
2021,Tressell,E05011214,5298,3169,1650,37,8,4,61,3,47,319
2021,West St Leonards,E05011215,4931,2508,1925,16,13,11,141,0,29,288
2021,Wishing Tree,E05011216,5901,3038,2265,32,38,9,114,6,50,349
2021,Barnehurst,E05011217,11677,4232,5824,73,242,3,388,213,44,658
2021,Belvedere,E05011218,17690,5317,8811,134,523,18,800,1050,66,971
2021,Bexleyheath,E05011219,15617,5273,7754,122,522,8,496,459,69,914
2021,Blackfen & Lamorbey,E05011220,16725,6311,8298,94,319,27,495,86,62,1033
2021,Blendon & Penhill,E05011221,15632,5860,7740,57,323,14,457,179,46,956
2021,Crayford,E05011222,16283,5959,8215,90,324,3,653,92,96,851
2021,Crook Log,E05011223,15263,5148,7168,176,813,20,529,462,48,899
2021,East Wickham,E05011224,15913,5143,7372,255,1065,18,692,378,51,939
2021,Erith,E05011225,13102,4075,6682,91,323,8,788,415,82,638
2021,Falconwood & Welling,E05011226,16573,5545,7836,241,952,14,723,265,63,934
2021,Longlands,E05011227,10079,3762,5134,42,179,9,242,31,34,646
2021,Northumberland Heath,E05011228,11141,3908,5406,43,205,3,354,547,51,624
2021,St Mary's & St James (Bexley),E05011229,10745,3792,5745,45,219,7,212,104,47,574
2021,Sidcup,E05011230,15421,5982,7481,106,320,28,421,108,70,905
2021,Slade Green & Northend,E05011231,12749,3945,6874,60,302,10,749,108,46,655
2021,Thamesmead East,E05011232,15928,3637,9553,228,205,18,1235,102,74,876
2021,West Heath (Bexley),E05011233,15937,4927,8013,187,684,9,490,672,42,913
2021,Aldborough,E05011234,15458,1263,4599,96,3408,423,4105,595,168,801
2021,Barkingside,E05011235,15325,1045,3501,74,2973,772,4997,837,142,984
2021,Bridge (Redbridge),E05011236,13391,3400,6259,75,650,334,1549,183,71,870
2021,Chadwell,E05011237,16528,1624,5597,73,1473,111,5675,954,74,947
2021,Churchfields,E05011238,15709,4060,6641,99,829,353,2306,198,143,1080
2021,Clayhall,E05011239,14420,851,2467,67,2953,588,5249,1387,99,759
2021,Clementswood,E05011240,13507,549,2176,29,1314,17,7167,1438,62,755
2021,Cranbrook (Redbridge),E05011241,13239,820,2677,74,1374,323,6092,998,102,779
2021,Fairlop,E05011242,14712,2158,5890,136,1732,810,2536,456,85,909
2021,Fullwell,E05011243,15411,1596,4974,110,2051,658,4118,774,136,994
2021,Goodmayes,E05011244,15257,1075,3656,57,1259,23,6521,1897,63,706
2021,Hainault,E05011245,15701,3129,7292,61,842,401,2611,260,141,964
2021,Ilford Town,E05011246,12325,782,2696,46,2226,13,5345,532,68,617
2021,Loxford,E05011247,15125,892,3917,41,1529,14,7321,598,82,731
2021,Mayfield,E05011248,16292,857,3349,43,1443,33,7988,1769,61,749
2021,Monkhams,E05011249,9483,2145,4474,62,642,481,830,263,74,512
2021,Newbury,E05011250,14459,807,3329,129,2814,130,5314,1127,69,740
2021,Seven Kings,E05011251,15045,941,3775,68,1562,19,6012,1772,111,785
2021,South Woodford,E05011252,12832,3421,5050,96,709,366,2018,302,66,804
2021,Valentines,E05011253,15207,1098,3482,61,1825,101,6803,917,94,826
2021,Wanstead Park,E05011254,8062,2481,3283,29,212,91,1253,147,29,537
2021,Wanstead Village,E05011255,12764,4007,5389,82,550,349,1257,216,89,825
2021,Alconbury,E05011256,3589,1356,1950,20,6,4,18,4,9,222
2021,Brampton (Huntingdonshire),E05011257,9129,3982,4267,46,89,9,151,13,55,517
2021,Buckden,E05011258,3389,1342,1809,9,11,10,11,4,23,170
2021,Fenstanton,E05011259,4064,1807,1987,14,15,6,14,5,8,208
2021,Godmanchester & Hemingford Abbots,E05011260,9895,4432,4724,21,41,13,71,15,53,525
2021,Great Paxton,E05011261,3102,1271,1608,4,6,3,11,7,11,181
2021,Great Staughton,E05011262,4379,1660,2261,47,15,13,111,6,48,218
2021,Hemingford Grey & Houghton,E05011263,6539,2907,3110,32,27,9,51,8,44,351
2021,Holywell-cum-Needingworth,E05011264,6796,3007,3334,19,20,11,13,0,16,376
2021,Huntingdon East,E05011265,6941,2698,3469,43,19,8,142,23,36,503
2021,Huntingdon North,E05011266,12696,5392,5773,46,127,8,478,22,58,792
2021,Kimbolton,E05011267,3415,1321,1878,6,3,7,7,6,15,172
2021,Ramsey,E05011268,10542,4563,5133,21,40,18,51,10,69,637
2021,St Ives East,E05011269,6634,3011,2816,18,45,7,275,19,30,413
2021,St Ives South,E05011270,7787,3272,3386,42,58,13,474,26,33,483
2021,St Ives West,E05011271,2964,1271,1340,6,13,1,114,11,15,193
2021,St Neots East,E05011272,4146,2190,1526,26,81,2,42,10,29,240
2021,St Neots Eatons,E05011273,10976,5123,4985,34,53,14,69,24,44,630
2021,St Neots Eynesbury,E05011274,11646,5940,4732,57,70,13,93,14,53,674
2021,St Neots Priory Park & Little Paxton,E05011275,10680,4977,4859,43,34,20,80,17,69,581
2021,Sawtry,E05011276,6596,2932,3147,19,12,4,25,11,39,407
2021,Somersham,E05011277,3673,1711,1664,7,2,6,30,3,19,231
2021,"Stilton, Folksworth & Washingley",E05011278,6475,2356,3612,12,40,8,52,13,24,358
2021,The Stukeleys,E05011279,5951,2453,2940,13,80,11,64,15,22,353
2021,Warboys,E05011280,7641,3426,3640,34,4,3,31,9,32,462
2021,Yaxley,E05011281,11200,4727,5618,32,61,6,104,31,49,572
2021,Balsham,E05011282,3593,1556,1725,14,13,4,19,11,11,240
2021,Bar Hill,E05011283,3899,1584,1909,13,38,13,77,4,20,241
2021,Barrington,E05011284,3418,1483,1673,22,9,3,8,4,24,192
2021,Bassingbourn,E05011285,4114,1894,1925,6,28,3,22,7,30,199
2021,Caldecote,E05011286,3488,1500,1617,18,48,12,56,4,9,224
2021,Cottenham,E05011289,6780,3174,2975,20,37,22,36,3,30,483
2021,Fen Ditton & Fulbourn,E05011291,10642,4020,4889,76,350,40,317,23,62,865
2021,Foxton,E05011292,3432,1327,1841,15,6,8,6,0,20,209
2021,Gamlingay,E05011293,3750,1710,1784,6,6,5,5,1,16,217
2021,Girton,E05011294,5299,2280,2328,20,54,41,117,18,27,414
2021,Hardwick,E05011295,3232,1303,1522,20,59,10,30,5,22,261
2021,Harston & Comberton,E05011296,10583,4402,4806,48,232,43,210,26,58,758
2021,Histon & Impington,E05011297,11428,5372,4620,61,195,23,274,16,54,813
2021,Linton (South Cambridgeshire),E05011298,7234,3104,3530,35,30,20,29,2,32,452
2021,Melbourn,E05011300,8280,3677,3894,24,23,23,31,18,37,553
2021,Milton & Waterbeach,E05011301,10928,4642,4970,78,218,34,164,19,54,749
2021,Shelford,E05011304,7309,2925,3426,46,95,41,121,10,51,594
2021,Swavesey,E05011305,3782,1796,1605,14,27,3,37,6,31,263
2021,The Mordens,E05011306,3352,1404,1693,10,1,19,16,5,15,189
2021,Whittlesford,E05011307,3103,1260,1593,18,28,13,17,3,18,153
2021,"Adderbury, Bloxham and Bodicote",E05011348,10002,3670,5500,35,25,16,71,22,56,607
2021,Banbury Calthorpe and Easington,E05011349,11653,4118,6370,41,120,17,295,35,69,588
2021,Ancoats & Beswick,E05011350,14822,7281,4840,180,212,53,1308,32,68,848
2021,Ardwick,E05011351,21042,5553,6280,238,444,36,6664,83,132,1612
2021,Baguley,E05011352,16064,6191,7957,58,120,34,831,60,71,742
2021,Brooklands (Manchester),E05011353,15235,5959,7279,71,151,32,882,35,66,760
2021,Burnage,E05011354,18506,4364,6479,60,144,27,6307,64,123,938
2021,Charlestown,E05011355,17474,4882,10045,101,59,36,1341,43,56,911
2021,Cheetham,E05011356,21475,3189,4428,138,290,135,11653,359,47,1236
2021,Chorlton,E05011357,12844,6649,3904,119,90,51,1223,91,66,651
2021,Chorlton Park,E05011358,17594,7085,5334,81,108,51,3716,118,116,985
2021,Clayton & Openshaw,E05011359,20029,5581,10280,162,70,10,2696,82,80,1068
2021,Crumpsall,E05011360,18195,1816,4207,57,98,1014,9717,318,39,929
2021,Deansgate,E05011361,13698,7447,2834,178,264,71,1171,47,98,1588
2021,Didsbury East,E05011362,14710,5663,5585,79,297,80,2049,45,81,831
2021,Didsbury West,E05011363,15082,7394,5113,98,218,236,992,47,82,902
2021,Fallowfield,E05011364,14870,5536,4181,40,339,59,3391,116,62,1146
2021,Gorton & Abbey Hey,E05011365,20987,5668,10219,112,67,17,3586,107,100,1111
2021,Harpurhey,E05011366,19996,5029,10540,100,99,29,3107,71,74,947
2021,Higher Blackley,E05011367,15568,4367,8389,48,34,75,1806,90,49,710
2021,Hulme,E05011368,19486,8536,5228,167,216,52,3183,56,203,1845
2021,Levenshulme,E05011369,19647,4496,4315,56,118,14,9662,54,67,865
2021,Longsight,E05011370,20871,2400,5150,43,111,6,12002,120,53,986
2021,Miles Platting & Newton Heath,E05011371,19275,5742,10291,167,130,24,1685,25,80,1131
2021,Moss Side (Manchester),E05011372,21276,3713,5316,126,351,29,10276,102,112,1251
2021,Moston,E05011373,18813,5383,10623,101,121,16,1472,31,59,1007
2021,Northenden,E05011374,15062,6025,6952,48,151,46,996,47,39,758
2021,Old Moat,E05011375,15363,6606,4438,51,230,130,2666,85,116,1041
2021,Piccadilly,E05011376,11663,6954,2542,182,223,41,648,29,139,905
2021,Rusholme,E05011377,17432,4492,3418,74,356,35,7602,113,74,1268
2021,Sharston,E05011378,17446,6850,7925,46,340,49,1179,39,74,944
2021,Whalley Range,E05011379,16559,4954,3886,115,166,31,6187,139,101,980
2021,Withington,E05011380,15437,7250,4184,69,284,93,2227,57,142,1131
2021,Woodhouse Park,E05011381,15414,5983,7709,54,147,17,735,15,67,687
2021,Ardsley & Robin Hood,E05011384,23425,10518,10980,54,137,26,245,157,57,1251
2021,Armley,E05011385,26725,11387,10559,121,183,37,2545,250,172,1471
2021,Bramley & Stanningley,E05011387,24019,12404,9566,60,72,39,480,78,83,1237
2021,Burmantofts & Richmond Hill,E05011388,28528,8999,13132,150,254,33,4235,95,104,1526
2021,Calverley & Farsley,E05011389,24595,9834,9779,64,460,42,2066,1031,93,1226
2021,Chapel Allerton,E05011390,24962,8960,8960,120,234,115,3859,852,170,1692
2021,Cross Gates & Whinmoor,E05011391,24843,10406,11996,61,217,74,593,216,82,1198
2021,Gipton & Harehills,E05011394,30878,5057,10758,116,293,47,12166,519,106,1816
2021,Guiseley & Rawdon,E05011395,24628,10270,12374,67,70,58,179,117,76,1417
2021,Harewood (Leeds),E05011396,18522,5677,10710,44,133,468,273,237,51,929
2021,Headingley & Hyde Park,E05011397,31178,17478,7206,128,465,345,2125,193,242,2996
2021,Hunslet & Riverside,E05011399,26473,9328,9123,116,765,57,5263,130,136,1555
2021,Killingbeck & Seacroft,E05011400,26679,11371,11670,92,239,40,1397,281,124,1465
2021,Kippax & Methley,E05011401,22557,9616,11439,26,29,44,82,32,80,1209
2021,Kirkstall,E05011402,22235,10596,7331,119,216,45,2046,181,175,1526
2021,Little London & Woodhouse,E05011403,31076,13501,7929,287,783,246,4696,143,283,3208
2021,Middleton Park,E05011404,29603,13763,13086,66,150,22,774,85,115,1542
2021,Moortown,E05011405,23797,7820,9068,92,571,846,2668,1346,69,1317
2021,Morley North,E05011406,23302,10471,10669,57,294,27,231,238,79,1236
2021,Morley South,E05011407,23990,11373,10165,68,389,36,409,177,116,1257
2021,Pudsey,E05011409,25391,11860,10808,70,169,57,729,268,70,1360
2021,Rothwell,E05011410,20571,8524,10515,48,87,38,143,64,65,1087
2021,Roundhay,E05011411,23809,8371,8242,116,388,353,4101,811,77,1350
2021,Weetwood,E05011413,21876,9352,8445,65,278,95,1703,236,149,1553
2021,Wetherby,E05011414,21616,7308,12807,43,42,74,192,36,71,1043
2021,Audley,E05011415,8326,3286,4468,18,12,6,36,8,51,441
2021,Bradwell (Newcastle-under-Lyme),E05011416,8271,3322,4344,27,22,4,91,15,32,414
2021,Clayton,E05011417,2853,1051,1549,18,0,0,66,2,14,153
2021,Crackley & Red Street,E05011418,5964,2501,2954,25,14,2,82,21,15,350
2021,Cross Heath,E05011419,5491,2311,2686,14,40,5,109,9,41,276
2021,Holditch & Chesterton,E05011420,5735,2888,2394,20,9,0,58,9,17,340
2021,Keele,E05011421,2881,1149,957,29,80,10,172,27,28,429
2021,Kidsgrove & Ravenscliffe,E05011422,9001,3681,4679,11,14,2,65,11,37,501
2021,Knutton,E05011423,2924,1256,1403,4,10,0,31,9,21,190
2021,Loggerheads,E05011424,4258,1250,2717,10,11,7,19,12,7,225
2021,Madeley & Betley,E05011425,5454,1936,3189,14,4,0,8,8,17,278
2021,Maer & Whitmore,E05011426,2677,778,1681,16,27,1,39,7,10,118
2021,May Bank,E05011427,8585,3140,4661,26,32,6,183,20,38,479
2021,Newchapel & Mow Cop,E05011428,5731,2204,3116,9,6,2,21,2,24,347
2021,Silverdale (Newcastle-under-Lyme),E05011429,5743,2422,2891,25,9,3,73,6,25,289
2021,Talke & Butt Lane,E05011430,8738,3752,4401,15,10,0,52,4,27,477
2021,Thistleberry,E05011431,5652,2028,2943,37,55,2,252,10,13,312
2021,Town (Newcastle-under-Lyme),E05011432,5606,2223,2403,46,63,6,361,19,34,451
2021,Westbury Park & Northwood,E05011433,4901,1550,2872,43,95,4,110,20,17,190
2021,Westlands,E05011434,8365,2758,4510,54,156,5,311,24,34,513
2021,Wolstanton,E05011435,6145,2525,3117,9,29,1,86,7,30,341
2021,Arthur's Hill,E05011436,13276,4398,3941,112,369,29,3263,75,54,1035
2021,Benwell & Scotswood,E05011437,13000,4608,6241,35,138,8,1282,54,37,597
2021,Blakelaw,E05011438,11471,4743,4946,33,100,15,1055,51,30,498
2021,Byker,E05011439,12034,5346,4999,75,97,12,648,18,58,781
2021,Callerton & Throckley,E05011440,10509,4544,5028,35,118,9,182,40,39,514
2021,Castle (Newcastle upon Tyne),E05011441,14201,5936,6265,43,348,18,686,71,44,790
2021,Chapel,E05011442,9331,2737,6037,21,51,4,79,20,27,355
2021,Dene & South Gosforth,E05011443,9655,3943,4125,60,208,10,650,42,47,570
2021,Denton & Westerhope,E05011444,12384,5375,6101,45,40,7,172,24,45,575
2021,Elswick,E05011445,16123,3300,5537,57,224,8,6013,119,52,813
2021,Fawdon & West Gosforth,E05011446,9910,4172,4424,34,125,15,476,57,47,560
2021,Gosforth (Newcastle upon Tyne),E05011447,10541,4026,4950,24,201,143,535,57,39,566
2021,Heaton (Newcastle upon Tyne),E05011448,10594,5743,3150,52,276,26,575,36,81,655
2021,Kenton (Newcastle upon Tyne),E05011449,11527,5302,4692,40,106,19,620,24,47,677
2021,Kingston Park South & Newbiggin Hall,E05011450,10750,4940,4842,23,26,6,379,38,36,460
2021,Lemington,E05011451,10207,4254,5214,15,27,4,123,30,34,506
2021,Manor Park (Newcastle upon Tyne),E05011452,9441,3824,4106,31,282,14,629,61,47,447
2021,Monument,E05011453,13622,6714,3675,204,306,56,1014,43,112,1498
2021,North Jesmond,E05011454,10578,5708,3444,75,136,34,183,68,59,871
2021,Ouseburn (Newcastle upon Tyne),E05011455,12642,6544,3389,83,202,30,627,43,99,1625
2021,Parklands,E05011456,11760,4459,5591,44,289,33,640,74,45,585
2021,South Jesmond,E05011457,9787,5433,3091,61,75,42,202,31,56,796
2021,Walker,E05011458,11826,5060,5577,37,29,5,552,18,39,509
2021,Walkergate,E05011459,12407,5302,6002,37,11,12,405,71,42,525
2021,West Fenham,E05011460,10876,3587,5099,33,124,7,1403,123,18,482
2021,Wingrove,E05011461,11670,2487,3539,48,302,6,4502,161,42,583
2021,Addiscombe East,E05011462,11462,3155,5838,48,492,21,966,37,78,827
2021,Addiscombe West,E05011463,16210,4419,7388,103,1299,25,1688,45,164,1079
2021,Bensham Manor,E05011464,16938,2392,8642,72,1309,24,2952,94,180,1273
2021,Broad Green,E05011465,20221,3067,9300,161,2620,18,3447,63,141,1404
2021,Coulsdon Town,E05011466,15419,5091,7140,82,1023,35,938,60,89,961
2021,Crystal Palace & Upper Norwood,E05011467,16352,6294,7224,156,265,22,1098,34,124,1135
2021,Fairfield (Croydon),E05011468,15343,4552,6653,174,985,29,1580,61,119,1190
2021,Kenley,E05011469,10982,3630,5290,56,614,15,602,36,73,666
2021,New Addington North,E05011470,10936,3557,5463,25,175,7,982,15,55,657
2021,New Addington South,E05011471,11327,4133,5740,27,154,16,599,25,37,596
2021,Norbury & Pollards Hill,E05011472,12148,2213,5857,50,658,15,2202,137,143,873
2021,Norbury Park,E05011473,10828,1807,4850,74,710,14,2327,87,126,833
2021,Old Coulsdon,E05011474,10108,3257,5446,36,326,8,283,28,42,682
2021,Park Hill & Whitgift,E05011475,5785,1081,2271,49,1169,20,679,32,135,349
2021,Purley & Woodcote,E05011476,15186,3950,7228,132,1161,32,1340,137,110,1096
2021,Purley Oaks & Riddlesdown,E05011477,9717,2733,4671,88,689,9,754,41,68,664
2021,Sanderstead,E05011478,15774,4891,7974,89,940,40,754,89,59,938
2021,Selhurst,E05011479,13185,2568,6726,54,779,16,1787,29,104,1122
2021,Selsdon & Addington Village,E05011480,9928,2591,5106,77,594,23,772,57,65,643
2021,Selsdon Vale & Forestdale,E05011481,10012,3362,4963,51,382,19,524,26,35,650
2021,Shirley North,E05011482,15402,4236,7883,69,881,9,1075,73,113,1063
2021,Shirley South (Croydon),E05011483,10621,2554,5598,56,514,23,993,57,84,742
2021,South Croydon,E05011484,18062,5558,8625,116,977,36,1317,46,179,1208
2021,South Norwood,E05011485,16447,4407,8778,117,246,58,1504,38,96,1203
2021,Thornton Heath,E05011486,18001,3826,10062,64,383,8,2138,41,180,1299
2021,Waddon,E05011487,18682,4688,9116,188,1118,19,1949,80,188,1336
2021,West Thornton,E05011488,18767,2295,8194,70,2398,13,4101,137,283,1276
2021,Woodside (Croydon),E05011489,16869,4809,8854,86,286,34,1365,50,116,1269
2021,Audley & Queen's Park,E05011508,10900,843,1591,20,21,0,7935,1,16,473
2021,Bastwell & Daisyfield,E05011509,9016,271,671,9,34,0,7538,29,23,441
2021,Billinge & Beardwood,E05011510,9482,683,1945,12,87,1,6212,18,22,502
2021,Blackburn Central,E05011511,9279,1580,2671,20,33,0,4441,12,38,484
2021,Blackburn South & Lower Darwen,E05011512,7887,2361,4838,5,30,13,227,20,23,370
2021,Blackburn South East,E05011513,10286,3661,4887,26,65,1,1053,7,30,556
2021,Darwen East,E05011514,9958,3936,4505,16,22,0,889,8,72,510
2021,Darwen South,E05011515,8201,2825,4728,14,10,6,200,1,20,397
2021,Darwen West,E05011516,8337,3043,4627,20,17,1,191,2,23,413
2021,Ewood,E05011517,9584,3093,5181,19,39,4,751,1,29,467
2021,Little Harwood & Whitebirk,E05011518,9318,1060,1916,15,26,8,5854,10,6,423
2021,Livesey with Pleasington,E05011519,8078,1747,5721,17,13,4,197,0,27,352
2021,Mill Hill & Moorgate,E05011520,8349,2718,4791,8,5,2,388,0,26,411
2021,Roe Lee,E05011521,9251,1232,3252,18,23,0,4269,5,17,435
2021,Shear Brow & Corporation Park,E05011522,9360,335,672,11,19,3,7774,9,10,527
2021,Wensley Fold,E05011523,9502,869,1882,15,30,1,6148,3,30,524
2021,West Pennine,E05011524,7946,2460,4914,17,5,4,79,13,26,428
2021,Avenue (Kingston upon Hull),E05011525,12699,6229,4541,81,41,12,941,30,120,704
2021,Beverley & Newland,E05011526,15644,6246,7345,71,29,6,691,29,102,1125
2021,Boothferry,E05011527,11846,5805,4992,24,24,9,196,24,49,723
2021,Bricknell,E05011528,8487,4100,3395,44,15,7,282,4,32,608
2021,Central (Kingston upon Hull),E05011529,10859,3720,4565,32,42,6,1716,15,71,692
2021,Derringham,E05011530,11768,6004,4763,25,19,12,87,8,66,784
2021,Drypool,E05011531,12053,5856,4834,47,90,5,404,22,53,742
2021,Holderness,E05011532,11995,6184,4977,22,16,7,113,12,24,640
2021,Ings,E05011533,9314,4796,3849,36,3,6,44,6,18,556
2021,Kingswood (Kingston upon Hull),E05011534,9904,5403,3860,16,46,4,118,4,21,432
2021,Longhill & Bilton Grange,E05011535,12857,6933,5015,26,16,1,93,0,45,728
2021,Marfleet,E05011536,13728,7995,4670,21,13,12,126,6,57,828
2021,Newington & Gipsyville,E05011537,17026,8079,6956,37,29,8,656,29,58,1174
2021,North Carr,E05011538,14852,8952,4916,17,11,8,129,2,33,784
2021,Orchard Park,E05011539,16069,8096,6420,21,9,3,532,9,39,940
2021,Pickering (Kingston upon Hull),E05011540,8425,4071,3606,12,13,3,171,2,22,525
2021,St Andrew's & Docklands,E05011541,16703,6498,6855,81,37,10,1911,31,112,1168
2021,Southcoates,E05011542,15061,7886,5735,53,94,7,212,19,53,1002
2021,Sutton (Kingston upon Hull),E05011543,13401,6779,5632,21,13,6,69,11,28,842
2021,University (Kingston upon Hull),E05011544,11801,5507,4171,25,73,4,728,13,90,1190
2021,West Carr,E05011545,12526,6285,5314,37,11,10,68,1,30,770
2021,Horsforth,E05011547,24310,10805,11047,88,186,73,488,215,86,1322
2021,Otley & Yeadon,E05011549,22581,10075,10834,65,67,40,99,45,129,1227
2021,Balderton North & Coddington,E05011552,6684,2518,3745,15,16,4,19,5,17,345
2021,Beacon (Newark and Sherwood),E05011553,9217,3912,4568,20,21,4,75,10,56,551
2021,Castle (Newark and Sherwood),E05011554,3312,1405,1661,12,0,1,19,3,15,196
2021,Farndon & Fernwood,E05011555,7164,2776,3878,13,27,1,35,11,26,397
2021,"Brasted, Chevening and Sundridge",E05011558,6622,2350,3724,28,50,14,70,8,28,350
2021,Seal and Weald,E05011559,4287,1589,2385,15,15,8,19,11,14,231
2021,Bottisham,E05011560,5844,2438,2885,30,37,17,29,8,45,355
2021,Burwell,E05011561,6406,2857,3084,13,25,10,14,12,20,371
2021,Downham Villages,E05011562,3029,1309,1487,9,5,3,4,13,12,187
2021,Ely East,E05011563,5852,2407,2849,43,19,9,76,4,57,388
2021,Ely North,E05011564,4848,2182,2199,17,39,4,47,11,24,325
2021,Ely West,E05011565,9873,4405,4574,67,55,15,98,5,59,595
2021,Fordham & Isleham,E05011566,6396,2544,3346,22,19,3,20,10,20,412
2021,Haddenham,E05011567,3435,1463,1741,9,10,5,8,1,12,186
2021,Littleport,E05011568,9911,4586,4470,28,24,9,73,18,63,640
2021,Soham North,E05011569,6995,3038,3284,17,20,11,22,7,46,550
2021,Soham South,E05011570,6250,2656,3070,24,36,7,22,0,33,402
2021,Stretham,E05011571,6646,2701,3377,16,20,15,55,15,32,415
2021,Sutton (East Cambridgeshire),E05011572,5640,2589,2586,19,8,5,26,13,42,352
2021,Woodditton,E05011573,6634,2505,3623,11,10,10,57,8,28,382
2021,Devonshire,E05011574,14442,6427,6034,92,116,20,633,4,137,979
2021,Hampden Park,E05011575,10781,5489,4274,47,48,11,194,4,107,607
2021,Langney,E05011576,10629,5193,4491,48,27,7,191,4,71,597
2021,Meads,E05011577,10937,3908,5545,78,61,53,218,9,85,980
2021,Old Town (Eastbourne),E05011578,11167,5251,4764,49,64,4,186,3,87,759
2021,Ratton,E05011579,9357,3404,4942,47,68,19,155,2,67,653
2021,St Anthony's,E05011580,11556,5098,5471,32,32,12,174,1,56,680
2021,Sovereign,E05011581,11878,4510,6173,56,38,29,241,14,65,752
2021,Upperton,E05011582,10934,4639,4979,118,57,32,273,2,75,759
2021,"Chailey, Barcombe & Hamsey",E05011583,5207,2420,2333,22,12,24,22,1,45,328
2021,Ditchling & Westmeston,E05011584,2554,889,1392,5,6,10,5,3,9,235
2021,East Saltdean & Telscombe Cliffs,E05011585,7393,3545,3120,40,54,22,112,5,43,452
2021,Kingston,E05011586,1905,928,800,7,4,22,8,3,16,117
2021,Lewes Bridge,E05011587,4835,2751,1628,61,10,13,19,1,60,292
2021,Lewes Castle,E05011588,3964,2277,1295,41,6,13,13,0,36,283
2021,Lewes Priory,E05011589,7916,4487,2633,80,27,38,64,7,70,510
2021,Newhaven North,E05011590,4877,2539,1946,22,2,11,33,6,28,290
2021,Newhaven South,E05011591,7814,4221,2777,26,36,13,138,1,81,521
2021,Newick,E05011592,2446,969,1317,4,0,7,6,0,12,131
2021,Ouse Valley & Ringmer,E05011593,6515,2983,3020,21,14,20,18,1,46,392
2021,Peacehaven East,E05011594,5377,2499,2419,23,9,4,66,7,36,314
2021,Peacehaven North,E05011595,5186,2458,2262,26,23,7,80,3,36,291
2021,Peacehaven West,E05011596,4871,2186,2269,28,12,15,60,2,36,263
2021,"Plumpton, Streat, East Chiltington & St John",E05011597,2221,1003,1026,12,5,5,3,1,14,152
2021,Seaford Central,E05011598,5023,2393,2085,31,16,14,51,5,55,373
2021,Seaford East,E05011599,4776,2033,2332,26,4,27,17,2,21,314
2021,Seaford North,E05011600,5206,2419,2288,27,34,14,44,3,33,344
2021,Seaford South,E05011601,4391,1980,1998,37,11,10,35,2,35,283
2021,Seaford West,E05011602,4470,1826,2285,15,9,11,24,10,26,264
2021,Wivelsfield,E05011603,2967,1333,1399,10,24,1,23,0,21,156
2021,Bexhill Central,E05011604,5606,2539,2404,39,44,16,97,3,59,405
2021,Bexhill Collington,E05011605,4184,1236,2562,11,8,10,27,1,22,307
2021,Bexhill Kewhurst,E05011606,4735,1685,2612,21,10,15,18,1,32,341
2021,Bexhill Old Town & Worsham,E05011607,4179,1811,2021,13,9,4,31,1,28,261
2021,Bexhill Pebsham & St Michaels,E05011608,5114,2163,2589,16,10,7,39,1,25,264
2021,Bexhill Sackville,E05011609,4898,1797,2625,29,21,10,47,0,42,327
2021,Bexhill Sidley,E05011610,6118,3125,2402,20,7,5,75,1,45,438
2021,Bexhill St Marks,E05011611,4967,1727,2822,13,10,9,10,1,17,358
2021,Bexhill St Stephens,E05011612,4776,2049,2364,14,12,8,38,2,19,270
2021,Brede & Udimore,E05011613,2198,843,1168,2,7,7,8,0,8,155
2021,Burwash & the Weald,E05011614,4560,1761,2363,5,8,8,6,0,20,389
2021,Catsfield & Crowhurst,E05011615,2498,1028,1242,4,0,2,3,0,13,206
2021,Eastern Rother,E05011616,4752,1858,2512,25,4,7,10,1,34,301
2021,Hurst Green & Ticehurst,E05011617,5305,2152,2763,17,4,4,2,0,31,332
2021,"North Battle, Netherfield & Whatlington",E05011618,4602,1916,2281,20,18,8,29,2,22,306
2021,Northern Rother,E05011619,5008,1980,2708,8,5,3,6,0,16,282
2021,Robertsbridge,E05011620,2723,1112,1440,1,3,4,5,0,4,154
2021,Rye & Winchelsea,E05011621,4948,2179,2392,15,11,10,17,1,22,301
2021,Sedlescombe & Westfield,E05011622,5326,2220,2721,18,12,6,9,1,34,305
2021,South Battle & Telham,E05011623,2492,1084,1242,6,7,5,14,0,8,126
2021,Southern Rother,E05011624,4123,1596,2140,31,0,21,26,0,17,292
2021,Arlington,E05011625,2966,1242,1431,8,1,9,16,1,22,236
2021,Buxted,E05011626,3887,1542,2078,13,1,8,18,0,14,213
2021,"Chiddingly, East Hoathly & Waldron",E05011627,3313,1369,1721,5,3,11,5,0,12,187
2021,Crowborough Central,E05011628,4124,1631,2145,16,14,10,41,0,16,251
2021,Crowborough Jarvis Brook,E05011629,4304,1963,1916,13,14,3,44,1,38,312
2021,Crowborough North,E05011630,3284,1266,1767,13,15,8,14,3,11,187
2021,Crowborough South East,E05011631,3804,1532,1647,18,4,15,6,1,351,230
2021,Crowborough South West,E05011632,3236,1361,1621,5,13,3,26,0,19,188
2021,Crowborough St Johns,E05011633,2935,911,1793,9,6,6,19,1,7,183
2021,Danehill & Fletching,E05011634,3883,1405,2123,14,6,20,14,0,12,289
2021,Forest Row,E05011635,4136,1749,1787,46,2,23,20,1,107,401
2021,Framfield & Cross-in-Hand,E05011636,3243,1264,1708,11,5,18,2,0,24,211
2021,Frant & Wadhurst,E05011637,6943,2624,3791,23,13,11,15,5,20,441
2021,Hadlow Down & Rotherfield,E05011638,3257,1361,1661,14,3,8,4,2,9,195
2021,Hailsham Central,E05011639,3545,1580,1641,4,7,4,30,0,18,261
2021,Hailsham East,E05011640,4785,2568,1828,14,15,4,21,2,37,296
2021,Hailsham North,E05011641,2915,1324,1361,3,2,5,7,0,25,188
2021,Hailsham North West,E05011642,3738,1786,1717,14,3,4,12,0,19,183
2021,Hailsham South,E05011643,3327,1497,1485,13,20,5,3,1,18,285
2021,Hailsham West,E05011644,4233,1970,1930,9,10,4,40,2,31,237
2021,Hartfield,E05011645,3285,1219,1715,19,11,5,15,0,43,258
2021,Heathfield North,E05011646,3916,1729,1852,8,6,7,21,0,20,273
2021,Heathfield South,E05011647,4168,1765,2088,21,2,15,21,1,18,237
2021,Hellingly,E05011648,5011,2569,2102,12,7,3,11,0,19,288
2021,Herstmonceux & Pevensey Levels,E05011649,6930,2785,3588,16,12,6,41,2,40,440
2021,Horam & Punnetts Town,E05011650,6904,2824,3591,15,8,17,6,0,39,404
2021,Lower Willingdon,E05011651,3313,1281,1783,5,7,17,4,0,16,200
2021,Maresfield,E05011652,3659,1342,2009,9,11,7,26,2,20,233
2021,Mayfield & Five Ashes,E05011653,3654,1337,2045,12,14,6,9,1,13,217
2021,Pevensey Bay,E05011654,2886,1150,1472,11,10,1,9,0,29,204
2021,Polegate Central,E05011655,5107,2454,2250,15,24,6,62,0,15,281
2021,Polegate North,E05011656,3867,1781,1759,12,17,6,24,0,39,229
2021,Polegate South & Willingdon Watermill,E05011657,3450,1430,1702,18,11,8,22,3,18,238
2021,South Downs,E05011658,2975,1035,1670,12,8,3,4,2,26,215
2021,Stone Cross,E05011659,3686,1774,1614,14,21,3,29,5,22,204
2021,Uckfield East,E05011660,3224,1432,1546,12,13,0,29,0,6,186
2021,Uckfield New Town,E05011661,5750,2370,2905,24,15,3,31,10,40,352
2021,Uckfield North,E05011662,3130,1471,1434,7,4,2,25,0,20,167
2021,Uckfield Ridgewood & Little Horsted,E05011663,3150,1390,1522,4,12,4,19,3,12,184
2021,Upper Willingdon,E05011664,3268,1159,1843,15,5,6,30,1,13,196
2021,Withyham,E05011665,2956,1142,1596,6,8,7,8,0,12,177
2021,Chichester Central,E05011666,2934,1243,1342,48,15,3,62,1,8,212
2021,Chichester East,E05011667,6572,2953,2963,53,35,4,134,3,56,371
2021,Chichester North,E05011668,6658,2787,3234,29,19,15,79,4,34,457
2021,Chichester South,E05011669,6878,3061,3181,49,37,5,77,1,51,416
2021,Chichester West,E05011670,6373,2460,3325,38,13,13,51,3,44,426
2021,Easebourne,E05011671,2944,935,1749,22,4,2,4,0,25,203
2021,Fernhurst,E05011672,6788,2632,3605,22,10,11,16,6,36,450
2021,Fittleworth,E05011673,3357,1075,1953,13,10,5,3,0,11,287
2021,Goodwood,E05011674,3479,1333,1849,10,6,8,15,0,16,242
2021,Harbour Villages,E05011675,10898,3963,6107,37,35,29,38,4,42,643
2021,Harting,E05011676,3627,1311,2023,37,2,5,6,2,20,221
2021,Lavant,E05011677,3253,1200,1816,7,5,6,11,2,18,188
2021,Loxwood,E05011678,7169,2631,4085,20,8,13,2,6,20,384
2021,Midhurst,E05011679,7329,2724,4023,37,9,21,33,2,35,445
2021,North Mundham & Tangmere,E05011680,8132,3489,3980,35,21,19,63,0,52,473
2021,Petworth,E05011681,3552,1254,2025,14,9,6,8,0,22,214
2021,Selsey South,E05011682,6309,2284,3595,26,7,11,11,0,29,346
2021,Sidlesham with Selsey North,E05011683,5918,2181,3320,22,8,7,15,0,20,345
2021,Southbourne,E05011684,8111,3440,3932,62,31,17,23,5,58,543
2021,The Witterings,E05011685,10324,3669,5922,22,24,27,28,0,52,580
2021,Westbourne (Chichester),E05011686,3466,1351,1881,10,0,2,6,1,17,198
2021,Cholsey,E05011701,9278,4008,4588,25,22,14,12,11,43,555
2021,Didcot North East,E05011702,10461,4775,4568,33,199,25,141,23,54,643
2021,Didcot South,E05011703,13230,6088,5747,65,222,25,250,21,55,757
2021,Forest Hill & Holton,E05011704,3662,1427,1875,9,14,5,63,14,11,244
2021,Haseley Brook,E05011705,4374,1726,2258,26,14,11,21,5,28,285
2021,Kidmore End & Whitchurch,E05011707,3780,1470,2032,14,5,7,23,11,12,206
2021,Sandford & the Wittenhams,E05011708,3932,1486,2059,17,17,6,46,9,42,250
2021,Wallingford,E05011710,8455,3852,3965,39,30,15,53,2,29,470
2021,Wheatley (South Oxfordshire),E05011711,4266,1603,2221,34,24,9,55,14,25,281
2021,Woodcote & Rotherfield,E05011712,9003,3192,4878,36,28,30,178,18,49,594
2021,Blewbury & Harwell,E05011713,9239,4022,4232,36,202,11,163,30,54,489
2021,Cumnor,E05011714,6647,2424,3233,43,82,25,253,8,45,534
2021,Drayton,E05011715,3769,1634,1869,9,13,0,27,6,16,195
2021,Sutton Courtenay,E05011717,3406,1436,1630,20,24,10,37,11,9,229
2021,Thames (Vale of White Horse),E05011718,3455,1293,1908,12,4,6,13,2,21,196
2021,Wootton (Vale of White Horse),E05011719,3662,1319,1986,47,37,9,48,9,23,184
2021,Aylesford & East Stour,E05011743,6558,3011,2614,123,190,5,179,7,70,359
2021,Beaver,E05011744,7499,3034,2985,158,355,3,177,1,351,435
2021,Biddenden,E05011745,3044,1156,1665,16,2,3,8,0,18,176
2021,Bircholt,E05011746,2779,1053,1506,8,6,2,14,2,21,167
2021,Bockhanger,E05011747,2418,1065,1098,14,40,8,58,0,35,100
2021,Bybrook,E05011748,3364,1370,1652,29,85,6,33,6,25,158
2021,Charing,E05011749,2711,976,1499,10,6,4,7,2,11,196
2021,Conningbrook & Little Burton Farm,E05011750,2103,834,941,24,66,7,72,5,6,148
2021,Downs North,E05011751,2581,949,1439,6,6,6,16,2,21,136
2021,Downs West,E05011752,2683,1046,1426,6,17,2,21,11,14,140
2021,Furley,E05011753,6333,2477,2759,163,307,1,160,12,115,339
2021,Goat Lees,E05011754,2851,1309,1231,15,51,0,70,2,10,163
2021,Godinton,E05011755,2844,1109,1283,72,107,1,51,6,73,142
2021,Highfield (Ashford),E05011756,2450,910,1294,31,75,2,31,0,18,89
2021,Isle of Oxney,E05011757,2728,1006,1540,5,5,5,1,0,7,159
2021,Kennington (Ashford),E05011758,2274,817,1280,6,29,1,12,2,7,120
2021,Kingsnorth Village & Bridgefield,E05011759,2568,1124,1204,11,34,4,38,7,4,142
2021,"Mersham, Sevington South with Finberry",E05011760,2683,1193,1231,10,25,11,77,0,15,121
2021,Norman,E05011761,3061,1330,1275,42,110,1,75,1,37,190
2021,Park Farm North,E05011762,2483,1067,1085,35,69,1,60,7,17,142
2021,Park Farm South,E05011763,2699,1173,1241,22,58,1,53,11,12,128
2021,Repton (Ashford),E05011764,5029,2240,2014,95,209,9,130,8,57,267
2021,Rolvenden & Tenterden West,E05011765,2373,810,1384,6,8,4,1,3,11,146
2021,Roman (Ashford),E05011766,3451,1553,1540,8,50,1,86,3,20,190
2021,Saxon Shore,E05011767,2643,1030,1392,7,13,3,21,2,8,167
2021,Singleton East,E05011768,2682,1192,1238,19,35,1,18,5,11,163
2021,Singleton West,E05011769,3039,1361,1383,22,31,4,27,7,10,194
2021,Stanhope,E05011770,3407,1612,1161,55,150,2,126,3,101,197
2021,Tenterden North,E05011771,2149,766,1241,18,4,1,3,0,5,111
2021,Tenterden South,E05011772,2753,1044,1485,8,6,5,18,3,30,154
2021,Tenterden St Michael's,E05011773,2742,1051,1489,8,7,8,11,0,8,160
2021,Upper Weald,E05011774,2633,1022,1413,9,3,1,4,5,11,165
2021,Victoria (Ashford),E05011775,7172,2899,2832,196,325,4,225,4,232,455
2021,Washford,E05011776,2515,1131,1106,8,51,1,65,2,33,118
2021,Weald Central,E05011777,4342,1651,2308,5,7,7,11,4,9,340
2021,Weald North,E05011778,2503,876,1446,4,8,3,4,2,13,147
2021,Weald South,E05011779,5403,2023,2955,9,22,6,23,1,26,338
2021,Willesborough,E05011780,6718,2743,3258,53,130,4,98,11,57,364
2021,Wye with Hinxhill,E05011781,2481,989,1304,7,14,4,23,0,8,132
2021,Axminster,E05011782,8125,3506,3988,27,10,2,13,4,37,538
2021,Beer & Branscombe,E05011783,2353,818,1325,9,1,1,8,0,11,180
2021,Broadclyst,E05011784,7083,3429,3159,13,11,2,33,0,33,403
2021,Budleigh & Raleigh,E05011785,7671,2855,4163,22,3,13,14,1,35,565
2021,Clyst Valley,E05011786,2439,969,1342,8,3,0,1,6,8,102
2021,Coly Valley,E05011787,4709,1694,2590,12,1,4,3,1,36,368
2021,Cranbrook (East Devon),E05011788,6742,3998,2259,13,3,5,38,0,20,406
2021,Dunkeswell & Otterhead,E05011789,5778,2236,3046,73,5,9,12,0,32,365
2021,Exe Valley,E05011790,2464,1019,1258,5,9,1,1,0,23,148
2021,Exmouth Brixington,E05011791,7641,3153,3983,14,9,10,17,0,46,409
2021,Exmouth Halsdon,E05011792,7408,3021,3848,15,7,17,6,0,29,465
2021,Exmouth Littleham,E05011793,8070,3156,4259,23,1,7,15,1,35,573
2021,Exmouth Town,E05011794,7307,3637,3037,25,12,9,59,0,59,469
2021,Exmouth Withycombe Raleigh,E05011795,5073,2374,2321,11,3,1,10,1,32,320
2021,Feniton,E05011796,2720,1261,1325,7,2,1,4,1,10,109
2021,Honiton St Michael's,E05011797,6809,3003,3261,21,2,4,12,2,38,466
2021,Honiton St Paul's,E05011798,4855,2016,2408,16,3,5,69,0,26,312
2021,Newbridges,E05011799,2537,967,1338,21,5,0,5,0,23,178
2021,Newton Poppleford & Harpford,E05011800,2301,945,1177,9,0,8,1,1,13,147
2021,Ottery St Mary,E05011801,7985,3525,3844,13,1,5,31,4,39,523
2021,Seaton (East Devon),E05011802,7127,2596,3882,25,4,12,27,3,39,539
2021,Sidmouth Rural,E05011803,2104,746,1180,10,2,3,1,1,17,144
2021,Sidmouth Sidford,E05011804,7863,3159,4090,19,2,12,66,1,30,484
2021,Sidmouth Town,E05011805,4414,1471,2528,27,18,7,17,1,20,325
2021,Tale Vale,E05011806,2476,928,1344,4,0,4,7,0,21,168
2021,Trinity (East Devon),E05011807,2549,1051,1236,10,0,2,6,1,18,225
2021,West Hill & Aylesbeare,E05011808,2691,1022,1463,10,4,1,7,0,7,177
2021,Whimple & Rockbeare,E05011809,3011,1212,1579,6,3,2,5,2,20,182
2021,Woodbury & Lympstone,E05011810,6007,2468,3004,23,39,4,12,2,43,412
2021,Yarty,E05011811,2525,942,1385,7,1,3,13,0,18,156
2021,Billingshurst,E05011812,10632,4893,4960,77,23,17,43,0,41,578
2021,"Bramber, Upper Beeding & Woodmancote",E05011813,5353,2245,2650,19,28,21,24,0,27,339
2021,Broadbridge Heath,E05011814,6356,3018,2784,21,42,3,81,1,30,376
2021,Colgate & Rusper,E05011815,5994,2593,2638,32,150,4,114,12,35,416
2021,"Cowfold, Shermanbury & West Grinstead",E05011816,5456,2090,2928,19,11,12,15,4,16,361
2021,Denne,E05011817,10388,4507,4839,59,107,14,159,2,54,647
2021,Forest (Horsham),E05011818,8922,4139,3849,60,97,15,181,9,50,522
2021,Henfield,E05011819,5969,2301,3228,17,14,10,32,1,26,340
2021,Holbrook East,E05011820,5920,2439,2901,7,53,11,110,12,27,360
2021,Holbrook West,E05011821,6337,2722,3016,23,60,8,74,8,27,399
2021,"Itchingfield, Slinfold & Warnham",E05011822,5760,2251,3079,14,6,19,15,6,20,350
2021,Nuthurst & Lower Beeding,E05011823,3064,1147,1691,6,6,7,23,1,7,176
2021,"Pulborough, Coldwaltham & Amberley",E05011824,7389,3001,3856,26,4,10,15,2,33,442
2021,Roffey North,E05011825,6197,2539,3073,14,33,6,66,17,36,413
2021,Roffey South,E05011826,6536,2831,3106,32,40,11,95,10,34,377
2021,Rudgwick,E05011827,2965,1096,1646,9,4,1,10,0,9,190
2021,Southwater North,E05011828,6550,2837,3140,19,30,11,41,6,21,445
2021,Southwater South & Shipley,E05011829,6625,2986,3085,28,27,14,40,3,31,411
2021,Steyning & Ashurst,E05011830,6101,2601,2984,31,4,25,18,2,27,409
2021,Storrington & Washington,E05011831,9373,3803,4882,23,14,20,22,2,49,558
2021,Trafalgar,E05011832,6176,2525,3079,21,39,18,68,3,37,386
2021,"West Chiltington, Thakeham & Ashington",E05011833,8706,3198,4911,23,20,15,21,3,19,496
2021,Bacton (North Norfolk),E05011834,2358,954,1203,1,0,3,1,1,20,175
2021,Beeston Regis & The Runtons,E05011835,2480,899,1395,11,4,0,2,0,12,157
2021,Briston,E05011836,2547,1033,1354,2,2,2,1,3,9,141
2021,Coastal (North Norfolk),E05011837,2290,807,1298,13,2,4,6,0,24,136
2021,Cromer Town,E05011838,4991,1967,2597,24,8,4,19,0,23,349
2021,Erpingham,E05011839,2652,1047,1407,12,0,5,7,0,20,154
2021,Gresham,E05011840,2437,964,1290,11,1,1,2,0,12,156
2021,Happisburgh,E05011841,2644,1074,1341,14,2,7,0,1,16,189
2021,Hickling,E05011842,2539,911,1379,1,0,1,5,0,23,219
2021,Holt (North Norfolk),E05011843,4725,1671,2600,18,3,8,4,2,24,395
2021,Hoveton & Tunstead,E05011844,5105,1997,2721,24,1,6,5,1,29,321
2021,Lancaster North,E05011845,2412,939,1277,6,1,2,1,0,14,172
2021,Lancaster South,E05011846,5602,2293,2853,17,0,3,14,3,46,373
2021,Mundesley,E05011847,2780,1091,1485,5,6,3,4,0,23,163
2021,North Walsham East,E05011848,4922,2207,2318,13,2,11,9,1,29,332
2021,North Walsham Market Cross,E05011849,2847,969,1602,16,1,0,12,0,17,230
2021,North Walsham West,E05011850,5236,2314,2453,7,11,3,9,0,28,411
2021,Poppyland,E05011851,2583,909,1487,3,0,5,4,0,9,166
2021,Priory (North Norfolk),E05011852,2262,773,1291,7,5,7,4,0,11,164
2021,Roughton (North Norfolk),E05011853,2817,1161,1434,11,2,4,0,0,27,178
2021,St Benet's,E05011854,2348,941,1243,1,4,2,1,0,9,147
2021,Sheringham North,E05011855,2464,988,1275,9,1,10,2,1,17,161
2021,Sheringham South,E05011856,4891,1656,2872,12,3,5,0,2,19,322
2021,Stalham,E05011857,5766,2424,2906,14,0,7,14,0,37,364
2021,Stibbard,E05011858,2731,1021,1486,6,0,6,2,0,24,186
2021,Stody,E05011859,2443,1023,1224,18,4,5,2,0,13,154
2021,Suffield Park,E05011860,2553,1096,1289,12,1,6,4,0,15,130
2021,The Raynhams,E05011861,2734,1235,1331,11,7,0,2,1,14,133
2021,Trunch,E05011862,2575,1010,1362,9,2,2,5,0,17,168
2021,Walsingham,E05011863,2534,1001,1370,13,0,3,5,1,2,139
2021,Wells with Holkham,E05011864,2366,942,1195,16,2,3,2,0,13,193
2021,Worstead,E05011865,3345,1487,1489,36,0,2,23,0,50,258
2021,"Beck Vale, Dickleburgh & Scole",E05011866,6530,2813,3230,12,7,11,15,1,41,400
2021,Bressingham & Burston,E05011867,3293,1367,1649,5,1,0,10,1,24,236
2021,Brooke,E05011868,3359,1298,1834,8,4,2,1,2,15,195
2021,Bunwell,E05011869,3043,1289,1512,5,6,10,3,5,6,207
2021,Central Wymondham,E05011870,5428,2241,2701,16,12,12,45,0,42,359
2021,Cringleford,E05011871,5386,2264,2336,69,190,7,188,4,23,305
2021,Diss & Roydon,E05011872,10920,4498,5533,26,39,23,82,7,54,658
2021,Easton (South Norfolk),E05011874,1962,834,971,7,2,0,5,0,3,140
2021,Forncett,E05011875,3468,1508,1685,11,8,1,3,4,9,239
2021,Hempnall,E05011877,3203,1274,1688,7,0,6,3,0,9,216
2021,Hethersett,E05011878,8784,3941,4044,34,52,4,92,9,38,570
2021,Hingham & Deopham,E05011879,3083,1296,1565,2,1,4,3,1,15,196
2021,Loddon & Chedgrave,E05011880,5948,2694,2786,30,13,4,13,0,25,383
2021,Mulbarton & Stoke Holy Cross,E05011881,9312,4103,4478,27,16,15,23,1,45,604
2021,New Costessey,E05011882,6027,2761,2795,21,8,9,45,2,21,365
2021,Newton Flotman,E05011883,3049,1377,1448,13,4,1,5,0,12,189
2021,North Wymondham,E05011884,6482,3232,2787,18,13,14,34,0,30,354
2021,Old Costessey,E05011885,10648,5461,4252,46,114,23,130,3,35,584
2021,"Poringland, Framinghams & Trowse",E05011886,8148,3770,3746,31,13,4,45,8,58,473
2021,Rockland,E05011887,3408,1433,1724,36,2,7,9,0,11,186
2021,South Wymondham,E05011888,6371,3250,2630,28,16,15,17,5,24,386
2021,Stratton (South Norfolk),E05011889,4441,2047,2050,11,2,3,30,0,25,273
2021,Thurlton,E05011890,3157,1388,1551,7,1,4,14,0,15,177
2021,Wicklewood,E05011891,3952,1657,1868,16,9,6,22,1,16,357
2021,Ambrook,E05011892,6396,2818,3080,31,6,3,30,4,49,375
2021,Ashburton & Buckfastleigh,E05011893,8849,4059,3924,80,2,9,18,2,134,621
2021,Bishopsteignton,E05011894,2636,898,1530,6,1,4,1,2,10,184
2021,Bovey,E05011895,7997,3471,3921,29,3,10,17,2,46,498
2021,Bradley (Teignbridge),E05011896,7769,3959,3282,15,3,8,22,0,33,447
2021,Buckland & Milber,E05011897,8756,3972,4063,28,22,6,28,1,54,582
2021,Bushell,E05011898,5939,3140,2346,20,10,5,62,6,32,318
2021,Chudleigh,E05011899,5919,2691,2744,17,1,6,5,3,41,411
2021,College (Teignbridge),E05011900,5399,2585,2339,10,2,2,13,4,37,407
2021,Dawlish North East,E05011901,8876,3948,4185,42,6,3,4,2,76,610
2021,Dawlish South West,E05011902,6006,2552,2918,20,8,2,39,0,53,414
2021,Haytor,E05011903,2442,935,1324,8,1,5,2,0,18,149
2021,Ipplepen,E05011904,2522,1047,1295,6,1,1,1,0,19,152
2021,Kenn Valley,E05011905,8342,3691,4008,23,17,10,23,9,46,515
2021,Kenton & Starcross,E05011906,2976,1308,1457,15,0,5,1,0,20,170
2021,Kerswell-with-Combe,E05011907,5583,2249,2957,20,3,4,15,0,36,299
2021,Kingsteignton East,E05011908,6680,2981,3172,16,5,7,24,1,34,440
2021,Kingsteignton West,E05011909,6048,2885,2692,16,3,7,12,1,33,399
2021,Moretonhampstead,E05011910,2880,1329,1301,22,0,5,7,0,34,182
2021,Shaldon & Stokeinteignhead,E05011911,2451,949,1333,11,2,0,2,0,18,136
2021,Teign Valley,E05011912,5015,2102,2518,23,1,6,11,1,38,315
2021,Teignmouth Central,E05011913,5761,2577,2729,25,5,1,10,1,33,380
2021,Teignmouth East,E05011914,4528,1790,2371,28,4,5,17,0,23,290
2021,Teignmouth West,E05011915,5022,2484,2111,25,0,3,26,1,38,334
2021,Appledore,E05011916,3677,1646,1752,20,1,2,1,1,32,222
2021,Bideford East,E05011917,5734,3121,2167,26,1,5,12,0,40,362
2021,Bideford North,E05011918,5738,2823,2452,14,8,5,15,3,54,364
2021,Bideford South,E05011919,3847,1951,1587,8,1,5,6,0,18,271
2021,Bideford West,E05011920,2942,1551,1196,0,5,1,12,0,18,159
2021,Broadheath (Torridge),E05011921,4147,1490,2260,12,4,2,7,0,38,334
2021,Great Torrington,E05011922,5801,2697,2611,18,3,6,10,2,31,423
2021,Hartland,E05011923,6085,2586,3059,21,2,3,9,1,30,374
2021,Holsworthy,E05011924,3470,1600,1640,5,1,4,13,2,11,194
2021,Milton & Tamarside,E05011925,4098,1547,2253,15,1,1,4,2,30,245
2021,Monkleigh & Putford,E05011926,3837,1464,2033,11,0,1,2,1,18,307
2021,Northam,E05011927,4929,1768,2732,23,2,3,5,2,14,380
2021,Shebbear & Langtree,E05011928,3853,1478,2097,13,1,2,3,1,22,236
2021,Two Rivers & Three Moors,E05011929,4026,1447,2259,8,0,0,4,0,27,281
2021,Westward Ho!,E05011930,3743,1520,1912,8,4,2,5,2,32,258
2021,Winkleigh,E05011931,2191,853,1174,11,0,3,0,0,19,131
2021,Alresford & Elmstead,E05011932,6986,3006,3527,13,26,6,25,5,22,356
2021,Ardleigh & Little Bromley,E05011933,3013,1258,1455,9,31,4,27,10,12,207
2021,Bluehouse,E05011934,5841,2918,2489,7,13,10,37,1,41,325
2021,Brightlingsea,E05011935,8678,4061,3996,24,19,2,31,0,46,499
2021,Burrsville,E05011936,5153,2181,2554,14,7,16,21,1,29,330
2021,Cann Hall (Tendring),E05011937,6145,2916,2722,20,7,12,15,1,26,426
2021,Coppins,E05011938,7289,3888,2915,21,44,7,35,0,23,356
2021,Dovercourt All Saints,E05011939,7096,3074,3579,10,12,13,18,4,29,357
2021,Dovercourt Bay,E05011940,3238,1547,1408,21,7,2,29,6,29,189
2021,Dovercourt Tollgate,E05011941,2742,1273,1286,8,11,1,1,1,11,150
2021,Dovercourt Vines & Parkeston,E05011942,3028,1603,1203,2,11,7,0,0,16,186
2021,Eastcliff (Tendring),E05011943,2887,1038,1673,6,3,1,7,0,2,157
2021,Frinton,E05011944,5514,1687,3475,19,12,15,23,0,23,260
2021,Harwich & Kingsway,E05011945,3666,1889,1479,12,11,2,32,0,36,205
2021,Homelands,E05011946,3490,1177,2048,13,1,4,9,0,16,222
2021,Kirby Cross,E05011947,3403,1357,1796,6,10,8,18,4,8,196
2021,Kirby-le-Soken & Hamford,E05011948,3388,1199,1931,5,0,12,16,0,11,214
2021,"Lawford, Manningtree & Mistley",E05011949,8620,3977,4022,20,10,23,14,2,40,512
2021,Little Clacton,E05011950,3061,1229,1638,2,1,2,8,1,22,158
2021,Pier,E05011951,2592,1199,1054,11,12,9,41,0,17,249
2021,St Bartholomew's (Tendring),E05011952,5825,1936,3398,20,11,11,20,2,20,407
2021,St James (Tendring),E05011953,7318,3191,3462,33,23,9,77,0,29,494
2021,St John's (Tendring),E05011954,6935,3232,3197,22,3,12,33,6,22,408
2021,St Osyth,E05011955,5172,1997,2855,9,6,3,11,0,18,273
2021,St Paul's (Tendring),E05011956,2679,1123,1345,11,2,6,14,0,12,166
2021,Stour Valley,E05011957,3035,1210,1572,10,10,2,13,7,14,197
2021,The Bentleys & Frating,E05011958,3435,1426,1781,14,6,5,10,0,17,176
2021,The Oakleys & Wix,E05011959,3044,1256,1553,4,7,2,6,1,33,182
2021,"Thorpe, Beaumont & Great Holland",E05011960,3429,1334,1885,8,5,7,4,0,17,169
2021,Walton (Tendring),E05011961,3302,1499,1509,26,18,5,23,8,19,195
2021,Weeley & Tendring,E05011962,2984,1192,1607,3,0,1,13,1,5,162
2021,West Clacton & Jaywick Sands,E05011963,5310,2202,2646,20,11,6,15,2,31,377
2021,Billesdon & Tilton,E05011964,2623,830,1548,5,26,1,9,22,23,159
2021,Bosworth,E05011965,3410,1368,1813,10,11,3,6,6,10,183
2021,Broughton Astley-Primethorpe & Sutton,E05011966,4900,2151,2379,12,22,1,13,3,21,298
2021,Broughton Astley South & Leire,E05011967,5389,2559,2524,9,14,9,8,13,6,247
2021,Dunton,E05011968,2697,1043,1457,3,14,2,3,24,11,140
2021,Fleckney,E05011969,5842,2250,3113,7,56,6,32,55,24,299
2021,Glen (Harborough),E05011970,5880,1703,2666,20,652,16,145,344,18,316
2021,Kibworths,E05011971,8708,3381,4306,23,165,13,80,173,30,537
2021,Lubenham,E05011972,2995,1072,1562,22,32,7,71,3,29,197
2021,Lutterworth East,E05011973,5365,2211,2775,7,44,5,31,32,16,244
2021,Lutterworth West,E05011974,5466,2053,2909,12,30,4,34,28,14,382
2021,Market Harborough-Great Bowden & Arden,E05011975,5937,2541,2972,23,42,10,22,11,19,297
2021,Market Harborough-Little Bowden,E05011976,5695,2421,2755,15,75,7,34,15,26,347
2021,Market Harborough-Logan,E05011977,5590,2062,3000,21,43,9,51,4,24,376
2021,Market Harborough-Welland,E05011978,8856,3985,4166,21,96,10,43,30,36,469
2021,Misterton (Harborough),E05011979,2982,1074,1721,8,9,1,5,13,12,139
2021,Nevill,E05011980,2873,929,1790,17,1,3,5,13,9,106
2021,Thurnby & Houghton,E05011981,9338,2652,3888,18,1133,9,518,670,48,402
2021,Ullesthorpe,E05011982,3083,1197,1701,6,14,2,9,9,4,141
2021,Ault Hucknall,E05011983,6299,2660,3208,11,13,3,39,10,23,332
2021,Barlborough,E05011984,4114,1564,2230,8,5,1,15,55,18,218
2021,Blackwell,E05011985,4271,2012,1977,10,7,1,12,1,30,221
2021,Bolsover East,E05011986,4298,1759,2247,6,8,4,19,2,10,243
2021,Bolsover North & Shuttlewood,E05011987,3441,1672,1519,8,5,4,13,0,22,198
2021,Bolsover South,E05011988,4439,2007,2161,7,11,1,8,3,19,222
2021,Clowne East,E05011989,5515,2295,2894,11,4,2,11,2,24,272
2021,Clowne West,E05011990,2786,1218,1350,8,2,1,10,1,9,187
2021,Elmton-with-Creswell,E05011991,6615,3055,3096,11,10,4,15,9,31,384
2021,Langwith,E05011992,4789,2154,2289,4,5,1,3,3,14,316
2021,Pinxton,E05011993,4243,2226,1709,3,14,1,8,2,28,252
2021,Shirebrook North,E05011994,4897,2075,2500,3,2,5,10,10,17,275
2021,Shirebrook South,E05011995,4737,1864,2513,10,8,0,21,3,16,302
2021,South Normanton East,E05011996,4877,2506,2024,7,12,0,15,6,10,297
2021,South Normanton West,E05011997,6673,3247,2937,13,13,5,23,11,32,392
2021,Tibshelf,E05011998,4350,2211,1886,16,9,2,17,2,6,201
2021,Whitwell,E05011999,3922,1542,2113,14,2,4,11,4,31,201
2021,Alston & Hothersall,E05012000,2726,640,1925,2,2,1,9,0,17,130
2021,Billington & Langho,E05012001,3420,699,2439,7,27,0,47,3,11,187
2021,Bowland,E05012002,1474,356,1058,2,0,2,4,0,1,51
2021,Brockhall & Dinckley,E05012003,1601,330,1117,10,14,1,49,4,4,72
2021,Chatburn,E05012004,1327,379,829,4,0,0,6,0,4,105
2021,Chipping,E05012005,1412,310,1016,2,0,0,0,0,4,80
2021,Clayton-le-Dale & Salesbury,E05012006,1628,298,1186,2,20,0,28,0,1,93
2021,Derby & Thornley,E05012007,3211,857,2154,7,3,1,11,3,8,167
2021,Dilworth,E05012008,2783,718,1898,3,3,0,11,0,6,144
2021,"East Whalley, Read & Simonstone",E05012009,2655,690,1807,10,10,1,21,4,10,102
2021,Edisford & Low Moor,E05012010,3593,1202,2122,3,16,0,51,0,4,195
2021,Gisburn & Rimington,E05012011,1439,386,958,7,3,0,10,0,1,74
2021,Hurst Green & Whitewell,E05012012,1664,350,1130,3,1,1,12,1,3,163
2021,Littlemoor,E05012013,3213,976,1944,6,3,1,98,0,6,179
2021,Mellor,E05012014,2748,539,1984,13,16,2,56,1,7,130
2021,Primrose (Ribble Valley),E05012015,3767,1266,2245,11,2,3,44,2,10,184
2021,Ribchester,E05012016,1528,376,1066,5,0,3,0,0,3,75
2021,Sabden,E05012017,1583,432,1048,4,0,0,8,1,4,86
2021,St Mary's (Ribble Valley),E05012018,3020,921,1899,8,7,1,23,0,11,150
2021,Salthill,E05012019,3548,1205,2007,5,14,0,86,3,12,216
2021,"Waddington, Bashall Eaves & Mitton",E05012020,1443,323,1039,0,2,0,0,1,8,70
2021,West Bradford & Grindleton,E05012021,1657,425,1122,2,0,0,9,0,6,93
2021,Whalley & Painter Wood,E05012022,2999,734,2085,4,11,1,22,0,6,136
2021,Whalley Nethertown,E05012023,1510,399,1013,5,0,2,13,0,1,77
2021,Wilpshire & Ramsgreave,E05012024,3365,773,2190,4,21,1,165,1,10,200
2021,Wiswell & Barrow,E05012025,2246,562,1573,3,5,1,11,0,4,87
2021,Bagshot,E05012026,7381,2712,3862,28,90,7,169,79,27,407
2021,Bisley & West End,E05012027,10336,3636,5365,51,211,17,293,96,36,631
2021,Frimley,E05012028,5130,1672,2664,69,121,6,220,35,20,323
2021,Frimley Green,E05012029,6851,2604,3518,42,103,13,115,63,41,352
2021,Heatherside,E05012030,7510,2807,3757,33,180,15,185,102,32,399
2021,Lightwater,E05012031,6535,2379,3478,27,93,8,73,83,32,362
2021,Mytchett & Deepcut,E05012032,7226,2930,3446,61,136,13,88,39,54,459
2021,Old Dean,E05012033,5490,2274,2224,141,148,3,196,80,82,342
2021,Parkside (Surrey Heath),E05012034,5190,1714,2664,67,171,5,195,78,30,266
2021,St Michaels (Surrey Heath),E05012035,5996,2242,2544,168,161,7,471,47,14,342
2021,St Pauls (Surrey Heath),E05012036,4904,1455,2665,20,146,15,128,166,20,289
2021,Town (Surrey Heath),E05012037,5250,1867,2505,95,160,8,226,55,27,307
2021,Watchetts,E05012038,5557,1857,2451,128,264,5,383,103,53,313
2021,Windlesham & Chobham,E05012039,7086,2394,4122,20,34,18,86,26,27,359
2021,Ashover,E05012040,1959,642,1185,0,0,1,1,5,6,119
2021,Barlow & Holmesfield,E05012041,1974,694,1166,1,0,0,0,5,6,102
2021,Brampton & Walton,E05012042,3327,1155,1915,14,4,3,13,6,10,207
2021,Clay Cross North,E05012043,6588,3173,3031,19,2,1,5,12,26,319
2021,Clay Cross South,E05012044,3734,1769,1722,8,0,2,12,7,23,191
2021,Coal Aston,E05012045,3756,1457,2053,5,4,2,31,0,16,188
2021,Dronfield North,E05012046,3660,1732,1663,13,2,2,21,1,21,205
2021,Dronfield South,E05012047,5988,2450,3141,13,12,5,20,11,19,317
2021,Dronfield Woodhouse,E05012048,1946,791,1036,9,3,0,5,3,1,98
2021,Eckington North,E05012049,3939,1535,2092,7,8,8,15,2,15,257
2021,Eckington South & Renishaw,E05012050,6159,2618,3088,11,6,1,5,8,9,413
2021,Gosforth Valley,E05012051,5813,2171,3295,7,3,6,14,6,15,296
2021,Grassmoor,E05012052,4116,1954,1869,12,5,0,12,1,17,246
2021,Holmewood & Heath,E05012053,4365,2135,1938,5,8,2,15,4,13,245
2021,Killamarsh East,E05012054,3760,1590,1847,5,1,5,66,6,14,226
2021,Killamarsh West,E05012055,5498,2366,2794,18,3,2,3,5,16,291
2021,North Wingfield Central,E05012056,5884,2656,2851,13,8,3,9,15,21,308
2021,Pilsley & Morton,E05012057,5374,2284,2690,11,8,4,7,3,30,337
2021,Ridgeway & Marsh Lane,E05012058,1747,679,957,4,2,1,0,0,4,100
2021,Shirland,E05012059,6175,2752,3064,3,8,4,6,9,43,286
2021,Sutton (North East Derbyshire),E05012060,3978,1611,2096,6,3,1,15,2,5,239
2021,Tupton,E05012061,5741,2521,2810,6,15,4,4,12,48,321
2021,Unstone,E05012062,1814,837,858,2,2,4,10,0,13,88
2021,Wingerworth,E05012063,4714,1604,2795,8,18,1,15,14,8,251
2021,Badgeworth,E05012064,2670,1040,1418,7,27,5,17,0,9,147
2021,Brockworth East,E05012065,3931,1671,1954,12,4,3,22,1,14,250
2021,Brockworth West,E05012066,5490,2612,2455,6,33,2,35,7,11,329
2021,Churchdown Brookfield with Hucclecote,E05012067,6544,2632,3417,14,28,5,38,25,26,359
2021,Churchdown St John's,E05012068,7131,2852,3748,13,46,5,30,7,32,398
2021,Cleeve Grange,E05012069,3071,1269,1556,11,29,1,26,12,5,162
2021,Cleeve Hill,E05012070,5203,1895,2869,18,38,4,22,1,21,335
2021,Cleeve St Michael's,E05012071,5961,2695,2774,15,50,7,32,1,21,366
2021,Cleeve West,E05012072,5038,2238,2358,13,79,3,28,10,21,288
2021,Highnam with Haw Bridge,E05012073,4554,1608,2607,25,3,1,16,5,15,274
2021,Innsworth,E05012074,5657,2307,2616,104,213,1,83,0,49,284
2021,Isbourne,E05012075,4416,1715,2364,13,23,3,2,1,15,280
2021,Northway,E05012076,4857,2160,2309,16,11,1,21,5,17,317
2021,Severn Vale North,E05012077,2603,942,1466,2,6,1,6,0,5,175
2021,Severn Vale South,E05012078,2336,862,1298,12,5,1,10,5,10,133
2021,Shurdington,E05012079,2588,1104,1270,4,45,4,12,3,12,134
2021,Tewkesbury East,E05012080,5411,2239,2684,7,15,4,39,6,22,395
2021,Tewkesbury North & Twyning,E05012081,4937,1828,2807,7,6,2,19,5,26,237
2021,Tewkesbury South,E05012082,5727,2485,2721,17,15,6,50,11,30,392
2021,Winchcombe,E05012083,6742,2592,3654,23,8,6,10,5,36,408
2021,Andover Downlands,E05012085,6404,3179,2569,36,63,2,84,17,37,417
2021,Andover Romans,E05012088,10169,5054,4196,69,144,11,116,12,47,520
2021,Blackwater,E05012093,6421,2346,3526,14,18,10,9,14,31,453
2021,Harewood (Test Valley),E05012097,3297,1154,1883,8,2,6,16,2,15,211
2021,Mid Test,E05012098,9225,3352,5273,10,22,11,17,2,38,500
2021,Romsey Abbey,E05012100,5387,2050,2938,21,9,6,51,10,16,286
2021,Romsey Tadburn,E05012102,5915,2332,3157,28,7,6,26,13,30,316
2021,Bitton & Oldland Common,E05012104,9457,4403,4339,22,13,6,30,12,49,583
2021,Boyd Valley,E05012105,9235,3673,4847,43,9,7,59,22,50,525
2021,Bradley Stoke North,E05012106,11067,4615,4802,48,513,6,385,38,49,611
2021,Bradley Stoke South,E05012107,9619,4356,3778,40,503,2,305,41,55,539
2021,Charfield,E05012108,5278,2366,2453,32,5,5,32,4,74,307
2021,Charlton & Cribbs,E05012109,9419,4372,3689,47,352,4,359,38,28,530
2021,Chipping Sodbury & Cotswold Edge,E05012110,10034,4106,5179,27,13,7,37,6,30,629
2021,Dodington,E05012111,9886,5107,4009,19,28,3,72,10,31,607
2021,Emersons Green,E05012112,17341,8378,7134,73,196,13,382,62,79,1024
2021,Filton,E05012113,11297,5105,4507,62,238,6,370,68,74,867
2021,Frampton Cotterell,E05012114,13238,5616,6650,30,24,8,60,10,46,794
2021,Frenchay & Downend,E05012115,13732,5838,6504,38,114,16,323,133,58,708
2021,Hanham,E05012116,13064,6063,5895,50,37,4,154,57,64,740
2021,Kingswood (South Gloucestershire),E05012117,9006,4520,3543,31,32,1,220,44,48,567
2021,Longwell Green,E05012118,9890,4431,4726,17,21,5,54,12,34,590
2021,New Cheltenham,E05012119,9047,4383,3815,26,24,10,154,25,28,582
2021,Parkwall & Warmley,E05012120,9230,4526,4062,21,26,4,25,19,36,511
2021,Patchway Coniston,E05012121,5411,2599,2300,9,49,1,90,13,22,328
2021,Pilning & Severn Beach,E05012122,4847,2181,2347,6,5,4,37,4,19,244
2021,Severn Vale,E05012123,9617,3670,5120,27,61,7,61,45,33,593
2021,Staple Hill & Mangotsfield,E05012124,15038,7375,6146,71,47,3,355,97,73,871
2021,Stoke Gifford,E05012125,14201,6483,6192,78,255,9,259,66,52,807
2021,Stoke Park & Cheswick,E05012126,7654,4126,1973,95,169,10,429,46,52,754
2021,Thornbury,E05012127,14483,6618,6754,43,29,3,83,22,59,872
2021,Winterbourne,E05012128,7601,3311,3573,24,44,6,102,51,28,462
2021,Woodstock (South Gloucestershire),E05012129,10188,5010,4222,33,26,7,140,39,70,641
2021,Yate Central,E05012130,9196,4402,4104,14,34,5,71,12,29,525
2021,Yate North,E05012131,12345,6118,5349,33,27,7,69,14,46,682
2021,Aldermaston,E05012132,3995,1665,1962,13,19,12,31,24,18,251
2021,Basildon,E05012133,3492,1333,1876,13,1,8,14,4,10,233
2021,Bradfield,E05012134,4470,1740,2126,16,14,11,61,6,13,483
2021,Bucklebury,E05012135,3622,1316,2044,8,3,8,2,3,17,221
2021,Burghfield & Mortimer,E05012136,10763,4444,5438,43,31,20,116,21,54,596
2021,Chieveley & Cold Ash,E05012137,8225,3061,4317,35,63,5,36,14,39,655
2021,Downlands,E05012138,3697,1302,2138,10,4,8,9,3,21,202
2021,Hungerford & Kintbury,E05012139,11444,4492,6020,35,41,27,29,8,58,734
2021,Lambourn,E05012140,4224,1539,2315,7,17,3,29,2,19,293
2021,Newbury Central,E05012141,7431,3128,3151,30,405,6,170,20,49,472
2021,Newbury Clay Hill,E05012142,7547,3316,3363,22,188,8,165,9,28,448
2021,Newbury Greenham,E05012143,12830,5924,5354,47,433,12,243,34,77,706
2021,Newbury Speen,E05012144,7626,2882,3940,26,129,12,106,9,36,486
2021,Newbury Wash Common,E05012145,9317,3881,4728,38,55,7,49,7,38,514
2021,Pangbourne,E05012146,3759,1522,1966,10,25,4,22,1,15,194
2021,Ridgeway (West Berkshire),E05012147,4273,1732,2206,7,13,3,31,0,12,269
2021,Thatcham Central,E05012148,7374,3301,3446,17,57,6,87,16,27,417
2021,Thatcham Colthrop & Crookham,E05012149,3341,1313,1724,5,16,13,20,1,12,237
2021,Thatcham North East,E05012150,7738,3435,3608,34,48,10,104,18,25,456
2021,Thatcham West,E05012151,7322,3324,3461,13,39,8,52,1,16,408
2021,Theale,E05012152,3057,1407,1388,2,27,13,34,12,12,162
2021,Tilehurst & Purley,E05012153,10641,4380,5129,38,164,16,208,60,42,604
2021,Tilehurst Birch Copse,E05012154,7862,3073,3894,40,107,10,216,51,36,435
2021,Tilehurst South & Holybrook,E05012155,7400,2781,3625,41,182,6,272,43,34,416
2021,Berry Hill (Forest of Dean),E05012156,4324,1637,2362,8,4,6,4,3,19,281
2021,Bream,E05012157,4884,2130,2406,10,5,3,11,0,33,286
2021,Cinderford East,E05012158,4448,1947,2149,12,13,1,19,6,21,280
2021,Cinderford West,E05012159,4325,1920,2043,15,7,3,18,1,40,278
2021,Coleford,E05012160,7730,3532,3614,18,8,8,12,14,41,483
2021,Dymock,E05012161,1962,615,1153,2,0,3,15,0,5,169
2021,Hartpury & Redmarley,E05012162,5279,2042,2723,16,0,1,5,1,23,468
2021,Longhope & Huntley,E05012163,3945,1354,2292,3,4,0,15,12,27,238
2021,Lydbrook,E05012164,2230,1037,1042,4,0,2,2,0,22,121
2021,Lydney East,E05012165,6557,3025,3024,13,15,2,49,1,30,398
2021,Lydney North,E05012166,1759,622,1003,2,3,2,2,0,10,115
2021,Lydney West & Aylburton,E05012167,2395,957,1271,8,3,1,10,2,18,125
2021,"Mitcheldean, Ruardean & Drybrook",E05012168,7344,2961,3862,17,3,5,6,5,37,448
2021,Newent & Taynton,E05012169,6710,2540,3706,26,0,5,19,3,26,385
2021,Newland & Sling,E05012170,2472,1071,1153,2,0,1,3,0,21,221
2021,Newnham (Forest of Dean),E05012171,4739,2038,2240,24,3,3,16,10,44,361
2021,Pillowell,E05012172,1911,776,1014,0,0,1,3,1,11,105
2021,Ruspidge,E05012173,2430,1158,1081,8,1,0,1,0,16,165
2021,St. Briavels,E05012174,2344,976,1198,4,2,2,4,0,22,136
2021,Tidenham,E05012175,7169,3147,3487,26,25,6,21,9,48,400
2021,Westbury-on-Severn,E05012176,2050,753,1149,3,6,2,2,0,8,127
2021,Aldenham East,E05012177,4952,910,1655,25,200,1652,96,15,30,369
2021,Aldenham West,E05012178,5107,1057,1923,19,289,1322,89,8,37,363
2021,Bentley Heath & The Royds,E05012179,5973,1584,3220,25,289,163,237,5,77,373
2021,Borehamwood Brookmeadow,E05012180,8836,2001,3829,64,234,1782,313,15,78,520
2021,Borehamwood Cowley Hill,E05012181,9503,2922,4148,22,322,986,407,14,82,600
2021,Borehamwood Hillside,E05012182,8594,1861,3479,79,302,1969,301,4,46,553
2021,Borehamwood Kenilworth,E05012183,9389,2493,3989,59,352,1422,368,8,105,593
2021,Bushey Heath,E05012184,5427,710,1564,18,446,2015,192,24,66,392
2021,Bushey North,E05012185,8005,2219,3390,59,740,541,459,52,92,453
2021,Bushey Park,E05012186,7282,1408,2432,39,500,2053,241,20,102,487
2021,Bushey St James,E05012187,7705,2038,3253,40,498,984,316,16,85,475
2021,Elstree,E05012188,5096,723,1396,38,364,1856,239,14,96,370
2021,Potters Bar Furzefield,E05012189,5785,1807,2900,30,271,112,251,25,71,318
2021,Potters Bar Oakmere,E05012190,5790,1677,3075,30,187,147,247,4,53,370
2021,Potters Bar Parkfield,E05012191,4989,1318,2597,42,203,199,195,2,65,368
2021,Shenley,E05012192,5391,1364,2171,35,138,1142,109,21,30,381
2021,Ashton (Preston),E05012193,8671,2910,4507,38,184,6,361,79,49,537
2021,Brookfield (Preston),E05012194,8275,2366,4404,16,182,2,824,73,9,399
2021,Cadley,E05012195,8508,2299,4877,28,246,6,568,59,30,395
2021,City Centre,E05012196,11941,4059,3936,90,792,10,1941,48,88,977
2021,Deepdale,E05012197,9670,1390,2057,9,250,2,5331,77,20,534
2021,Fishwick & Frenchwood,E05012198,9432,1454,2925,9,242,1,4238,51,24,488
2021,Garrison,E05012199,9154,1931,4220,30,364,8,1975,116,33,477
2021,Greyfriars (Preston),E05012200,8345,1694,4554,13,311,1,1224,163,35,350
2021,Ingol & Cottam,E05012201,9261,3048,5390,23,73,4,194,37,49,443
2021,Lea & Larches,E05012202,9270,3159,5310,14,83,2,189,11,30,472
2021,Plungington,E05012203,11456,3987,4369,65,584,5,1490,111,94,751
2021,Preston Rural East,E05012204,8649,2072,5684,13,153,7,272,20,27,401
2021,Preston Rural North,E05012205,7092,1809,4651,20,92,2,159,27,24,308
2021,Ribbleton,E05012206,9078,2967,4940,12,75,6,536,41,14,487
2021,St Matthew's (Preston),E05012207,10782,2345,3981,29,355,9,3315,128,47,573
2021,Sharoe Green,E05012208,8260,1441,4619,29,413,5,1209,52,35,457
2021,Blacon,E05012209,14085,6176,6852,34,8,8,175,12,47,773
2021,Central & Grange,E05012210,12510,5753,5755,52,39,9,197,2,54,649
2021,Chester City & the Garden Quarter,E05012211,18338,8093,7575,123,307,16,542,14,143,1525
2021,Christleton & Huntington,E05012212,11564,4158,6456,34,160,17,105,8,26,600
2021,"Davenham, Moulton & Kingsmead",E05012213,10873,3854,6317,28,52,12,44,7,33,526
2021,Farndon,E05012214,4849,1520,3029,5,5,6,14,0,5,265
2021,Frodsham,E05012215,9316,3376,5353,33,15,22,29,0,31,457
2021,Gowy Rural,E05012216,9273,3115,5387,22,17,5,38,15,33,641
2021,Great Boughton,E05012217,11000,4228,5784,32,96,4,190,8,42,616
2021,Handbridge Park,E05012218,9426,3421,5063,39,89,7,171,17,40,579
2021,Hartford & Greenbank,E05012219,8824,3154,5072,25,69,7,51,17,13,416
2021,Helsby,E05012220,5273,2036,2847,20,3,4,37,9,11,306
2021,Lache,E05012221,5906,2518,2924,26,23,0,95,5,15,300
2021,Ledsham & Manor,E05012222,9420,3105,5703,31,24,5,58,4,29,461
2021,Little Neston,E05012223,4777,1565,2838,5,12,4,22,1,19,311
2021,Malpas (Cheshire West and Chester),E05012224,4945,1588,3072,7,0,4,7,0,23,244
2021,Marbury,E05012225,13089,4657,7538,31,19,8,50,8,32,746
2021,Neston,E05012226,5643,2119,3091,19,9,4,47,3,17,334
2021,Netherpool,E05012227,5449,1985,3120,12,14,3,39,7,15,254
2021,Newton & Hoole,E05012228,14783,6050,7180,43,128,14,410,16,68,874
2021,Northwich Leftwich,E05012229,4788,2023,2409,11,15,2,34,0,23,271
2021,Northwich Winnington & Castle,E05012230,9227,3976,4596,33,39,7,73,5,29,469
2021,Northwich Witton,E05012231,5115,2003,2701,23,47,0,54,0,23,264
2021,Parkgate,E05012232,4972,1607,3061,8,1,6,16,7,20,246
2021,Rudheath,E05012233,5673,2106,3154,13,46,0,22,10,16,306
2021,Sandstone,E05012234,4986,1600,3104,15,2,6,12,0,8,239
2021,Saughall & Mollington,E05012235,5260,1666,3205,13,29,6,32,2,9,298
2021,Shakerley,E05012236,5353,1577,3405,13,8,7,22,2,22,297
2021,Strawberry,E05012237,5244,1722,3187,15,4,8,23,3,10,272
2021,Sutton Villages,E05012238,11078,4323,6001,26,7,11,84,4,52,570
2021,Tarporley,E05012239,5163,1533,3350,7,8,4,12,4,10,235
2021,Tarvin & Kelsall,E05012240,9321,3129,5606,16,19,6,31,7,30,477
2021,Tattenhall,E05012241,4961,1585,3072,12,9,5,17,3,18,240
2021,Upton (Cheshire West and Chester),E05012242,10177,3923,5273,51,93,4,221,9,42,561
2021,Weaver & Cuddington,E05012243,15064,5359,8779,27,19,19,54,11,47,749
2021,Westminster,E05012244,5521,2626,2487,62,17,4,63,6,18,238
2021,Whitby Groves,E05012245,4321,1446,2591,8,5,3,42,0,11,215
2021,Whitby Park,E05012246,5382,1828,3146,8,14,2,94,0,16,274
2021,Willaston & Thornton,E05012247,5172,1597,3269,6,7,2,9,1,17,264
2021,Winsford Dene,E05012248,5381,2200,2852,21,14,2,26,8,14,244
2021,Winsford Gravel,E05012249,4129,1431,2391,7,0,1,28,0,7,264
2021,Winsford Over & Verdin,E05012250,15408,6608,7808,33,25,12,113,11,59,739
2021,Winsford Swanlow,E05012251,4649,1803,2579,6,18,0,8,0,10,225
2021,Winsford Wharton,E05012252,5640,2328,2955,10,7,6,21,0,14,299
2021,Wolverham,E05012253,5822,2558,2768,9,7,8,72,3,19,378
2021,Barton with Watcombe,E05012254,12234,5700,5594,40,23,11,94,0,60,712
2021,Churston with Galmpton,E05012255,7012,2591,3940,20,6,8,10,6,48,383
2021,Clifton with Maidenway,E05012256,8077,3736,3674,24,5,7,27,1,82,521
2021,Cockington with Chelston,E05012257,8368,3664,4089,35,31,6,42,6,43,452
2021,Collaton St Mary,E05012258,3271,1450,1565,2,8,2,12,0,36,196
2021,Ellacombe,E05012259,8336,4056,3595,26,12,9,39,0,48,551
2021,Furzeham with Summercombe,E05012260,9902,3963,5117,38,5,14,33,2,77,653
2021,Goodrington with Roselands,E05012261,7429,2998,3904,20,8,8,25,1,32,433
2021,King's Ash,E05012262,7810,3966,3182,36,0,10,40,0,86,490
2021,Preston (Torbay),E05012263,10515,4231,5487,39,5,14,46,1,80,612
2021,Roundham with Hyde,E05012264,8796,3920,4043,43,21,6,43,6,60,654
2021,St Marychurch,E05012265,12547,5244,6274,58,13,17,67,19,55,800
2021,St Peter's with St Mary's,E05012266,6930,2908,3538,28,10,9,34,4,56,343
2021,Shiphay,E05012267,8004,3484,3891,27,22,4,55,4,34,483
2021,Tormohun,E05012268,12972,5930,5686,82,37,7,171,10,137,912
2021,Wellswood,E05012269,7125,2339,4054,36,18,10,49,0,42,577
2021,Aspley,E05012270,18795,8328,7172,59,331,12,1509,178,73,1133
2021,Basford,E05012271,16368,7233,6129,59,266,11,1268,324,84,994
2021,Berridge,E05012272,17911,5630,5574,69,211,46,4796,349,160,1076
2021,Bestwood,E05012273,17060,8315,6735,41,101,10,630,107,145,976
2021,Bilborough,E05012274,16919,7130,6337,49,198,12,1851,225,105,1012
2021,Bulwell,E05012275,16218,8229,6151,58,92,17,443,69,97,1062
2021,Bulwell Forest,E05012276,13997,6240,6076,70,117,12,370,194,57,861
2021,Castle (Nottingham),E05012277,10868,5194,2954,143,396,64,843,73,85,1116
2021,Clifton East,E05012278,17043,9056,6474,58,154,14,257,22,103,905
2021,Clifton West,E05012279,10742,4660,4744,35,84,21,233,96,59,810
2021,Dales,E05012280,16892,5877,5338,51,149,43,4175,103,129,1027
2021,Hyson Green & Arboretum,E05012281,23338,7634,6098,133,519,80,5612,246,165,2851
2021,Leen Valley,E05012282,9913,1990,3048,44,282,7,3628,398,29,487
2021,Lenton & Wollaton East,E05012283,21826,10036,6067,185,578,253,2039,280,187,2201
2021,Mapperley,E05012284,16402,6946,6227,93,175,31,1422,207,159,1142
2021,Meadows,E05012285,11013,4046,3251,52,377,14,2367,147,66,693
2021,Radford (Nottingham),E05012286,16651,6599,4788,111,538,160,2159,241,147,1908
2021,St. Ann's (Nottingham),E05012287,20686,7856,7329,185,277,79,2621,125,224,1990
2021,Sherwood (Nottingham),E05012288,15822,7469,5745,103,118,25,1093,154,125,990
2021,Wollaton West,E05012289,15166,4933,5963,72,441,32,2226,571,63,865
2021,Alton Amery,E05012290,2604,1023,1361,10,20,9,18,1,11,151
2021,Alton Ashdell,E05012291,2358,934,1244,6,12,12,15,0,6,129
2021,Alton Eastbrooke,E05012292,2868,1386,1230,12,10,2,16,0,16,196
2021,Alton Holybourne,E05012293,2882,1144,1492,5,3,2,17,3,10,206
2021,Alton Westbrooke,E05012294,2808,1230,1368,8,8,4,20,1,24,145
2021,Alton Whitedown,E05012295,2407,1002,1235,8,8,3,18,5,6,122
2021,Alton Wooteys,E05012296,3502,1635,1561,22,22,4,23,0,20,215
2021,Bentworth & Froyle,E05012297,2744,934,1558,10,3,12,18,2,16,191
2021,"Binsted, Bentley & Selborne",E05012298,6097,2091,3580,18,11,7,18,5,31,336
2021,Bramshott & Liphook,E05012299,9771,4000,5014,24,26,14,46,2,27,618
2021,Buriton & East Meon,E05012300,2736,1050,1459,1,5,7,5,0,24,185
2021,Clanfield,E05012301,6013,2620,2947,9,37,5,32,3,31,329
2021,Four Marks & Medstead,E05012302,8287,3257,4383,28,16,10,22,11,40,520
2021,"Froxfield, Sheet & Steep",E05012303,3285,1165,1741,16,3,10,5,0,6,339
2021,Grayshott,E05012304,2773,1062,1506,2,7,5,26,5,5,155
2021,Headley,E05012305,5576,1991,3131,15,14,18,36,3,26,342
2021,Horndean Catherington,E05012306,2850,1144,1477,4,13,4,12,1,13,182
2021,Horndean Downs,E05012307,3095,1313,1589,7,3,9,6,2,16,150
2021,Horndean Kings & Blendworth,E05012308,4918,2027,2510,12,10,8,16,5,23,307
2021,Horndean Murray,E05012309,2626,1162,1302,4,1,6,20,5,9,117
2021,Lindford,E05012310,2742,1187,1375,6,5,4,5,1,16,143
2021,Liss,E05012311,6349,2597,3201,38,15,7,34,1,31,425
2021,Petersfield Bell Hill,E05012312,2755,1239,1326,4,9,2,4,5,12,154
2021,Petersfield Causeway,E05012313,3571,1690,1588,3,11,5,44,2,11,217
2021,Petersfield Heath,E05012314,2930,1273,1473,11,9,4,2,1,6,151
2021,Petersfield St Peter's,E05012315,5413,2094,2867,36,9,9,52,0,22,324
2021,"Ropley, Hawkley & Hangers",E05012316,2882,1001,1652,13,3,9,12,4,12,176
2021,Rowlands Castle,E05012317,3194,1247,1751,8,0,9,1,0,21,157
2021,Whitehill Chase,E05012318,6519,2856,3041,26,19,4,67,2,35,469
2021,Whitehill Hogmoor & Greatham,E05012319,6192,2577,3146,19,29,9,31,0,32,349
2021,Whitehill Pinewood,E05012320,3001,1559,1089,16,21,0,105,13,36,162
2021,Airfield,E05012321,5926,2642,2877,18,9,2,15,0,45,318
2021,Bircham with Rudhams,E05012322,2562,947,1423,10,1,3,6,0,9,163
2021,Brancaster,E05012323,2131,650,1315,8,0,6,4,0,20,128
2021,Burnham Market & Docking,E05012324,2516,959,1388,6,2,8,0,3,14,136
2021,Clenchwarton,E05012325,2782,1030,1530,4,6,3,7,2,9,191
2021,Denver,E05012326,2433,874,1374,3,0,0,1,1,15,165
2021,Dersingham,E05012327,6026,1953,3636,18,2,9,3,0,32,373
2021,Downham Old Town,E05012328,3187,1472,1451,12,3,4,38,2,26,179
2021,East Downham,E05012329,3269,1558,1472,6,6,1,41,1,16,168
2021,Emneth & Outwell,E05012330,5155,2029,2722,17,12,5,7,0,30,333
2021,Fairstead,E05012331,6827,2802,3324,24,61,4,132,13,44,423
2021,Feltwell,E05012332,6327,2725,3081,14,5,5,16,1,47,433
2021,Gayton & Grimston,E05012333,5913,2232,3270,20,4,8,25,5,18,331
2021,Gaywood Chase,E05012334,2429,979,1277,13,3,3,18,0,8,128
2021,Gaywood Clock,E05012335,3338,1325,1766,1,16,1,24,0,22,183
2021,Gaywood North Bank,E05012336,8678,3649,4366,18,30,4,53,9,38,511
2021,Heacham,E05012337,5169,1747,3039,9,2,7,1,2,31,331
2021,Hunstanton,E05012338,4230,1454,2453,8,9,6,17,0,28,255
2021,Massingham with Castle Acre,E05012339,3113,1125,1744,3,2,1,1,4,30,203
2021,Methwold,E05012340,2888,1237,1416,5,1,4,11,0,13,201
2021,North Downham,E05012341,2549,945,1374,11,2,0,23,4,12,178
2021,North Lynn,E05012342,6877,2941,3229,29,34,1,53,13,32,545
2021,St. Margaret's with St. Nicholas,E05012343,5587,2420,2647,39,19,9,78,13,42,320
2021,Snettisham,E05012344,2707,933,1610,2,1,0,1,0,13,147
2021,South & West Lynn,E05012345,5373,2410,2498,19,19,2,25,1,12,387
2021,South Downham,E05012346,2349,611,1519,5,0,17,1,3,8,185
2021,Springwood,E05012347,2871,972,1549,19,62,1,69,4,9,186
2021,Terrington,E05012348,6063,2475,3125,10,3,7,6,12,17,408
2021,The Woottons,E05012349,6835,2409,3784,26,71,4,51,4,19,467
2021,"Tilney, Mershe Lande & Wiggenhall",E05012350,5258,2204,2630,11,10,4,17,4,15,363
2021,Upwell & Delph,E05012351,6328,2637,3184,13,1,3,16,4,52,418
2021,"Walsoken, West Walton & Walpole",E05012352,6064,2392,3232,23,5,5,15,3,22,367
2021,Watlington (King's Lynn and West Norfolk),E05012353,2796,1205,1432,15,2,2,1,0,17,122
2021,West Winch,E05012354,5007,1829,2731,21,25,3,25,11,18,344
2021,Wissey,E05012355,2760,1128,1400,13,0,10,5,0,13,191
2021,Bean & Village Park,E05012392,2688,999,1383,8,66,0,65,41,2,124
2021,Brent (Dartford),E05012393,6142,2135,2984,28,274,3,240,162,22,294
2021,Bridge (Dartford),E05012394,4215,1094,2036,58,394,0,377,44,15,197
2021,Burnham,E05012395,3376,1101,1561,21,215,4,152,91,29,202
2021,Darenth,E05012396,3098,1267,1545,9,38,2,26,31,10,170
2021,Ebbsfleet,E05012397,4768,1768,1987,33,263,7,283,163,26,238
2021,Greenhithe & Knockhall,E05012398,7482,3061,3482,26,87,17,236,120,27,426
2021,Heath (Dartford),E05012399,5770,2078,2722,28,278,2,217,126,18,301
2021,Joyden's Wood,E05012400,5127,1672,2773,20,181,1,74,79,18,309
2021,"Longfield, New Barn & Southfleet",E05012401,6828,2192,3899,15,74,12,38,180,18,400
2021,Maypole & Leyton Cross,E05012402,3115,1192,1538,3,80,3,75,75,18,131
2021,Newtown (Dartford),E05012403,5925,2024,2850,32,251,2,213,204,29,320
2021,Princes,E05012404,6137,2457,2641,42,255,1,276,109,23,333
2021,Stone Castle,E05012405,7857,3176,3681,56,159,1,176,136,32,440
2021,Stone House,E05012406,6694,2513,3195,49,203,12,238,79,22,383
2021,Swanscombe,E05012407,7022,3069,3227,26,91,4,175,50,26,354
2021,Temple Hill,E05012408,9334,3529,4513,106,270,6,311,58,31,510
2021,Town (Dartford),E05012409,5042,1433,2252,53,603,4,387,31,28,251
2021,West Hill (Dartford),E05012410,8220,2709,3806,62,577,3,417,171,35,440
2021,"Wilmington, Sutton-at-Hone & Hawley",E05012411,7913,3113,4096,17,71,7,123,64,39,383
2021,Barnstaple Central,E05012412,2637,1297,1091,25,10,6,33,2,24,149
2021,Barnstaple with Pilton,E05012413,8041,3876,3387,23,25,2,101,2,53,572
2021,Barnstaple with Westacott,E05012414,7371,3784,2975,18,18,4,50,12,51,459
2021,Bickington,E05012415,7054,3536,3019,33,23,6,42,1,34,360
2021,Bishop's Nympton,E05012416,2182,837,1187,6,7,4,1,0,12,128
2021,Bratton Fleming,E05012417,2407,984,1181,8,1,0,6,8,17,202
2021,Braunton East,E05012418,4862,2078,2360,18,3,8,9,3,15,368
2021,Braunton West & Georgeham,E05012419,4669,1945,2369,15,5,4,15,2,25,289
2021,Chittlehampton,E05012420,2338,915,1239,4,0,0,3,1,22,154
2021,Chulmleigh,E05012421,2107,876,1079,6,4,1,1,0,14,126
2021,Combe Martin,E05012422,2652,1108,1333,13,2,5,2,0,5,184
2021,Fremington,E05012423,5231,2252,2598,17,11,7,14,0,23,309
2021,Heanton Punchardon,E05012424,2894,1406,1179,40,30,2,4,5,20,208
2021,Ilfracombe East,E05012425,6548,3227,2633,17,7,2,15,0,57,590
2021,Ilfracombe West,E05012426,4487,2098,2073,5,3,4,11,0,30,263
2021,Instow,E05012427,2189,827,1171,4,1,1,7,0,22,156
2021,Landkey,E05012428,4529,1962,2228,16,0,3,14,6,16,284
2021,Lynton & Lynmouth,E05012429,2071,863,1053,8,0,0,9,0,15,123
2021,Marwood,E05012430,2452,946,1351,4,1,1,1,0,16,132
2021,Mortehoe,E05012431,2037,905,972,5,0,9,3,0,4,139
2021,Newport (North Devon),E05012432,5054,2501,2146,10,9,7,35,4,24,318
2021,North Molton,E05012433,2327,951,1211,2,0,3,0,0,14,146
2021,Roundswell,E05012434,3659,1618,1759,3,8,2,19,1,12,237
2021,South Molton,E05012435,6353,2811,3052,22,3,6,31,2,22,404
2021,Witheridge,E05012436,2465,890,1383,6,4,3,1,2,24,152
2021,Belmont (Redcar and Cleveland),E05012437,4528,1660,2632,5,8,1,10,1,16,195
2021,Brotton,E05012438,6842,2645,3711,16,14,0,4,0,32,420
2021,Coatham,E05012439,4843,2084,2288,18,14,0,115,4,32,288
2021,Dormanstown,E05012440,4648,2143,2176,15,10,1,22,1,23,257
2021,Eston,E05012441,7424,3242,3690,21,13,4,45,6,19,384
2021,Grangetown (Redcar and Cleveland),E05012442,6388,3155,2779,13,15,1,40,9,10,366
2021,Guisborough,E05012443,7642,3018,4153,11,9,2,22,4,39,384
2021,Hutton,E05012444,6704,2267,4044,20,2,1,21,2,12,335
2021,Kirkleatham,E05012445,7565,3172,3881,17,2,0,71,1,36,385
2021,Lockwood,E05012446,2330,923,1261,3,1,0,7,0,11,124
2021,Loftus,E05012447,6367,2538,3439,8,1,3,6,3,33,336
2021,Longbeck,E05012448,3976,1356,2358,4,1,1,25,0,18,213
2021,Newcomen,E05012449,5146,2247,2562,9,15,1,14,3,11,284
2021,Normanby,E05012450,6609,2471,3785,9,1,0,31,0,11,301
2021,Ormesby (Redcar and Cleveland),E05012451,6461,2622,3443,11,0,0,65,11,14,295
2021,St Germain's,E05012452,6594,2386,3806,12,2,3,6,0,29,350
2021,Saltburn,E05012453,6440,2580,3305,34,9,1,21,0,35,455
2021,Skelton East,E05012454,4383,1789,2294,13,2,1,15,1,11,257
2021,Skelton West,E05012455,4448,1806,2401,5,0,1,4,0,23,208
2021,South Bank,E05012456,5434,2316,2439,5,16,0,338,15,19,286
2021,Teesville,E05012457,6004,2228,3432,8,4,2,26,0,24,280
2021,West Dyke,E05012458,5950,2250,3281,8,0,3,34,6,19,349
2021,Wheatlands,E05012459,5440,2197,2930,8,1,10,29,3,5,257
2021,Zetland,E05012460,4367,1825,2269,6,1,1,14,0,12,239
2021,Bathavon North,E05012461,6998,3086,3269,50,16,8,48,3,42,476
2021,Bathavon South,E05012462,5545,2311,2810,20,12,13,24,8,35,312
2021,Bathwick,E05012463,8069,4018,2971,70,103,33,103,15,48,708
2021,Chew Valley,E05012464,6069,2527,3100,20,4,8,18,1,28,363
2021,Clutton & Farmborough,E05012465,3205,1433,1517,4,4,1,11,1,15,219
2021,Combe Down,E05012466,6611,3049,2846,30,32,19,119,6,36,474
2021,High Littleton,E05012467,3092,1407,1479,10,0,3,9,2,7,175
2021,Keynsham East,E05012468,5771,2541,2860,20,13,10,2,3,20,302
2021,Keynsham North,E05012469,6643,3164,2903,27,16,6,31,0,36,460
2021,Keynsham South,E05012470,7182,3812,2844,15,12,7,41,2,20,429
2021,Kingsmead,E05012471,6553,3385,2046,125,88,18,201,12,56,622
2021,Lambridge,E05012472,5929,2878,2400,34,34,12,53,7,45,466
2021,Lansdown (Bath and North East Somerset),E05012473,6598,3209,2627,62,59,20,55,11,49,506
2021,Mendip,E05012474,3001,1333,1422,17,2,0,3,1,25,198
2021,Midsomer Norton North,E05012475,5782,2765,2541,11,7,4,39,1,15,399
2021,Midsomer Norton Redfield,E05012476,6410,2841,3096,6,18,5,18,3,25,398
2021,Moorlands,E05012477,3327,1559,1391,20,11,4,46,0,29,267
2021,Newbridge (Bath and North East Somerset),E05012478,6638,3094,2868,57,53,13,35,5,48,465
2021,Odd Down,E05012479,7306,3253,3228,41,50,8,180,13,40,493
2021,Oldfield Park,E05012480,3866,2074,1290,34,57,10,74,7,24,296
2021,Paulton,E05012481,6503,3151,2812,18,11,7,18,2,17,467
2021,Peasedown,E05012482,6666,3151,2984,16,18,8,32,2,29,426
2021,Publow & Whitchurch,E05012483,3194,1510,1432,7,4,4,14,0,16,207
2021,Radstock,E05012484,6149,3144,2485,24,4,4,17,6,50,415
2021,Saltford,E05012485,6608,2756,3115,9,18,11,57,9,44,589
2021,Southdown,E05012486,7079,3503,2793,43,43,7,96,9,41,544
2021,Timsbury,E05012487,2634,1141,1289,5,1,6,3,0,10,179
2021,Twerton,E05012488,6891,3725,2468,16,35,9,116,4,41,477
2021,Walcot,E05012489,5508,2998,1840,40,16,12,83,10,61,448
2021,Westfield (Bath and North East Somerset),E05012490,6543,3314,2761,25,6,4,21,0,15,397
2021,Westmoreland,E05012491,7524,4229,2214,63,55,11,170,13,47,722
2021,Weston,E05012492,5801,2427,2804,10,33,9,89,2,40,387
2021,Widcombe & Lyncombe,E05012493,7710,3779,3049,45,36,31,83,3,42,642
2021,Ascot & Sunninghill,E05012494,12048,3664,6827,49,160,53,309,187,36,763
2021,Belmont (Windsor and Maidenhead),E05012495,7195,2521,2971,25,224,26,920,81,34,393
2021,Bisham & Cookham,E05012496,6845,2396,3879,26,30,35,64,13,26,376
2021,Boyn Hill,E05012497,7293,2012,3250,36,327,25,790,403,21,429
2021,Bray,E05012498,7743,2210,4010,33,257,26,307,325,47,528
2021,Clewer & Dedworth East,E05012499,8116,2645,3929,40,171,9,503,217,59,543
2021,Clewer & Dedworth West,E05012500,7178,2077,3805,40,191,29,390,232,27,387
2021,Clewer East,E05012501,6783,2332,3481,41,117,16,209,115,46,426
2021,Cox Green,E05012502,7605,2381,3778,38,426,11,311,208,31,421
2021,"Datchet, Horton & Wraysbury",E05012503,10720,2611,4930,43,552,24,580,1298,56,626
2021,Eton & Castle,E05012504,12880,4610,6595,103,186,54,255,132,68,877
2021,Furze Platt,E05012505,7834,2244,3640,40,312,47,893,199,35,424
2021,Hurley & Walthams,E05012506,6560,2227,3634,19,40,28,94,82,23,413
2021,Old Windsor,E05012507,7789,2455,4269,54,139,20,201,222,20,409
2021,Oldfield,E05012508,7311,2451,3108,68,378,21,611,240,29,405
2021,Pinkneys Green,E05012509,7516,2356,4062,52,189,23,277,100,29,428
2021,Riverside (Windsor and Maidenhead),E05012510,7940,2192,3480,60,329,35,1080,207,35,522
2021,St Mary's (Windsor and Maidenhead),E05012511,7527,2445,3074,74,550,14,634,128,42,566
2021,Sunningdale & Cheapside,E05012512,6602,1812,3792,30,126,24,179,123,29,487
2021,Assington,E05012565,2654,1010,1445,8,6,5,7,0,1,172
2021,Box Vale,E05012566,2869,1155,1541,10,5,2,6,0,9,141
2021,Brantham,E05012567,2608,1216,1227,8,1,1,1,0,10,144
2021,Brett Vale,E05012568,3157,1179,1771,3,1,2,2,1,30,168
2021,Bures St Mary & Nayland,E05012569,2873,1087,1608,8,2,6,5,0,12,145
2021,Capel St Mary,E05012570,3105,1203,1701,7,13,2,8,1,12,158
2021,Chadacre,E05012571,6159,2605,3066,9,2,4,10,1,42,420
2021,Copdock & Washbrook,E05012572,3227,1190,1804,9,9,4,13,5,13,180
2021,East Bergholt,E05012573,2724,1092,1453,8,2,9,8,0,8,144
2021,Ganges,E05012574,2381,1088,1142,10,3,6,4,1,7,120
2021,Great Cornard,E05012575,9949,5018,4142,13,7,13,50,4,35,667
2021,Hadleigh North,E05012576,2822,1228,1286,27,17,2,16,2,19,225
2021,Hadleigh South,E05012577,5930,2333,3158,21,23,3,21,0,20,351
2021,Lavenham,E05012578,5254,2057,2833,7,1,10,21,0,23,302
2021,Long Melford,E05012579,6032,2381,3160,15,3,15,18,4,19,417
2021,North West Cosford,E05012580,2686,1133,1347,3,0,4,4,0,18,177
2021,Orwell,E05012581,2515,1048,1268,1,2,0,9,0,10,177
2021,South East Cosford,E05012582,2657,972,1542,5,0,4,6,1,9,118
2021,Sproughton & Pinewood,E05012583,5840,2814,2583,16,23,6,64,4,21,309
2021,Stour,E05012584,3270,1380,1686,9,12,7,13,0,11,152
2021,Sudbury North East,E05012585,3150,1585,1273,15,10,3,87,0,13,164
2021,Sudbury North West,E05012586,5341,2556,2353,16,14,8,23,2,21,348
2021,Sudbury South East,E05012587,2288,1013,1055,9,0,4,25,0,16,166
2021,Sudbury South West,E05012588,2837,1295,1321,4,0,5,7,1,18,186
2021,Bacton (Mid Suffolk),E05012589,2781,1094,1492,3,0,3,6,0,15,168
2021,Battisford & Ringshall,E05012590,3660,1501,1788,50,51,5,17,7,16,225
2021,Blakenham,E05012591,3574,1955,1380,7,11,1,1,0,10,209
2021,Bramford,E05012592,2647,1108,1339,6,2,1,8,0,18,165
2021,Chilton (Mid Suffolk),E05012593,6971,3330,3121,27,8,4,39,4,25,413
2021,Claydon & Barham,E05012594,5845,2545,2888,13,14,7,7,0,25,346
2021,Combs Ford,E05012595,5591,2666,2526,23,13,5,18,1,21,318
2021,Debenham,E05012596,3274,1225,1821,6,0,0,10,0,12,200
2021,Elmswell & Woolpit,E05012597,6535,2979,3158,12,12,2,18,4,21,329
2021,Eye,E05012598,2892,1204,1487,8,1,2,8,0,15,167
2021,Fressingfield,E05012599,2812,1050,1557,7,1,5,3,0,12,177
2021,Gislingham,E05012600,3222,1385,1615,5,1,7,6,0,11,192
2021,"Haughley, Stowupland & Wetherden",E05012601,5763,2491,2887,2,8,5,9,0,38,323
2021,Hoxne & Worlingworth,E05012602,2697,1090,1423,6,1,3,0,2,15,157
2021,Mendlesham,E05012603,2971,1285,1512,9,0,3,1,0,11,150
2021,Needham Market,E05012604,5985,2644,2926,11,3,2,17,1,20,361
2021,Onehouse,E05012605,2669,1019,1385,10,6,0,1,0,20,228
2021,Palgrave,E05012606,2911,1113,1584,11,2,3,11,0,24,163
2021,Rattlesden,E05012607,3132,1249,1682,9,2,2,10,0,6,172
2021,Rickinghall,E05012608,2900,1180,1521,5,0,5,7,1,10,171
2021,St Peter's (Mid Suffolk),E05012609,3119,1514,1319,33,8,2,23,0,24,196
2021,Stonham,E05012610,2823,1094,1530,11,2,3,1,3,10,169
2021,Stow Thorney,E05012611,5855,3170,2315,17,13,3,13,0,10,314
2021,Stradbroke & Laxfield,E05012612,3052,1191,1633,5,0,1,2,0,14,206
2021,Thurston,E05012613,5892,2378,3132,22,5,8,16,4,14,313
2021,Walsham-le-Willows,E05012614,3121,1253,1657,7,1,2,0,0,12,189
2021,Bishop's Tachbrook,E05012615,6577,2934,2534,35,186,13,188,346,26,315
2021,Budbrooke,E05012616,6438,2419,3522,21,21,10,39,61,26,319
2021,Cubbington & Leek Wootton,E05012617,5166,1692,3001,15,38,4,32,90,18,276
2021,Kenilworth Abbey & Arden,E05012618,11916,4243,5938,68,244,35,255,155,50,928
2021,Kenilworth Park Hill,E05012619,9931,4072,4879,36,130,13,92,95,58,556
2021,Kenilworth St John's,E05012620,9539,3826,4854,52,57,6,63,69,38,574
2021,Leamington Brunswick,E05012621,10330,4053,3567,46,864,19,283,712,106,680
2021,Leamington Clarendon,E05012622,10339,4651,3838,57,404,34,182,271,99,803
2021,Leamington Lillington,E05012623,11908,4895,5641,31,145,4,143,345,51,653
2021,Leamington Milverton,E05012624,9855,4076,4282,33,263,24,125,445,37,570
2021,Leamington Willes,E05012625,10843,4517,3826,55,481,30,193,967,59,715
2021,Radford Semele,E05012626,3530,1361,1791,7,29,8,13,108,22,191
2021,Warwick All Saints & Woodloes,E05012627,9641,3908,4591,28,107,8,123,288,32,556
2021,Warwick Aylesford,E05012628,7203,3206,3093,25,132,7,103,186,38,413
2021,Warwick Myton & Heathcote,E05012629,8171,3005,3290,30,260,26,170,882,29,479
2021,Warwick Saltisford,E05012630,7147,3132,3189,24,89,27,97,105,52,432
2021,Whitnash,E05012631,9912,3347,4389,29,291,9,141,1167,36,503
2021,Barleythorpe,E05012632,2933,1366,1354,3,16,8,10,9,13,154
2021,Braunston & Martinsthorpe,E05012633,2406,857,1381,8,5,2,4,2,8,139
2021,Cottesmore,E05012634,3649,1524,1807,26,7,2,35,11,32,205
2021,Exton,E05012635,1367,393,885,5,0,1,2,2,3,76
2021,Greetham,E05012636,2473,851,1293,13,10,8,114,11,35,138
2021,Ketton,E05012637,2827,846,1796,12,3,3,10,1,3,153
2021,Langham,E05012638,1399,465,845,4,7,1,0,0,1,76
2021,Lyddington,E05012639,1341,428,827,1,5,3,7,0,11,59
2021,Normanton (Rutland),E05012640,3174,1136,1838,6,8,0,2,3,16,165
2021,Oakham North East,E05012641,3265,1298,1714,18,17,9,16,16,17,160
2021,Oakham North West,E05012642,3087,1328,1559,8,7,3,10,6,9,157
2021,Oakham South,E05012643,4219,1483,2448,9,22,5,8,0,15,229
2021,Ryhall & Casterton,E05012644,2936,1038,1714,3,1,4,7,1,10,158
2021,Uppingham,E05012645,4725,1793,2550,30,14,3,26,5,20,284
2021,Whissendine,E05012646,1246,431,717,5,4,1,5,0,8,75
2021,Beeston & Holbeck,E05012647,26593,8987,11153,88,265,18,4257,233,155,1437
2021,Farnley & Wortley,E05012648,25002,11849,10441,57,230,32,748,159,94,1392
2021,Alderney & Bourne Valley,E05012649,16683,7623,7355,71,72,29,239,14,104,1176
2021,Bearwood & Merley,E05012650,14025,5776,7014,50,36,26,122,6,80,915
2021,Boscombe East & Pokesdown,E05012651,11191,4924,5062,103,33,27,121,12,118,791
2021,Boscombe West,E05012652,10585,4034,5106,65,79,63,256,17,139,826
2021,Bournemouth Central,E05012653,16221,7028,5980,189,446,104,545,19,211,1699
2021,Broadstone,E05012654,10292,3834,5513,43,61,27,76,8,38,692
2021,Burton & Grange,E05012655,9321,4152,4432,22,9,23,38,2,38,605
2021,Canford Cliffs,E05012656,9369,2902,5417,63,33,159,85,6,37,667
2021,Canford Heath,E05012657,14388,6855,6281,46,78,38,74,2,81,933
2021,Christchurch Town,E05012658,10288,4369,5090,38,30,30,70,9,58,594
2021,Commons,E05012659,10335,4190,5250,32,18,25,46,2,85,687
2021,Creekmoor,E05012660,9469,4397,4291,25,56,12,66,0,53,569
2021,East Cliff & Springbourne,E05012661,17207,6815,7391,162,295,279,663,21,182,1399
2021,East Southbourne & Tuckton,E05012662,8814,3108,4941,51,17,36,65,7,55,534
2021,Hamworthy,E05012663,14213,6951,6142,50,32,11,87,9,61,870
2021,Highcliffe & Walkford,E05012664,10007,3239,5973,29,9,47,28,2,49,631
2021,Kinson,E05012665,17795,8598,7432,80,66,33,319,4,126,1137
2021,Littledown & Iford,E05012666,9903,3811,5085,50,66,50,177,6,51,607
2021,Moordown,E05012667,10520,4457,4834,26,88,14,278,1,103,719
2021,"Mudeford, Stanpit & West Highcliffe",E05012668,10186,3655,5758,36,13,35,27,4,60,598
2021,Muscliff & Strouden Park,E05012669,16873,6619,8139,86,322,27,510,17,127,1026
2021,Newtown & Heatherlands,E05012670,17732,8106,7947,74,64,34,205,6,129,1167
2021,Oakdale,E05012671,11191,4787,5521,31,61,11,68,7,66,639
2021,Parkstone,E05012672,11007,4621,5325,29,71,35,88,13,68,757
2021,Penn Hill,E05012673,11546,4683,5722,40,34,35,155,0,58,819
2021,Poole Town,E05012674,12670,5298,5979,95,126,21,231,7,88,825
2021,"Queen's Park (Bournemouth, Christchurch and Poole)",E05012675,11391,4694,4863,62,123,37,654,16,80,862
2021,Redhill & Northbourne,E05012676,9872,4346,4687,33,18,19,111,7,60,591
2021,Talbot & Branksome Woods,E05012677,13678,5541,6267,88,124,110,389,12,106,1041
2021,Wallisdown & Winton West,E05012678,10828,4969,4688,54,57,31,186,10,77,756
2021,West Southbourne,E05012679,10445,4522,5004,36,41,38,53,5,81,665
2021,Westbourne & West Cliff,E05012680,10319,4029,4829,68,155,113,211,15,124,775
2021,Winton East,E05012681,11827,5921,4133,89,106,23,405,3,149,998
2021,Beacon (Dorset),E05012682,5166,1752,2924,35,10,12,27,5,53,348
2021,Beaminster,E05012683,4258,1612,2283,19,2,3,12,1,25,301
2021,Blackmore Vale,E05012684,4502,1592,2602,8,0,7,0,0,22,271
2021,Blandford,E05012685,10357,4666,4846,62,18,7,69,2,36,651
2021,Bridport,E05012686,14633,6276,7006,73,22,9,37,3,91,1116
2021,Chalk Valleys,E05012687,4785,1650,2736,22,4,4,5,2,30,332
2021,Charminster St Mary's,E05012688,5164,1999,2739,7,2,3,33,0,36,345
2021,Chesil Bank,E05012689,3933,1416,2198,14,2,6,7,0,28,262
2021,Chickerell,E05012690,7815,3269,3912,35,5,7,21,1,25,540
2021,Colehill & Wimborne Minster East,E05012691,8674,3519,4529,29,7,8,19,5,31,527
2021,Corfe Mullen,E05012692,10375,4673,4951,25,14,15,42,1,52,602
2021,Cranborne & Alderholt,E05012693,5029,2068,2618,9,6,2,1,3,24,298
2021,Cranborne Chase,E05012694,5179,2028,2430,125,180,6,17,0,69,324
2021,Crossways,E05012695,3736,1387,2066,13,2,4,13,0,27,224
2021,Dorchester East,E05012696,8219,3333,4194,40,15,11,106,0,41,479
2021,Dorchester Poundbury,E05012697,4072,1812,1867,35,11,7,75,0,26,239
2021,Dorchester West,E05012698,9065,3813,4398,66,40,7,83,2,65,591
2021,Eggardon,E05012699,5297,2004,2840,16,5,5,12,0,50,365
2021,Ferndown North,E05012700,8692,3121,4908,34,25,19,47,5,32,501
2021,Ferndown South,E05012701,8807,3417,4651,29,19,22,58,7,38,566
2021,Gillingham,E05012702,15528,5732,8535,53,15,18,48,4,77,1046
2021,Hill Forts & Upper Tarrants,E05012703,4979,1615,2473,5,0,6,4,3,27,846
2021,Littlemoor & Preston,E05012704,9865,4125,4947,36,13,14,36,0,98,596
2021,Lyme & Charmouth,E05012705,5079,1981,2694,25,1,10,5,0,35,328
2021,Lytchett Matravers & Upton,E05012706,12536,5543,6119,33,19,10,41,3,51,717
2021,Marshwood Vale,E05012707,4566,1593,2592,12,4,2,2,0,44,317
2021,Melcombe Regis,E05012708,4301,2054,1856,38,11,2,57,1,39,243
2021,Portland (Dorset),E05012709,13559,6615,5726,89,7,14,127,14,170,797
2021,Puddletown & Lower Winterborne,E05012710,5491,2069,2975,11,2,5,14,1,22,392
2021,Radipole,E05012711,9770,4016,4921,22,19,8,62,1,57,664
2021,Rodwell & Wyke,E05012712,13917,6108,6815,51,10,19,36,6,73,799
2021,St Leonards & St Ives,E05012713,7903,2832,4383,40,16,29,26,4,33,540
2021,Shaftesbury Town,E05012714,9159,3738,4587,51,5,14,34,4,50,676
2021,Sherborne East,E05012715,4389,1533,2419,17,5,12,52,1,29,321
2021,Sherborne Rural,E05012716,4955,1563,2967,14,9,8,22,1,26,345
2021,Sherborne West,E05012717,5972,2075,3279,36,14,2,21,0,32,513
2021,South East Purbeck,E05012718,4132,1567,2211,13,1,6,4,0,24,306
2021,Stalbridge & Marnhull,E05012719,5151,1687,3131,9,3,10,19,1,37,254
2021,Stour & Allen Vale,E05012720,4962,1876,2745,12,4,5,6,1,27,286
2021,Sturminster Newton,E05012721,4635,1652,2544,28,5,9,17,1,39,340
2021,Swanage,E05012722,9427,3470,5116,37,16,14,28,1,77,668
2021,Upwey & Broadwey,E05012723,4537,1960,2261,11,5,1,8,2,12,277
2021,Verwood,E05012724,13709,5530,7208,28,12,8,8,11,53,851
2021,Wareham,E05012725,9855,3842,5305,34,17,11,12,1,41,592
2021,West Moors & Three Legged Cross,E05012726,8870,3154,5050,30,8,8,17,7,39,557
2021,West Parley,E05012727,3662,1243,2170,12,6,8,5,0,16,202
2021,West Purbeck,E05012728,9843,4171,4897,56,46,9,28,2,61,573
2021,Westham,E05012729,9504,4765,3939,31,13,7,64,5,76,604
2021,Wimborne Minster,E05012730,8099,3692,3796,27,37,10,37,2,87,411
2021,Winterborne & Broadmayne,E05012731,4287,1756,2209,16,0,3,6,0,22,275
2021,Winterborne North,E05012732,4263,1751,2202,18,0,2,11,0,27,252
2021,Yetminster,E05012733,4910,1553,2907,24,4,5,23,3,50,341
2021,Aldeburgh & Leiston,E05012734,12096,5028,6138,49,12,21,59,3,47,739
2021,Beccles & Worlingham,E05012735,14591,6469,6973,40,21,22,47,7,99,913
2021,Bungay & Wainford,E05012736,8656,3692,4256,24,18,10,47,3,137,469
2021,Carlford & Fynn Valley,E05012737,8356,3264,4479,14,22,13,10,3,30,521
2021,Carlton & Whitton,E05012738,10696,5060,4835,26,19,4,36,0,63,653
2021,Carlton Colville,E05012739,9678,4775,4259,19,19,9,22,10,43,522
2021,Deben,E05012740,5749,2260,2900,54,24,14,107,17,53,320
2021,Eastern Felixstowe,E05012741,12981,5146,6728,64,42,17,57,18,59,850
2021,Framlingham,E05012742,8910,3586,4541,40,6,13,29,2,50,643
2021,Gunton & St Margarets,E05012743,9715,4739,4337,28,14,4,22,11,35,525
2021,Halesworth & Blything,E05012744,8074,3585,3887,23,12,4,15,1,29,518
2021,Harbour & Normanston,E05012745,15904,9217,5264,67,53,9,158,1,125,1010
2021,Kelsale & Yoxford,E05012746,3932,1626,2041,11,0,16,5,3,22,208
2021,Kesgrave,E05012747,14887,6759,6719,51,178,9,186,33,43,909
2021,Kessingland,E05012748,4243,1838,2100,10,4,0,9,2,31,249
2021,Kirkley & Pakefield,E05012749,13310,6264,5902,43,15,11,77,2,71,925
2021,Lothingland (East Suffolk),E05012750,3523,1408,1829,12,19,0,1,1,35,218
2021,Martlesham & Purdis Farm,E05012751,7539,3016,3886,18,42,8,89,12,27,441
2021,Melton,E05012752,4256,1833,2106,18,2,4,19,0,32,242
2021,Orwell & Villages,E05012753,9684,4107,4892,25,5,5,15,0,31,604
2021,Oulton Broad,E05012754,12890,6075,5883,28,17,15,24,5,75,768
2021,Rendlesham & Orford,E05012755,4950,2275,2310,13,5,10,14,0,31,292
2021,Rushmere St Andrew,E05012756,4408,1700,2301,25,60,6,82,8,11,215
2021,Saxmundham,E05012757,4778,2352,2063,15,6,2,27,1,8,304
2021,Southwold,E05012758,3842,1375,2183,13,8,14,14,0,24,211
2021,Western Felixstowe,E05012759,11352,5731,4696,25,41,9,54,2,63,731
2021,Wickham Market,E05012760,4976,2149,2457,15,4,6,17,0,26,302
2021,Woodbridge,E05012761,7879,3329,3899,28,18,6,49,4,58,488
2021,"Wrentham, Wangford & Westleton",E05012762,4203,1778,2079,12,5,5,6,0,30,288
2021,Abbeygate,E05012763,4678,2045,2141,42,1,8,76,8,30,327
2021,Bardwell,E05012764,2645,1053,1369,14,4,3,2,1,32,167
2021,Barningham,E05012765,2695,982,1522,8,0,1,1,0,8,173
2021,Barrow,E05012766,2590,1080,1347,2,5,1,3,3,4,145
2021,Brandon Central,E05012767,3393,1574,1535,11,5,2,37,0,29,200
2021,Brandon East,E05012768,2846,1171,1460,21,6,3,6,0,15,164
2021,Brandon West,E05012769,3196,1346,1535,17,6,3,18,0,17,254
2021,Chedburgh & Chevington,E05012770,2673,1079,1415,3,3,6,2,1,15,149
2021,"Clare, Hundon & Kedington",E05012771,9155,3610,4560,34,20,20,247,10,70,584
2021,Eastgate,E05012772,2551,1043,1234,16,15,5,18,4,12,204
2021,Exning,E05012773,2317,984,1169,1,19,1,14,4,8,117
2021,Haverhill Central,E05012774,3107,1551,1258,71,16,1,42,1,15,152
2021,Haverhill East,E05012775,4291,2142,1827,15,19,1,50,0,23,214
2021,Haverhill North,E05012776,4652,2262,2035,4,34,0,37,0,22,258
2021,Haverhill South,E05012777,6458,3177,2722,23,45,6,72,2,34,377
2021,Haverhill South East,E05012778,2485,1157,1165,5,5,6,11,1,5,130
2021,Haverhill West,E05012779,5864,2682,2724,18,48,14,42,11,15,310
2021,Horringer,E05012780,2525,999,1342,5,7,2,1,1,7,161
2021,Iceni,E05012781,6548,3113,2849,33,18,9,62,6,27,431
2021,Ixworth,E05012782,2297,845,1274,11,1,2,3,1,14,146
2021,Kentford & Moulton,E05012783,2932,1069,1627,8,10,2,17,1,10,188
2021,Lakenheath,E05012784,9436,3600,4863,39,10,18,57,12,70,767
2021,Manor (West Suffolk),E05012785,2895,1203,1458,9,1,9,16,1,8,190
2021,Mildenhall Great Heath,E05012786,3433,1561,1569,18,4,4,28,0,32,217
2021,Mildenhall Kingsway & Market,E05012787,3190,1372,1506,8,7,4,27,9,27,230
2021,Mildenhall Queensway,E05012788,2217,831,1201,9,7,4,6,2,8,149
2021,Minden,E05012789,5731,2481,2751,27,13,5,9,0,37,408
2021,Moreton Hall,E05012790,8170,3628,3867,40,62,7,86,6,38,436
2021,Newmarket East,E05012791,5373,2041,2576,23,39,4,248,0,17,425
2021,Newmarket North,E05012792,5675,2266,2732,26,43,4,215,5,17,367
2021,Newmarket West,E05012793,5716,2160,2915,42,40,14,180,1,26,338
2021,Pakenham & Troston,E05012794,2884,1349,1268,11,9,2,23,0,23,199
2021,Risby,E05012795,3116,1188,1711,5,9,0,3,4,12,184
2021,Rougham,E05012796,2450,996,1302,7,1,3,11,1,16,113
2021,St Olaves,E05012797,5223,2769,1995,22,32,2,35,5,31,332
2021,Southgate (West Suffolk),E05012798,4066,1433,2254,28,28,2,35,3,14,269
2021,Stanton (West Suffolk),E05012799,2916,1181,1484,56,2,3,2,0,17,171
2021,The Fornhams & Great Barton,E05012800,4150,1508,2303,10,15,2,11,4,13,284
2021,The Rows,E05012801,7439,3355,3378,20,3,2,34,1,60,586
2021,Tollgate,E05012802,6129,2985,2633,22,17,6,31,1,46,388
2021,Westgate (West Suffolk),E05012803,5215,1936,2834,14,24,4,29,1,21,352
2021,Whepstead & Wickhambrook,E05012804,2463,923,1361,7,3,5,3,0,16,145
2021,Withersfield,E05012805,2160,861,1100,5,16,0,19,0,6,153
2021,Adel & Wharfedale,E05012841,21199,7033,10835,73,348,139,1203,375,74,1119
2021,Alwoodley,E05012842,23611,6275,8630,137,1090,2642,2408,1168,108,1153
2021,Ampthill,E05012843,13968,5956,7026,27,55,15,54,42,54,739
2021,Caddington,E05012844,9796,3584,5204,21,104,61,177,21,60,564
2021,Dunstable-Manshead,E05012845,5873,2335,2887,25,83,7,171,22,41,302
2021,Dunstable-Northfields,E05012846,11377,4610,5481,70,217,23,242,22,45,667
2021,Houghton Conquest and Haynes,E05012847,4187,1646,2133,9,42,10,38,57,20,232
2021,Houghton Hall,E05012848,10027,4011,4890,37,164,19,287,30,55,534
2021,Northill,E05012849,4570,1905,2281,12,25,10,19,5,31,282
2021,Sandy,E05012850,13568,6475,6001,51,64,17,78,57,90,735
2021,Ditchingham & Earsham,E05012851,6426,2567,3383,18,5,5,8,1,43,396
2021,Harleston,E05012852,6128,2618,3061,21,3,7,21,1,24,372
2021,Henley-on-Thames,E05012853,12187,4679,6403,78,33,40,136,24,68,726
2021,Sonning Common,E05012854,7814,2866,4245,28,39,21,49,27,29,510
2021,Alkham & Capel-le-Ferne,E05012855,3166,1195,1744,10,6,1,11,3,17,179
2021,"Aylesham, Eythorne & Shepherdswell",E05012856,11732,5028,5875,61,34,5,53,24,41,611
2021,Buckland (Dover),E05012857,7545,3589,3420,34,29,9,37,2,37,388
2021,Dover Downs & River,E05012858,6647,2499,3672,27,12,10,22,7,24,374
2021,Eastry Rural,E05012859,6394,2496,3438,11,11,6,10,2,45,375
2021,"Guston, Kingsdown & St Margaret's-at-Cliffe",E05012860,7976,2763,4119,158,279,14,74,7,58,504
2021,Little Stour & Ashstone,E05012861,7245,2761,3894,17,47,3,38,0,34,451
2021,Maxton & Elms Vale,E05012862,4006,1857,1879,14,10,5,10,0,15,216
2021,Middle Deal,E05012863,7714,3564,3668,22,13,5,15,7,39,381
2021,Mill Hill (Dover),E05012864,7866,3536,3804,21,18,5,17,2,35,428
2021,North Deal,E05012865,6976,3140,3312,36,19,9,20,5,50,385
2021,St Radigunds,E05012866,7001,3442,2891,36,55,3,94,4,52,424
2021,Sandwich,E05012867,6091,2419,3242,23,19,20,33,0,17,318
2021,Tower Hamlets,E05012868,4531,2252,1913,14,34,1,69,0,30,218
2021,Town & Castle,E05012869,8278,3562,3898,43,61,7,161,3,93,450
2021,Walmer,E05012870,6729,2624,3597,33,22,5,42,5,44,357
2021,Whitfield (Dover),E05012871,6511,2576,3404,29,53,5,29,2,16,397
2021,Banstead Village,E05012872,10088,3239,5517,61,162,46,345,21,77,620
2021,"Chipstead, Kingswood & Woodmansterne",E05012873,9729,3316,5249,24,229,40,219,61,22,569
2021,Earlswood & Whitebushes,E05012874,10122,3830,4601,31,464,21,552,45,50,528
2021,"Hooley, Merstham & Netherne",E05012875,11291,4511,5405,42,183,22,374,15,53,686
2021,Horley Central & South,E05012876,10119,4071,4777,53,164,14,356,30,53,601
2021,Horley East & Salfords,E05012877,9996,3987,4782,46,281,16,287,15,33,549
2021,Horley West & Sidlow,E05012878,10872,4783,5000,38,135,20,251,19,27,599
2021,"Lower Kingswood, Tadworth & Walton",E05012879,9861,3403,5487,42,159,22,129,14,34,571
2021,Meadvale & St John's,E05012880,9004,3645,4379,34,154,24,157,9,45,557
2021,Nork,E05012881,9361,3018,5082,34,308,31,310,19,31,528
2021,Redhill East,E05012882,9315,3492,4260,73,401,29,394,24,52,590
2021,Redhill West & Wray Common,E05012883,10655,3541,5169,46,516,9,509,13,31,821
2021,Reigate,E05012884,10738,4107,5515,65,158,31,160,8,41,653
2021,South Park & Woodhatch,E05012885,9146,4120,3986,39,81,8,267,9,44,592
2021,Tattenham Corner & Preston,E05012886,10547,4388,4783,69,243,29,330,13,48,644
2021,Addlestone North,E05012887,6678,2390,3439,62,114,4,210,22,47,390
2021,Addlestone South,E05012888,6440,2380,3257,40,81,15,184,36,39,408
2021,Chertsey Riverside,E05012889,6086,2212,3160,36,140,21,124,48,17,328
2021,Chertsey St Ann's,E05012890,6825,2355,3765,27,72,13,145,33,34,381
2021,Egham Hythe,E05012891,7203,2759,3408,27,243,19,198,115,56,378
2021,Egham Town,E05012892,7309,2883,3079,66,303,16,252,119,40,551
2021,Englefield Green East,E05012893,5503,2080,1972,33,178,19,268,154,48,751
2021,Englefield Green West,E05012894,6325,2329,2748,34,146,27,291,64,46,640
2021,"Longcross, Lyne & Chertsey South",E05012895,4014,1108,2387,5,73,11,99,62,7,262
2021,New Haw,E05012896,7289,2682,3790,30,119,14,185,44,16,409
2021,Ottershaw,E05012897,6591,2012,3844,28,91,8,105,48,18,437
2021,Thorpe (Runnymede),E05012898,5804,1751,3153,26,177,3,136,190,31,337
2021,Virginia Water,E05012899,5970,1592,3088,19,239,37,235,295,32,433
2021,Woodham & Rowtown,E05012900,6041,2121,3325,21,54,15,88,43,19,355
2021,Bowthorpe,E05012901,10175,4972,3852,52,86,16,476,8,79,634
2021,Catton Grove,E05012902,11177,5613,4336,46,36,14,365,18,59,690
2021,Crome,E05012903,11992,6226,4445,41,44,21,316,8,82,809
2021,Eaton,E05012904,10118,4476,4436,94,145,33,230,34,67,603
2021,Lakenham,E05012905,10687,5853,3603,51,157,15,245,12,76,675
2021,Mancroft,E05012906,10617,5647,3274,112,190,41,343,7,153,850
2021,Mile Cross,E05012907,11203,6200,3778,46,28,15,322,8,75,731
2021,Nelson (Norwich),E05012908,10435,6410,2864,96,62,37,142,6,138,680
2021,Sewell,E05012909,10355,6069,3138,59,33,22,281,4,99,650
2021,Thorpe Hamlet,E05012910,9690,5134,3064,99,338,20,273,3,75,684
2021,Town Close,E05012911,10199,5179,3439,78,309,40,305,10,143,696
2021,University (Norwich),E05012912,14551,8074,4144,141,224,47,591,38,109,1183
2021,Wensum,E05012913,12734,7124,4026,67,69,12,403,28,130,875
2021,Bewbush & North Broadfield,E05012914,11239,3895,4713,40,668,12,1172,45,76,618
2021,Broadfield (Crawley),E05012915,10449,4076,4264,62,216,5,1128,45,55,598
2021,Furnace Green,E05012916,6004,2118,2831,24,262,10,397,17,24,321
2021,Gossops Green & North East Broadfield,E05012917,6562,2179,2953,45,283,2,718,36,22,324
2021,Ifield,E05012918,10583,4054,4809,51,304,6,680,27,37,615
2021,Langley Green & Tushmore,E05012919,9105,2223,3239,21,886,6,2037,68,69,556
2021,Maidenbower,E05012920,9351,3870,4136,40,326,13,335,56,45,530
2021,Northgate & West Green,E05012921,11575,3580,4860,85,751,5,1489,79,56,670
2021,Pound Hill North & Forge Wood,E05012922,9479,3716,3769,36,512,5,736,148,44,513
2021,Pound Hill South & Worth,E05012923,8385,3152,3649,24,416,7,523,107,44,463
2021,Southgate (Crawley),E05012924,9603,3183,4330,44,462,10,891,58,64,561
2021,Three Bridges,E05012925,9650,2964,4113,39,784,9,931,150,67,593
2021,Tilgate,E05012926,6511,2545,2831,19,219,5,482,20,30,360
2021,Ampfield & Braishfield,E05012927,2392,866,1301,14,13,4,33,12,12,137
2021,Andover Harroway,E05012928,10222,4508,4793,66,120,9,67,23,58,578
2021,Andover Millway,E05012929,9239,3810,4539,76,144,1,71,15,56,527
2021,Andover St Mary's,E05012930,8350,3614,3905,66,68,2,112,12,56,515
2021,Andover Winton,E05012931,6423,2528,3353,31,15,6,66,13,33,378
2021,Anna,E05012932,6625,2223,3903,12,10,6,10,5,30,426
2021,Bellinger,E05012933,3351,1242,1896,19,6,3,7,3,20,155
2021,Bourne Valley,E05012934,3181,1037,1870,12,4,6,3,7,17,225
2021,Charlton & the Pentons,E05012935,3313,1165,1872,10,11,4,13,6,14,218
2021,"Chilworth, Nursling & Rownhams",E05012936,8052,3039,4008,34,92,4,226,251,25,373
2021,North Baddesley,E05012937,7346,3006,3725,23,52,7,66,24,22,421
2021,Romsey Cupernham,E05012938,8960,4069,4217,23,40,8,28,33,20,522
2021,Valley Park,E05012939,6214,2457,2952,45,175,2,151,107,19,306
2021,Little Stour & Adisham,E05012953,4186,1568,2261,11,17,14,14,1,12,288
2021,Nailbourne,E05012954,3915,1368,2170,15,3,10,29,12,24,284
2021,Reculver,E05012955,4379,1696,2398,14,9,5,10,4,9,234
2021,Sturry,E05012956,8214,3328,4124,56,78,12,96,16,46,458
2021,Credenhill,E05012957,3698,1325,2036,13,9,0,15,0,8,292
2021,Queenswood,E05012958,3303,1178,1892,14,3,2,6,0,14,194
2021,Stoney Street,E05012959,3528,1181,2115,5,0,1,0,7,16,203
2021,Sutton Walls,E05012960,3285,1052,1982,4,4,6,24,0,5,208
2021,Gosfield & Greenstead Green,E05012961,2736,1036,1433,5,2,14,3,2,11,230
2021,Halstead St Andrew's,E05012962,6485,2930,3083,13,14,9,33,1,28,374
2021,Halstead Trinity,E05012963,7071,3525,3016,19,13,9,43,2,26,418
2021,Hatfield Peverel & Terling,E05012964,5888,2230,3238,9,14,6,30,2,16,343
2021,Silver End & Cressing,E05012965,7049,3364,3116,16,31,15,14,8,44,441
2021,Witham Central,E05012966,6728,3038,3042,33,68,19,58,10,24,436
2021,Witham North,E05012967,7483,3685,3229,26,25,7,52,5,33,421
2021,Bicester South and Ambrosden,E05012968,14156,6150,6167,176,280,12,338,62,91,880
2021,Fringford and Heyfords,E05012969,9558,3674,5077,36,51,8,71,18,38,585
2021,Abingdon Dunmore,E05012970,6083,2345,3109,26,94,8,91,28,28,354
2021,Abingdon Peachcroft,E05012971,6607,2593,3362,20,79,19,102,9,29,394
2021,Botley & Sunningwell,E05012972,7053,3006,2940,75,82,41,313,7,43,546
2021,Faringdon,E05012973,8627,3898,4034,20,34,4,71,10,38,518
2021,Grove North,E05012974,6498,3000,2940,32,15,13,46,8,25,419
2021,Hendreds,E05012975,3342,1410,1699,9,10,7,16,1,6,184
2021,Kennington & Radley,E05012976,7066,2556,3750,37,40,24,171,14,26,448
2021,Marcham,E05012977,4074,1426,2013,118,187,2,51,16,65,196
2021,Wantage & Grove Brook,E05012978,7727,3366,3682,24,41,14,59,16,24,501
2021,Wantage Charlton,E05012979,7210,3472,3165,31,14,5,53,1,24,445
2021,Watchfield & Shrivenham,E05012980,7945,3056,4270,26,40,6,73,22,26,426
2021,Bishop's Stortford All Saints,E05012981,8461,3445,4064,46,95,30,163,22,39,557
2021,Bishop's Stortford Central,E05012982,9686,4080,4519,56,54,22,203,12,68,672
2021,Bishop's Stortford Meads,E05012983,6867,2643,3469,30,37,23,102,17,33,513
2021,Bishop's Stortford Silverleys,E05012984,6967,2797,3566,21,84,27,95,11,20,346
2021,Bishop's Stortford South,E05012985,9269,3630,4619,35,114,48,235,22,38,528
2021,Buntingford,E05012986,8296,3650,4064,14,38,32,65,8,18,407
2021,Mundens and Cottered,E05012987,2591,1019,1374,10,14,6,2,4,12,150
2021,East Malling,E05012988,5422,2416,2663,10,17,3,14,3,19,277
2021,Kings Hill,E05012989,9515,3799,4765,45,108,13,185,19,38,543
2021,Barton (Canterbury),E05012990,12745,5193,5301,151,232,41,615,17,141,1054
2021,Chartham & Stone Street,E05012991,7571,3064,3809,24,52,13,83,5,38,483
2021,Kingston Bagpuize,E05012992,4833,2010,2446,23,20,10,46,1,16,261
2021,Anston & Woodsetts,E05012993,12008,4495,6729,15,15,4,43,17,38,652
2021,Aston & Todwick,E05012994,9507,3651,5204,20,6,4,59,26,34,503
2021,Aughton & Swallownest,E05012995,8328,3699,4028,27,10,4,77,18,25,440
2021,Boston Castle,E05012996,15240,4286,5405,55,164,9,4345,56,30,890
2021,Bramley & Ravenfield,E05012997,8479,3013,4896,8,11,3,88,6,29,425
2021,Brinsworth,E05012998,9533,3965,4599,25,10,3,388,16,41,486
2021,Dalton & Thrybergh,E05012999,9256,4263,4259,12,6,2,170,11,52,481
2021,Dinnington,E05013000,12374,5515,6150,31,11,5,42,9,38,573
2021,Greasbrough,E05013001,7781,3386,3838,18,4,1,66,11,25,432
2021,Hellaby & Maltby West,E05013002,7902,3133,4346,16,0,1,30,4,20,352
2021,Hoober,E05013003,12988,5287,6895,24,27,3,62,13,71,606
2021,Keppel,E05013004,13644,5882,6819,15,20,3,164,7,32,702
2021,Kilnhurst & Swinton East,E05013005,7887,3177,4260,15,7,2,55,12,24,335
2021,Maltby East,E05013006,9479,4413,4483,15,8,4,66,35,35,420
2021,Rawmarsh East,E05013007,9543,4423,4408,20,4,1,153,25,16,493
2021,Rawmarsh West,E05013008,9351,3978,4689,16,6,1,90,5,47,519
2021,Rother Vale,E05013009,8609,4115,3613,53,152,2,208,7,23,436
2021,Rotherham East,E05013010,16742,5629,6426,24,29,13,3598,48,39,936
2021,Rotherham West,E05013011,14621,5122,6534,35,41,1,2025,29,63,771
2021,Sitwell,E05013012,12651,3881,6671,11,73,0,1330,30,26,629
2021,Swinton Rockingham,E05013013,8340,3151,4596,14,4,2,53,9,36,475
2021,Thurcroft & Wickersley South,E05013014,10034,4091,5227,18,29,2,98,24,32,513
2021,Wales,E05013015,9435,4039,4817,24,9,2,40,11,48,445
2021,Wath,E05013016,9273,3930,4680,14,6,6,68,16,59,494
2021,Wickersley North,E05013017,12783,5294,6578,16,9,3,143,12,45,683
2021,Barton & Winton,E05013018,15754,5892,7746,52,66,22,1208,24,53,691
2021,Blackfriars & Trinity,E05013019,10656,5215,3418,108,132,61,910,32,89,691
2021,Boothstown & Ellenbrook,E05013020,12518,3855,7465,61,241,33,221,15,36,591
2021,Broughton (Salford),E05013021,16960,3777,6583,70,96,3008,1502,205,57,1662
2021,Cadishead & Lower Irlam,E05013022,12208,4716,6620,26,59,31,180,33,41,502
2021,Claremont (Salford),E05013023,13242,4627,7291,53,99,25,456,6,47,638
2021,Eccles,E05013024,14522,5181,7127,28,102,49,1190,48,35,762
2021,Higher Irlam & Peel Green,E05013025,14034,5373,7497,28,46,34,344,31,43,638
2021,Kersal & Broughton Park,E05013026,16039,2195,3948,54,29,6661,1286,84,35,1747
2021,Little Hulton,E05013027,14491,5577,7503,45,37,34,502,22,57,714
2021,Ordsall,E05013028,10092,4413,4120,77,112,34,748,15,61,512
2021,Pendlebury & Clifton,E05013029,13937,5011,7502,45,41,37,504,13,56,728
2021,Pendleton & Charlestown,E05013030,17154,6422,7291,63,139,55,1494,35,140,1515
2021,Quays,E05013031,9306,4608,2777,49,423,41,618,21,62,707
2021,Swinton & Wardley,E05013032,12453,4457,6870,35,73,26,366,18,30,578
2021,Swinton Park,E05013033,12900,4563,7184,49,77,49,363,12,44,559
2021,Walkden North,E05013034,13555,5389,7024,40,91,28,301,23,36,623
2021,Walkden South,E05013035,11715,4361,6437,35,76,41,162,16,28,559
2021,Weaste & Seedley,E05013036,16358,6342,7651,69,98,47,897,14,92,1148
2021,Worsley & Westwood Park,E05013037,12032,4166,6727,35,78,57,288,60,29,592
2021,Burn Valley,E05013038,7630,3128,3734,10,1,1,198,16,36,506
2021,De Bruce,E05013039,8056,3623,3931,24,13,3,37,13,16,396
2021,Fens & Greatham,E05013040,6380,2034,4035,9,4,1,23,4,8,262
2021,Foggy Furze,E05013041,8153,3241,4293,14,17,6,128,19,28,407
2021,Hart,E05013042,7645,2756,4483,5,14,3,17,10,28,329
2021,Headland & Harbour,E05013043,8135,3528,4036,24,17,5,77,8,28,412
2021,Manor House,E05013044,8542,4232,3717,13,6,0,86,1,22,465
2021,Rossmere,E05013045,7514,3438,3532,17,3,2,50,4,21,447
2021,Rural West,E05013046,7348,2032,4783,13,68,1,68,40,24,319
2021,Seaton (Hartlepool),E05013047,7194,2294,4449,12,15,2,37,12,16,357
2021,Throston,E05013048,8254,3446,4216,17,30,1,59,25,24,436
2021,Victoria (Hartlepool),E05013049,7486,3244,3287,17,35,2,433,14,36,418
2021,Abbey (Cambridge),E05013050,10784,5024,3671,122,186,33,610,18,128,992
2021,Arbury (Cambridge),E05013051,9884,4096,3553,69,107,69,1137,23,63,767
2021,Castle (Cambridge),E05013052,7861,3736,2371,104,268,112,316,40,45,869
2021,Cherry Hinton,E05013053,9343,3334,3976,161,453,30,599,15,65,710
2021,Coleridge,E05013054,10504,4429,4165,135,375,44,552,23,53,728
2021,East Chesterton,E05013055,9718,4409,3701,115,124,30,491,15,58,775
2021,King's Hedges,E05013056,11099,4431,4510,83,167,28,636,15,66,1163
2021,Market,E05013057,10444,5121,3072,137,196,142,252,27,84,1413
2021,Newnham (Cambridge),E05013058,11374,5360,3037,106,208,192,324,36,105,2006
2021,Petersfield,E05013059,10937,5528,3314,157,194,76,406,25,107,1130
2021,Queen Edith's,E05013060,12248,5194,4545,139,417,73,589,32,69,1190
2021,Romsey,E05013061,10189,4953,3285,149,186,42,684,12,80,798
2021,Trumpington,E05013062,12395,5086,5019,93,328,82,642,29,136,980
2021,West Chesterton,E05013063,8904,4465,3115,100,92,104,156,16,61,795
2021,Adlington & Anderton,E05013064,7902,2566,4890,18,7,2,32,0,40,347
2021,Buckshaw & Whittle,E05013065,10090,3545,5693,27,104,2,120,6,29,564
2021,Chorley East,E05013066,8467,2628,4780,15,24,5,571,5,44,395
2021,Chorley North East,E05013067,6983,2095,4509,20,18,3,43,8,15,272
2021,Chorley North West,E05013068,7754,2395,4721,18,15,4,127,10,28,436
2021,Chorley North & Astley,E05013069,7954,2566,4811,14,31,4,108,13,42,365
2021,Chorley South East & Heath Charnock,E05013070,9436,2830,5865,15,14,3,78,6,48,577
2021,Chorley South West,E05013071,8531,2847,4981,14,12,6,106,0,38,527
2021,"Clayton East, Brindle & Hoghton",E05013072,9100,2945,5565,32,28,9,86,0,39,396
2021,Clayton West & Cuerden,E05013073,8726,2838,5306,16,21,1,72,2,31,439
2021,Coppull,E05013074,8301,2576,5179,6,4,5,55,7,40,429
2021,"Croston, Mawdesley & Euxton South",E05013075,9551,2595,6046,49,26,14,162,0,104,555
2021,"Eccleston, Heskin & Charnock Richard",E05013076,7256,1770,5069,23,8,1,16,2,18,349
2021,Euxton,E05013077,7683,2191,5023,19,21,0,72,0,22,335
2021,Basing & Upton Grey,E05013078,10044,3763,5445,35,82,9,32,41,36,601
2021,Bramley,E05013079,9178,4116,4358,24,55,19,45,12,39,510
2021,Brighton Hill,E05013080,10755,5238,4387,149,166,6,158,14,78,559
2021,Brookvale & Kings Furlong,E05013081,10760,4159,3857,251,1110,18,593,26,105,641
2021,Chineham,E05013082,10845,5097,4652,45,184,6,126,56,58,621
2021,Eastrop & Grove,E05013083,9374,4102,4060,55,219,18,255,43,51,571
2021,Evingar,E05013084,9589,3461,5347,20,21,10,55,21,42,612
2021,Hatch Warren & Beggarwood,E05013085,10149,4827,4387,45,179,8,96,61,38,508
2021,Kempshott & Buckskin,E05013086,10611,4606,4942,70,161,8,153,25,59,587
2021,Norden (Basingstoke and Deane),E05013087,10728,4728,4040,262,621,7,222,22,157,669
2021,Oakley & The Candovers,E05013088,9207,3609,4959,34,47,11,27,6,35,479
2021,Popley,E05013089,11468,5326,4691,164,239,5,236,38,152,617
2021,Sherborne St John & Rooksdown,E05013090,12136,5566,4770,149,546,8,331,48,48,670
2021,South Ham,E05013091,10661,4699,4638,139,277,11,233,25,73,566
2021,Tadley & Pamber,E05013092,10666,4565,5306,20,34,5,73,12,53,598
2021,"Tadley North, Kingsclere & Baughurst",E05013093,11258,4777,5700,38,43,7,35,25,32,601
2021,"Whitchurch, Overton & Laverstoke",E05013094,10574,4628,5276,28,24,5,17,7,45,544
2021,Winklebury & Manydown,E05013095,7147,3172,3278,55,90,6,115,25,38,368
2021,Barton & Sandhills,E05013096,7271,2504,3392,20,111,18,703,9,40,474
2021,Blackbird Leys,E05013097,6387,2100,3154,36,82,1,626,25,33,330
2021,Carfax & Jericho,E05013098,8083,4012,2069,60,122,121,322,36,46,1295
2021,Churchill (Oxford),E05013099,7621,2542,3023,48,163,16,912,38,42,837
2021,Cowley,E05013100,7664,2257,3107,62,135,26,1262,52,83,680
2021,Cutteslowe & Sunnymead,E05013101,6815,2806,2851,44,83,93,298,22,70,548
2021,Donnington (Oxford),E05013102,7236,2648,2269,56,82,16,1581,32,70,482
2021,Headington,E05013103,7116,2686,2982,50,152,56,344,36,50,760
2021,Headington Hill & Northway,E05013104,6505,2060,2647,58,224,21,690,21,50,734
2021,Hinksey Park,E05013105,5577,2627,1926,55,78,26,352,22,95,396
2021,Holywell (Oxford),E05013106,6046,3048,1318,26,88,80,159,18,61,1248
2021,Littlemore,E05013107,6231,2212,2744,21,57,10,627,16,37,507
2021,Lye Valley,E05013108,7122,2125,2856,55,170,12,840,46,67,951
2021,Marston,E05013109,7331,2646,3246,83,98,50,522,24,84,578
2021,Northfield Brook,E05013110,7080,2555,3394,35,94,11,433,40,75,443
2021,Osney & St Thomas,E05013111,6487,2903,1957,75,77,81,544,16,60,774
2021,Quarry & Risinghurst,E05013112,7088,2690,3046,56,146,35,435,34,38,608
2021,Rose Hill & Iffley,E05013113,7083,2307,2916,66,147,13,972,16,131,515
2021,St Clement's (Oxford),E05013114,5990,2724,1902,45,51,54,526,5,41,642
2021,St Mary's (Oxford),E05013115,7245,3752,2071,44,43,81,461,11,53,729
2021,Summertown,E05013116,6513,2691,2512,59,64,100,109,12,70,896
2021,Temple Cowley,E05013117,6910,2519,2510,52,93,24,1051,37,71,553
2021,Walton Manor,E05013118,5763,2737,1834,51,79,125,110,18,46,763
2021,Wolvercote,E05013119,4874,2052,2025,35,85,51,214,13,33,366
2021,Abbey (Buckinghamshire),E05013120,13830,3240,5155,146,687,19,3289,188,72,1034
2021,Amersham and Chesham Bois,E05013121,10564,3823,4932,61,716,53,198,100,80,601
2021,Aston Clinton and Bierton,E05013122,13860,5132,7006,58,343,43,331,33,62,852
2021,Aylesbury East,E05013123,11160,3949,5347,50,368,11,707,26,57,645
2021,Aylesbury North,E05013124,12901,4076,5146,113,468,17,2135,44,62,840
2021,Aylesbury North West,E05013125,13664,4270,5912,104,444,19,1934,70,36,875
2021,Aylesbury South East,E05013126,11610,4181,5580,74,389,18,548,60,70,690
2021,Aylesbury South West,E05013127,11299,3911,4257,37,225,14,2142,28,74,611
2021,Aylesbury West,E05013128,11474,4135,5060,59,227,20,1300,24,55,594
2021,Beaconsfield,E05013129,11171,3680,5663,57,353,61,270,337,28,722
2021,Bernwood,E05013130,10878,4268,5624,36,44,47,107,17,50,685
2021,"Booker, Cressex and Castlefield",E05013131,12723,2150,3973,49,284,16,5185,130,55,881
2021,Buckingham East,E05013132,10056,4042,5067,47,79,27,137,17,53,587
2021,Buckingham West,E05013133,11715,4658,5943,48,171,17,186,31,54,607
2021,Chalfont St Giles,E05013134,11196,3830,6137,41,205,60,135,147,41,600
2021,Chalfont St Peter,E05013135,10999,3143,6133,17,442,42,198,383,44,597
2021,Chesham,E05013136,10753,3814,4480,74,243,36,1255,33,40,778
2021,Chess Valley,E05013137,10409,3960,4603,81,374,64,578,65,95,589
2021,Chiltern Ridges,E05013138,10849,3825,5333,71,194,46,620,51,57,652
2021,Chiltern Villages,E05013139,11264,4104,5974,37,53,46,213,59,38,740
2021,Cliveden,E05013140,10596,3175,4987,69,504,44,554,637,31,595
2021,Denham,E05013141,10105,2709,4955,61,626,52,524,559,48,571
2021,Downley,E05013142,12300,3824,5040,58,333,18,2048,103,60,816
2021,Farnham Common and Burnham Beeches,E05013143,9452,2705,4615,25,343,51,484,663,50,516
2021,"Flackwell Heath, Little Marlow and Marlow South East",E05013144,11098,4355,5573,61,67,44,184,50,46,718
2021,Gerrards Cross,E05013145,9147,2176,4413,52,611,75,492,802,38,488
2021,Great Brickhill,E05013146,12101,4455,6656,28,59,35,159,33,27,649
2021,Great Missenden,E05013147,10103,3828,5391,43,72,39,90,32,34,574
2021,Grendon Underwood,E05013148,11628,4514,6042,49,45,48,112,31,63,724
2021,Hazlemere,E05013149,9532,3551,4824,45,176,23,236,55,47,575
2021,Iver,E05013150,10810,2916,4457,52,725,16,494,1491,70,589
2021,Ivinghoe,E05013151,11228,4675,5557,24,118,34,113,23,57,627
2021,Little Chalfont and Amersham Common,E05013152,11062,3646,4855,97,1149,91,341,184,103,596
2021,Marlow,E05013153,11038,4164,5864,48,72,32,95,36,20,707
2021,Penn Wood and Old Amersham,E05013154,10748,3708,5798,47,203,59,164,64,44,661
2021,Ridgeway East,E05013155,10427,3680,5629,87,200,33,108,26,47,617
2021,Ridgeway West,E05013156,10698,3912,5756,35,96,20,124,41,41,673
2021,Ryemead and Micklefield,E05013157,11469,4205,4598,75,341,15,1272,104,57,802
2021,Stoke Poges and Wexham,E05013158,10345,2506,4384,31,539,20,759,1460,44,602
2021,Stone and Waddesdon,E05013159,15696,5697,7458,99,737,34,605,76,64,926
2021,Terriers and Amersham Hill,E05013160,10963,3702,4256,76,335,12,1663,95,65,759
2021,The Risboroughs,E05013161,10310,3907,5449,40,38,25,161,17,44,629
2021,"The Wooburns, Bourne End and Hedsor",E05013162,11273,4489,5625,40,119,52,169,57,39,683
2021,Totteridge and Bowerdean,E05013163,11880,3046,4107,66,315,15,3473,92,53,713
2021,Tylers Green and Loudwater,E05013164,11256,4520,5272,59,176,22,417,94,62,634
2021,"Wendover, Halton and Stoke Mandeville",E05013165,12447,5103,6069,133,121,36,239,12,52,682
2021,West Wycombe,E05013166,10601,3248,4547,67,183,18,1805,79,66,588
2021,Wing,E05013167,12275,4627,6197,50,222,30,332,35,37,745
2021,Winslow,E05013168,10121,3974,5257,37,64,22,61,19,48,639
2021,Appleton (Halton),E05013169,6663,2051,4161,15,17,2,57,2,29,329
2021,Bankfield,E05013170,6490,1913,4229,10,13,0,24,4,11,286
2021,Beechwood & Heath,E05013171,7561,2465,4710,16,12,4,12,1,13,328
2021,Birchfield (Halton),E05013172,8029,2025,5494,30,61,9,39,10,16,345
2021,Bridgewater,E05013173,7679,3362,3841,14,14,2,55,1,35,355
2021,Central & West Bank,E05013174,7072,2546,4014,16,13,0,78,1,50,354
2021,"Daresbury, Moore & Sandymoor",E05013175,4889,1729,2784,6,19,6,123,12,2,208
2021,"Ditton, Hale Village & Halebank",E05013176,7590,2317,4770,14,8,0,33,5,24,419
2021,Farnworth (Halton),E05013177,7991,2102,5463,18,18,5,31,11,20,323
2021,Grange (Halton),E05013178,8079,3463,4147,31,7,2,30,1,21,377
2021,Halton Castle,E05013179,6761,2861,3478,26,1,2,23,6,29,335
2021,Halton Lea,E05013180,6694,2977,3324,19,10,3,34,2,30,295
2021,Halton View,E05013181,7224,2200,4589,15,30,2,42,3,18,325
2021,Highfield (Halton),E05013182,6396,1638,4364,11,17,0,25,7,21,313
2021,Hough Green,E05013183,6735,2006,4311,16,17,4,29,7,26,319
2021,Mersey & Weston,E05013184,7862,3633,3728,19,30,2,58,1,52,339
2021,Norton North (Halton),E05013185,7610,3018,4076,10,24,2,65,4,35,376
2021,Norton South & Preston Brook,E05013186,7146,2954,3783,7,13,1,47,2,19,320
2021,Amberley and Woodchester,E05013187,2155,936,1055,11,1,7,0,0,16,129
2021,Bisley,E05013188,2223,875,1178,7,2,0,0,0,15,146
2021,Chalford,E05013189,6285,2789,2998,24,9,6,1,2,47,409
2021,Hardwicke,E05013190,8493,3630,4141,39,51,8,61,10,39,514
2021,Kingswood (Stroud),E05013191,2223,952,1109,11,2,1,21,0,14,113
2021,Minchinhampton,E05013192,4519,1750,2371,18,5,11,5,1,33,325
2021,Nailsworth,E05013193,6496,2927,2964,34,13,11,34,5,42,466
2021,Rodborough,E05013194,4414,2189,1792,10,9,3,33,12,58,308
2021,Severn (Stroud),E05013195,6116,2481,3170,13,14,3,16,0,29,390
2021,Stonehouse,E05013196,7593,3429,3537,48,29,5,30,0,45,470
2021,Stroud Trinity,E05013197,2178,1205,725,30,1,6,1,0,50,160
2021,Thrupp,E05013198,2320,1112,1016,16,0,2,2,1,15,156
2021,Wotton-under-Edge,E05013199,6953,3070,3391,20,8,6,6,7,52,393
2021,Barnoldswick,E05013200,9182,3805,4409,19,1,3,359,12,40,534
2021,Barrowford & Pendleside,E05013201,7445,2243,4392,24,9,0,365,6,25,381
2021,Boulsworth & Foulridge,E05013202,7866,3058,4298,25,6,2,48,2,41,386
2021,Bradley (Pendle),E05013203,9466,1580,2301,22,6,1,5077,1,14,464
2021,Brierfield East & Clover Hill,E05013204,8604,1411,2727,12,3,2,3995,3,20,431
2021,Brierfield West & Reedley,E05013205,6306,910,1632,11,18,0,3396,0,22,317
2021,Earby & Coates,E05013206,8183,3477,4099,24,5,7,74,3,33,461
2021,Fence & Higham,E05013207,2430,641,1616,4,3,4,29,1,7,125
2021,Marsden & Southfield,E05013208,9724,2382,3593,18,10,1,3200,1,49,470
2021,Vivary Bridge,E05013209,7634,3519,3422,24,3,3,136,8,43,476
2021,Waterside & Horsfield,E05013210,7619,3457,3238,23,1,7,391,0,46,456
2021,Whitefield & Walverden,E05013211,11300,1043,1799,12,3,3,7833,0,18,589
2021,Cainscross,E05013212,7831,3629,3478,29,29,6,14,3,52,591
2021,Brickhill and Queensway,E05013213,13898,5643,6562,59,354,11,236,37,106,890
2021,Burton and Broughton,E05013214,13246,5904,6377,30,55,7,80,42,56,695
2021,Clover Hill,E05013215,12725,5237,5990,38,156,9,256,349,59,631
2021,Corby Rural,E05013216,14800,6259,7411,48,109,10,108,43,54,758
2021,Corby West,E05013217,13247,5743,6534,24,32,9,84,14,57,750
2021,Croyland and Swanspool,E05013218,14478,5813,6711,64,426,13,411,29,132,879
2021,Desborough,E05013219,14169,6499,6610,33,46,17,55,24,50,835
2021,Earls Barton,E05013220,13594,5607,6972,34,111,7,65,16,64,718
2021,Finedon,E05013221,15751,5572,7362,59,1022,10,677,25,135,889
2021,Hatton Park,E05013222,14191,5111,6840,48,860,8,363,73,123,765
2021,Higham Ferrers,E05013223,12783,6152,5659,39,55,10,45,35,65,723
2021,Irchester,E05013224,11191,5021,5425,32,35,17,33,28,64,536
2021,Irthlingborough,E05013225,13379,6220,6275,20,47,10,53,30,70,654
2021,Ise,E05013226,11509,4307,5910,47,121,8,149,246,51,670
2021,Kingswood (North Northamptonshire),E05013227,16184,7211,7524,28,73,9,227,40,77,995
2021,Lloyds,E05013228,15505,6737,7635,25,45,9,84,35,83,852
2021,Northall,E05013229,15234,5946,7222,103,298,14,458,150,90,953
2021,Oakley (North Northamptonshire),E05013230,15835,6296,8061,72,204,17,174,126,38,847
2021,Oundle,E05013231,13553,4881,7693,43,57,11,31,20,67,750
2021,Raunds,E05013232,12328,5801,5617,19,30,18,35,38,55,715
2021,Rothwell and Mawsley,E05013233,12755,5975,5915,41,33,11,77,7,49,647
2021,Rushden Pemberton West,E05013234,12369,5873,5597,43,61,9,49,20,58,659
2021,Rushden South,E05013235,15980,7620,6916,37,91,15,138,57,109,997
2021,Thrapston,E05013236,14630,6022,7676,32,16,18,42,20,54,750
2021,Wicksteed,E05013237,13711,5762,6513,38,106,10,232,128,75,847
2021,Windmill,E05013238,12479,5786,5322,38,100,4,213,153,57,806
2021,Abington and Phippsville,E05013239,13600,5019,6298,58,244,13,834,36,97,1001
2021,Billing and Rectory Farm,E05013240,16373,5897,8154,58,281,11,771,70,94,1037
2021,Boothville and Parklands,E05013241,11315,3843,5937,47,210,16,363,44,46,809
2021,Brackley,E05013242,16188,7257,7815,39,17,19,41,41,76,883
2021,Braunston and Crick,E05013243,14562,5648,7523,81,74,27,255,69,99,786
2021,Brixworth,E05013244,12297,4820,6433,58,35,12,41,32,56,810
2021,Bugbrooke,E05013245,12834,5017,6860,29,36,8,34,23,77,750
2021,Castle (West Northamptonshire),E05013246,17871,5158,8220,77,614,23,2360,49,150,1220
2021,Dallington Spencer,E05013247,14130,4790,6227,39,96,2,1839,68,79,990
2021,Daventry East,E05013248,11617,5056,5541,53,50,12,122,27,53,703
2021,Daventry West,E05013249,12854,5445,6208,50,73,9,143,59,51,816
2021,Deanshanger,E05013250,12811,5762,6100,47,86,17,50,34,78,637
2021,Delapre and Rushmere,E05013251,14784,5237,7148,93,302,12,660,76,96,1160
2021,Duston East,E05013252,11732,4365,6115,38,129,5,279,81,38,682
2021,Duston West and St. Crispin,E05013253,11212,4634,5523,22,89,10,164,48,71,651
2021,East Hunsbury and Shelfleys,E05013254,12575,4498,6436,51,308,14,359,150,56,703
2021,Hackleton and Grange Park,E05013255,14325,5900,6885,51,236,16,263,88,53,833
2021,Headlands,E05013256,14801,5196,7154,55,220,18,1080,30,105,943
2021,Kingsthorpe North,E05013257,12938,4936,6601,41,130,12,330,45,59,784
2021,Kingsthorpe South,E05013258,14356,5491,6865,34,165,9,633,73,78,1008
2021,Long Buckby,E05013259,11672,4798,6050,33,31,8,11,21,57,663
2021,Middleton Cheney,E05013260,12004,4497,6620,21,15,11,33,16,64,727
2021,Moulton,E05013261,14758,6126,7372,41,151,15,178,43,58,774
2021,Nene Valley,E05013262,12269,4801,5860,41,366,25,300,118,62,696
2021,Riverside Park,E05013263,13736,4360,7049,88,534,10,731,92,127,745
2021,St. George (West Northamptonshire),E05013264,13484,4561,6699,53,185,11,912,49,92,922
2021,Silverstone,E05013265,12975,4694,7359,38,22,24,30,10,59,739
2021,Sixfields,E05013266,17698,6878,8175,67,337,21,789,188,111,1132
2021,Talavera,E05013267,15768,5607,7651,30,301,9,941,71,140,1018
2021,Towcester and Roade,E05013268,16158,7408,7574,41,66,13,102,27,67,860
2021,Woodford and Weedon,E05013269,12023,5046,6101,39,24,17,49,13,62,672
2021,Newsham,E05013270,5383,2732,2287,8,14,4,75,7,27,229
2021,Seghill with Seaton Delaval,E05013271,5953,2895,2681,11,17,2,22,5,24,296
2021,Bodmin St Mary's & St Leonard,E05013273,7293,3427,3248,18,7,2,25,1,57,508
2021,Bodmin St Petroc's,E05013274,6863,3076,3300,21,8,2,14,0,43,399
2021,Bude,E05013275,6283,3026,2787,13,11,10,34,2,47,353
2021,Callington & St Dominic,E05013276,6778,2946,3278,15,7,9,11,1,35,476
2021,Calstock,E05013277,6647,3142,3010,22,3,2,5,6,57,400
2021,Camborne Roskear & Tuckingmill,E05013278,7198,3909,2593,43,7,4,9,3,47,583
2021,Camborne Trelowarren,E05013279,6146,3095,2563,17,3,4,24,2,36,402
2021,Camborne West & Treswithian,E05013280,6236,2686,3027,16,1,5,13,1,28,459
2021,Camelford & Boscastle,E05013281,6855,3001,3260,28,5,13,18,0,71,459
2021,"Constantine, Mabe & Mawnan",E05013282,6556,3057,2780,24,5,9,23,0,48,610
2021,Falmouth Arwenack,E05013284,5941,3136,2227,32,19,4,11,2,55,455
2021,Falmouth Penwerris,E05013286,7444,4342,2250,37,17,3,90,0,115,590
2021,Feock & Kea,E05013288,5324,2058,2867,21,6,2,15,1,31,323
2021,"Four Lanes, Beacon & Troon",E05013289,7059,3621,2810,19,1,3,17,0,85,503
2021,"Fowey, Tywardreath & Par",E05013290,5687,2435,2767,24,0,6,2,1,50,402
2021,"Gloweth, Malabar & Shortlanesend",E05013291,5806,2917,2302,40,60,7,66,6,63,345
2021,Gwinear-Gwithian & Hayle East,E05013292,5964,2771,2702,21,3,7,9,1,41,409
2021,Hayle West,E05013293,7478,3601,3149,30,8,3,26,0,32,629
2021,Helston South & Meneage,E05013295,7423,3534,3302,33,3,3,18,3,66,461
2021,Land's End,E05013297,6819,3129,3046,48,1,5,16,1,100,473
2021,"Lanivet, Blisland & Bodmin St Lawrence",E05013298,6713,2949,3243,15,6,1,4,0,45,450
2021,Launceston South,E05013301,7147,3256,3271,24,5,3,31,0,48,509
2021,Liskeard Central,E05013302,7527,3612,3194,79,29,2,2,0,61,548
2021,Liskeard South & Dobwalls,E05013303,7354,3322,3423,18,4,6,4,2,79,496
2021,Looe East & Deviock,E05013305,6365,2706,3206,16,5,3,14,4,51,360
2021,"Looe West, Pelynt, Lansallos & Lanteglos",E05013306,5806,2398,2939,20,5,8,6,0,47,383
2021,Lostwithiel & Lanreath,E05013307,6186,2689,3036,15,9,9,5,1,44,378
2021,"Ludgvan, Madron, Gulval & Heamoor",E05013308,6891,3108,3202,18,4,14,8,0,61,476
2021,Lynher,E05013309,5756,2437,2833,28,0,2,3,0,58,395
2021,"Mousehole, Newlyn & St Buryan",E05013311,6010,2588,2898,32,5,3,4,0,69,411
2021,Mullion & St Keverne,E05013312,7185,3220,3410,32,3,8,8,0,58,446
2021,"Mylor, Perranarworthal & Ponsanooth",E05013313,6488,2881,3132,20,1,11,3,2,39,399
2021,Newquay Central & Pentire,E05013314,6670,3640,2423,41,6,4,10,2,67,477
2021,Newquay Porth & Tretherras,E05013315,6559,2980,3030,27,9,4,11,3,39,456
2021,Padstow,E05013317,6773,2847,3428,34,0,3,15,1,37,408
2021,Penwithick & Boscoppa,E05013319,6706,3643,2586,19,4,1,3,0,29,421
2021,Penzance East,E05013320,7121,3641,2767,47,3,5,34,4,91,529
2021,Penzance Promenade,E05013321,5837,2786,2464,50,3,8,11,2,58,455
2021,Pool & Tehidy,E05013323,7232,3688,3020,15,3,5,10,3,56,432
2021,"Porthleven, Breage & Germoe",E05013324,6818,3003,3292,22,2,8,6,1,52,432
2021,Poundstock,E05013325,5429,2198,2772,21,1,2,5,0,41,389
2021,Rame Peninsula & St Germans,E05013327,7113,3182,3349,32,1,11,6,2,63,467
2021,Redruth North,E05013329,5934,3174,2234,17,10,8,24,6,46,415
2021,Redruth South,E05013330,6569,3299,2676,17,5,4,7,4,69,488
2021,Roche & Bugle,E05013331,7380,3493,3268,19,4,9,2,2,59,524
2021,St Blazey,E05013336,6933,3403,2997,26,6,5,9,2,37,448
2021,St Cleer & Menheniot,E05013337,6269,2665,3077,17,1,5,5,2,71,426
2021,"St Columb Major, St Mawgan & St Wenn",E05013338,6133,2728,2870,22,2,3,18,1,44,445
2021,"St Goran, Tregony & the Roseland",E05013341,5754,2175,3070,20,5,2,3,1,36,442
2021,St Stephen-in-Brannel,E05013346,6957,3378,3038,19,9,4,2,1,59,447
2021,St Teath & Tintagel,E05013347,6446,2797,3109,23,2,5,7,0,76,427
2021,Saltash Essa,E05013348,6818,2929,3464,20,3,4,16,0,39,343
2021,Saltash Tamar,E05013349,6246,2680,3121,14,11,2,18,0,41,359
2021,Saltash Trematon & Landrake,E05013350,5629,2267,2983,21,2,2,11,0,39,304
2021,"Stratton, Kilkhampton & Morwenstow",E05013351,6681,3026,3050,21,1,3,4,1,55,520
2021,Torpoint,E05013353,6465,2746,3247,13,2,8,7,3,35,404
2021,Truro Boscawen & Redannick,E05013354,6321,3064,2704,30,29,12,66,4,39,373
2021,Truro Moresk & Trehaverne,E05013355,6518,2882,3124,25,16,8,58,1,52,352
2021,Truro Tregolls,E05013356,6557,3160,2843,15,17,8,77,1,24,412
2021,Wadebridge East & St Minver,E05013357,5883,2521,2937,18,1,9,7,0,27,363
2021,Wadebridge West & St Mabyn,E05013358,6926,2974,3418,17,4,5,15,1,62,430
2021,Bembridge,E05013359,3561,1229,2073,14,3,8,6,0,26,202
2021,Binstead & Fishbourne,E05013360,3534,1307,1910,10,10,2,8,4,30,253
2021,Brading & St Helens,E05013361,3414,1350,1798,10,4,2,10,0,26,214
2021,"Brighstone, Calbourne & Shalfleet",E05013362,3063,1097,1708,13,0,4,3,0,20,218
2021,Carisbrooke & Gunville,E05013363,3593,1665,1634,6,0,4,20,0,20,244
2021,Central Rural,E05013364,3555,1344,1922,13,0,9,4,1,30,232
2021,"Chale, Niton & Shorwell",E05013365,3461,1288,1890,12,0,2,4,0,28,237
2021,Cowes Medina,E05013366,4614,2495,1696,11,11,4,33,0,48,316
2021,Cowes North,E05013367,2773,1325,1217,14,12,2,20,0,17,166
2021,Cowes South & Northwood,E05013368,3384,1501,1650,6,4,1,1,0,7,214
2021,Cowes West & Gurnard,E05013369,4043,1659,2068,12,14,6,12,0,11,261
2021,East Cowes,E05013370,4004,1879,1826,17,0,5,13,0,26,238
2021,Fairlee & Whippingham,E05013371,3894,1659,1897,7,7,2,12,0,20,290
2021,Freshwater North & Yarmouth,E05013372,3077,1100,1721,10,2,1,6,0,30,207
2021,Freshwater South,E05013373,3654,1486,1897,9,4,6,5,1,33,213
2021,Haylands & Swanmore,E05013374,3712,1842,1543,4,5,9,10,0,22,277
2021,Lake North,E05013375,3456,1520,1678,11,5,2,21,0,19,200
2021,Lake South,E05013376,3397,1310,1851,12,0,1,11,0,32,180
2021,Mountjoy & Shide,E05013377,3850,1771,1789,8,7,3,19,1,35,217
2021,Nettlestone & Seaview,E05013378,2522,837,1499,12,6,5,8,2,20,133
2021,"Newchurch, Havenstreet & Ashey",E05013379,3394,1264,1812,8,5,4,2,1,12,286
2021,Newport Central,E05013380,3732,1961,1413,20,18,4,39,0,40,237
2021,Newport West,E05013381,3575,1539,1779,22,0,3,20,1,17,194
2021,Osborne,E05013382,4424,2331,1774,20,11,7,13,2,42,224
2021,Pan & Barton,E05013383,4241,2384,1485,11,21,3,29,0,29,279
2021,Parkhurst & Hunnyhill,E05013384,4337,2070,1809,36,8,7,94,5,62,246
2021,Ryde Appley & Elmfield,E05013385,3828,1730,1811,11,3,0,13,0,24,236
2021,Ryde Monktonmead,E05013386,3759,1931,1451,10,10,1,16,4,48,288
2021,Ryde North West,E05013387,4278,2086,1779,25,13,3,24,4,48,296
2021,Ryde South East,E05013388,2505,1352,935,8,16,1,3,0,33,157
2021,Ryde West,E05013389,3232,1584,1364,11,2,2,18,1,37,213
2021,Sandown North,E05013390,3533,1527,1716,13,17,3,12,3,23,219
2021,Sandown South,E05013391,3596,1654,1658,16,6,1,15,0,26,220
2021,Shanklin Central,E05013392,3991,1603,2055,18,6,5,12,2,20,270
2021,Shanklin South,E05013393,3256,1215,1701,23,3,2,13,2,25,272
2021,Totland & Colwell,E05013394,3557,1331,1903,5,7,5,9,0,18,279
2021,Ventnor & St Lawrence,E05013395,3269,1403,1558,10,1,1,18,2,42,234
2021,Wootton Bridge,E05013396,3389,1281,1833,11,8,1,12,1,21,221
2021,"Wroxall, Lowtherville & Bonchurch",E05013397,4006,1814,1903,13,8,6,4,2,42,214
2021,Aldbourne & Ramsbury,E05013398,5781,2047,3307,8,17,4,10,1,29,358
2021,Alderbury & Whiteparish,E05013399,5639,2087,3160,19,9,6,27,2,29,300
2021,Amesbury East & Bulford,E05013400,6946,2803,3197,167,251,7,55,7,81,378
2021,Amesbury South,E05013401,5533,2587,2455,27,86,3,52,0,29,294
2021,Amesbury West,E05013402,5908,2220,3252,34,18,6,19,2,30,327
2021,Avon Valley,E05013403,6321,2551,3155,37,64,0,41,15,80,378
2021,Box & Colerne,E05013405,5444,2353,2559,22,40,4,11,6,59,390
2021,Bradford-on-Avon North,E05013406,5370,2612,2314,32,5,5,16,5,27,354
2021,Bradford-on-Avon South,E05013407,5036,2384,2210,22,14,11,22,2,41,330
2021,Brinkworth,E05013408,4683,1676,2704,13,7,3,5,1,12,262
2021,"Bromham, Rowde & Roundway",E05013409,5034,2026,2605,32,5,2,34,9,27,294
2021,By Brook,E05013410,4617,1595,2592,51,34,8,14,2,32,289
2021,Calne Central,E05013411,4941,2284,2315,12,2,5,17,5,36,265
2021,Calne Chilvester & Abberd,E05013412,6096,2909,2689,24,2,7,59,4,42,360
2021,Calne North,E05013413,4952,2519,2103,13,13,3,5,0,24,272
2021,Calne Rural,E05013414,5454,1955,3094,23,15,3,33,1,29,301
2021,Calne South,E05013415,4073,1636,2178,24,0,3,10,5,15,202
2021,Chippenham Cepen Park & Derriads,E05013416,5420,2440,2532,18,11,2,47,11,25,334
2021,Chippenham Cepen Park & Hunters Moon,E05013417,4499,1982,2175,10,29,5,32,0,12,254
2021,Chippenham Hardenhuish,E05013418,4707,2277,2009,19,18,6,72,19,20,267
2021,Chippenham Hardens & Central,E05013419,5157,2416,2272,22,23,5,50,17,38,314
2021,Chippenham Lowden & Rowden,E05013420,3667,1742,1592,6,22,2,37,7,22,237
2021,Chippenham Monkton,E05013421,2790,1203,1325,18,31,1,25,11,11,165
2021,Chippenham Pewsham,E05013422,4914,2286,2259,19,22,4,7,7,21,289
2021,Chippenham Sheldon,E05013423,5393,2650,2225,8,17,1,79,10,24,379
2021,Corsham Ladbrook,E05013424,5767,2587,2703,25,8,5,19,6,28,386
2021,Corsham Pickwick,E05013425,5429,2542,2467,14,14,4,24,0,27,337
2021,Corsham Without,E05013426,4938,2088,2419,23,44,6,13,1,34,310
2021,Cricklade & Latton,E05013427,5036,1950,2718,26,23,3,24,0,18,274
2021,Devizes East,E05013428,6060,2569,3074,16,17,2,22,0,32,328
2021,Devizes North,E05013429,4026,1668,2033,18,7,9,49,1,35,206
2021,Devizes Rural West,E05013430,4858,1741,2717,17,1,8,54,4,29,287
2021,Devizes South,E05013431,4944,1956,2651,9,0,5,19,2,39,263
2021,Downton & Ebble Valley,E05013432,4968,1755,2801,9,31,2,32,3,26,309
2021,Durrington (Wiltshire),E05013433,4704,1838,2546,6,5,4,21,5,25,254
2021,Ethandune,E05013434,4672,1977,2345,7,2,4,13,5,32,287
2021,Fovant & Chalke Valley,E05013435,4424,1388,2684,25,2,4,2,0,27,292
2021,Hilperton,E05013436,4684,2043,2278,23,1,2,49,1,24,263
2021,Holt (Wiltshire),E05013437,4881,2125,2325,20,2,9,38,6,24,332
2021,Kington (Wiltshire),E05013438,5374,1867,3108,40,60,3,12,2,35,247
2021,Laverstock,E05013439,5871,2206,3140,32,48,5,45,2,35,358
2021,Ludgershall North & Rural,E05013440,5302,2119,2791,14,2,4,36,0,40,296
2021,Lyneham,E05013441,7489,2945,3496,98,179,11,38,6,94,622
2021,Malmesbury,E05013442,5969,2510,2972,22,19,6,54,10,33,343
2021,Marlborough East,E05013443,5239,2118,2672,14,14,8,29,9,30,345
2021,Marlborough West,E05013444,6414,2375,3478,25,14,11,11,6,62,432
2021,Melksham Forest,E05013446,5293,2523,2351,14,7,2,35,7,26,328
2021,Melksham South,E05013447,4577,1806,2343,29,15,5,36,6,28,309
2021,Melksham Without North & Shurnhold,E05013448,4805,2149,2287,22,28,4,23,14,19,259
2021,Melksham Without West & Rural,E05013449,4746,1890,2550,18,5,2,7,0,17,257
2021,Mere,E05013450,4437,1626,2455,6,3,6,2,4,35,300
2021,Minety,E05013451,4922,1781,2793,8,11,2,4,5,14,304
2021,Nadder Valley,E05013452,4644,1552,2756,16,10,4,3,1,13,289
2021,Old Sarum & Lower Bourne Valley,E05013453,6514,2803,3157,34,50,1,73,12,43,341
2021,Pewsey Vale East,E05013455,5469,1840,3238,10,13,2,13,0,16,337
2021,Purton,E05013457,6855,3009,3179,28,101,7,107,30,37,357
2021,Redlynch & Landford,E05013458,4647,1695,2635,4,6,8,20,4,32,243
2021,Royal Wootton Bassett East,E05013459,5311,2077,2759,29,47,8,35,24,21,311
2021,Royal Wootton Bassett North,E05013460,5430,2169,2715,20,47,8,51,8,31,381
2021,Royal Wootton Bassett South & West,E05013461,5590,2325,2837,21,17,2,34,4,28,322
2021,Salisbury Bemerton Heath,E05013462,4506,2168,1987,9,20,2,76,2,25,217
2021,Salisbury Fisherton & Bemerton Village,E05013463,5884,2530,2815,24,17,5,50,11,58,374
2021,Salisbury Harnham East,E05013464,5881,2064,3181,59,59,4,112,4,36,362
2021,Salisbury Harnham West,E05013465,3867,1376,2133,19,17,1,27,1,24,269
2021,Salisbury Milford,E05013466,6016,2414,2990,30,23,1,78,4,39,437
2021,Salisbury St Edmund's,E05013467,4674,1916,2323,27,18,7,75,3,42,263
2021,Salisbury St Francis & Stratford,E05013468,5500,2027,2988,27,27,5,44,0,30,352
2021,Salisbury St Paul's,E05013469,5491,2297,2599,28,71,2,115,0,50,329
2021,Sherston,E05013470,5121,1900,2834,27,40,9,12,3,28,268
2021,Southwick (Wiltshire),E05013471,4326,1741,2302,9,8,0,16,4,12,234
2021,The Lavingtons,E05013472,4716,1857,2459,25,9,5,8,0,32,321
2021,Tidworth East & Ludgershall South,E05013473,7107,3172,3212,83,123,6,55,15,60,381
2021,Tidworth North & West,E05013474,7300,3139,3048,218,282,3,91,7,99,413
2021,Till Valley,E05013475,5189,1692,3074,18,9,10,10,1,25,350
2021,Tisbury,E05013476,4372,1594,2455,13,1,3,9,1,40,256
2021,Trowbridge Adcroft,E05013477,6068,2570,2850,21,28,10,130,10,42,407
2021,Trowbridge Central,E05013478,5684,2633,2518,24,12,4,101,11,43,338
2021,Trowbridge Drynham,E05013479,4735,2118,2214,16,11,2,72,3,30,269
2021,Trowbridge Grove,E05013480,5354,2355,2579,19,6,5,65,2,28,295
2021,Trowbridge Lambrok,E05013481,5410,2422,2491,14,19,2,71,11,38,342
2021,Trowbridge Park,E05013482,4331,1973,1958,25,9,4,84,1,26,251
2021,Trowbridge Paxcroft,E05013483,5597,2678,2412,15,13,11,69,5,29,365
2021,Urchfont & Bishops Cannings,E05013484,4825,1976,2516,14,7,2,6,0,18,286
2021,Warminster Broadway,E05013485,4831,1866,2517,15,5,1,5,2,28,392
2021,Warminster East,E05013486,5262,2130,2679,43,29,9,46,7,39,280
2021,Warminster North & Rural,E05013487,5745,2111,3005,84,83,1,21,15,60,365
2021,Warminster West,E05013488,4693,2031,2303,10,16,3,17,1,20,292
2021,Westbury East,E05013489,4776,2165,2251,18,8,8,24,5,42,255
2021,Westbury North,E05013490,5429,2591,2339,20,24,9,44,5,43,354
2021,Westbury West,E05013491,6204,3095,2645,17,2,2,25,2,46,370
2021,Wilton,E05013492,4696,1858,2527,20,8,6,12,2,29,234
2021,Winsley & Westwood,E05013493,4930,1979,2569,18,7,5,16,0,28,308
2021,Winterslow & Upper Bourne Valley,E05013494,4918,1697,2895,9,6,5,9,2,24,271
2021,Wylye Valley,E05013495,4694,1609,2739,16,8,7,7,1,16,291
2021,Alperton,E05013496,15053,1158,3783,219,6724,8,2087,89,188,797
2021,Barnhill,E05013497,11419,1131,4174,114,1427,121,3420,79,115,838
2021,Brondesbury Park,E05013498,13437,3284,4904,119,624,676,2622,41,95,1072
2021,Cricklewood & Mapesbury,E05013499,14150,3168,5487,127,342,491,3237,26,160,1112
2021,Dollis Hill,E05013500,21848,2124,8618,152,1357,97,7738,19,143,1600
2021,Harlesden & Kensal Green,E05013501,20076,3928,9542,134,638,166,3975,26,136,1531
2021,Kenton (Brent),E05013502,17686,1275,5825,106,5481,363,2455,170,990,1021
2021,Kilburn (Brent),E05013503,17214,4452,6730,120,326,270,3809,29,102,1376
2021,Kingsbury (Brent),E05013504,11237,1144,4594,175,1566,95,2676,59,141,787
2021,Northwick Park,E05013505,12367,1094,4245,174,3031,46,2488,255,292,742
2021,Preston (Brent),E05013506,12664,951,4839,94,2614,174,2733,79,265,915
2021,Queens Park (Brent),E05013507,17155,5692,7248,109,498,463,1506,27,149,1463
2021,Queensbury (Brent),E05013508,17189,1219,6370,150,5020,97,2752,88,379,1114
2021,Roundwood,E05013509,16708,2106,7825,155,628,64,4594,29,112,1195
2021,Stonebridge,E05013510,20255,2185,8074,118,949,26,7333,32,146,1392
2021,Sudbury,E05013511,13938,1058,4616,267,4195,14,2762,81,147,798
2021,Tokyngton,E05013512,10003,724,4500,54,2199,6,1816,37,85,582
2021,Welsh Harp,E05013513,17919,1389,8212,174,2349,105,4285,23,137,1245
2021,Wembley Central,E05013514,17925,839,4892,200,8292,26,2432,121,241,882
2021,Wembley Hill,E05013515,15066,1212,6982,135,2861,89,2592,94,155,946
2021,Wembley Park,E05013516,7548,2127,2367,63,956,36,1130,66,103,700
2021,Willesden Green,E05013517,18957,3892,8087,158,799,290,4131,55,146,1399
2021,Central Greenford,E05013518,14354,1709,6440,157,1797,35,2604,493,104,1015
2021,Dormers Wells,E05013519,15611,986,3711,76,2110,10,4418,3449,101,750
2021,Ealing Broadway,E05013520,13918,4391,5894,266,566,94,1182,254,100,1171
2021,Ealing Common,E05013521,15945,4736,6741,214,458,91,1921,290,132,1362
2021,East Acton,E05013522,15210,3269,6032,109,257,42,3935,88,120,1358
2021,Greenford Broadway,E05013523,17385,2236,7527,217,1424,17,4014,795,105,1050
2021,Hanger Hill,E05013524,17044,4020,6808,252,712,91,3265,312,153,1431
2021,Hanwell Broadway,E05013525,15291,4228,6821,168,318,35,2220,305,95,1101
2021,Lady Margaret,E05013526,15784,864,3286,118,2975,5,3253,4461,85,737
2021,North Acton,E05013527,19041,5217,7567,351,409,65,3445,140,131,1716
2021,North Greenford,E05013528,15557,1704,6484,251,2721,18,2904,295,138,1042
2021,North Hanwell,E05013529,15041,3338,7012,113,596,38,2533,332,85,994
2021,Northfield (Ealing),E05013530,14265,4982,6427,137,454,64,957,160,93,991
2021,Northolt Mandeville,E05013531,17531,2559,7522,447,2051,22,3212,370,187,1161
2021,Northolt West End,E05013532,16535,2319,6525,184,1371,18,4231,849,109,929
2021,Norwood Green,E05013533,16093,1440,3910,58,1637,14,3949,4212,141,732
2021,Perivale,E05013534,16186,1854,6703,159,2059,12,3792,342,139,1126
2021,Pitshanger,E05013535,15168,3658,6541,123,523,78,2703,322,119,1101
2021,South Acton,E05013536,16821,4791,6339,190,261,67,3751,143,101,1178
2021,Southall Broadway,E05013537,10827,295,2600,33,1716,5,2809,2945,61,363
2021,Southall Green,E05013538,15694,410,3802,60,1819,3,3081,5776,144,599
2021,Southall West,E05013539,6584,223,1048,28,1252,2,1945,1762,59,265
2021,Southfield,E05013540,16475,6079,7015,180,284,124,1287,92,132,1282
2021,Walpole,E05013541,14756,4923,6183,113,466,91,1495,302,101,1082
2021,Belmont (Harrow),E05013542,9022,717,2812,89,2864,445,1105,58,445,487
2021,Canons,E05013543,9735,896,2521,82,1982,1742,1242,77,492,701
2021,Centenary,E05013544,15201,825,4702,127,5377,228,2331,97,758,756
2021,Edgware (Harrow),E05013545,15716,1095,6360,152,4056,143,2497,82,364,967
2021,Greenhill (Harrow),E05013546,11015,1374,3896,157,2555,82,1817,152,287,695
2021,Harrow on the Hill,E05013547,10786,1746,4353,119,1746,151,1645,156,165,705
2021,Harrow Weald,E05013548,14344,1533,5711,144,2590,369,2687,98,315,897
2021,Hatch End,E05013549,9822,1178,2851,72,2482,563,1565,152,384,575
2021,Headstone,E05013550,14882,2006,4894,137,3976,86,2122,282,508,871
2021,Kenton East,E05013551,13614,725,4766,91,5226,47,1495,56,492,716
2021,Kenton West,E05013552,9990,558,3212,50,3580,63,1151,72,846,458
2021,Marlborough,E05013553,11993,1667,4346,144,2012,54,2568,75,208,919
2021,North Harrow,E05013554,8994,909,3136,74,2717,34,1299,139,207,479
2021,Pinner,E05013555,13136,2126,4381,101,2845,679,1738,221,321,724
2021,Pinner South,E05013556,15741,2398,4914,291,4466,452,1520,290,475,935
2021,Rayners Lane,E05013557,9142,802,2572,104,3646,22,1187,223,155,431
2021,Roxbourne,E05013558,9907,1073,3175,157,2668,32,2104,91,105,502
2021,Roxeth,E05013559,15863,1573,5364,336,4524,34,2760,190,269,813
2021,Stanmore,E05013560,13500,1374,3503,66,2442,1982,2595,64,581,893
2021,Wealdstone North,E05013561,10488,884,3996,90,2058,29,2681,54,134,562
2021,Wealdstone South,E05013562,7957,644,3304,125,1553,31,1485,25,79,711
2021,West Harrow,E05013563,10364,1644,3834,109,2027,35,1908,93,107,607
2021,Belmore,E05013564,17494,1088,3985,117,3457,8,3070,4814,137,818
2021,Charville,E05013565,11511,1653,4106,43,1439,15,1973,1661,72,549
2021,Colham & Cowley,E05013566,19136,4304,7731,225,1337,70,2911,1043,129,1386
2021,Eastcote,E05013567,16915,4025,7592,123,2334,175,1192,312,190,972
2021,Harefield Village,E05013568,5742,1795,3022,23,227,50,175,50,35,365
2021,Hayes Town,E05013569,14997,1750,4473,198,1855,12,3716,2162,157,674
2021,Heathrow Villages,E05013570,14041,2045,6385,191,1006,15,2165,1441,87,706
2021,Hillingdon East,E05013571,15803,3124,6438,123,1681,19,2101,1337,110,870
2021,Hillingdon West,E05013572,9689,2239,3786,83,909,17,1372,624,81,578
2021,Ickenham & South Harefield,E05013573,15519,3952,7076,85,1483,55,973,868,111,916
2021,Northwood (Hillingdon),E05013574,11310,2033,4192,118,2077,499,1160,257,306,668
2021,Northwood Hills,E05013575,11769,2427,4478,131,2241,219,1153,161,238,721
2021,Pinkwell,E05013576,16709,1451,4157,179,1784,13,3743,4432,157,793
2021,Ruislip,E05013577,15441,3918,8146,90,1244,82,770,202,157,832
2021,Ruislip Manor,E05013578,10977,2745,5846,68,825,24,566,186,108,609
2021,South Ruislip,E05013579,16840,4031,7773,152,1986,25,1628,260,103,882
2021,Uxbridge,E05013580,17962,4642,7156,176,995,32,2783,585,141,1452
2021,West Drayton,E05013581,18433,4156,7340,165,1769,18,2877,888,144,1076
2021,Wood End,E05013582,19802,2583,6060,163,2046,17,4682,3213,88,950
2021,Yeading,E05013583,13415,2013,4595,73,1583,10,3022,1418,67,634
2021,Yiewsley,E05013584,12403,3239,5096,97,738,15,2044,428,67,679
2021,Alexandra Park,E05013585,8836,4062,2901,77,133,417,445,23,97,681
2021,Bounds Green,E05013586,9832,3024,4319,86,208,119,1145,26,211,694
2021,Bruce Castle,E05013587,13477,2475,6542,96,139,22,2652,41,445,1065
2021,Crouch End,E05013588,13040,6465,4022,107,141,529,540,35,154,1047
2021,Fortis Green,E05013589,12598,5332,4009,105,146,1122,639,40,151,1054
2021,Harringay,E05013590,14565,5817,5254,155,257,149,1624,34,199,1076
2021,Hermitage & Gardens,E05013591,8439,3125,2931,74,123,162,1100,27,252,645
2021,Highgate (Haringey),E05013592,12766,5406,4323,99,246,945,519,46,140,1042
2021,Hornsey,E05013593,15033,6764,4846,145,178,421,1204,100,293,1082
2021,Muswell Hill,E05013594,8780,3974,2884,68,100,541,329,46,113,725
2021,Noel Park,E05013595,13714,3541,5588,204,239,50,2341,50,459,1242
2021,Northumberland Park,E05013596,14703,2404,7406,90,132,65,2987,44,500,1075
2021,St Ann's (Haringey),E05013597,10592,2986,4323,79,181,67,1757,39,264,896
2021,Seven Sisters,E05013598,9237,2070,3860,99,57,640,1419,15,238,839
2021,South Tottenham,E05013599,16821,3058,5848,109,117,3624,1778,45,484,1758
2021,Stroud Green,E05013600,10790,5486,3261,77,62,200,738,18,200,748
2021,Tottenham Central,E05013601,14739,3854,6717,175,189,50,2185,47,380,1142
2021,Tottenham Hale,E05013602,12174,2868,5596,97,170,35,2194,37,332,845
2021,West Green,E05013603,14966,4027,6200,146,255,105,2668,59,366,1140
2021,White Hart Lane,E05013604,13882,2799,6225,179,199,48,2820,51,536,1025
2021,Woodside (Haringey),E05013605,15245,3998,6888,189,255,85,2213,70,346,1201
2021,Bedfont,E05013606,15148,3165,5988,323,1403,14,2409,899,93,854
2021,Brentford East,E05013607,8692,2247,3455,77,335,14,1772,153,73,566
2021,Brentford West,E05013608,7878,2365,3548,69,178,26,961,111,55,565
2021,Chiswick Gunnersbury,E05013609,12697,4409,5296,151,298,117,1261,85,89,991
2021,Chiswick Homefields,E05013610,13740,4654,6439,116,204,157,836,98,78,1158
2021,Chiswick Riverside,E05013611,10301,3880,4300,92,214,79,760,91,75,810
2021,Cranford,E05013612,16027,1239,6047,186,1574,8,3268,2910,103,692
2021,Feltham North,E05013613,12909,2074,5520,365,1345,10,1867,748,180,800
2021,Feltham West,E05013614,16227,3909,6805,270,1651,18,2034,453,155,932
2021,Hanworth Park,E05013615,10401,2566,4610,234,763,7,1155,343,61,662
2021,Hanworth Village,E05013616,16265,3826,6863,240,891,13,2948,465,86,933
2021,Heston Central,E05013617,14534,1034,4118,148,2090,5,3239,2938,110,852
2021,Heston East,E05013618,11158,795,2848,150,1652,7,2347,2758,116,485
2021,Heston West,E05013619,15730,945,3283,78,1737,4,3936,4996,76,675
2021,Hounslow Central,E05013620,10658,839,4009,167,2322,3,1987,571,117,643
2021,Hounslow East,E05013621,8672,970,3036,193,1305,6,1933,628,68,533
2021,Hounslow Heath,E05013622,16072,1474,5544,192,2428,9,4067,1345,178,835
2021,Hounslow South,E05013623,13748,2396,5872,140,1490,19,1825,1040,107,859
2021,Hounslow West,E05013624,15915,1145,6207,319,2405,7,2832,1996,180,824
2021,Isleworth,E05013625,13799,3619,5900,105,595,46,2169,296,76,993
2021,Osterley & Spring Grove,E05013626,14664,2412,5356,174,1762,19,2328,1538,155,920
2021,Syon & Brentford Lock,E05013627,12949,3540,5225,137,720,34,2097,215,97,884
2021,Barnet Vale,E05013628,16869,4614,7577,149,780,1164,1084,56,204,1241
2021,Brunswick Park,E05013629,16211,3544,7348,138,1054,604,1856,86,364,1217
2021,Burnt Oak,E05013630,21857,3292,10285,429,1466,256,4308,53,197,1571
2021,Childs Hill,E05013631,19629,3920,6004,260,736,4024,2510,44,193,1938
2021,Colindale North,E05013632,12059,2050,5194,229,484,172,2976,36,65,853
2021,Colindale South,E05013633,19413,3771,7208,294,1756,278,4397,87,184,1438
2021,Cricklewood,E05013634,10724,1902,4257,138,254,304,2924,14,70,861
2021,East Barnet,E05013635,18143,4715,8744,124,640,850,1532,52,243,1243
2021,East Finchley,E05013636,16639,5358,6030,137,622,1452,1592,35,196,1217
2021,Edgware (Barnet),E05013637,19996,2144,5760,147,1739,5732,2362,61,533,1518
2021,Edgwarebury,E05013638,12110,1405,3553,149,864,3451,1461,32,238,957
2021,Finchley Church End,E05013639,18840,3523,5145,157,990,5687,1471,90,190,1587
2021,Friern Barnet,E05013640,19449,5304,8013,171,970,819,2320,131,223,1498
2021,Garden Suburb,E05013641,12207,2175,2580,113,346,5022,760,41,115,1055
2021,Golders Green,E05013642,14741,1614,2570,57,446,7358,849,35,75,1737
2021,Hendon (Barnet),E05013643,21980,3046,6492,172,852,7155,2064,42,154,2003
2021,High Barnet,E05013644,11930,3484,5125,74,553,832,765,43,154,900
2021,Mill Hill (Barnet),E05013645,18306,3208,6096,138,961,3880,2326,109,176,1412
2021,Totteridge & Woodside,E05013646,14493,2928,4496,187,1032,2744,1349,134,389,1234
2021,Underhill,E05013647,12368,3357,5907,130,561,331,1023,31,169,859
2021,West Finchley,E05013648,19430,5078,6520,275,1667,1785,1939,190,412,1564
2021,West Hendon,E05013649,17252,2651,6950,232,1589,1084,3215,31,219,1281
2021,Whetstone,E05013650,10774,2445,4692,92,744,980,870,34,165,752
2021,Woodhouse (Barnet),E05013651,13917,3157,5774,160,998,653,1735,56,265,1119
2021,Belsize,E05013652,12301,4461,3887,184,376,1501,541,27,112,1212
2021,Bloomsbury,E05013653,11095,4239,3399,213,323,162,1324,49,131,1255
2021,Camden Square,E05013654,7557,2977,2190,82,52,118,1438,10,62,628
2021,Camden Town,E05013655,6392,2377,1970,48,90,147,1142,13,72,533
2021,Fortune Green,E05013656,11410,3665,3990,118,326,814,1452,30,96,919
2021,Frognal,E05013657,7724,2370,2444,52,283,1124,576,25,83,767
2021,Gospel Oak,E05013658,11616,4085,3974,104,156,388,1860,34,95,920
2021,Hampstead Town,E05013659,8016,3008,2645,93,154,924,258,18,94,822
2021,Haverstock,E05013660,12037,3876,3836,89,141,384,2592,26,92,1001
2021,Highgate (Camden),E05013661,10226,4541,3325,70,42,528,812,13,76,819
2021,Holborn & Covent Garden,E05013662,10359,3493,3340,120,110,112,2134,14,72,964
2021,Kentish Town North,E05013663,7156,3352,2256,56,50,183,599,13,65,582
2021,Kentish Town South,E05013664,10421,4282,3185,83,109,248,1547,10,85,872
2021,Kilburn (Camden),E05013665,12061,3042,4077,117,161,311,3260,27,109,957
2021,King's Cross,E05013666,11464,3874,3067,188,255,147,2696,37,99,1101
2021,Primrose Hill,E05013667,12543,3941,4039,195,350,1122,1578,29,103,1186
2021,Regent's Park (Camden),E05013668,11926,3453,3612,134,154,212,3136,29,97,1099
2021,St Pancras & Somers Town,E05013669,12511,3352,3696,126,157,59,3994,27,59,1041
2021,South Hampstead,E05013670,12165,4279,3506,204,392,908,1560,28,126,1162
2021,West Hampstead,E05013671,11162,4111,3544,135,312,687,1331,23,117,902
2021,Arnos Grove,E05013672,8218,1783,3775,60,382,320,1103,68,230,497
2021,Bowes,E05013673,10791,1875,5086,82,398,75,2143,45,383,704
2021,Brimsdown,E05013674,16250,2913,7201,43,325,30,3709,58,861,1110
2021,Bullsmoor,E05013675,11456,2296,5338,53,196,27,2145,35,631,735
2021,Bush Hill Park,E05013676,12705,2616,6813,38,452,136,1492,64,195,899
2021,Carterhatch,E05013677,12364,2605,4891,51,267,10,2921,29,617,973
2021,Cockfosters,E05013678,10607,2082,4744,104,528,791,1177,49,259,873
2021,Edmonton Green,E05013679,17135,2270,7138,66,357,14,5391,39,801,1059
2021,Enfield Lock,E05013680,17818,3441,8488,65,286,29,3364,49,866,1230
2021,Grange Park,E05013681,9362,2129,5133,56,329,161,754,42,164,594
2021,Haselbury,E05013682,18135,2252,8503,96,696,93,4514,86,631,1264
2021,Highfield (Enfield),E05013683,9249,1576,4101,44,469,79,1886,49,231,814
2021,Jubilee (Enfield),E05013684,16546,2215,7104,48,543,29,4724,91,664,1128
2021,Lower Edmonton,E05013685,16554,2281,7561,58,563,18,4344,45,649,1035
2021,New Southgate,E05013686,11908,3335,5086,51,471,138,1510,34,298,985
2021,Oakwood (Enfield),E05013687,8750,1725,4082,82,622,295,1010,47,260,627
2021,Palmers Green,E05013688,11012,2902,5347,56,240,205,1244,26,157,835
2021,Ponders End,E05013689,13681,1825,5319,24,244,19,4948,34,437,831
2021,Ridgeway (Enfield),E05013690,12535,3324,6456,88,346,367,949,31,168,806
2021,Southbury,E05013691,15913,3868,7607,121,510,62,2336,29,291,1089
2021,Southgate (Enfield),E05013692,14515,3418,6590,103,652,429,1778,100,317,1128
2021,Town (Enfield),E05013693,13517,3665,7237,111,275,81,1040,28,179,901
2021,Upper Edmonton,E05013694,16727,2222,6873,117,590,20,5001,42,672,1190
2021,Whitewebbs,E05013695,13843,4089,6942,49,196,99,1159,16,288,1005
2021,Winchmore Hill,E05013696,10399,2532,5599,50,294,184,838,67,103,732
2021,Arsenal,E05013697,13125,5543,4347,110,127,122,1581,32,175,1088
2021,Barnsbury,E05013698,11710,5176,4362,108,89,155,821,36,84,879
2021,Bunhill,E05013699,11164,4295,3964,100,224,132,1244,37,156,1012
2021,Caledonian,E05013700,11579,4095,4206,152,128,38,1894,28,171,867
2021,Canonbury,E05013701,12666,5205,4760,74,84,136,1134,26,230,1017
2021,Clerkenwell,E05013702,10954,4465,3918,79,123,116,1156,27,109,961
2021,Finsbury Park,E05013703,14651,5062,4703,128,85,101,3099,25,230,1218
2021,Highbury,E05013704,13808,6292,4488,108,99,263,1324,51,156,1027
2021,Hillrise,E05013705,14970,5708,5435,126,115,295,1822,40,288,1141
2021,Holloway,E05013706,12740,5229,4233,111,222,126,1650,30,172,967
2021,Junction,E05013707,12855,5445,4398,102,197,263,1282,27,160,981
2021,Laycock,E05013708,12441,4774,4485,106,119,137,1640,48,141,991
2021,Mildmay,E05013709,14266,6154,4825,88,81,154,1624,52,239,1049
2021,St Mary's & St James' (Islington),E05013710,11885,5171,4232,99,113,148,1034,35,155,898
2021,St Peter's & Canalside,E05013711,11621,4574,3948,108,162,141,1617,45,133,893
2021,Tollington,E05013712,13765,5746,4648,104,126,153,1808,34,168,978
2021,Tufnell Park,E05013713,12396,5531,4177,110,100,233,1112,33,166,934
2021,Bellingham (Lewisham),E05013714,11662,3123,6072,116,370,16,1020,25,72,848
2021,Blackheath (Lewisham),E05013715,16428,6610,6811,172,276,53,936,45,155,1370
2021,Brockley,E05013716,17498,8097,6146,176,289,82,1136,22,180,1370
2021,Catford South,E05013717,17258,4435,8715,132,758,25,1603,82,109,1399
2021,Crofton Park,E05013718,15427,7404,5673,85,180,56,765,28,116,1120
2021,Deptford,E05013719,16999,5843,7256,430,228,48,1662,32,174,1326
2021,Downham,E05013720,18357,5353,9541,99,674,17,1329,45,102,1197
2021,Evelyn,E05013721,14435,4727,6353,281,196,23,1587,30,78,1160
2021,Forest Hill,E05013722,15174,6775,5888,150,221,73,795,33,140,1099
2021,Grove Park,E05013723,15731,5107,7670,135,476,27,969,43,89,1215
2021,Hither Green,E05013724,20149,6409,9726,140,688,43,1435,50,130,1528
2021,Ladywell,E05013725,15575,6445,6054,216,349,56,1036,23,157,1239
2021,Lee Green,E05013726,15015,6096,6389,140,338,51,853,27,84,1037
2021,Lewisham Central,E05013727,8198,3086,3237,178,350,29,576,19,64,659
2021,New Cross Gate,E05013728,11077,3521,4886,154,112,28,1516,15,66,779
2021,Perry Vale,E05013729,18659,7766,7914,122,220,73,1040,79,135,1310
2021,Rushey Green,E05013730,19019,6020,9257,184,387,25,1558,54,170,1364
2021,Sydenham,E05013731,16975,6473,7455,148,248,51,1158,45,107,1290
2021,Telegraph Hill,E05013732,16911,7089,6663,212,101,47,1287,25,137,1350
2021,Addison,E05013733,7718,2503,3376,89,77,66,878,26,77,626
2021,Avonmore,E05013734,7530,2303,3197,87,152,54,915,27,43,752
2021,Brook Green,E05013735,8250,2644,3726,71,112,93,726,30,62,786
2021,College Park & Old Oak,E05013736,9983,2594,4392,104,171,43,1724,52,92,811
2021,Coningham,E05013737,10581,3420,4509,79,95,72,1425,27,87,867
2021,Fulham Reach,E05013738,12166,3912,5814,112,259,61,839,30,72,1067
2021,Fulham Town,E05013739,7391,2454,3741,42,68,55,386,6,47,592
2021,Grove,E05013740,7248,2575,3259,78,103,72,523,32,45,561
2021,Hammersmith Broadway,E05013741,7849,2519,3218,124,102,36,1056,6,48,740
2021,Lillie,E05013742,6712,2005,3012,69,69,42,891,7,41,576
2021,Munster,E05013743,12136,4104,6106,63,110,104,598,23,58,970
2021,Palace & Hurlingham,E05013744,11172,3192,6050,73,87,98,679,19,73,901
2021,Parsons Green & Sandford,E05013745,7728,2251,3969,52,78,115,500,25,48,690
2021,Ravenscourt,E05013746,6932,2325,3059,96,108,49,661,11,62,561
2021,Sands End,E05013747,11132,3294,5187,87,139,64,1376,21,76,888
2021,Shepherd's Bush Green,E05013748,5573,1529,2374,52,50,14,1011,11,59,473
2021,Walham Green,E05013749,7951,2409,3741,96,55,33,872,11,33,701
2021,Wendell Park,E05013750,7420,2330,3428,57,88,57,869,23,43,525
2021,West Kensington,E05013751,9308,2981,4002,106,97,28,1272,21,37,764
2021,White City,E05013752,10393,2469,4197,132,95,44,2565,9,49,833
2021,Wormholt,E05013753,7985,2246,3315,54,93,30,1524,34,74,615
2021,Beddington,E05013754,11068,3332,5069,80,1081,15,779,34,74,604
2021,Belmont (Sutton),E05013755,11863,3610,5060,62,1097,39,1119,39,108,729
2021,Carshalton Central,E05013756,11537,4165,5666,72,398,27,400,14,61,734
2021,Carshalton South & Clockhouse,E05013757,9960,3436,4791,72,653,17,380,15,34,562
2021,Cheam,E05013758,10809,3079,5166,67,891,33,789,40,35,709
2021,Hackbridge,E05013759,6579,2378,2799,38,382,7,525,8,56,386
2021,North Cheam,E05013760,11164,3425,5250,135,1033,9,625,18,39,630
2021,St Helier East,E05013761,8556,3137,3818,66,389,5,551,9,61,520
2021,St Helier West,E05013762,12177,4259,5388,158,703,25,932,13,55,644
2021,South Beddington & Roundshaw,E05013763,10911,3114,4735,115,1227,20,859,63,125,653
2021,Stonecot,E05013764,8279,2295,3866,62,806,6,730,12,48,454
2021,Sutton Central,E05013765,12565,4219,5339,133,679,26,1262,18,94,795
2021,Sutton North,E05013766,11294,3224,5418,114,830,17,933,23,46,689
2021,Sutton South,E05013767,12245,3727,5382,129,939,36,1145,15,90,782
2021,Sutton West & East Cheam,E05013768,10908,3521,4907,148,794,23,712,16,66,721
2021,The Wrythe,E05013769,10938,3965,5202,80,407,17,602,17,60,588
2021,Wallington North,E05013770,12236,4229,5679,69,638,23,750,17,71,760
2021,Wallington South,E05013771,11049,3500,5006,115,827,18,832,21,52,678
2021,Worcester Park North,E05013772,8424,2856,3858,60,463,23,544,22,36,562
2021,Worcester Park South,E05013773,7071,2300,3561,47,423,17,267,33,36,387
2021,Barnes (Richmond upon Thames),E05013774,10427,3386,5222,82,159,129,425,57,82,885
2021,East Sheen,E05013775,10672,3955,5229,98,138,147,296,17,76,716
2021,Fulwell & Hampton Hill,E05013776,10722,4474,4907,54,127,34,300,78,59,689
2021,"Ham, Petersham & Richmond Riverside",E05013777,10828,4156,4603,104,177,84,707,42,73,882
2021,Hampton (Richmond upon Thames),E05013778,10295,4042,4798,65,209,28,329,126,49,649
2021,Hampton North,E05013779,9716,3497,4542,95,260,37,478,136,56,615
2021,Hampton Wick & South Teddington,E05013780,10755,4730,4590,66,175,53,299,37,59,746
2021,Heathfield,E05013781,10413,2604,4350,99,732,24,1343,587,79,595
2021,Kew (Richmond upon Thames),E05013782,11838,4323,5351,124,214,95,595,79,93,964
2021,Mortlake & Barnes Common,E05013783,12034,4528,5654,109,104,121,485,48,67,918
2021,North Richmond,E05013784,10627,4142,4672,104,237,78,414,62,77,841
2021,St Margarets & North Twickenham,E05013785,11945,4880,5256,112,238,69,372,87,60,871
2021,South Richmond,E05013786,11081,4286,4876,93,249,139,367,57,86,928
2021,South Twickenham,E05013787,10629,4353,4966,60,149,32,252,62,53,702
2021,Teddington,E05013788,10562,4467,4893,69,87,44,217,45,59,681
2021,Twickenham Riverside,E05013789,10991,4721,4672,67,115,82,380,53,110,791
2021,West Twickenham,E05013790,11306,4465,4971,94,294,40,502,151,62,727
2021,Whitton (Richmond upon Thames),E05013791,10438,3065,5004,103,522,25,730,264,72,653
2021,Abbey Road,E05013792,13044,3381,4238,200,530,1302,1866,37,123,1367
2021,Bayswater,E05013793,12367,4061,5059,126,184,287,1272,24,73,1281
2021,Church Street,E05013794,11672,1741,3106,97,99,54,5672,12,57,834
2021,Harrow Road,E05013795,11381,2645,4596,107,118,109,2808,10,77,911
2021,Hyde Park,E05013796,10318,2456,3120,277,319,256,2658,42,98,1092
2021,Knightsbridge & Belgravia,E05013797,11030,2664,4944,141,243,296,1508,49,110,1075
2021,Lancaster Gate,E05013798,10950,3549,3990,170,193,189,1524,31,109,1195
2021,Little Venice,E05013799,10365,2585,3640,113,188,440,2191,20,59,1129
2021,Maida Vale,E05013800,11659,3120,4197,104,184,317,2425,32,121,1159
2021,Marylebone,E05013801,12156,3545,4494,174,348,585,1520,44,147,1299
2021,Pimlico North,E05013802,10317,2992,4548,111,163,146,1285,36,88,948
2021,Pimlico South,E05013803,10691,2622,4706,116,115,80,2114,18,75,845
2021,Queen's Park (Westminster),E05013804,12754,2690,4880,106,73,88,3854,7,75,981
2021,Regent's Park (Westminster),E05013805,11611,3146,3795,161,765,804,1604,59,193,1084
2021,St James's (Westminster),E05013806,10363,3606,4038,230,206,155,1037,30,84,977
2021,Vincent Square,E05013807,10329,2783,4528,129,158,92,1699,18,69,853
2021,West End (Westminster),E05013808,11544,3245,4544,134,476,335,1488,88,106,1128
2021,Westbourne (Westminster),E05013809,11688,2103,3824,104,94,92,4350,17,81,1023
2021,Abbey (Merton),E05013810,10534,3837,4402,105,414,44,847,24,80,781
2021,Cannon Hill,E05013811,9788,2735,4888,93,532,15,819,25,59,622
2021,Colliers Wood,E05013812,11560,3975,4655,85,669,28,1188,43,71,846
2021,Cricket Green,E05013813,11714,2572,5679,81,774,18,1593,20,78,899
2021,Figge's Marsh,E05013814,11807,2234,5694,104,1245,20,1685,32,43,750
2021,Graveney,E05013815,11835,2544,5254,59,1313,14,1726,35,59,831
2021,Hillside (Merton),E05013816,8242,2871,3820,111,296,56,382,8,52,646
2021,Lavender Fields,E05013817,11367,2892,5373,100,780,22,1303,47,41,809
2021,Longthornton,E05013818,11903,2185,6164,63,793,13,1688,71,55,871
2021,Lower Morden,E05013819,11341,3140,5738,107,626,20,989,4,63,654
2021,Merton Park,E05013820,8294,2288,3864,86,394,35,1026,21,39,541
2021,Pollards Hill,E05013821,11645,2220,6188,41,619,13,1720,46,60,738
2021,Ravensbury,E05013822,9481,2276,4439,89,757,12,1177,36,54,641
2021,Raynes Park,E05013823,12301,4257,5732,130,419,61,655,46,94,907
2021,St Helier,E05013824,11312,2963,4880,207,727,16,1821,15,45,638
2021,Village (Merton),E05013825,11804,3513,5968,111,412,157,580,33,74,956
2021,Wandle (Merton),E05013826,5600,2116,2459,18,201,14,366,1,22,403
2021,West Barnes,E05013827,10611,2717,5473,98,848,26,707,27,62,653
2021,Wimbledon Park,E05013828,11073,3875,5168,86,260,89,813,35,56,691
2021,Wimbledon Town & Dundonald,E05013829,12967,5016,5481,125,532,77,588,45,95,1008
2021,Garforth & Swillington,E05013830,20885,8179,11294,51,50,35,108,20,87,1061
2021,Temple Newsam,E05013831,22488,8784,11763,66,61,24,540,58,56,1136
2021,Bowerhill,E05013832,4341,1887,2116,14,11,1,8,0,12,292
2021,Melksham East,E05013833,5235,2592,2238,6,13,4,55,1,18,308
2021,Pewsey,E05013834,4879,1798,2713,17,0,6,15,1,30,299
2021,Pewsey Vale West,E05013835,5082,1730,2933,30,8,9,8,0,49,315
2021,St Austell Poltair & Mount Charles,E05013836,6970,3578,2862,22,8,7,11,0,29,453
2021,Altarnun & Stoke Climsland,E05013837,6783,2607,3569,16,2,4,5,0,54,526
2021,"Crowan, Sithney & Wendron",E05013838,6804,3151,3145,11,2,7,4,0,60,424
2021,Falmouth Boslowick,E05013839,6370,2918,2907,12,10,6,9,4,22,482
2021,Falmouth Trescobeas & Budock,E05013840,5972,2801,2647,20,6,20,22,2,54,400
2021,Helston North,E05013841,6453,2715,3244,9,3,6,14,0,30,432
2021,Illogan & Portreath,E05013842,6532,3089,2972,20,8,7,9,0,43,384
2021,"Lanner, Stithians & Gwennap",E05013843,6695,3072,3127,24,3,8,12,1,41,407
2021,Launceston North & North Petherwin,E05013844,6942,2911,3388,10,2,8,37,4,58,524
2021,"Long Rock, Marazion & St Erth",E05013845,6903,3217,3171,31,3,9,8,2,47,415
2021,Mevagissey & St Austell Bay,E05013846,5165,2103,2661,17,5,9,3,1,46,320
2021,Newquay Trenance,E05013847,7337,3698,3042,29,10,8,25,0,47,478
2021,Penryn,E05013848,7865,4421,2663,46,9,6,38,3,85,594
2021,Perranporth,E05013849,6324,3102,2677,24,6,7,27,0,36,445
2021,Probus & St Erme,E05013850,6700,3021,3205,10,3,1,9,1,54,396
2021,"Redruth Central, Carharrack & St Day",E05013851,6564,3039,3032,18,2,7,13,11,46,396
2021,St Agnes (Cornwall),E05013852,6595,3295,2744,35,2,9,5,1,49,455
2021,St Austell Bethel & Holmbush,E05013853,6804,2898,3338,11,8,5,3,2,41,498
2021,St Austell Central & Gover,E05013854,7095,3390,3145,22,9,11,18,2,33,465
2021,St Columb Minor & Colan,E05013855,5954,2989,2485,22,6,9,3,0,46,394
2021,St Dennis & St Enoder,E05013856,7962,3928,3411,12,6,2,9,1,70,523
2021,"St Ives East, Lelant & Carbis Bay",E05013857,6191,2421,3314,15,3,4,22,1,28,383
2021,St Ives West & Towednack,E05013858,5996,2946,2542,51,7,3,7,6,57,377
2021,St Mewan & Grampound,E05013859,5582,2283,2937,19,0,2,6,1,25,309
2021,"St Newlyn East, Cubert & Goonhavern",E05013860,6609,3105,2983,33,3,6,4,0,36,439
2021,Threemilestone & Chacewater,E05013861,5219,2293,2523,18,6,6,1,0,39,333
2021,Bothal,E05013862,4903,1964,2653,15,6,4,16,2,21,222
2021,Pegswood,E05013863,5857,2369,3182,19,3,4,19,4,13,244
2021,Abbey (Reading),E05013864,10153,3112,3538,227,1264,11,984,78,116,823
2021,Battle,E05013865,11443,3221,4634,386,640,18,1634,54,110,746
2021,Caversham,E05013866,11410,5221,4506,60,226,41,471,20,63,802
2021,Caversham Heights,E05013867,9528,3907,4289,36,288,36,251,41,43,637
2021,Church (Reading),E05013868,12161,4481,4517,352,499,8,1416,82,94,712
2021,Coley,E05013869,11031,3644,4193,181,830,26,1284,50,93,730
2021,Emmer Green,E05013870,9562,3873,4311,76,269,24,344,78,41,546
2021,Katesgrove,E05013871,11933,3819,4727,337,843,16,1121,80,100,890
2021,Kentwood,E05013872,9250,3743,4004,97,199,22,472,56,39,618
2021,Norcot,E05013873,11417,4192,4958,155,294,16,955,77,62,708
2021,Park (Reading),E05013874,11444,3445,3603,324,878,16,2106,157,98,817
2021,Redlands,E05013875,14715,5805,4987,212,615,36,1214,145,122,1579
2021,Southcote,E05013876,10985,3700,4999,85,433,25,859,85,69,730
2021,Thames (Reading),E05013877,7808,3021,2581,103,666,6,753,49,62,567
2021,Tilehurst,E05013878,9872,3937,4576,81,211,20,398,55,61,533
2021,Whitley,E05013879,11505,4166,4564,171,603,9,1218,86,64,624
2021,Longstanton,E05013880,7198,3301,2940,51,159,9,197,22,47,472
2021,Over & Willingham,E05013881,7239,3525,3148,19,23,18,58,9,26,413
2021,Cann Hall (Waltham Forest),E05013882,16320,3612,7156,96,275,42,3735,102,196,1106
2021,Cathall,E05013883,10483,2528,4422,63,152,34,2429,49,83,723
2021,Chapel End,E05013884,13613,4116,5338,63,335,61,2658,26,105,911
2021,Chingford Green,E05013885,11401,3309,5885,40,125,114,971,43,124,790
2021,Endlebury,E05013886,9320,2377,4634,45,179,82,1149,43,151,660
2021,Forest (Waltham Forest),E05013887,17253,3741,5596,120,251,34,6186,102,124,1099
2021,Grove Green,E05013888,14749,4396,5536,98,236,44,3119,122,49,1149
2021,Hale End & Highams Park South,E05013889,9818,3196,4056,53,153,68,1488,53,77,674
2021,Hatch Lane & Highams Park North,E05013890,12952,4193,6034,64,187,128,1219,48,169,910
2021,High Street (Waltham Forest),E05013891,11565,3575,3782,97,228,42,2856,31,113,841
2021,Higham Hill,E05013892,14311,3708,5585,90,366,46,3328,50,160,978
2021,Hoe Street,E05013893,14278,4867,4994,98,186,43,3141,35,99,815
2021,Larkswood,E05013894,13538,3327,6208,97,275,71,2285,59,291,925
2021,Lea Bridge (Waltham Forest),E05013895,15526,3654,5484,141,246,47,4673,68,135,1078
2021,Leyton,E05013896,13111,3096,4960,89,200,43,3687,79,120,837
2021,Leytonstone,E05013897,12238,4010,4241,138,164,69,2547,115,82,872
2021,Markhouse,E05013898,9274,2105,2827,54,155,35,3337,31,58,672
2021,St James (Waltham Forest),E05013899,11745,4350,3681,71,178,57,1981,39,121,1267
2021,Upper Walthamstow,E05013900,8194,2307,3355,38,156,56,1644,29,63,546
2021,Valley (Waltham Forest),E05013901,14082,2922,6688,116,292,47,2698,56,293,970
2021,William Morris,E05013902,15058,5132,4809,97,697,59,3122,72,108,962
2021,Wood Street,E05013903,9593,3218,3355,67,118,50,1902,32,88,763
2021,Beckton,E05013904,16150,2692,7830,149,401,13,3561,112,115,1277
2021,Boleyn,E05013905,15107,1464,4664,71,882,21,6945,208,50,802
2021,Canning Town North,E05013906,10573,2018,4783,94,225,17,2652,76,39,669
2021,Canning Town South,E05013907,7123,1693,3058,72,275,7,1428,58,42,490
2021,Custom House,E05013908,17657,3250,9370,149,343,16,3256,72,69,1132
2021,East Ham,E05013909,15132,1030,4177,63,1726,6,6946,265,27,892
2021,East Ham South,E05013910,18516,2005,6991,75,859,22,7247,186,67,1064
2021,Forest Gate North,E05013911,10989,2208,4467,35,289,28,3045,135,69,713
2021,Forest Gate South,E05013912,17775,2557,5724,100,600,26,7214,340,97,1117
2021,Green Street East,E05013913,16973,807,2968,32,2491,4,8768,879,65,959
2021,Green Street West,E05013914,15792,762,2808,45,2010,8,8423,514,93,1129
2021,Little Ilford,E05013915,17547,1071,4667,37,1098,15,9101,547,65,946
2021,Manor Park (Newham),E05013916,15832,1299,4003,26,967,12,8184,423,79,839
2021,Maryland,E05013917,12454,2443,5332,123,326,20,3133,69,94,914
2021,Plaistow North,E05013918,18290,1810,6217,130,710,17,7945,200,99,1162
2021,Plaistow South,E05013919,13173,1677,5970,85,333,5,4157,95,54,797
2021,Plaistow West & Canning Town East,E05013920,16695,2696,7780,101,249,13,4581,125,86,1064
2021,Plashet,E05013921,11617,422,1869,28,1571,1,6458,362,36,870
2021,Royal Albert,E05013922,9307,1825,4419,66,358,22,1906,59,46,606
2021,Royal Victoria,E05013923,14538,4205,5346,156,1235,36,2059,236,132,1133
2021,Stratford,E05013924,15744,4509,5717,159,712,36,3062,93,135,1321
2021,Stratford Olympic Park,E05013925,11859,4803,3255,131,388,67,2121,74,73,947
2021,Wall End,E05013926,16501,977,5048,75,2909,12,6045,435,50,950
2021,West Ham,E05013927,15700,2572,7281,162,449,25,3911,79,83,1138
2021,Alexandra (Kingston upon Thames),E05013928,6412,1957,2891,56,458,29,443,58,39,481
2021,Berrylands,E05013929,6111,2269,2880,21,215,55,210,43,39,379
2021,Canbury Gardens,E05013930,8265,3206,3234,123,283,47,612,67,56,637
2021,Chessington South & Malden Rushett,E05013931,9488,3690,4367,63,315,18,408,57,53,517
2021,Coombe Hill,E05013932,7420,1770,3075,99,382,85,1229,63,62,655
2021,Coombe Vale,E05013933,10456,3121,4598,100,757,53,887,118,63,759
2021,Green Lane & St James,E05013934,7051,1843,3147,81,588,32,778,58,59,465
2021,Hook & Chessington North,E05013935,11111,3773,5571,80,363,11,567,54,40,652
2021,King George's & Sunray,E05013936,5606,1518,2549,38,493,11,524,48,29,396
2021,Kingston Gate,E05013937,10824,4235,4347,108,292,42,800,132,77,791
2021,Kingston Town,E05013938,10288,4413,3658,109,293,45,696,88,125,861
2021,Motspur Park & Old Malden East,E05013939,6989,1723,3275,98,619,10,787,45,52,380
2021,New Malden Village,E05013940,9583,3009,4318,98,610,31,784,70,35,628
2021,Norbiton,E05013941,11189,3892,4359,143,535,30,1314,159,38,719
2021,Old Malden,E05013942,6697,1596,3124,54,509,17,869,81,42,405
2021,St Mark's & Seething Wells,E05013943,11809,5115,4387,134,244,70,571,70,131,1087
2021,Surbiton Hill,E05013944,10635,4184,4283,122,345,61,587,79,82,892
2021,Tolworth,E05013945,11190,3790,4608,112,856,22,952,90,51,709
2021,Tudor (Kingston upon Thames),E05013946,6944,2540,2996,91,301,23,350,48,44,551
2021,Batchwood,E05013947,7746,3035,3334,32,83,62,633,12,35,520
2021,Bernards Heath,E05013948,8152,3482,3385,48,150,74,414,33,52,514
2021,Clarence,E05013949,8181,3602,3241,25,95,77,564,31,43,503
2021,Colney Heath,E05013950,2764,1036,1393,15,25,41,86,9,13,146
2021,Cunningham,E05013951,8019,2740,3345,75,201,54,1031,15,33,525
2021,Harpenden East,E05013952,7878,2930,4117,29,82,51,148,26,23,472
2021,Harpenden North & Rural,E05013953,8185,3006,4249,21,124,52,147,53,17,516
2021,Harpenden South,E05013954,7256,2567,3934,27,117,49,103,41,24,394
2021,Harpenden West,E05013955,8104,2791,4425,33,111,63,114,46,35,486
2021,Hill End,E05013956,7589,2998,3405,48,195,68,312,27,41,495
2021,London Colney,E05013957,8070,2614,3734,57,209,175,749,17,26,489
2021,Marshalswick East & Jersey Farm,E05013958,7353,2748,3596,48,175,52,221,35,41,437
2021,Marshalswick West,E05013959,5118,1978,2445,31,112,62,159,22,34,275
2021,Park Street,E05013960,8169,2678,3855,43,215,502,307,35,51,483
2021,Redbourn,E05013961,5700,2057,3170,15,70,30,72,8,12,266
2021,Sandridge & Wheathampstead,E05013962,7971,3150,3979,21,64,71,134,12,35,505
2021,Sopwell,E05013963,7710,2783,3105,54,105,69,1024,28,45,497
2021,St Peters (St Albans),E05013964,8443,3741,3457,51,135,71,336,17,44,591
2021,St Stephen (St Albans),E05013965,8218,2463,4079,28,358,506,225,36,55,468
2021,Verulam,E05013966,7539,2620,3999,34,118,106,132,33,51,446
2021,Beam Park,E05013967,4883,1573,2286,13,69,8,663,29,21,221
2021,Cranham,E05013968,12987,3965,7751,47,146,50,238,101,55,634
2021,Elm Park,E05013969,16647,5205,8663,67,350,37,1112,165,76,972
2021,Emerson Park,E05013970,9534,2315,4649,48,614,36,632,770,20,450
2021,Gooshays,E05013971,17781,6490,8625,62,439,70,862,158,98,977
2021,Hacton,E05013972,8489,2667,4673,24,206,37,234,87,53,508
2021,Harold Wood,E05013973,13808,4806,6815,73,387,57,593,238,44,795
2021,Havering-atte-Bower,E05013974,16375,5369,8160,48,271,280,1021,239,64,923
2021,Heaton (Havering),E05013975,17212,5729,8840,85,253,63,1141,114,93,894
2021,Hylands & Harrow Lodge,E05013976,13758,3975,7642,27,324,58,669,285,41,737
2021,Marshalls & Rise Park,E05013977,12954,3149,7314,53,400,113,807,382,62,674
2021,Mawneys,E05013978,14479,4307,7308,62,324,151,1127,335,58,807
2021,Rainham & Wennington,E05013979,13567,4028,7059,38,258,24,994,378,45,743
2021,Rush Green & Crowlands,E05013980,16022,4129,7824,118,516,34,2091,298,59,953
2021,St Alban's,E05013981,8737,2816,4059,35,201,33,854,95,45,599
2021,St Andrew's (Havering),E05013982,14654,4735,8167,60,252,52,413,109,47,819
2021,St Edward's,E05013983,10423,3037,5291,71,343,45,806,139,38,653
2021,South Hornchurch,E05013984,10885,3359,5597,46,211,15,895,104,39,619
2021,Squirrels Heath,E05013985,15518,4845,7725,69,736,92,770,379,67,835
2021,Upminster,E05013986,13348,3735,8317,50,156,52,214,93,34,697
2021,Beckenham Town & Copers Cope,E05013987,16364,6219,7722,117,401,103,555,50,98,1099
2021,Bickley & Sundridge,E05013988,17765,6184,8650,127,736,64,521,97,88,1298
2021,Biggin Hill,E05013989,10815,4490,5498,23,26,21,64,16,32,645
2021,Bromley Common & Holwood,E05013990,18779,7203,8974,121,486,37,619,70,87,1182
2021,Bromley Town,E05013991,15400,5748,6912,156,670,20,680,32,107,1075
2021,Chelsfield,E05013992,11233,3965,5320,77,855,27,191,73,55,670
2021,Chislehurst,E05013993,15570,5270,8026,68,406,64,570,85,68,1013
2021,Clock House,E05013994,17358,7613,7415,103,195,52,628,34,100,1218
2021,Crystal Palace & Anerley,E05013995,12029,4823,5119,105,126,51,701,19,134,951
2021,Darwin,E05013996,5769,2136,3099,17,97,12,72,13,19,304
2021,Farnborough & Crofton,E05013997,17705,5940,9080,95,1015,44,379,62,57,1033
2021,Hayes & Coney Hall,E05013998,15906,6004,8148,73,300,34,300,19,46,982
2021,Kelsey & Eden Park,E05013999,15463,5539,7781,58,336,77,520,37,104,1011
2021,Mottingham,E05014000,11488,4248,5604,83,270,18,468,40,72,685
2021,Orpington,E05014001,11963,4050,5891,111,597,20,418,40,46,790
2021,Penge & Cator,E05014002,18912,7667,7932,169,252,53,1276,52,137,1374
2021,Petts Wood & Knoll,E05014003,17261,6051,8832,131,734,52,316,69,107,969
2021,Plaistow,E05014004,13478,4627,6706,115,373,33,575,70,70,909
2021,Shortlands & Park Langley,E05014005,16213,6030,7754,89,573,80,537,66,55,1029
2021,St Mary Cray,E05014006,18436,6997,9033,124,473,33,571,51,64,1090
2021,St Paul's Cray,E05014007,17315,6981,8189,95,328,23,562,48,98,991
2021,West Wickham,E05014008,14768,5162,7767,45,394,49,352,22,59,918
2021,Balham,E05014009,17707,7563,7237,78,440,219,921,31,83,1135
2021,Battersea Park,E05014010,19173,5705,9100,137,191,109,2155,30,135,1611
2021,East Putney,E05014011,16919,6548,6982,149,299,104,1433,63,93,1248
2021,Falconbrook,E05014012,11983,3590,5200,94,132,24,1926,49,107,861
2021,Furzedown,E05014013,18053,5970,7331,83,571,55,2630,77,106,1230
2021,Lavender,E05014014,13452,5961,5746,78,144,72,449,21,56,925
2021,Nine Elms,E05014015,5393,2240,1785,56,101,24,710,24,44,409
2021,Northcote,E05014016,12863,5062,6145,56,152,85,415,35,51,862
2021,Roehampton,E05014017,18848,5202,8037,190,207,110,3553,69,120,1360
2021,St Mary's (Wandsworth),E05014018,14180,5407,6161,71,233,72,1046,46,104,1040
2021,Shaftesbury & Queenstown,E05014019,15183,5375,6641,115,106,42,1689,26,75,1114
2021,South Balham,E05014020,9829,4238,4055,39,151,57,603,27,41,618
2021,Southfields,E05014021,12659,4815,5744,77,238,87,732,32,74,860
2021,Thamesfield,E05014022,16717,6536,7649,131,185,133,684,42,88,1269
2021,Tooting Bec,E05014023,17028,6177,5898,72,1057,36,2405,103,84,1196
2021,Tooting Broadway,E05014024,17218,6091,6036,118,873,35,2663,70,105,1227
2021,Trinity (Wandsworth),E05014025,11185,4754,4666,92,212,64,523,41,70,763
2021,Wandle (Wandsworth),E05014026,10584,3797,4750,41,169,20,1078,18,35,676
2021,Wandsworth Common,E05014027,16595,6154,7598,137,236,81,1166,54,91,1078
2021,Wandsworth Town,E05014028,18210,7202,7935,129,173,57,1356,32,97,1229
2021,West Hill (Wandsworth),E05014029,16815,4842,6981,222,303,80,2838,18,118,1413
2021,West Putney,E05014030,16910,5316,7979,112,244,188,1544,59,93,1375
2021,Cambourne,E05014031,12352,5403,4726,78,549,22,715,31,65,763
2021,Caxton & Papworth,E05014032,6405,2776,3063,33,61,14,58,23,20,357
2021,Balderstone & Kirkholt,E05014033,11475,3318,5398,25,37,2,2056,7,44,588
2021,Bamford,E05014034,10429,2412,4943,13,104,11,2457,2,21,466
2021,Castleton,E05014035,10460,3323,4915,9,43,13,1578,18,35,526
2021,Central Rochdale,E05014036,12836,1472,2494,10,65,7,8307,6,32,443
2021,East Middleton,E05014037,11124,3600,6507,27,25,5,316,8,33,603
2021,Healey,E05014038,10761,3127,4725,33,55,12,2312,3,34,460
2021,Hopwood Hall,E05014039,10850,3480,6380,25,49,9,375,16,23,493
2021,Kingsway (Rochdale),E05014040,11857,2386,3862,5,28,13,5016,8,16,523
2021,Littleborough Lakeside,E05014041,9373,3737,5035,18,9,6,59,11,53,445
2021,Milkstone & Deeplish,E05014042,12211,951,1861,8,12,0,8840,31,15,493
2021,Milnrow & Newhey,E05014043,10580,4126,5785,10,16,16,96,2,36,493
2021,Norden (Rochdale),E05014044,9734,2875,5500,16,10,22,828,1,31,451
2021,North Heywood,E05014045,11363,4229,6010,34,11,5,457,5,45,567
2021,North Middleton,E05014046,11984,4015,7042,11,22,25,296,12,35,526
2021,Smallbridge & Firgrove,E05014047,12308,3645,4122,32,21,6,3876,7,41,558
2021,South Middleton,E05014048,11306,2858,7424,22,36,27,373,21,29,516
2021,Spotland & Falinge,E05014049,12148,3143,4314,49,15,9,3955,16,44,603
2021,"Wardle, Shore & West Littleborough",E05014050,10338,3712,5765,15,13,5,285,1,36,506
2021,West Heywood,E05014051,12127,4496,6753,9,8,12,221,10,34,584
2021,West Middleton,E05014052,10506,3444,6006,25,33,14,420,6,36,522
2021,Abbey (Barking and Dagenham),E05014053,3954,362,1335,27,742,2,1081,168,21,216
2021,Alibon,E05014054,10029,2277,5192,26,154,8,1686,59,23,604
2021,Barking Riverside,E05014055,9954,1677,4840,45,214,4,2525,83,44,522
2021,Beam,E05014056,8611,1427,4678,31,142,11,1650,150,36,486
2021,Becontree,E05014057,9801,1681,4007,41,287,13,2811,348,50,563
2021,Chadwell Heath,E05014058,14086,2641,6104,47,567,36,3325,552,67,747
2021,Eastbrook & Rush Green,E05014059,8649,2275,4454,37,190,17,1073,104,23,476
2021,Eastbury,E05014060,15600,3053,7263,58,309,20,3767,226,53,851
2021,Gascoigne,E05014061,10831,1464,4461,63,320,20,3713,192,34,564
2021,Goresbrook,E05014062,13070,3099,6905,69,162,15,2071,40,32,677
2021,Heath (Barking and Dagenham),E05014063,8994,2125,4560,33,184,1,1530,56,43,462
2021,Longbridge,E05014064,13307,1159,3511,43,463,10,6858,538,35,690
2021,Mayesbrook,E05014065,15922,3310,7759,62,347,16,3254,166,101,907
2021,Northbury,E05014066,13081,1330,4892,39,581,7,5103,353,47,729
2021,Parsloes,E05014067,15251,3694,7677,30,256,18,2533,93,97,853
2021,Thames View,E05014068,6006,1007,2626,23,75,7,1817,87,24,340
2021,Valence,E05014069,15483,3869,6639,64,363,23,3186,401,72,866
2021,Village (Barking and Dagenham),E05014070,12537,2682,6561,42,188,15,2128,97,87,737
2021,Whalebone,E05014071,13706,2059,5878,45,1054,27,3277,574,92,700
2021,Abbey Wood,E05014072,17686,4339,9153,295,722,22,1639,351,74,1091
2021,Blackheath Westcombe,E05014073,15037,6676,6090,120,294,53,527,116,137,1024
2021,Charlton Hornfair,E05014074,12309,4404,5090,169,649,39,891,154,77,836
2021,Charlton Village & Riverside,E05014075,10515,3639,4246,121,338,22,1230,162,57,700
2021,East Greenwich,E05014076,14480,5984,5809,180,378,64,888,60,94,1023
2021,Eltham Page,E05014077,9749,3521,4451,138,156,10,769,45,45,614
2021,Eltham Park & Progress,E05014078,10768,4274,5206,72,146,26,311,42,44,647
2021,Eltham Town & Avery Hill,E05014079,15535,5455,7773,106,307,32,801,82,56,923
2021,Greenwich Creekside,E05014080,11000,4372,4062,171,354,22,949,34,111,925
2021,Greenwich Park,E05014081,10556,4486,4256,173,215,41,484,35,102,764
2021,Greenwich Peninsula,E05014082,11421,4553,4002,168,702,29,962,126,79,800
2021,Kidbrooke Park,E05014083,10089,3139,4663,173,347,31,823,129,79,705
2021,Kidbrooke Village & Sutcliffe,E05014084,6105,2337,2548,73,205,17,419,30,37,439
2021,Middle Park & Horn Park,E05014085,9515,3297,4577,81,257,16,642,37,51,557
2021,"Mottingham, Coldharbour & New Eltham",E05014086,14531,5150,6972,110,394,31,804,94,52,924
2021,Plumstead & Glyndon,E05014087,21971,4541,8343,1095,2730,19,3003,591,202,1447
2021,Plumstead Common,E05014088,15171,4542,7092,245,791,8,1037,474,84,898
2021,Shooters Hill,E05014089,11891,3436,5694,205,386,12,1186,123,61,788
2021,Thamesmead Moorings,E05014090,12452,2820,7440,153,134,9,1126,57,33,680
2021,West Thamesmead,E05014091,11815,2715,6248,153,282,28,1443,50,69,827
2021,Woolwich Arsenal,E05014092,12098,4080,4870,266,542,42,1314,90,99,795
2021,Woolwich Common,E05014093,12685,3538,5197,320,906,10,1691,288,102,633
2021,Woolwich Dockyard,E05014094,11691,2913,5331,445,414,20,1773,63,57,675
2021,Brixton Acre Lane,E05014095,15252,7153,5785,119,84,88,821,20,106,1076
2021,Brixton North,E05014096,16325,4808,7806,129,50,51,1948,10,167,1356
2021,Brixton Rush Common,E05014097,14932,5768,6525,145,64,49,1104,20,123,1134
2021,Brixton Windrush,E05014098,9481,3457,4130,130,25,49,938,13,69,670
2021,Clapham Common & Abbeville,E05014099,10017,4372,4310,31,120,96,342,24,70,652
2021,Clapham East,E05014100,9845,4025,3991,70,86,37,799,9,61,767
2021,Clapham Park,E05014101,12715,4465,5671,103,103,47,1146,12,105,1063
2021,Clapham Town,E05014102,15904,6871,6793,78,108,66,743,39,93,1113
2021,Gipsy Hill,E05014103,10259,4035,4323,65,77,37,783,17,79,843
2021,Herne Hill & Loughborough Junction,E05014104,16156,6858,6384,111,138,53,1283,30,119,1180
2021,Kennington (Lambeth),E05014105,14601,4984,6974,126,113,57,1281,15,92,959
2021,Knight's Hill,E05014106,16907,5997,7717,105,202,65,1152,29,145,1495
2021,Myatt's Fields,E05014107,10932,3693,5051,92,43,38,1061,14,71,869
2021,Oval,E05014108,12441,4855,5370,142,86,65,839,20,78,986
2021,St Martin's (Lambeth),E05014109,10843,3656,5335,89,77,17,845,18,71,735
2021,Stockwell East,E05014110,10746,4398,4580,82,47,39,743,22,84,751
2021,Stockwell West & Larkhall,E05014111,16331,5051,7944,128,70,59,1780,19,112,1168
2021,Streatham Common & Vale,E05014112,17660,4827,8388,74,494,45,2247,37,101,1447
2021,Streatham Hill East,E05014113,9876,3724,4203,44,77,41,882,10,78,817
2021,Streatham Hill West & Thornton,E05014114,10889,4790,4429,68,125,66,527,25,69,790
2021,Streatham St Leonard's,E05014115,15815,5647,6868,60,326,65,1653,49,113,1034
2021,Streatham Wells,E05014116,9756,3621,4163,92,118,33,894,13,89,733
2021,Vauxhall (Lambeth),E05014117,9738,3634,3847,141,173,67,905,25,79,867
2021,Waterloo & South Bank,E05014118,8856,3404,3541,125,235,58,681,22,72,718
2021,West Dulwich,E05014119,11386,5033,4583,84,148,58,473,14,103,890
2021,Billinge & Seneley Green,E05014120,10462,2549,7367,22,9,6,24,5,27,453
2021,Blackbrook (St. Helens),E05014121,10594,3116,6833,26,14,1,55,0,32,517
2021,Bold & Lea Green,E05014122,11994,4080,7198,23,27,1,73,0,36,556
2021,Eccleston,E05014123,10400,2404,7349,17,48,4,37,4,18,519
2021,Haydock,E05014124,10842,3058,7059,45,24,5,96,4,27,524
2021,Moss Bank,E05014125,10836,3190,7052,26,20,2,47,0,28,471
2021,Newton-le-Willows East,E05014126,12570,4514,7250,32,20,6,98,8,44,598
2021,Newton-le-Willows West,E05014127,12792,4796,7079,19,40,3,174,6,67,608
2021,Parr,E05014128,12807,5171,6784,35,52,4,114,7,58,582
2021,Peasley Cross & Fingerpost,E05014129,3329,1321,1749,15,17,2,34,0,16,175
2021,Rainford,E05014130,7846,1722,5686,8,15,0,43,2,30,340
2021,Rainhill,E05014131,11428,2834,7770,50,78,6,81,1,35,573
2021,St Helens Town Centre,E05014132,7927,2932,4299,58,46,6,111,2,42,431
2021,Sutton North West,E05014133,7054,2271,4344,29,0,6,36,2,25,341
2021,Sutton South East,E05014134,6596,2098,4070,14,1,2,44,0,30,337
2021,Thatto Heath,E05014135,13247,4063,8174,39,139,4,160,5,57,606
2021,West Park (St. Helens),E05014136,11572,3789,7141,24,14,2,59,8,39,496
2021,Windle,E05014137,10955,3276,7002,18,34,3,53,0,42,527
2021,Alverstoke,E05014138,6313,2511,3409,33,8,4,15,0,29,304
2021,Anglesey (Gosport),E05014139,5342,2127,2797,13,4,3,32,4,33,329
2021,Bridgemary,E05014140,5728,2816,2498,13,9,2,48,1,32,309
2021,Brockhurst & Privett,E05014141,5126,2446,2322,18,10,3,23,0,37,267
2021,Elson,E05014142,6022,3053,2553,9,12,0,26,4,40,325
2021,Forton,E05014143,5792,3313,2079,8,19,0,39,0,59,275
2021,Grange & Alver Valley,E05014144,7405,4386,2413,25,40,9,64,0,67,401
2021,Harbourside & Town,E05014145,4910,2450,2075,40,10,4,55,3,25,248
2021,Hardway,E05014146,6266,3203,2623,12,28,1,23,4,43,329
2021,Lee East,E05014147,5916,2707,2879,18,9,2,33,5,22,241
2021,Lee West,E05014148,5193,1927,2976,14,4,3,9,2,22,236
2021,Leesland & Newtown,E05014149,6700,3390,2817,39,30,3,41,2,44,334
2021,Peel Common,E05014150,5547,2470,2714,7,19,3,25,0,37,272
2021,Rowner & Holbrook,E05014151,5689,2862,2402,26,23,0,22,1,31,322
2021,Besses,E05014152,11076,3837,5700,35,50,283,597,43,27,504
2021,Bury East,E05014153,13311,3358,4957,53,99,33,4178,14,39,580
2021,Bury West,E05014154,10949,3169,6515,26,55,59,563,38,48,476
2021,Elton,E05014155,11557,3738,6424,27,21,45,680,10,27,585
2021,Holyrood,E05014156,11196,3664,5595,34,60,419,856,43,33,492
2021,Moorside (Bury),E05014157,11964,3471,5331,35,45,39,2463,8,28,544
2021,North Manor,E05014158,9744,2857,6256,10,15,49,92,4,30,431
2021,Pilkington Park,E05014159,9886,2332,3990,13,120,2194,612,84,22,519
2021,Radcliffe East,E05014160,11279,3987,5781,49,25,91,733,28,54,531
2021,Radcliffe North & Ainsworth,E05014161,12020,3809,7197,32,61,87,270,8,43,513
2021,Radcliffe West,E05014162,11617,4215,5597,19,35,520,540,21,55,615
2021,Ramsbottom,E05014163,11683,4229,6400,19,21,76,279,4,51,604
2021,Redvales,E05014164,11717,2669,4456,31,42,87,3827,13,37,555
2021,Sedgley (Bury),E05014165,13467,2033,3152,28,57,5117,1831,123,52,1074
2021,St. Mary's (Bury),E05014166,11279,3635,5081,41,80,938,810,96,38,560
2021,Tottington,E05014167,10066,3150,6219,23,11,60,119,6,40,438
2021,Unsworth,E05014168,11033,2852,6018,33,80,633,793,32,22,570
2021,Duxford,E05014169,4009,1824,1823,15,26,7,26,0,14,274
2021,Sawston,E05014170,7271,3027,3447,37,117,17,101,10,26,489
2021,Aspatria,E05014171,5349,1761,3206,9,2,2,5,0,18,346
2021,Belah,E05014172,6656,2461,3744,24,27,2,57,0,21,320
2021,Belle Vue (Carlisle),E05014173,6899,2909,3468,16,9,1,30,0,13,453
2021,Botcherby,E05014174,6589,2675,3411,23,12,7,56,4,29,372
2021,Bothel and Wharrels,E05014175,4908,1793,2797,38,1,6,5,0,16,252
2021,Brampton (Carlisle),E05014176,5544,2026,3154,15,7,2,21,5,30,284
2021,Bransty,E05014177,5074,1412,3364,4,4,1,47,1,27,214
2021,Castle (Carlisle),E05014178,5574,2425,2428,47,39,4,172,0,56,403
2021,Cleator Moor East and Frizington,E05014179,5284,1622,3369,10,2,1,7,0,22,251
2021,Cleator Moor West,E05014180,5850,1416,4112,5,12,2,15,4,16,268
2021,Cockermouth North,E05014181,6504,2290,3709,16,18,2,50,0,35,384
2021,Cockermouth South,E05014182,6059,2178,3504,5,20,4,15,1,13,319
2021,Corby and Hayton,E05014183,4784,1680,2781,12,4,5,21,0,25,256
2021,Currock,E05014184,6182,2675,2817,51,107,2,117,2,37,374
2021,Dalston and Burgh,E05014185,7801,2748,4603,18,16,0,30,2,11,373
2021,Dearham and Broughton,E05014186,6052,2023,3620,11,0,4,7,0,20,367
2021,Denton Holme,E05014187,6561,3089,2913,31,23,4,76,2,24,399
2021,Egremont,E05014188,5794,1792,3667,12,6,2,7,2,14,292
2021,Egremont North and St Bees,E05014189,5551,1628,3599,8,2,0,10,0,12,292
2021,Gosforth (Copeland),E05014190,5834,1832,3605,33,4,4,9,2,20,325
2021,Harraby North,E05014191,6552,2985,3080,10,11,3,44,0,11,408
2021,Harraby South,E05014192,5870,2365,3087,18,22,1,59,8,19,291
2021,Harrington,E05014193,6705,2218,4055,6,3,1,11,0,25,386
2021,Hillcrest and Hensingham,E05014194,5533,1304,3937,13,2,2,33,0,13,229
2021,Houghton and Irthington,E05014195,5242,1487,3409,13,24,1,14,3,15,276
2021,Howgate,E05014196,5687,1627,3678,5,4,2,9,1,21,340
2021,Kells and Sandwith,E05014197,6341,1816,4056,16,5,2,62,1,26,357
2021,Keswick,E05014198,5202,1932,2836,26,10,1,12,0,21,364
2021,Longtown,E05014199,5063,1752,2976,9,2,1,10,1,17,295
2021,Maryport North,E05014200,6119,1753,3931,13,1,2,16,3,22,378
2021,Maryport South,E05014201,6586,2384,3792,4,2,0,12,0,11,381
2021,Millom,E05014202,5691,1804,3502,5,4,0,5,0,21,350
2021,Millom Without,E05014203,4961,1528,3056,30,0,0,19,2,35,291
2021,Mirehouse,E05014204,5481,1408,3700,7,2,1,56,0,14,293
2021,Morton (Carlisle),E05014205,5976,2503,3079,19,14,4,41,0,24,292
2021,Moss Bay and Moorclose,E05014206,6906,2501,3970,11,3,4,25,2,14,376
2021,St John's and Great Clifton,E05014207,6457,1751,4234,15,3,1,10,4,21,418
2021,St Michael's (Allerdale),E05014208,5371,1913,3067,26,1,0,32,4,20,308
2021,Seaton (Allerdale),E05014209,6563,1933,4228,10,0,4,12,7,22,347
2021,Solway Coast,E05014210,5306,1748,3196,11,3,1,5,0,10,332
2021,Stanwix Urban,E05014211,5661,2070,3114,7,16,3,50,1,18,382
2021,Thursby,E05014212,5224,1633,3241,10,1,2,3,1,15,318
2021,Upperby,E05014213,6279,2746,3105,10,5,1,37,0,31,344
2021,Wetheral,E05014214,7161,2415,4286,15,13,2,25,0,21,384
2021,Wigton,E05014215,6847,2254,4162,7,2,2,9,0,20,391
2021,Yewdale,E05014216,5630,2046,3234,4,9,1,13,2,12,309
2021,Alston and Fellside,E05014217,6437,2308,3643,25,1,7,3,0,39,411
2021,Appleby and Brough,E05014218,5983,1927,3688,12,1,7,19,3,34,292
2021,Bowness and Lyth,E05014219,3837,1316,2256,19,1,6,14,1,23,201
2021,Burton and Holme,E05014220,3476,1228,1968,9,2,0,10,0,20,239
2021,Coniston and Hawkshead,E05014221,3179,1153,1759,19,6,4,4,0,20,214
2021,Dalton North,E05014222,5938,2107,3473,6,9,3,8,4,6,322
2021,Dalton South,E05014223,5976,2174,3402,12,7,2,8,0,25,346
2021,Eamont and Shap,E05014224,4214,1438,2490,5,0,4,0,2,20,255
2021,Eden and Lyvennet Vale,E05014225,5656,1995,3306,12,1,1,2,1,20,318
2021,Grange and Cartmel,E05014226,10430,3411,6309,43,4,6,14,0,27,616
2021,Greystoke and Ullswater,E05014227,4239,1456,2424,20,1,1,23,0,15,299
2021,Hawcoat and Newbarns,E05014228,10869,3477,6570,26,59,3,100,10,32,592
2021,Hesket and Lazonby,E05014229,6252,2095,3741,17,1,2,11,0,25,360
2021,High Furness,E05014230,3769,1392,2142,7,1,3,1,0,20,203
2021,Kendal Castle,E05014231,6057,2237,3343,15,1,2,11,1,23,424
2021,Kendal Highgate,E05014232,5946,2607,2847,28,4,8,44,0,32,376
2021,Kendal Nether,E05014233,6507,2709,3310,27,3,3,15,4,25,411
2021,Kendal South,E05014234,6314,2212,3564,28,14,5,30,0,33,428
2021,Kendal Strickland and Fell,E05014235,6629,3143,2963,27,12,4,25,1,38,416
2021,Kent Estuary,E05014236,6219,2250,3506,32,1,6,13,0,21,390
2021,Kirkby Stephen and Tebay,E05014237,4971,1680,2866,18,2,0,28,0,31,346
2021,Levens and Crooklands,E05014238,3846,1338,2270,8,0,1,13,0,8,208
2021,Low Furness,E05014239,4202,1348,2543,30,0,3,4,0,22,252
2021,Old Barrow and Hindpool,E05014240,12158,5802,5306,42,25,6,108,7,78,784
2021,Ormsgill and Parkside,E05014241,11163,4758,5614,31,13,2,47,3,53,642
2021,Penrith North,E05014242,7570,2565,4448,10,4,5,54,0,31,453
2021,Penrith South,E05014243,9415,3351,5377,26,22,3,63,0,30,543
2021,Risedale and Roosecote,E05014244,10781,4413,5663,24,2,2,35,2,30,610
2021,Sedbergh and Kirkby Lonsdale,E05014245,8012,2826,4565,34,2,6,11,0,31,537
2021,Ulverston,E05014246,11824,4700,6203,164,11,13,38,0,43,652
2021,Upper Kent,E05014247,4019,1589,2099,17,4,8,7,0,16,279
2021,Walney Island,E05014248,10520,4050,5787,25,2,1,16,0,24,615
2021,Windermere and Ambleside,E05014249,10184,3643,5661,41,10,13,20,2,60,734
2021,Aire Valley,E05014250,6346,2751,3186,17,5,3,22,5,21,336
2021,Aiskew & Leeming,E05014251,6118,2253,3494,10,10,8,9,1,19,314
2021,Amotherby & Ampleforth,E05014252,5585,1692,3513,18,5,2,8,0,18,329
2021,Appleton Roebuck & Church Fenton,E05014253,6152,2200,3581,3,10,6,2,17,16,317
2021,Barlby & Riccall,E05014254,6017,2576,3029,15,2,5,12,2,31,345
2021,Bedale,E05014255,6234,1967,3881,6,4,0,15,0,34,327
2021,Bentham & Ingleton,E05014256,7423,2750,4158,11,4,4,12,2,39,443
2021,Bilton Grange & New Park,E05014257,7904,3309,3988,23,22,15,47,4,31,465
2021,Bilton & Nidd Gorge,E05014258,7364,2650,4188,11,14,7,48,1,32,413
2021,Boroughbridge & Claro,E05014259,7552,2579,4446,13,19,12,22,3,27,431
2021,Brayton & Barlow,E05014260,6346,2144,3807,7,6,2,12,4,12,352
2021,Camblesforth & Carlton,E05014261,6102,2287,3393,17,2,3,11,12,30,347
2021,Castle (Scarborough),E05014262,8313,3992,3558,67,17,5,140,2,66,466
2021,Catterick Village & Brompton-on-Swale,E05014263,6606,2343,3839,22,17,4,8,0,31,342
2021,Cawood & Escrick,E05014264,5801,2113,3269,4,22,0,21,6,32,334
2021,Cayton,E05014265,4367,1588,2505,9,2,1,5,0,12,245
2021,Cliffe & North Duffield,E05014266,5507,2073,3090,2,0,3,8,0,20,311
2021,Coppice Valley & Duchy,E05014267,7152,2746,3814,19,16,35,58,16,30,418
2021,Danby & Mulgrave,E05014268,4899,1640,2908,16,1,3,8,0,27,296
2021,Derwent Valley & Moor,E05014269,5243,1727,3105,11,6,1,20,0,15,358
2021,Easingwold,E05014270,6788,2332,3974,11,6,10,9,2,33,411
2021,Eastfield,E05014271,7178,3741,2899,14,13,3,32,0,14,462
2021,Esk Valley & Coast,E05014272,6699,2346,3863,24,4,5,8,1,40,408
2021,Fairfax & Starbeck,E05014273,8219,3523,3962,36,33,11,106,1,33,514
2021,Falsgrave & Stepney,E05014274,8253,3559,3949,21,23,1,76,3,45,576
2021,Filey,E05014275,7082,2605,3972,17,4,5,10,0,36,433
2021,Great Ayton,E05014276,5485,1681,3466,14,4,2,7,0,21,290
2021,"Glusburn, Cross Hills & Sutton-in-Craven",E05014277,8124,3389,4252,10,14,5,15,6,31,402
2021,Harlow & St. Georges,E05014278,8394,3299,4405,36,33,6,62,16,27,510
2021,High Harrogate & Kingsley,E05014279,8287,3425,4123,32,37,15,95,1,37,522
2021,Hipswell & Colburn,E05014280,9899,4362,4399,161,321,3,46,6,103,498
2021,Helmsley & Sinnington,E05014281,5116,1524,3256,13,1,3,7,1,26,285
2021,Hillside & Raskelf,E05014282,6608,1961,4195,20,2,1,3,3,23,400
2021,Huby & Tollerton,E05014283,6812,2312,3973,20,4,3,17,6,20,457
2021,Hutton Rudby & Osmotherley,E05014285,5941,1809,3753,21,7,4,12,5,11,319
2021,"Killinghall, Hampsthwaite & Saltergate",E05014286,9900,3570,4788,22,22,6,50,1,25,1416
2021,Kirkbymoorside & Dales,E05014287,6345,2240,3709,9,3,3,0,4,30,347
2021,Knaresborough East,E05014288,8081,3213,4300,16,13,19,30,4,26,460
2021,Knaresborough West,E05014289,7867,2807,4469,21,12,16,18,4,36,484
2021,Leyburn & Middleham,E05014290,5417,1799,3308,12,3,2,3,2,15,273
2021,Malton,E05014291,6320,2347,3535,11,0,2,63,2,22,338
2021,Masham & Fountains,E05014292,7538,2318,4742,19,1,13,19,2,31,393
2021,Monk Fryston & South Milford,E05014293,8789,3371,4910,26,7,9,24,7,34,401
2021,Mid Craven,E05014294,5245,1787,3085,7,7,9,14,0,24,312
2021,Morton-on-Swale & Appleton Wiske,E05014295,6351,1866,4143,7,7,14,8,3,25,278
2021,Newby,E05014296,6287,2289,3568,21,6,7,41,0,20,335
2021,North Richmondshire,E05014297,7497,2276,4768,15,2,3,18,3,43,369
2021,Northallerton North & Brompton,E05014298,6758,2556,3757,14,1,0,42,1,14,373
2021,Northallerton South,E05014299,6669,2853,3371,10,9,2,39,1,27,357
2021,Norton (Ryedale),E05014300,8185,2938,4624,19,3,5,32,0,51,513
2021,Northstead,E05014301,7387,3233,3570,21,7,4,90,1,50,411
2021,Oatlands & Pannal,E05014302,7921,2628,4701,23,18,39,42,11,21,438
2021,Osgoldcross,E05014303,6405,2427,3562,8,10,1,13,4,30,350
2021,Ouseburn (Harrogate),E05014304,6479,2147,3816,56,35,7,26,2,24,366
2021,Pateley Bridge & Nidderdale,E05014305,5545,1926,3184,19,9,10,12,8,36,341
2021,Pickering (Ryedale),E05014306,7256,2539,4154,15,2,5,20,1,35,485
2021,Richmond (Richmondshire),E05014307,8077,2910,4690,18,6,2,21,4,31,395
2021,Ripon Minster & Moorside,E05014308,8104,2878,4575,20,22,5,35,4,35,530
2021,Ripon Ure Bank & Spa,E05014309,8486,3002,4745,49,45,9,50,1,44,541
2021,Romanby,E05014310,5886,1831,3703,13,12,2,23,0,19,283
2021,Scalby & the Coast,E05014311,5734,1882,3486,16,14,1,44,1,29,261
2021,Scotton & Lower Wensleydale,E05014312,7083,2399,3642,241,383,4,15,6,100,293
2021,Seamer,E05014313,4694,1644,2764,12,1,2,4,0,14,253
2021,Selby East,E05014314,8352,3757,3940,40,16,10,58,8,25,498
2021,Selby West,E05014315,10085,3930,5372,23,12,4,43,17,55,629
2021,Settle & Penyghent,E05014316,5627,1875,3278,14,7,4,10,3,19,417
2021,Sherburn in Elmet,E05014317,8570,3629,4470,18,13,5,10,9,24,392
2021,Sheriff Hutton & Derwent,E05014318,6808,2364,3908,20,7,6,27,3,21,452
2021,Skipton East & South,E05014319,7289,3032,3707,30,33,6,44,4,35,398
2021,Skipton North & Embsay-with-Eastby,E05014320,5650,2293,2957,9,9,2,47,0,30,303
2021,Skipton West & West Craven,E05014321,6320,2399,3094,19,18,5,454,8,37,286
2021,Sowerby & Topcliffe,E05014322,7789,2921,4381,28,22,3,10,1,20,403
2021,Spofforth with Lower Wharfedale & Tockwith,E05014323,6353,2061,3874,13,3,36,17,6,25,318
2021,"Stray, Woodlands & Hookstone",E05014324,8076,2504,4962,26,38,23,38,18,36,431
2021,Stokesley,E05014325,6180,1991,3810,12,3,5,24,3,16,316
2021,Tadcaster,E05014326,7511,2733,4333,12,13,8,11,12,35,354
2021,Thirsk,E05014327,7074,2581,3951,14,2,2,30,4,42,448
2021,Thornton Dale & Wolds,E05014328,7056,2315,4238,14,5,2,6,0,31,445
2021,Thorpe Willoughby & Hambleton,E05014329,6361,2481,3607,8,6,8,2,2,24,223
2021,Upper Dales,E05014330,5198,1714,3091,11,1,2,5,0,35,339
2021,Valley Gardens & Central Harrogate,E05014331,8347,3482,4078,50,34,41,86,9,51,516
2021,Washburn & Birstwith,E05014332,6547,2068,4024,19,9,25,10,8,32,352
2021,Wathvale & Bishop Monkton,E05014333,8548,2806,5170,38,18,9,30,1,33,443
2021,Weaponness & Ramshill,E05014334,7560,2904,3944,36,19,4,71,1,62,519
2021,Wharfedale (Craven),E05014335,4903,1624,2926,13,1,10,5,1,20,303
2021,Whitby Streonshalh,E05014336,5679,2390,2857,17,3,2,23,0,33,354
2021,Whitby West,E05014337,7450,2682,4255,23,1,2,38,0,42,407
2021,Woodlands (Scarborough),E05014338,7447,3048,3683,21,29,9,99,1,29,528
2021,Bishop's Hull & Taunton West,E05014339,10959,4625,5315,46,111,10,109,3,62,678
2021,Blackdown & Neroche,E05014340,10906,4380,5673,20,7,7,51,3,43,722
2021,Blackmoor Vale,E05014341,9205,3379,5163,36,7,12,3,3,42,560
2021,Brent (Sedgemoor),E05014342,10096,3939,5445,20,14,4,34,8,40,592
2021,Bridgwater East & Bawdrip,E05014343,12291,5173,6150,26,34,10,73,6,83,736
2021,Bridgwater North & Central,E05014344,11083,5210,4871,38,11,3,97,0,50,803
2021,Bridgwater South,E05014345,12018,5625,5282,39,28,5,113,9,70,847
2021,Bridgwater West,E05014346,11199,4936,5413,15,3,3,73,7,61,688
2021,Brympton,E05014347,9422,3959,4658,41,14,4,66,1,46,633
2021,Burnham on Sea North,E05014348,9803,3496,5442,39,11,8,59,17,69,662
2021,Cannington,E05014349,9332,3514,5154,14,1,4,14,0,61,570
2021,Castle Cary,E05014350,10546,3963,5787,24,2,11,37,1,71,650
2021,Chard North,E05014351,10683,4540,5327,28,7,5,27,4,66,679
2021,Chard South,E05014352,8731,3574,4536,21,4,3,24,0,51,518
2021,Cheddar,E05014353,9363,4071,4571,36,16,7,9,1,49,603
2021,Coker,E05014354,9417,3422,5304,30,7,12,17,6,51,568
2021,Comeytrowe & Trull,E05014355,10060,3532,5583,40,70,2,84,4,41,704
2021,Crewkerne,E05014356,8999,3481,4831,21,12,5,16,0,57,576
2021,Curry Rivel & Langport,E05014357,10753,4083,5767,34,13,6,37,0,65,748
2021,Dulverton & Exmoor,E05014358,7928,2702,4570,19,9,9,14,3,43,559
2021,Dunster,E05014359,8734,3602,4473,27,5,8,8,1,64,546
2021,Frome East,E05014360,13128,6724,5304,75,15,22,28,3,111,846
2021,Frome North,E05014361,9658,4151,4664,41,12,16,31,3,66,674
2021,Frome West,E05014362,10559,5558,4004,49,12,9,28,1,127,771
2021,Glastonbury,E05014363,8980,3878,3629,129,28,6,39,2,462,807
2021,Highbridge & Burnham South,E05014364,10044,4242,4960,28,12,2,55,9,71,665
2021,Huntspill,E05014365,9828,3927,5225,13,6,5,19,2,56,575
2021,Ilminster,E05014366,10477,4043,5687,35,11,10,7,3,46,635
2021,King Alfred,E05014367,9829,3841,5339,21,3,6,12,1,51,555
2021,Lydeard,E05014368,10936,4896,5178,47,27,1,47,3,62,675
2021,Martock,E05014369,10553,4253,5538,22,33,7,36,0,83,581
2021,Mendip Central and East,E05014370,9484,4053,4621,50,8,20,12,1,68,651
2021,Mendip Hills,E05014371,9865,4043,5054,23,9,16,16,2,72,630
2021,Mendip South,E05014372,9270,3653,4802,36,11,18,14,2,89,645
2021,Mendip West,E05014373,10127,4163,5169,39,15,10,9,2,82,638
2021,Minehead,E05014374,8642,3256,4535,45,5,6,16,2,61,716
2021,Monkton & North Curry,E05014375,12893,5457,6491,23,23,13,33,6,52,795
2021,North Petherton,E05014376,10458,4523,5238,23,15,8,41,2,35,573
2021,Rowbarton & Staplegrove,E05014377,10502,4746,4870,22,13,14,64,8,74,691
2021,Shepton Mallet,E05014378,11172,4729,5479,51,7,11,44,1,79,771
2021,Somerton,E05014379,10295,3873,5710,26,16,4,17,3,76,570
2021,South Petherton & Islemoor,E05014380,10422,3906,5727,32,7,7,19,0,51,673
2021,Street,E05014381,12706,5578,5899,39,36,8,90,8,120,928
2021,Taunton East,E05014382,12017,5611,5234,53,85,13,211,9,74,727
2021,Taunton North,E05014383,10497,4848,4795,25,20,5,88,7,51,658
2021,Taunton South,E05014384,11284,4830,5438,51,32,7,78,11,43,794
2021,Upper Tone,E05014385,9412,3792,4894,29,4,8,17,1,53,614
2021,Watchet & Stogursey,E05014386,9636,3920,4929,37,12,5,32,2,84,615
2021,Wellington (Somerset West and Taunton),E05014387,13040,5839,6144,33,5,9,68,4,87,851
2021,Wells (Mendip),E05014388,11145,4256,5860,70,21,16,28,2,133,759
2021,Wincanton & Bruton,E05014389,11791,4682,6054,39,16,16,37,5,77,865
2021,Yeovil Central,E05014390,11041,4154,5779,39,105,10,163,4,44,743
2021,Yeovil East,E05014391,11599,5240,5435,22,20,1,86,0,49,746
2021,Yeovil South,E05014392,10330,3902,5454,30,48,2,92,3,54,745
2021,Yeovil West,E05014393,8398,3489,4215,24,22,3,55,0,39,551
2021,Hunmanby & Sherburn (part Ryedale),E05R14284,2034,751,1163,4,2,1,1,0,2,110
2021,Hunmanby & Sherburn (part Scarborough),E05S14284,4468,1621,2509,10,0,1,6,0,16,305
2021,Isles of Scilly (Local Authority),E06000053,2054,950,967,3,1,1,0,0,7,125
2021,City of London (Local Authority),E09000001,8582,3763,2976,95,203,177,540,6,55,767
2021,Bishopston,W05001039,3223,1280,1677,15,8,2,15,1,15,210
2021,Bon-y-maen,W05001040,7407,3998,2738,14,15,2,150,13,24,453
2021,Castle (Swansea),W05001041,13192,5685,4257,105,141,17,1713,54,128,1092
2021,Clydach,W05001042,8495,4198,3639,19,9,5,56,22,36,511
2021,Cockett,W05001043,10406,5167,4103,27,29,4,458,24,44,550
2021,Cwmbwrla,W05001044,7527,3696,3160,15,40,28,158,1,22,407
2021,Dunvant and Killay,W05001045,9203,3871,4287,32,37,8,199,9,48,712
2021,Fairwood,W05001046,2776,1306,1249,4,15,1,26,0,12,163
2021,Gorseinon and Penyrheol,W05001047,10637,5482,4494,22,14,3,61,5,39,517
2021,Gower,W05001048,2932,1193,1498,11,5,3,7,1,13,201
2021,Gowerton,W05001049,4946,2224,2342,15,6,0,44,1,16,298
2021,Landore,W05001050,7268,3288,2393,28,53,2,712,25,31,736
2021,Llangyfelach,W05001051,2673,1143,1365,8,2,2,3,0,13,137
2021,Llansamlet,W05001052,14897,7619,6062,31,49,4,106,27,60,939
2021,Llwchwr,W05001053,9252,4160,4402,23,3,5,53,3,43,560
2021,Mayals,W05001054,2565,887,1391,23,29,2,54,2,13,164
2021,Morriston,W05001055,16029,7521,6988,54,93,3,261,29,73,1007
2021,Mumbles,W05001056,7809,3131,4072,24,9,10,46,13,39,465
2021,Mynydd-bach,W05001057,8947,4233,3908,54,8,4,104,17,44,575
2021,Pen-clawdd,W05001058,3552,1517,1793,6,3,0,2,9,17,205
2021,Penderry,W05001059,11487,6325,3882,29,16,6,431,18,36,744
2021,Penllergaer,W05001060,3581,1657,1580,11,63,0,61,7,8,194
2021,Pennard,W05001061,3113,1165,1676,11,2,3,5,1,19,231
2021,Pontarddulais,W05001062,6849,3453,2966,13,7,2,24,1,25,358
2021,Pontlliew and Tircoed,W05001063,2497,1101,1221,7,5,0,15,0,3,145
2021,Sketty,W05001064,14777,5979,6394,82,116,19,887,22,81,1197
2021,St Thomas (Swansea),W05001065,6930,3351,2678,34,59,1,250,10,34,513
2021,Townhill,W05001066,8836,5047,2458,46,26,10,614,8,41,586
2021,Uplands,W05001067,14023,7149,4536,90,98,9,772,14,123,1232
2021,Waterfront,W05001068,3600,1719,1207,43,41,1,287,4,31,267
2021,Waunarlwydd,W05001069,3338,1586,1421,24,0,2,41,0,19,245
2021,West Cross,W05001070,5725,2557,2654,22,9,1,82,6,26,368
2021,Aberaman,W05001071,10012,5492,3825,16,13,3,64,1,34,564
2021,Abercynon,W05001072,6378,3717,2256,10,11,2,30,8,20,324
2021,Aberdare East,W05001073,6868,3442,2950,38,15,0,32,7,40,344
2021,Aberdare West and Llwydcoed,W05001074,9642,4248,4814,20,6,4,16,4,45,485
2021,Beddau and Tyn-y-nant,W05001075,7504,4503,2528,15,8,7,20,11,32,380
2021,Brynna and Llanharan,W05001076,9215,5107,3467,26,9,1,73,28,39,465
2021,Church Village,W05001077,6898,3723,2705,5,10,6,50,11,19,369
2021,Cilfynydd,W05001078,2939,1743,984,2,3,2,28,4,12,161
2021,Cwm Clydach,W05001079,2777,1801,785,4,1,0,4,9,13,160
2021,Cwmbach,W05001080,5112,2508,2261,8,19,0,37,0,13,266
2021,Cymer,W05001081,5743,3546,1738,4,8,2,15,0,42,388
2021,Ferndale and Maerdy,W05001082,7143,4448,2135,12,2,3,18,4,63,458
2021,Gilfach-goch,W05001083,3338,2181,927,4,4,0,13,12,15,182
2021,Glyn-coch,W05001084,2914,1797,887,8,4,2,26,7,11,172
2021,Graig and Pontypridd West,W05001085,6955,3910,2373,25,24,2,49,16,56,500
2021,Hawthorn and Lower Rhydfelen,W05001086,2307,1232,881,11,8,2,19,2,4,148
2021,"Hirwaun, Penderyn and Rhigos",W05001087,6204,2823,2930,14,13,2,20,1,23,378
2021,Llanharry,W05001088,3751,2178,1329,8,7,0,11,3,17,198
2021,Llantrisant and Talbot Green,W05001089,6771,3206,3098,12,30,1,34,5,27,358
2021,Llantwit Fardre,W05001090,6194,3128,2648,12,26,2,44,5,16,313
2021,Llwyn-y-pia,W05001091,3409,2132,1043,5,7,0,19,6,14,183
2021,Mountain Ash,W05001092,7249,3901,2833,13,13,0,29,1,21,438
2021,Penrhiw-ceibr,W05001093,5749,3284,1960,12,3,1,26,2,38,423
2021,Pentre,W05001094,5300,3117,1798,9,1,0,48,1,15,311
2021,Pen-y-graig,W05001095,5346,3320,1588,13,5,2,33,0,23,362
2021,Pen-y-waun,W05001096,2974,1829,964,1,1,1,9,1,12,156
2021,Pontyclun Central,W05001097,2016,932,945,1,5,0,3,3,10,117
2021,Pontyclun East,W05001098,2858,1188,1452,4,10,0,34,9,9,152
2021,Pontyclun West,W05001099,3200,1454,1493,12,14,0,17,13,14,183
2021,Pontypridd Town,W05001100,2910,1417,1221,24,15,0,23,3,14,193
2021,Porth,W05001101,5669,3267,1952,5,27,5,39,4,32,338
2021,Rhydfelen Central,W05001102,2732,1685,838,12,6,0,4,0,13,174
2021,Taff's Well,W05001103,3548,1946,1326,21,14,3,10,0,27,201
2021,Ton-teg,W05001104,3053,1384,1427,10,6,1,28,0,11,186
2021,Tonypandy,W05001105,3560,2149,1135,7,2,5,47,0,2,213
2021,Tonyrefail East,W05001106,6054,3666,2030,9,10,3,13,5,25,293
2021,Tonyrefail West,W05001107,6835,3973,2282,21,6,3,20,14,31,485
2021,Trallwng,W05001108,3651,1982,1394,5,6,0,19,1,23,221
2021,Trealaw,W05001109,3556,2202,1113,3,4,1,7,0,19,207
2021,Treforest,W05001110,5170,2866,1453,74,88,1,248,10,38,392
2021,Treherbert,W05001111,5710,3671,1621,14,10,1,26,10,37,320
2021,Treorchy,W05001112,7648,4455,2677,15,1,2,4,2,43,449
2021,Tylorstown and Ynyshir,W05001113,7528,4831,2152,16,2,2,17,4,35,469
2021,Upper Rhydfelen and Glyn-taf,W05001114,3614,2402,978,6,4,0,22,3,18,181
2021,Ynysybwl,W05001115,4579,2507,1763,13,6,0,19,4,17,250
2021,Ystrad,W05001116,5072,3197,1519,4,10,0,10,13,5,314
2021,Aber-craf and Ystradgynlais,W05001117,3985,1833,1794,12,13,1,37,13,30,252
2021,"Banwy, Llanfihangel and Llanwddyn",W05001118,2149,808,1111,8,1,0,0,0,12,209
2021,Berriew and Castle Caereinion,W05001119,1947,720,1065,2,1,0,1,0,5,153
2021,Brecon East,W05001120,4027,1432,2000,124,136,1,40,0,71,223
2021,Brecon West,W05001121,4229,1999,1687,28,65,5,12,1,44,388
2021,Bronllys and Felin-fach,W05001122,1965,761,1055,5,1,3,1,0,11,128
2021,Builth,W05001123,2469,1150,1103,6,6,1,11,1,3,188
2021,Caersws,W05001124,2271,927,1150,3,1,1,5,1,19,164
2021,Churchstoke,W05001125,1743,619,905,5,1,1,6,0,9,197
2021,Crickhowell with Cwmdu and Tretower,W05001126,3494,1428,1807,13,4,3,3,0,17,219
2021,Cwm-twrch,W05001127,2218,1148,878,8,0,2,6,5,10,161
2021,Disserth and Trecoed with Newbridge,W05001128,1839,776,908,2,0,1,1,1,16,134
2021,Dolforwyn,W05001129,2034,857,1009,1,1,0,1,0,16,149
2021,Forden and Montgomery,W05001130,2460,1010,1259,10,4,1,0,0,9,167
2021,Glantwymyn,W05001131,2056,874,954,8,0,4,8,0,30,178
2021,Glasbury,W05001132,1756,700,903,8,0,1,0,1,14,129
2021,Guilsfield,W05001133,1650,541,954,8,2,0,1,0,1,143
2021,Gwernyfed,W05001134,1482,583,762,9,0,1,9,0,10,108
2021,Hay,W05001135,1680,840,684,15,0,1,2,5,15,118
2021,Ithon Valley,W05001136,2120,819,1132,2,1,0,5,0,14,147
2021,Kerry,W05001137,1604,643,828,2,1,0,0,0,9,121
2021,Knighton with Beguildy,W05001138,3603,1537,1740,14,2,2,9,4,14,281
2021,Llanafanfawr with Garth,W05001139,1613,647,850,4,0,0,3,0,7,102
2021,Llanbrynmair,W05001140,1845,752,907,10,1,1,1,0,13,160
2021,Llandinam with Dolfor,W05001141,1794,642,986,14,2,1,0,1,10,138
2021,Llandrindod North,W05001142,2185,1082,890,12,0,3,14,4,7,173
2021,Llandrindod South,W05001143,3413,1547,1521,16,4,7,30,6,35,247
2021,Llandrinio,W05001144,2149,797,1213,3,0,2,3,1,9,121
2021,Llandysilio,W05001145,1854,734,964,6,0,0,2,7,6,135
2021,Llanelwedd,W05001146,1734,603,978,2,0,1,4,0,18,128
2021,Llanfair Caereinion and Llanerfyl,W05001147,2137,820,1130,5,0,0,2,0,10,170
2021,Llanfyllin,W05001148,1585,717,737,13,1,2,3,0,19,93
2021,Llangattock and Llangynidr,W05001149,1980,827,1025,6,3,1,0,0,5,113
2021,Llangors with Bwlch,W05001150,1466,629,712,0,0,1,1,0,19,104
2021,Llangunllo with Norton,W05001151,1627,600,854,10,0,0,1,0,14,148
2021,Llangyniew and Meifod,W05001152,1938,687,1061,3,1,2,4,0,15,165
2021,Llanidloes,W05001153,4181,1843,1970,25,3,4,23,8,22,283
2021,Llanrhaeadr-ym-Mochnant and Llansilin,W05001154,2293,853,1257,5,1,2,4,0,22,149
2021,Llansantffraid,W05001155,1988,718,1135,6,5,1,1,1,10,111
2021,Llanwrtyd Wells,W05001156,1554,574,826,5,2,2,10,1,14,120
2021,Llanyre with Nantmel,W05001157,2108,783,1129,12,4,3,3,0,11,163
2021,Machynlleth,W05001158,2160,1097,840,14,0,1,7,2,36,163
2021,Maescar and Llywel,W05001159,1746,643,978,10,0,0,2,0,17,96
2021,Newtown Central and South,W05001160,5167,2894,1791,12,6,2,37,5,39,381
2021,Newtown East,W05001161,2105,1064,857,9,4,4,30,1,18,118
2021,Newtown North,W05001162,2199,935,1071,4,0,0,11,0,15,163
2021,Newtown West,W05001163,1893,791,947,5,11,1,31,0,14,93
2021,Old Radnor,W05001164,1682,680,828,1,0,0,4,0,17,152
2021,Presteigne,W05001165,1929,849,895,18,1,0,7,0,8,151
2021,Rhayader,W05001166,2081,849,1021,9,10,3,5,0,9,175
2021,Rhiwcynon,W05001167,2174,874,1127,3,4,0,0,1,14,151
2021,Talgarth,W05001168,1699,740,822,5,1,0,0,0,14,117
2021,Talybont-on-Usk,W05001169,1870,791,964,6,1,1,1,0,7,99
2021,Tawe Uchaf,W05001170,2081,920,1027,3,0,0,0,2,18,111
2021,Trelystan and Trewern,W05001171,1736,749,858,3,0,0,0,0,8,118
2021,Welshpool Castle,W05001172,2533,1110,1144,11,3,3,30,2,10,220
2021,Welshpool Gungrog,W05001173,2282,979,1121,9,0,2,6,0,9,156
2021,Welshpool Llanerchyddol,W05001174,1820,765,923,5,0,0,0,0,12,115
2021,Ynyscedwyn,W05001175,2064,815,1059,14,0,1,22,0,11,142
2021,Yscir with Honddu Isaf and Llanddew,W05001176,1719,562,1024,4,0,1,2,0,18,108
2021,Abergwili,W05001177,2330,749,1395,6,14,1,8,0,15,142
2021,Ammanford,W05001178,5439,2612,2423,17,22,4,36,10,25,290
2021,Betws,W05001179,2399,1146,1074,5,1,1,0,0,7,165
2021,Bigyn,W05001180,6587,3186,2853,13,7,4,66,23,43,392
2021,Burry Port,W05001181,4037,1776,1933,9,10,1,6,0,23,279
2021,Bynea,W05001182,4520,2352,1849,9,6,0,15,0,37,252
2021,Carmarthen Town North and South,W05001183,9109,3885,4248,39,43,5,214,18,75,582
2021,Carmarthen Town West,W05001184,5522,2466,2542,18,48,5,85,7,23,328
2021,Cenarth and Llangeler,W05001185,5548,2406,2611,25,9,1,14,6,57,419
2021,Cilycwm,W05001186,2547,1009,1311,6,7,2,2,1,25,184
2021,Cwarter Bach,W05001187,2853,1410,1216,7,1,1,6,2,20,190
2021,Cynwyl Elfed,W05001188,2273,769,1319,13,4,0,1,0,35,132
2021,Dafen and Felinfoel,W05001189,5196,2538,2222,19,4,0,36,6,19,352
2021,Elli,W05001190,1989,792,1080,4,11,1,7,0,4,90
2021,Garnant,W05001191,2052,1041,817,6,0,2,10,7,17,152
2021,Glanamman,W05001192,2506,1311,1007,5,2,0,31,0,20,130
2021,Glanymor,W05001193,6408,3274,2591,22,14,4,57,5,38,403
2021,Glyn (Carmarthenshire),W05001194,2163,1021,991,9,0,0,4,1,11,126
2021,Gorslas,W05001195,5083,2301,2465,10,16,2,5,0,31,253
2021,Hendy,W05001196,3206,1629,1360,7,12,3,5,3,8,179
2021,Hengoed (Carmarthenshire),W05001197,4308,1944,2061,14,2,2,9,2,16,258
2021,Kidwelly and St Ishmael,W05001198,5053,2019,2646,16,11,8,8,2,21,322
2021,Laugharne Township,W05001199,2589,1055,1335,12,1,4,2,0,26,154
2021,Llanboidy,W05001200,2097,831,1082,7,6,1,2,1,26,141
2021,Llanddarog,W05001201,2071,734,1193,5,1,0,0,0,23,115
2021,Llandeilo,W05001202,2958,1324,1418,10,2,1,22,4,25,152
2021,Llandovery,W05001203,2594,1089,1272,2,0,2,7,1,10,211
2021,Llandybie,W05001204,4388,1898,2175,8,14,1,7,3,16,266
2021,Llanegwad,W05001205,2445,928,1349,8,2,6,3,1,15,133
2021,Llanfihangel Aberbythych,W05001206,1750,678,935,7,0,0,4,0,9,117
2021,Llanfihangel-ar-Arth,W05001207,2780,1080,1407,10,3,4,11,1,25,239
2021,Llangadog,W05001208,1941,689,1076,4,8,2,9,6,9,138
2021,Llangennech,W05001209,5436,2419,2640,11,21,3,17,11,16,298
2021,Llangunnor,W05001210,2628,915,1526,16,16,2,17,1,9,126
2021,Llangyndeyrn,W05001211,5239,2260,2526,18,4,2,14,4,25,386
2021,Llannon,W05001212,5366,2515,2449,20,4,0,18,19,25,316
2021,Llanybydder,W05001213,2788,1039,1473,12,6,1,35,0,14,208
2021,Lliedi,W05001214,5339,2631,2275,6,13,5,23,2,38,346
2021,Llwynhendy,W05001215,4390,2391,1634,11,18,1,47,5,11,272
2021,Manordeilo and Salem,W05001216,2625,994,1387,3,0,3,0,0,18,220
2021,Pembrey,W05001217,4175,1793,2072,8,3,1,8,0,13,277
2021,Penygroes,W05001218,3055,1476,1327,5,5,0,7,0,15,220
2021,Pontyberem,W05001219,2865,1340,1352,5,0,3,4,0,12,149
2021,Saron,W05001220,4263,1769,2165,13,10,2,9,7,26,262
2021,St Clears and Llansteffan,W05001221,5189,2072,2756,13,5,1,21,2,32,287
2021,Swiss Valley,W05001222,2471,877,1411,8,10,0,21,0,13,131
2021,Trelech,W05001223,2731,1000,1486,18,6,1,0,0,28,192
2021,Trimsaran,W05001224,2500,1237,1093,5,2,4,3,0,29,127
2021,Tycroes,W05001225,2683,1230,1250,4,2,1,17,13,10,156
2021,Tyisha,W05001226,5037,2494,2105,25,4,3,69,0,36,301
2021,Whitland,W05001227,2382,1013,1197,4,1,3,6,0,9,149
2021,Aberkenfig,W05001228,2384,1240,1019,6,3,0,7,0,10,99
2021,Blackmill,W05001229,2509,1617,740,3,0,0,5,0,5,139
2021,Brackla East and Coychurch Lower,W05001230,4130,1929,1902,28,3,0,22,1,12,233
2021,Brackla East Central,W05001231,2520,1336,1019,7,9,0,6,3,6,134
2021,Brackla West,W05001232,2738,1501,1008,9,7,1,29,0,38,145
2021,Brackla West Central,W05001233,3478,1696,1513,10,9,1,41,5,15,188
2021,Bridgend Central,W05001234,10073,5232,4019,28,33,2,80,1,59,619
2021,"Bryntirion, Laleston and Merthyr Mawr",W05001235,9087,4559,3924,25,43,0,52,0,49,435
2021,Caerau (Bridgend),W05001236,6664,3921,2282,23,9,1,20,8,40,360
2021,Cefn-glas,W05001237,4126,2141,1628,6,5,0,24,4,15,303
2021,Coity Higher,W05001238,11248,5925,4322,47,47,11,194,24,83,595
2021,Cornelly,W05001239,7400,4311,2596,4,5,0,29,5,28,422
2021,Garw Valley,W05001240,7687,4770,2355,19,12,3,33,0,42,453
2021,Llangynwyd,W05001241,2966,1386,1385,9,15,1,13,0,7,150
2021,Maesteg East,W05001242,4697,2242,2142,22,11,1,2,0,18,259
2021,Maesteg West,W05001243,5685,2927,2377,10,8,0,16,2,26,319
2021,Nant-y-moel,W05001244,2373,1452,766,3,19,0,2,0,9,122
2021,Newton (Bridgend),W05001245,2317,905,1245,14,2,0,1,0,10,140
2021,Nottage,W05001246,3237,1281,1690,6,3,0,5,0,15,237
2021,Ogmore Vale,W05001247,3101,1768,1120,10,11,0,10,4,12,166
2021,Oldcastle,W05001248,5172,2348,2388,24,17,3,27,6,34,325
2021,Pencoed and Penprysg,W05001249,10011,5218,4074,33,10,2,49,0,46,579
2021,Pen-y-fai,W05001250,2302,872,1268,5,3,0,35,3,7,109
2021,Porthcawl East Central,W05001251,5681,2733,2531,6,1,0,15,19,21,355
2021,Porthcawl West Central,W05001252,2538,1139,1227,6,3,1,7,1,13,141
2021,"Pyle, Kenfig Hill and Cefn Cribwr",W05001253,8880,5118,3140,15,20,2,43,2,39,501
2021,Rest Bay,W05001254,2360,869,1336,2,2,3,3,0,3,142
2021,St Bride's Minor and Ynysawdre,W05001255,10118,5705,3760,16,30,3,27,8,33,536
2021,Abertillery and Six Bells,W05001256,6425,3821,2165,12,3,1,47,20,35,321
2021,Beaufort,W05001257,5802,3090,2366,11,10,2,14,7,14,288
2021,Blaina,W05001258,4554,2715,1507,8,4,0,21,8,21,270
2021,Brynmawr,W05001259,5247,2491,2368,15,19,1,29,22,18,284
2021,Cwm,W05001260,3939,2109,1532,5,4,0,9,8,18,254
2021,Cwmtillery,W05001261,4448,2656,1456,5,5,2,19,6,20,279
2021,Ebbw Vale North,W05001262,4702,2747,1600,2,14,0,30,0,16,293
2021,Ebbw Vale South,W05001263,4193,2391,1489,5,3,0,31,1,32,241
2021,Georgetown,W05001264,4023,2198,1525,4,0,2,12,8,27,247
2021,Llanhilleth,W05001265,4404,2640,1422,14,4,0,12,1,25,286
2021,Nantyglo,W05001266,4544,2546,1698,12,1,0,12,4,13,258
2021,Rassau and Garnlydan,W05001267,3904,2310,1326,8,2,1,9,9,14,225
2021,Sirhowy,W05001268,5194,2831,1988,6,1,1,21,9,26,311
2021,Tredegar,W05001269,5525,3161,1950,13,6,0,21,4,28,342
2021,Adamsdown,W05001270,11609,4621,3224,135,368,9,2031,61,167,993
2021,Butetown,W05001271,12124,4950,2911,59,367,20,2874,43,82,818
2021,Caerau (Cardiff),W05001272,11696,5816,4480,25,43,7,532,34,28,731
2021,Canton,W05001273,16138,7708,5680,96,227,33,1320,136,90,848
2021,Cathays,W05001274,21823,11576,5244,173,498,80,1773,115,227,2137
2021,Cyncoed,W05001275,11394,4036,4808,43,243,109,1353,47,53,702
2021,Ely,W05001276,15430,7667,5475,67,50,8,1060,44,67,992
2021,Fairwater (Cardiff),W05001277,13065,6084,5578,38,49,11,396,67,38,804
2021,Gabalfa,W05001278,9415,4616,2986,70,189,20,786,44,71,633
2021,Grangetown (Cardiff),W05001279,20819,6560,5811,100,871,21,5950,112,143,1251
2021,Heath (Cardiff),W05001280,12600,5081,5770,45,175,18,746,24,57,684
2021,Lisvane and Thornhill,W05001281,10475,4207,5176,37,129,42,281,30,55,518
2021,Llandaff,W05001282,8776,3298,4619,26,128,12,134,25,39,495
2021,Llandaff North,W05001283,8425,3917,3270,32,36,7,583,15,31,534
2021,Llanishen,W05001284,10420,4394,4839,40,51,24,345,28,47,652
2021,Llanrumney,W05001285,11600,5225,4896,29,46,3,546,24,49,782
2021,Pentwyn,W05001286,16201,6412,7199,54,95,13,1482,28,50,868
2021,Pentyrch and St Fagans,W05001287,9095,3734,4651,20,86,15,98,14,28,449
2021,Penylan,W05001288,12910,5012,5406,68,163,76,1314,63,49,759
2021,Plasnewydd,W05001289,18277,8823,4664,116,393,37,2619,59,143,1423
2021,Pontprennau and Old St Mellons,W05001290,11725,4466,5414,44,320,20,690,40,51,680
2021,Radyr,W05001291,7093,2903,3468,24,140,9,124,14,20,391
2021,Rhiwbina,W05001292,11469,4506,5968,32,73,21,175,16,50,628
2021,Riverside (Cardiff),W05001293,13754,5233,3937,76,281,24,3115,179,109,800
2021,Rumney,W05001294,8792,3665,4140,19,92,10,230,76,30,530
2021,Splott,W05001295,14142,6115,4938,71,117,12,1828,111,111,839
2021,Trowbridge,W05001296,17232,7799,7144,31,121,15,995,59,69,999
2021,Whitchurch and Tongwynlais,W05001297,15817,7164,7189,58,84,12,271,14,77,948
2021,Aberaeron and Aberarth,W05001298,1760,669,933,9,3,0,0,1,10,135
2021,Aberporth and Y Ferwig,W05001299,3320,1334,1716,12,1,5,12,2,28,210
2021,Aberystwyth Morfa a Glais,W05001300,5562,2863,1810,26,18,19,129,1,104,592
2021,Aberystwyth Penparcau,W05001301,2964,1518,1174,11,11,0,37,1,20,192
2021,Aberystwyth Rheidol,W05001302,2177,1183,735,11,5,2,39,5,25,172
2021,Beulah and Llangoedmor,W05001303,2899,1191,1478,9,1,2,21,1,23,173
2021,Borth,W05001304,1956,838,919,16,4,5,11,0,18,145
2021,Ceulan a Maesmawr,W05001305,1864,892,796,3,1,1,2,0,24,145
2021,Ciliau Aeron,W05001306,1919,740,1027,9,0,0,12,0,4,127
2021,Faenor,W05001307,3464,1687,1303,17,28,8,32,7,29,353
2021,Lampeter,W05001308,2505,973,1206,68,0,1,31,0,39,187
2021,Llannarth,W05001309,1573,633,804,5,5,0,11,3,6,106
2021,Llanbadarn Fawr,W05001310,2489,1174,941,22,31,4,71,6,16,224
2021,Llandyfriog,W05001311,1767,714,868,13,2,0,0,0,14,156
2021,Llandysilio and Llangrannog,W05001312,1739,712,869,6,0,0,0,0,16,136
2021,Llandysul North and Troedyraur,W05001313,2113,827,1069,3,3,1,0,0,27,183
2021,Llandysul South,W05001314,1804,705,936,17,6,2,1,0,17,120
2021,Llanfarian,W05001315,1518,550,838,9,6,1,6,0,12,96
2021,Llanfihangel Ystrad,W05001316,2039,730,1094,7,8,0,3,1,21,175
2021,Llangeitho,W05001317,1364,537,677,6,0,4,4,1,32,103
2021,Llangybi,W05001318,1391,555,659,16,0,3,1,0,37,120
2021,Llanrhystyd,W05001319,1544,584,798,6,1,2,3,0,13,137
2021,Llansanffraid (Ceredigion),W05001320,1852,757,908,3,0,0,6,0,13,165
2021,Llanwenog,W05001321,1742,610,950,10,1,0,3,0,7,161
2021,Lledrod,W05001322,1495,594,750,12,2,0,0,1,21,115
2021,Melindwr,W05001323,2010,877,958,7,0,1,0,0,19,148
2021,Mwldan,W05001324,1859,727,1003,5,1,2,11,0,1,109
2021,New Quay and Llanllwchaearn,W05001325,1738,709,931,3,1,1,4,2,6,81
2021,Penbryn,W05001326,1279,490,680,8,0,5,2,0,11,83
2021,Teifi,W05001327,2353,1284,860,12,1,2,36,2,14,142
2021,Tirymynach,W05001328,1768,753,865,9,11,1,8,2,12,107
2021,Trefeurig,W05001329,1774,712,917,1,0,0,11,0,16,117
2021,Tregaron and Ystrad Fflur,W05001330,1863,785,925,2,3,0,0,0,15,133
2021,Ystwyth,W05001331,2008,843,1015,4,2,2,7,1,7,127
2021,Alyn Valley,W05001332,1684,686,890,6,2,0,10,0,6,84
2021,Bodelwyddan,W05001333,2090,815,955,19,55,1,58,0,27,160
2021,Denbigh Caledfryn Henllan,W05001334,5003,2260,2312,15,0,5,26,1,24,360
2021,Denbigh Lower,W05001335,4522,1729,2486,7,1,2,13,0,20,264
2021,Dyserth,W05001336,2331,933,1220,14,4,0,16,1,8,135
2021,Edeirnion,W05001337,3454,1519,1616,9,2,1,12,1,27,267
2021,Efenechdyd,W05001338,1634,625,914,3,0,0,4,0,5,83
2021,Llandyrnog,W05001339,2239,835,1239,8,0,2,15,2,3,135
2021,Llanfair Dyffryn Clwyd Gwyddelwern,W05001340,2308,922,1216,5,3,1,7,0,7,147
2021,Llangollen,W05001341,4027,1711,1909,29,1,6,36,0,40,295
2021,Llanrhaeadr-yng-Nghinmeirch,W05001342,1797,619,1036,9,0,4,1,0,5,123
2021,Moel Famau,W05001343,2209,852,1165,5,1,0,16,0,15,155
2021,Prestatyn Central,W05001344,3494,1410,1775,17,5,2,35,1,12,237
2021,Prestatyn East,W05001345,3917,1585,2010,3,7,2,27,1,18,264
2021,Prestatyn Meliden,W05001346,2002,900,932,4,2,1,6,2,7,148
2021,Prestatyn North,W05001347,5865,2370,2930,25,17,5,34,0,22,462
2021,Prestatyn South West,W05001348,3805,1658,1860,15,9,1,4,0,16,242
2021,Rhuddlan,W05001349,3791,1446,2036,21,0,2,14,2,27,243
2021,Rhyl East,W05001350,4652,1826,2382,13,7,1,40,1,22,360
2021,Rhyl South,W05001351,3455,1291,1839,9,5,2,16,1,26,266
2021,Rhyl South West,W05001352,5567,3011,2064,13,12,0,56,3,35,373
2021,Rhyl Trellewelyn,W05001353,4201,2089,1758,9,2,1,58,0,14,270
2021,Rhyl Ty Newydd,W05001354,4203,1799,2077,10,7,0,20,4,10,276
2021,Rhyl West,W05001355,4913,2638,1789,14,23,6,118,17,29,279
2021,Ruthin,W05001356,5698,2263,2884,15,20,2,48,0,20,446
2021,St Asaph East,W05001357,1844,634,1051,5,7,1,28,1,13,104
2021,St Asaph West,W05001358,1638,655,863,2,6,0,13,0,9,90
2021,Trefnant,W05001359,1817,615,1083,1,2,0,7,0,12,97
2021,Tremeirchion,W05001360,1656,599,933,13,9,0,3,0,4,95
2021,Abersychan,W05001361,6710,3626,2556,16,5,0,9,0,24,474
2021,Blaenavon,W05001362,6018,3268,2317,7,12,0,10,0,27,377
2021,Coed Eva,W05001363,2440,1265,988,5,11,0,28,6,6,131
2021,Croesyceiliog,W05001364,5141,2476,2278,6,9,1,40,6,32,293
2021,Fairwater (Torfaen),W05001365,5041,2599,2091,18,7,2,19,5,25,275
2021,Greenmeadow,W05001366,2766,1503,1062,15,3,0,13,0,20,150
2021,Llanfrechfa and Ponthir,W05001367,2001,752,1106,0,5,0,13,0,5,120
2021,Llantarnam,W05001368,6495,3139,2732,50,99,1,44,11,61,358
2021,Llanyrafon,W05001369,2495,1051,1226,4,12,1,6,7,20,168
2021,New Inn,W05001370,5895,2459,3015,14,13,2,13,2,19,358
2021,Panteg,W05001371,7479,3538,3436,18,11,1,21,1,30,423
2021,Pontnewydd,W05001372,7139,3859,2693,15,10,1,63,2,51,445
2021,Pontnewynydd and Snatchwood,W05001373,3787,1996,1468,10,0,1,7,4,30,271
2021,Pontypool Fawr,W05001374,7448,3613,3314,17,11,0,14,1,30,448
2021,St. Dials,W05001375,4356,2343,1676,16,11,1,23,2,21,263
2021,Trevethin and Penygarn,W05001376,5308,3155,1749,18,4,0,18,1,21,342
2021,Two Locks,W05001377,5921,2900,2584,27,30,1,3,15,30,331
2021,Upper Cwmbran,W05001378,5841,3332,2039,4,2,2,18,1,39,404
2021,Baruc,W05001379,8663,4478,3493,23,25,6,96,12,38,492
2021,Buttrills,W05001380,6185,3429,2219,20,6,7,121,7,37,339
2021,Cadoc,W05001381,9845,5206,3791,28,39,42,86,12,66,575
2021,Castleland,W05001382,4912,2852,1674,17,9,2,78,2,28,250
2021,Cornerswell,W05001383,5250,2518,2290,19,31,9,56,8,35,284
2021,Court (Vale of Glamorgan),W05001384,4830,2877,1582,11,22,3,65,1,28,241
2021,Cowbridge,W05001385,6556,2442,3685,21,5,4,16,2,14,367
2021,Dinas Powys,W05001386,8215,3526,4101,40,12,8,49,8,30,441
2021,Dyfan,W05001387,5507,2701,2366,20,3,1,50,5,42,319
2021,Gibbonsdown,W05001388,5488,3076,1928,42,1,2,34,2,29,374
2021,Illtyd,W05001389,7941,3831,3549,22,18,1,57,2,22,439
2021,Llandough,W05001390,2090,812,1057,6,45,5,49,0,5,111
2021,Llandow,W05001391,2084,819,1148,12,6,0,9,1,10,79
2021,Llantwit Major,W05001392,9939,4685,4586,26,16,1,17,11,37,560
2021,Peterston-super-Ely,W05001393,1924,662,1131,3,3,6,0,0,6,113
2021,Plymouth (Vale of Glamorgan),W05001394,5651,2306,2762,27,17,6,59,1,49,424
2021,Rhoose,W05001395,6778,3241,3080,8,3,12,24,6,27,377
2021,St Athan,W05001396,4165,2216,1607,5,3,2,11,9,12,300
2021,St Bride's Major,W05001397,4611,1846,2384,14,9,10,42,1,31,274
2021,St Nicholas and Llancarfan,W05001398,2194,775,1221,1,14,4,13,18,8,140
2021,St Augustine's,W05001399,6979,3532,2834,28,36,5,103,15,43,383
2021,Stanwell,W05001400,4664,2345,1901,13,36,4,50,12,21,282
2021,Sully,W05001401,4701,1902,2422,10,60,1,57,0,17,232
2021,Wenvoe,W05001402,2768,1089,1425,5,18,3,63,10,3,152
2021,Betws-yn-Rhos,W05001403,1954,672,1141,10,1,3,1,0,10,116
2021,Betws-y-Coed and Trefriw,W05001404,1957,958,873,10,0,0,11,0,10,95
2021,Bryn (Conwy),W05001405,1751,900,752,4,4,0,3,0,7,81
2021,Caerhun,W05001406,2369,1003,1169,6,0,4,4,1,5,177
2021,Colwyn,W05001407,4559,2119,2071,8,11,3,34,0,25,288
2021,Conwy,W05001408,4264,1862,2063,13,10,2,12,0,22,280
2021,Craig-y-don,W05001409,3327,1147,1870,14,8,5,36,1,31,215
2021,Deganwy,W05001410,3761,1233,2200,5,14,6,26,0,20,257
2021,Eglwys-bach a Llangernyw,W05001411,2017,709,1142,5,2,0,2,0,13,144
2021,Eirias,W05001412,3570,1479,1830,6,14,1,15,0,4,221
2021,Gele and Llanddulas,W05001413,6423,2085,3781,40,40,6,17,5,33,416
2021,Glyn (Conwy),W05001414,4551,2261,1775,27,17,0,132,1,33,305
2021,Glyn y Marl,W05001415,7688,3375,3776,14,15,2,34,0,30,442
2021,Gogarth Mostyn,W05001416,7113,2810,3663,35,30,2,88,0,39,446
2021,Kinmel Bay,W05001417,5905,2482,2931,20,2,2,51,10,25,382
2021,Llandrillo-yn-Rhos,W05001418,7773,2825,4247,29,13,6,49,0,56,548
2021,Llanrwst a Llanddoged,W05001419,3742,1472,1988,2,3,0,19,0,17,241
2021,Llansanffraid (Conwy),W05001420,2128,840,1142,4,1,2,10,0,11,118
2021,Llansannan,W05001421,1819,606,1087,3,0,0,9,0,9,105
2021,Llysfaen,W05001422,2736,1529,1015,7,10,1,10,0,25,139
2021,Mochdre,W05001423,2002,1008,809,4,3,1,20,8,6,143
2021,Pandy,W05001424,1793,879,789,16,1,0,2,0,7,99
2021,Penmaenmawr,W05001425,4297,2009,1974,12,0,1,10,0,32,259
2021,Penrhyn,W05001426,4589,1586,2601,9,2,0,20,0,24,347
2021,Pen-sarn Pentre Mawr,W05001427,6462,2736,3178,15,17,10,42,3,44,417
2021,Rhiw,W05001428,6023,2420,3063,22,29,1,96,0,30,362
2021,Towyn,W05001429,2269,835,1223,5,4,1,18,0,12,171
2021,Tudno,W05001430,4689,2030,2238,14,3,1,72,3,25,303
2021,Uwch Aled,W05001431,1734,499,1125,5,0,0,1,0,6,98
2021,Uwch Conwy,W05001432,1469,575,768,6,2,2,0,1,6,109
2021,Amroth and Saundersfoot North,W05001433,2009,786,1087,8,0,4,1,1,14,108
2021,Boncath and Clydau,W05001434,2006,861,971,3,2,1,0,0,10,158
2021,Burton (Pembrokeshire),W05001435,1860,700,1031,6,0,0,2,0,7,114
2021,Bro Gwaun,W05001436,1954,821,975,9,0,0,2,0,20,127
2021,Camrose,W05001437,1844,647,1063,8,3,0,8,2,1,112
2021,Carew and Jeffreyston,W05001438,2101,707,1225,3,4,0,10,0,12,140
2021,Cilgerran and Eglwyswrw,W05001439,2333,1009,1105,7,0,2,0,0,25,185
2021,Crymych and Mynachlog-ddu,W05001440,2321,1018,1079,9,4,0,1,2,32,176
2021,East Williamston,W05001441,1861,720,965,9,9,2,0,0,11,145
2021,Fishguard: North East,W05001442,1833,756,892,7,1,0,14,1,15,147
2021,Fishguard: North West,W05001443,1589,723,726,3,5,0,16,0,2,114
2021,Goodwick,W05001444,2019,942,918,13,5,0,2,0,18,121
2021,Haverfordwest: Castle,W05001445,2303,1151,898,15,9,1,43,1,31,154
2021,Haverfordwest: Garth,W05001446,2572,1404,899,13,8,0,32,0,13,203
2021,Haverfordwest: Portfield,W05001447,2430,1047,1153,16,3,1,67,0,5,138
2021,Haverfordwest: Prendergast,W05001448,2137,806,1096,22,28,0,60,0,6,119
2021,Haverfordwest: Priory,W05001449,2555,1098,1251,13,6,0,13,0,4,170
2021,Hundleton,W05001450,1719,634,941,8,1,0,3,0,9,123
2021,Johnston,W05001451,2213,969,1072,6,5,0,4,0,1,156
2021,Kilgetty and Begelly,W05001452,2301,885,1241,5,0,0,1,0,8,161
2021,Lampeter Velfrey,W05001453,1547,582,853,1,2,1,4,0,3,101
2021,Lamphey,W05001454,1724,636,925,6,0,2,6,1,17,131
2021,Letterston,W05001455,2376,940,1245,4,0,1,3,0,11,172
2021,Llangwm,W05001456,2311,930,1166,11,1,0,6,1,23,173
2021,Llanrhian,W05001457,1815,753,888,9,1,0,3,0,29,132
2021,Maenclochog,W05001458,2176,889,1108,7,1,0,1,1,15,154
2021,Manorbier and Penally,W05001459,2072,798,1124,5,1,3,3,1,8,129
2021,Martletwy,W05001460,1905,671,1066,7,0,2,3,0,9,147
2021,Merlin's Bridge,W05001461,2220,1058,1008,1,0,0,15,0,6,132
2021,Milford: Central,W05001462,2003,886,929,11,0,1,35,0,12,129
2021,Milford: East,W05001463,2870,1438,1222,11,2,3,24,0,10,160
2021,Milford: Hakin,W05001464,2635,1247,1169,7,0,2,2,3,5,200
2021,Milford: Hubberston,W05001465,2620,1440,1012,5,0,1,15,0,10,137
2021,Milford: North,W05001466,2479,1133,1187,0,4,0,5,0,9,141
2021,Milford: West,W05001467,2193,1070,938,8,0,0,9,2,14,152
2021,Narberth: Urban,W05001468,2766,1335,1241,9,9,0,8,0,28,136
2021,Narberth: Rural,W05001469,1307,578,638,2,0,0,1,0,4,84
2021,Newport and Dinas,W05001470,1816,761,916,15,1,2,2,0,14,105
2021,Neyland: East,W05001471,2174,1004,1017,10,0,0,3,1,13,126
2021,Neyland: West,W05001472,1990,925,900,6,4,0,6,0,21,128
2021,Pembroke Dock: Bufferland,W05001473,1670,760,789,6,0,1,5,4,15,90
2021,Pembroke Dock: Bush,W05001474,2173,1150,872,4,4,1,19,0,13,110
2021,Pembroke Dock: Central,W05001475,2163,936,1026,28,0,1,17,3,13,139
2021,Pembroke Dock: Market,W05001476,1803,889,775,3,4,1,1,0,12,118
2021,Pembroke Dock: Pennar,W05001477,1847,945,741,3,0,0,3,1,23,131
2021,Pembroke: Monkton and St Mary South,W05001478,3685,1713,1669,16,3,1,38,0,15,230
2021,Pembroke: St Mary North,W05001479,2453,1220,1046,7,4,0,5,0,13,158
2021,Pembroke: St Michael,W05001480,1828,605,1106,3,0,0,2,3,4,105
2021,Rudbaxton and Spittal,W05001481,1731,657,953,8,3,0,3,1,6,100
2021,Saundersfoot South,W05001482,1569,556,862,5,8,4,11,0,3,120
2021,Solva,W05001483,1713,785,768,6,4,1,6,0,12,131
2021,St David's (Pembrokeshire),W05001484,1752,608,963,9,0,9,0,0,13,150
2021,St Dogmaels,W05001485,2057,913,945,17,1,0,2,1,40,138
2021,St Florence and St Mary Out Liberty,W05001486,1682,564,994,3,4,1,1,0,6,109
2021,St Ishmael's,W05001487,2276,876,1215,5,0,0,0,0,21,159
2021,Tenby: North,W05001488,1997,734,1127,3,2,2,9,0,8,112
2021,Tenby: South,W05001489,2095,857,1063,15,1,3,19,2,10,125
2021,The Havens,W05001490,1946,774,999,5,3,1,7,0,10,147
2021,Wiston,W05001491,1962,696,1119,1,2,1,0,0,10,133
2021,Aethwy,W05001492,6407,2371,3441,25,14,4,90,7,24,431
2021,Bodowyr,W05001493,3573,1418,1880,4,1,0,2,0,16,252
2021,Bro Aberffraw,W05001494,3749,1439,2004,4,1,0,5,2,31,263
2021,Bro'r Llynnoedd,W05001495,5252,2258,2618,7,11,5,15,2,23,313
2021,Canolbarth Mon,W05001496,5545,2239,2828,10,11,5,55,0,8,389
2021,Cefni,W05001497,3100,1077,1838,6,6,0,18,0,8,147
2021,Crigyll,W05001498,3369,1227,1852,4,1,0,15,5,7,258
2021,Lligwy,W05001499,5783,2129,3269,6,2,5,17,0,28,327
2021,Parc a'r Mynydd,W05001500,3709,1736,1663,12,4,0,16,7,5,266
2021,Seiriol,W05001501,5679,2235,2988,29,5,6,24,3,22,367
2021,Talybolion,W05001502,5139,2060,2718,8,2,3,8,2,22,316
2021,Tref Cybi,W05001503,4362,2364,1693,9,2,0,21,1,28,244
2021,Twrcelyn,W05001504,7184,2821,3777,21,2,1,22,0,28,512
2021,Ynys Gybi,W05001505,6028,2693,2921,7,0,1,18,1,27,360
2021,Aberdyfi,W05001506,1015,395,527,4,2,5,1,0,9,72
2021,Abererch,W05001507,1271,466,700,2,3,0,4,0,4,92
2021,Abermaw,W05001508,2146,1036,918,11,4,1,9,0,5,162
2021,Abersoch gyda Llanengan,W05001509,1128,415,615,2,1,0,8,0,20,67
2021,Arllechwedd,W05001510,1951,834,872,6,18,1,35,0,30,155
2021,Arthog a Llangelynnin,W05001511,1616,588,851,7,0,2,0,0,22,146
2021,Bethel a'r Felinheli,W05001512,3645,1617,1766,19,8,2,5,0,7,221
2021,Bowydd a'r Rhiw,W05001513,1778,985,640,8,1,2,5,0,7,130
2021,Brithdir and Llanfachreth/Ganllwyd/Llanelltyd,W05001514,1382,551,720,3,0,0,1,0,11,96
2021,Bro Dysynni,W05001515,1192,506,600,5,1,3,0,0,2,75
2021,Cadnant,W05001516,1655,780,756,2,0,1,2,1,3,110
2021,Canol Bangor,W05001517,6708,3560,1981,53,48,4,267,11,112,672
2021,Canol Bethesda,W05001518,1776,871,751,4,0,1,28,1,16,104
2021,Canol Tref Caernarfon,W05001519,1824,831,817,6,1,0,14,0,6,149
2021,Clynnog,W05001520,1300,577,628,3,0,0,6,0,7,79
2021,Corris a Mawddwy,W05001521,1254,601,511,2,0,0,2,1,36,101
2021,Criccieth,W05001522,1740,687,880,9,0,1,10,0,5,148
2021,Cwm-y-glo,W05001523,1265,612,536,0,1,1,0,0,10,105
2021,De Dolgellau,W05001524,1418,619,675,3,5,0,5,1,3,107
2021,De Pwllheli,W05001525,1860,833,886,4,1,1,19,0,6,110
2021,Deiniolen,W05001526,1896,948,788,9,0,0,8,0,16,127
2021,Dewi,W05001527,2002,875,825,1,36,0,122,5,17,121
2021,Diffwys a Maenofferen,W05001528,1622,791,661,4,1,6,6,0,13,140
2021,Dolbenmaen,W05001529,1175,512,558,0,1,0,1,2,7,94
2021,Dwyrain Bangor,W05001530,4676,2406,1623,22,22,2,161,0,42,398
2021,Dwyrain Porthmadog,W05001531,1729,799,768,2,0,1,20,0,6,133
2021,Dyffryn Ardudwy,W05001532,1467,542,811,12,0,1,1,1,9,90
2021,Efailnewydd a Buan,W05001533,1298,501,673,2,0,0,2,1,7,112
2021,Gerlan,W05001534,1658,864,629,22,0,0,1,0,20,122
2021,Glaslyn,W05001535,1633,795,687,6,3,1,0,1,14,126
2021,Glyder,W05001536,1677,626,833,4,6,0,84,1,13,110
2021,Gogledd Dolgellau,W05001537,1182,471,611,1,2,2,0,0,3,92
2021,Gogledd Pwllheli,W05001538,2089,966,981,2,4,0,13,0,18,105
2021,Gorllewin Porthmadog,W05001539,1505,533,827,15,0,3,2,0,3,122
2021,Gorllewin Tywyn,W05001540,1253,497,668,8,0,0,3,0,5,72
2021,Harlech a Llanbedr,W05001541,2716,1138,1374,12,7,3,2,1,12,167
2021,Hendre,W05001542,1845,772,943,4,1,0,4,0,3,118
2021,Llanbedrog gyda Mynytho,W05001543,1399,539,745,9,1,1,0,0,13,91
2021,Llanberis,W05001544,2008,996,811,12,1,0,3,0,7,178
2021,Llandderfel,W05001545,1377,491,743,6,1,1,2,0,9,124
2021,Llanllyfni,W05001546,1957,1061,741,3,0,0,10,0,10,132
2021,Llanrug,W05001547,1825,719,960,2,1,1,4,0,6,132
2021,Llanuwchllyn,W05001548,1056,299,692,1,0,0,0,0,2,62
2021,Llanwnda,W05001549,1421,508,822,1,0,0,0,0,5,85
2021,Llanystumdwy,W05001550,1920,705,1013,5,2,1,1,1,9,183
2021,Menai,W05001551,1993,684,1151,8,1,1,11,5,4,128
2021,Morfa Nefyn a Thudweiliog,W05001552,2102,825,1133,4,0,0,1,0,15,124
2021,Morfa Tywyn,W05001553,1880,762,933,7,6,2,12,4,13,141
2021,Nefyn,W05001554,1290,555,616,2,1,0,9,0,9,98
2021,Peblig,W05001555,2760,1561,993,14,0,0,19,1,18,154
2021,Pen draw Llyn,W05001556,1876,730,987,7,0,2,4,3,4,139
2021,Penisa'r-waun,W05001557,1359,649,620,1,1,0,3,0,10,75
2021,Penrhyndeudraeth,W05001558,1987,942,868,3,1,0,5,0,9,159
2021,Pen-y-groes,W05001559,1793,827,843,3,5,0,0,1,6,108
2021,Rachub,W05001560,1220,570,553,3,0,0,4,0,15,75
2021,Teigl,W05001561,1263,590,570,2,0,0,0,0,6,95
2021,Trawsfynydd,W05001562,1416,541,794,2,0,0,2,0,1,76
2021,Tre-garth a Mynydd Llandygai,W05001563,2123,1020,922,8,4,2,3,0,7,157
2021,Tryfan,W05001564,1524,776,589,1,0,1,2,0,16,139
2021,Waunfawr,W05001565,1465,679,649,10,0,0,7,0,11,109
2021,Y Bala,W05001566,1992,708,1112,3,0,0,26,0,3,140
2021,Y Bontnewydd,W05001567,1249,482,684,7,1,0,7,0,8,60
2021,Y Faenol,W05001568,2587,993,1200,16,50,1,149,4,12,162
2021,Y Groeslon,W05001569,1662,675,860,2,0,2,1,0,4,118
2021,Yr Eifl,W05001570,1559,649,758,7,0,0,3,0,10,132
2021,Argoed and New Brighton,W05001571,5627,2132,3101,14,9,0,13,0,12,346
2021,Bagillt,W05001572,3969,1566,2110,11,0,1,16,0,6,259
2021,Broughton North East,W05001573,2271,985,1117,3,18,0,14,0,10,124
2021,Broughton South,W05001574,4262,1847,2048,8,31,1,25,0,12,290
2021,Brynford and Halkyn,W05001575,3824,1423,2141,8,0,1,7,2,15,227
2021,Buckley: Bistre East,W05001576,4257,1719,2232,5,5,0,15,1,21,259
2021,Buckley: Bistre West,W05001577,4175,1928,1913,11,3,3,9,0,15,293
2021,Buckley: Mountain,W05001578,2388,1001,1233,1,7,1,5,0,7,133
2021,Buckley: Pentrobin,W05001579,5303,2056,2799,11,15,3,15,0,10,394
2021,Caergwrle,W05001580,1557,703,717,3,2,2,10,0,15,105
2021,Caerwys,W05001581,2490,910,1402,3,4,0,2,0,10,159
2021,Cilcain,W05001582,1790,656,975,2,0,1,0,0,5,151
2021,Connah's Quay Central,W05001583,4617,1933,2260,5,0,0,27,1,18,373
2021,Connah's Quay: Golftyn,W05001584,5244,2445,2431,6,11,3,20,0,23,305
2021,Connah's Quay South,W05001585,4572,1816,2426,14,2,1,13,1,10,289
2021,Connah's Quay: Wepre,W05001586,2339,1034,1145,12,3,0,14,0,4,127
2021,Flint: Castle,W05001587,2500,994,1263,11,1,0,13,0,8,210
2021,Flint: Coleshill and Trelawny,W05001588,8054,2902,4513,15,11,4,27,1,14,567
2021,Flint: Oakenholt,W05001589,3181,1498,1446,10,9,0,8,0,4,206
2021,Greenfield (Flintshire),W05001590,2778,1222,1308,1,2,3,13,0,4,225
2021,Gwernaffield and Gwernymynydd,W05001591,3512,1341,1957,15,1,2,3,0,15,178
2021,Hawarden: Aston,W05001592,4204,1512,2347,9,11,1,18,2,13,291
2021,Hawarden: Ewloe,W05001593,5502,2100,2942,33,45,2,22,5,10,343
2021,Hawarden: Mancot,W05001594,4177,1616,2206,18,12,0,15,4,16,290
2021,Higher Kinnerton,W05001595,1731,621,1013,3,9,2,1,0,4,78
2021,Holywell Central,W05001596,2083,939,964,3,5,1,15,0,3,153
2021,Holywell East,W05001597,1926,842,963,6,0,1,3,0,7,104
2021,Holywell West,W05001598,2442,949,1273,8,14,1,12,0,12,173
2021,Hope,W05001599,2604,1063,1365,5,6,3,5,1,6,150
2021,Leeswood,W05001600,2123,939,1000,5,1,0,3,0,3,172
2021,Llanasa and Trelawnyd,W05001601,5133,2068,2652,10,0,2,31,0,30,340
2021,Llanfynydd,W05001602,1878,784,950,0,0,0,3,0,8,133
2021,Mold: Broncoed,W05001603,2727,1185,1325,13,2,1,20,0,6,175
2021,Mold East,W05001604,2419,1070,1132,14,10,0,5,0,6,182
2021,Mold South,W05001605,2829,1059,1587,14,0,5,9,1,15,139
2021,Mold West,W05001606,2174,997,1006,9,0,0,18,0,12,132
2021,Mostyn,W05001607,1892,824,882,7,1,1,6,0,3,168
2021,Northop,W05001608,4884,1795,2774,5,3,3,11,0,12,281
2021,Pen-y-ffordd,W05001609,4708,1951,2415,15,27,1,16,0,13,270
2021,Queensferry and Sealand,W05001610,5254,2283,2518,17,6,1,99,0,7,323
2021,Saltney Ferry,W05001611,5137,2216,2435,4,15,3,65,1,24,374
2021,Shotton East and Shotton Higher,W05001612,4351,1847,2160,22,7,5,19,3,12,276
2021,Shotton West,W05001613,2145,812,1128,7,3,0,66,0,6,123
2021,Treuddyn,W05001614,1687,660,904,2,3,0,3,0,4,111
2021,Whitford,W05001615,2243,750,1368,2,6,1,4,0,7,105
2021,Bedlinog and Trelewis,W05001616,3768,2278,1242,4,7,0,5,2,9,221
2021,Cyfarthfa,W05001617,7270,3665,3164,21,37,2,28,6,15,332
2021,Dowlais and Pant,W05001618,6631,3527,2735,10,7,0,22,8,19,303
2021,Gurnos,W05001619,5341,3021,1938,7,23,0,29,8,20,295
2021,Merthyr Vale,W05001620,3774,2367,1140,4,4,0,11,8,19,221
2021,Park (Merthyr Tydfil),W05001621,4162,1936,1927,7,8,0,36,1,26,221
2021,Penydarren,W05001622,5279,2786,2190,6,14,1,22,12,18,230
2021,Plymouth (Merthyr Tydfil),W05001623,5048,2681,2005,10,1,0,23,13,35,280
2021,Town (Merthyr Tydfil),W05001624,7900,3923,3408,38,6,0,74,7,44,400
2021,Treharris,W05001625,6272,3404,2478,17,0,2,19,9,20,323
2021,Vaynor,W05001626,3399,1733,1387,3,2,0,22,8,8,236
2021,Allt-yr-yn,W05001627,9499,3623,4363,26,68,13,698,161,57,490
2021,Alway,W05001628,8557,4024,3406,15,19,1,494,29,49,520
2021,Beechwood,W05001629,7661,3424,3204,16,13,2,466,14,43,479
2021,Bettws,W05001630,8296,4620,2980,12,16,4,109,9,26,520
2021,Bishton and Langstone,W05001631,6955,2987,3279,14,32,6,175,5,33,424
2021,Caerleon,W05001632,7973,3218,4190,13,11,12,104,8,33,384
2021,Gaer,W05001633,8978,3855,4167,26,23,4,347,9,39,508
2021,Graig,W05001634,5255,2147,2702,20,20,6,46,5,21,288
2021,Lliswerry,W05001635,13584,6134,5680,29,35,3,750,25,73,855
2021,Llanwern,W05001636,3275,1538,1403,9,29,1,104,0,7,184
2021,Malpas (Newport),W05001637,7604,3330,3653,22,5,5,103,5,30,451
2021,Pillgwenlly,W05001638,8116,2049,2784,22,88,2,2699,26,19,427
2021,Ringland,W05001639,8303,3984,3509,25,9,1,178,9,44,544
2021,Rogerstone East,W05001640,2948,1402,1272,8,1,1,63,7,20,174
2021,Rogerstone North,W05001641,2984,1063,1693,12,16,1,36,6,12,145
2021,Rogerstone West,W05001642,7967,3749,3365,41,99,2,208,1,30,472
2021,Shaftesbury,W05001643,5243,2483,2123,23,16,3,244,8,23,320
2021,St Julians,W05001644,8878,4104,3578,29,16,2,558,11,39,541
2021,Stow Hill,W05001645,6496,2751,2578,32,90,4,670,20,51,300
2021,Tredegar Park and Marshfield,W05001646,11876,5482,5363,56,94,16,247,26,34,558
2021,Victoria (Newport),W05001647,9147,2595,2995,28,63,2,2979,34,56,395
2021,Aber Valley,W05001648,6508,4127,1962,6,7,2,26,6,29,343
2021,Aberbargoed and Bargoed,W05001649,9869,6053,3111,22,17,8,41,14,49,554
2021,Abercarn,W05001650,5447,3073,2012,14,10,1,9,16,29,283
2021,Argoed,W05001651,2709,1565,929,1,3,5,14,1,19,172
2021,Bedwas and Trethomas,W05001652,6459,3511,2507,9,5,1,10,11,32,373
2021,Blackwood,W05001653,8108,4487,3179,13,6,4,33,5,32,349
2021,Cefn Fforest and Pengam,W05001654,7393,4276,2543,14,13,1,32,20,18,476
2021,Crosskeys,W05001655,3198,1639,1295,7,7,3,17,13,23,194
2021,Crumlin,W05001656,5796,3450,1975,10,1,0,10,2,29,319
2021,Darran Valley,W05001657,2437,1430,864,5,0,0,2,0,5,131
2021,Gilfach,W05001658,1995,1140,705,0,1,2,8,0,7,132
2021,Hengoed (Caerphilly),W05001659,5507,3260,1816,18,7,0,27,3,24,352
2021,Llanbradach,W05001660,4086,2256,1531,13,2,0,5,1,38,240
2021,Machen and Rudry,W05001661,5124,2720,1996,3,34,3,12,14,30,312
2021,Maesycwmmer,W05001662,2419,1361,900,5,3,0,8,5,6,131
2021,Morgan Jones,W05001663,7481,4158,2848,18,12,3,13,15,49,365
2021,Moriah and Pontlottyn,W05001664,5449,3186,1899,6,2,1,21,6,21,307
2021,Nelson (Caerphilly),W05001665,4472,2328,1812,4,7,1,26,5,19,270
2021,New Tredegar,W05001666,4651,2855,1454,13,0,2,12,9,23,283
2021,Newbridge (Caerphilly),W05001667,6236,3602,2246,6,9,1,17,8,37,310
2021,Penmaen,W05001668,5656,3139,2130,6,7,2,11,1,17,343
2021,Penyrheol,W05001669,12214,6744,4575,24,17,11,43,19,50,731
2021,Pontllanfraith,W05001670,8379,4820,3025,18,9,6,14,0,24,463
2021,Risca East,W05001671,6143,3463,2257,15,1,2,24,1,13,367
2021,Risca West,W05001672,5085,2689,1961,13,11,4,31,7,18,351
2021,St Cattwg,W05001673,7487,4248,2763,4,3,3,11,0,15,440
2021,St Martins (Caerphilly),W05001674,8492,4268,3660,27,20,8,29,5,38,437
2021,Twyn Carno,W05001675,3098,1844,1048,5,1,3,11,17,13,156
2021,Van,W05001676,4594,2681,1580,6,13,1,21,4,19,269
2021,Ynysddu,W05001677,3966,2329,1388,2,3,2,10,2,23,207
2021,Ystrad Mynach,W05001678,5486,3065,2024,14,15,3,41,2,17,305
2021,Aberavon,W05001679,5671,2725,2494,21,39,3,98,6,20,265
2021,Aberdulais,W05001680,2373,1170,1048,4,1,1,2,0,12,135
2021,Allt-wen,W05001681,2721,1313,1220,6,3,1,10,0,8,160
2021,Baglan,W05001682,6749,2950,3337,19,7,0,13,1,15,407
2021,Blaengwrach and Glynneath West,W05001683,3138,1769,1149,6,1,1,2,0,24,186
2021,Briton Ferry East,W05001684,2949,1531,1166,11,0,0,20,7,16,198
2021,Briton Ferry West,W05001685,2931,1744,965,6,15,1,10,4,9,177
2021,Bryn and Cwmavon,W05001686,6582,3282,2890,19,2,0,15,4,35,335
2021,Bryn-coch North,W05001687,2052,707,1246,0,4,1,2,3,16,73
2021,Bryn-coch South,W05001688,5407,2325,2754,17,5,1,16,2,11,276
2021,Cadoxton,W05001689,1582,646,862,4,1,0,6,0,3,60
2021,Cimla and Pelenna,W05001690,4848,2173,2315,12,5,0,40,10,14,279
2021,Coedffranc Central,W05001691,5171,2692,2082,9,19,0,63,5,20,281
2021,Coedffranc North,W05001692,2294,1205,888,5,3,2,9,3,8,171
2021,Coedffranc West,W05001693,5249,2419,1528,19,85,1,76,17,16,1088
2021,"Crynant, Onllwyn and Seven Sisters",W05001694,5125,2504,2233,7,5,0,4,0,28,344
2021,Cwmllynfell and Ystalyfera,W05001695,3883,2093,1516,11,7,0,8,0,24,224
2021,Cymer and Glyncorrwg,W05001696,2136,1206,743,5,6,0,5,0,15,156
2021,Dyffryn,W05001697,3291,1534,1570,4,3,0,11,0,22,147
2021,Glynneath Central and East,W05001698,2146,1007,1029,4,1,0,0,0,2,103
2021,Godre'r Graig,W05001699,2078,1214,729,6,7,0,0,2,16,104
2021,Gwaun-Cae-Gurwen and Lower Brynamman,W05001700,4217,2121,1792,10,3,3,10,1,16,261
2021,Gwynfi and Croeserw,W05001701,2600,1602,812,8,4,0,2,1,18,153
2021,Margam and Tai-bach,W05001702,7838,3917,3436,20,23,1,35,24,33,349
2021,Neath East,W05001703,6121,3308,2266,19,15,3,43,9,31,427
2021,Neath North,W05001704,3801,1769,1736,18,4,1,32,6,24,211
2021,Neath South,W05001705,4801,2482,1952,14,9,2,54,0,24,264
2021,Pontardawe,W05001706,5460,2898,2226,24,9,2,10,11,22,258
2021,Port Talbot,W05001707,5756,2758,2225,11,52,5,347,11,26,321
2021,Resolven and Tonna,W05001708,5594,2669,2518,13,0,2,18,12,28,334
2021,Rhos (Neath Port Talbot),W05001709,2560,1090,1326,4,1,0,0,6,11,122
2021,Sandfields East,W05001710,6664,3423,2733,14,45,0,54,1,28,366
2021,Sandfields West,W05001711,6785,3814,2462,25,16,1,39,2,27,399
2021,Trebanos,W05001712,1711,876,728,9,0,0,8,1,9,80
2021,Acrefair North,W05001713,2123,1271,685,5,1,0,26,0,9,126
2021,Acton and Maesydre,W05001714,5020,2049,2527,15,10,2,69,0,8,340
2021,Bangor Is-y-Coed,W05001715,1938,600,1227,6,0,1,2,0,1,101
2021,Borras Park,W05001716,2267,685,1401,2,6,0,11,0,8,154
2021,Bronington and Hanmer,W05001717,1724,521,1091,4,2,3,0,0,7,96
2021,Brymbo,W05001718,4262,1993,1929,20,8,2,18,1,20,271
2021,Bryn Cefn,W05001719,2617,1132,1277,4,1,1,13,0,7,182
2021,Brynyffynnon,W05001720,3688,1382,1791,26,48,0,208,11,14,208
2021,Cartrefle,W05001721,2266,1081,975,6,8,0,35,0,8,153
2021,Cefn East,W05001722,2168,1131,834,4,0,0,6,0,6,187
2021,Cefn West,W05001723,2613,1221,1172,10,4,1,12,1,9,183
2021,Chirk North,W05001724,2423,1086,1138,4,0,0,21,1,12,161
2021,Chirk South,W05001725,1974,726,1087,2,3,1,16,0,10,129
2021,Coedpoeth,W05001726,4428,1989,2115,15,5,2,28,3,26,245
2021,Dyffryn Ceiriog,W05001727,2064,847,1049,9,2,3,7,1,10,136
2021,Erddig,W05001728,2026,671,1136,5,10,0,49,1,5,149
2021,Esclusham,W05001729,2759,1039,1507,15,1,1,31,0,6,159
2021,Garden Village,W05001730,1975,651,1158,5,5,2,9,5,15,125
2021,Gresford East and West,W05001731,2794,950,1622,12,4,0,4,1,11,190
2021,Grosvenor,W05001732,2579,1008,1259,16,22,0,105,0,14,155
2021,Gwenfro,W05001733,2559,1212,1096,1,1,0,38,1,13,197
2021,Gwersyllt East,W05001734,2356,957,1213,3,0,0,18,0,8,157
2021,Gwersyllt North,W05001735,2861,1366,1274,7,7,1,28,5,6,167
2021,Gwersyllt South,W05001736,2465,1123,1167,5,6,2,10,1,8,143
2021,Gwersyllt West,W05001737,3096,1266,1492,17,15,1,25,0,13,267
2021,Hermitage (Wrexham),W05001738,2506,948,1242,8,12,1,70,4,13,208
2021,Holt (Wrexham),W05001739,4460,1757,2216,29,8,8,138,8,33,263
2021,Little Acton,W05001740,2225,825,1250,1,0,1,8,0,4,136
2021,Llangollen Rural,W05001741,1995,887,938,7,16,1,5,1,1,139
2021,Llay,W05001742,4787,1994,2368,20,10,2,26,3,10,354
2021,Marchwiel,W05001743,2204,762,1265,5,0,0,2,3,8,159
2021,Marford and Hoseley,W05001744,2152,683,1318,3,11,0,13,3,4,117
2021,Minera,W05001745,2298,876,1267,11,0,1,7,0,12,124
2021,New Broughton,W05001746,2495,1119,1163,8,4,0,19,0,15,167
2021,Offa,W05001747,2963,1053,1520,13,26,2,120,0,16,213
2021,Overton and Maelor South,W05001748,2725,980,1560,11,7,1,4,0,11,151
2021,Pant and Johnstown,W05001749,5453,2599,2454,4,5,1,20,2,26,342
2021,Penycae,W05001750,2186,1170,862,2,1,0,11,1,6,133
2021,Penycae and Ruabon South,W05001751,2604,1112,1294,3,3,0,5,0,7,180
2021,Ponciau,W05001752,2512,1115,1233,2,0,1,2,2,11,146
2021,Queensway,W05001753,2554,1453,856,3,3,1,19,0,9,210
2021,Rhos (Wrexham),W05001754,2198,1099,913,1,0,1,19,0,14,151
2021,Rhosnesni,W05001755,3551,1286,1968,7,14,1,38,12,10,215
2021,Rossett,W05001756,3286,1179,1871,4,9,1,31,1,11,179
2021,Ruabon,W05001757,2963,1340,1338,13,2,2,37,0,19,212
2021,Smithfield,W05001758,2911,1125,1487,12,12,0,70,5,4,196
2021,Stansty,W05001759,2143,791,1175,1,2,1,21,2,8,142
2021,Whitegate,W05001760,2504,1078,1203,10,6,0,32,0,6,169
2021,Wynnstay,W05001761,2389,1290,894,5,14,2,36,0,4,144
2021,Bulwark and Thornwell,W05001762,5018,2567,2073,7,16,1,23,1,38,292
2021,Caerwent,W05001763,2123,887,1107,8,2,2,12,0,9,96
2021,Caldicot Castle,W05001764,1779,703,970,1,1,0,2,4,11,87
2021,Caldicot Cross,W05001765,1563,654,798,5,0,4,20,1,2,79
2021,Cantref,W05001766,2249,924,1123,17,14,5,17,7,4,138
2021,Chepstow Castle and Larkfield,W05001767,3153,1471,1374,19,4,3,19,8,33,222
2021,Croesonen,W05001768,1966,968,824,10,2,1,10,2,16,133
2021,Crucorney,W05001769,2083,830,1084,7,1,1,3,0,17,140
2021,Devauden,W05001770,1389,520,743,0,0,1,2,1,6,116
2021,Dewstow,W05001771,2345,1274,884,5,12,3,5,0,9,153
2021,Drybridge,W05001772,2366,985,1220,3,3,2,2,4,6,141
2021,Gobion Fawr,W05001773,1868,691,1033,12,2,1,2,0,14,113
2021,Goetre Fawr,W05001774,2273,863,1236,8,0,2,2,4,14,144
2021,Grofield,W05001775,2131,982,869,22,40,2,47,1,21,147
2021,Lansdown (Monmouthshire),W05001776,2309,1192,890,13,1,0,20,4,5,184
2021,Llanbadoc and Usk,W05001777,4051,1575,2136,23,12,7,19,3,30,246
2021,Llanelly,W05001778,4110,1784,1966,15,11,7,2,2,43,280
2021,Llanfoist Fawr and Govilon,W05001779,3845,1683,1905,19,17,1,29,3,9,179
2021,Llangybi Fawr,W05001780,1814,664,1023,1,1,1,3,0,4,117
2021,Llantilio Crossenny,W05001781,1780,732,939,7,2,0,0,0,8,92
2021,Magor East with Undy,W05001782,4131,1811,2039,5,0,1,10,5,26,234
2021,Magor West,W05001783,1818,742,951,3,4,1,5,5,6,101
2021,Mardy,W05001784,2018,866,984,14,0,1,14,2,3,134
2021,Mitchel Troy and Trellech United,W05001785,3677,1513,1881,9,3,5,9,3,22,232
2021,Mount Pleasant,W05001786,1795,754,930,9,0,4,1,0,3,94
2021,Osbaston,W05001787,2285,809,1258,12,8,3,10,0,14,171
2021,Overmonnow,W05001788,2260,1122,937,13,0,6,11,0,6,165
2021,Park (Monmouthshire),W05001789,2055,834,1014,6,21,2,26,9,14,129
2021,Pen Y Fal,W05001790,1877,705,989,5,3,1,16,2,6,150
2021,Portskewett,W05001791,2486,1131,1193,4,1,0,16,6,13,122
2021,Raglan,W05001792,2432,853,1420,5,1,1,4,1,9,138
2021,Rogiet,W05001793,1788,955,735,3,0,1,9,3,10,72
2021,Severn (Monmouthshire),W05001794,2191,992,1014,8,0,1,18,3,19,136
2021,Shirenewton,W05001795,2121,876,1112,5,2,0,3,1,7,115
2021,St Arvans,W05001796,1770,778,874,6,5,1,1,4,12,89
2021,St Kingsmark,W05001797,1972,862,1004,7,2,0,1,0,7,89
2021,Town (Monmouthshire),W05001798,2010,803,945,16,4,4,13,4,18,203
2021,West End (Monmouthshire),W05001799,1939,1015,769,2,2,0,15,10,12,114
2021,Wyesham,W05001800,2125,946,1009,7,3,3,12,0,10,135
