date,geography,geography code,Ethnic group: Total: All usual residents,"Ethnic group: Asian, Asian British or Asian Welsh","Ethnic group: Asian, Asian British or Asian Welsh: Bangladeshi","Ethnic group: Asian, Asian British or Asian Welsh: Chinese","Ethnic group: Asian, Asian British or Asian Welsh: Indian","Ethnic group: Asian, Asian British or Asian Welsh: Pakistani","Ethnic group: Asian, Asian British or Asian Welsh: Other Asian","Ethnic group: Black, Black British, Black Welsh, Caribbean or African","Ethnic group: Black, Black British, Black Welsh, Caribbean or African: African","Ethnic group: Black, Black British, Black Welsh, Caribbean or African: Caribbean","Ethnic group: Black, Black British, Black Welsh, Caribbean or African: Other Black",Ethnic group: Mixed or Multiple ethnic groups,Ethnic group: Mixed or Multiple ethnic groups: White and Asian,Ethnic group: Mixed or Multiple ethnic groups: White and Black African,Ethnic group: Mixed or Multiple ethnic groups: White and Black Caribbean,Ethnic group: Mixed or Multiple ethnic groups: Other Mixed or Multiple ethnic groups,Ethnic group: White,"Ethnic group: White: English, Welsh, Scottish, Northern Irish or British",Ethnic group: White: Irish,Ethnic group: White: Gypsy or Irish Traveller,Ethnic group: White: Roma,Ethnic group: White: Other White,Ethnic group: Other ethnic group,Ethnic group: Other ethnic group: Arab,Ethnic group: Other ethnic group: Any other ethnic group
2021,Astley Bridge,E05000650,14139,2426,16,49,1832,431,98,207,146,24,37,295,102,31,103,59,11073,10820,75,1,2,175,138,46,92
2021,Bradshaw,E05000651,11538,159,0,20,73,39,27,155,124,12,19,355,52,33,227,43,10800,10528,67,3,16,186,69,21,48
2021,Breightmet,E05000652,14393,509,10,68,166,194,71,573,449,43,81,340,106,51,122,61,12823,12401,82,3,19,318,148,59,89
2021,Bromley Cross,E05000653,13645,223,4,29,98,66,26,32,21,10,1,233,95,20,64,54,13110,12869,99,1,1,140,47,3,44
2021,Crompton (Bolton),E05000654,17585,7186,76,117,4745,2079,169,922,773,51,98,446,136,97,106,107,8623,7858,80,79,12,594,408,159,249
2021,Farnworth (Bolton),E05000655,16571,2606,59,51,332,1976,188,580,462,36,82,381,95,130,96,60,12771,12244,57,7,13,450,233,67,166
2021,Great Lever,E05000656,18100,9525,87,66,2622,6279,471,1242,1088,66,88,469,219,84,75,91,6139,5108,58,9,72,892,725,209,516
2021,Halliwell,E05000657,16269,6492,51,77,1761,4355,248,1616,1343,59,214,455,147,130,82,96,6920,5765,86,278,59,732,786,421,365
2021,Harper Green,E05000658,16203,5501,91,37,1493,3347,533,934,695,12,227,311,109,67,75,60,8839,8359,51,31,11,387,618,124,494
2021,Heaton and Lostock,E05000659,13822,4002,31,99,2186,1569,117,190,142,24,24,324,165,31,57,71,9096,8800,87,2,6,201,210,105,105
2021,Horwich and Blackrod,E05000660,14688,515,6,96,244,100,69,156,117,24,15,286,91,50,84,61,13667,13355,64,4,10,234,64,31,33
2021,Horwich North East,E05000661,12569,382,8,19,202,104,49,77,46,24,7,202,84,24,55,39,11834,11527,76,7,20,204,74,4,70
2021,Hulton,E05000662,14800,3933,77,50,2257,1361,188,600,503,16,81,341,148,54,63,76,9499,9091,59,23,19,307,427,116,311
2021,Kearsley,E05000663,14779,394,7,48,125,155,59,266,198,34,34,279,80,64,71,64,13722,13295,81,6,6,334,118,33,85
2021,Little Lever and Darcy Lever,E05000664,12837,413,5,25,187,160,36,165,113,24,28,211,64,37,77,33,11988,11781,82,8,2,115,60,29,31
2021,Rumworth,E05000665,18126,10738,409,47,6229,3366,687,2192,1974,46,172,436,201,86,48,101,3823,3202,36,11,42,532,937,248,689
2021,Smithills,E05000666,14925,2069,23,50,884,1010,102,411,333,35,43,411,133,98,72,108,11862,11312,91,26,14,419,172,38,134
2021,Tonge with the Haulgh,E05000667,13516,1695,22,61,388,1117,107,683,599,27,57,301,92,67,94,48,10685,10100,67,3,35,480,152,46,106
2021,Westhoughton North and Chew Moor,E05000668,14222,594,1,69,311,141,72,122,94,16,12,302,137,53,74,38,13111,12819,70,3,11,208,93,32,61
2021,Westhoughton South,E05000669,13254,235,1,46,103,48,37,119,85,16,18,273,83,41,92,57,12564,12253,65,12,6,228,63,22,41
2021,Alexandra (Oldham),E05000719,14436,5754,672,48,52,4758,224,929,732,85,112,707,288,146,156,117,6571,5641,47,31,120,732,475,61,414
2021,Chadderton Central,E05000720,11306,2167,1398,72,86,527,84,268,196,44,28,307,100,51,119,37,8469,8149,67,3,11,239,95,33,62
2021,Chadderton North,E05000721,11809,3590,2904,37,105,484,60,182,127,34,21,257,108,24,82,43,7680,7427,55,6,16,176,100,28,72
2021,Chadderton South,E05000722,11487,1334,581,70,75,526,82,440,336,56,48,392,67,107,178,40,9213,8920,73,3,5,212,108,37,71
2021,Coldhurst,E05000723,14266,9479,8657,23,139,511,149,1158,655,78,425,355,128,64,109,54,2993,2657,42,8,11,275,281,64,217
2021,Crompton (Oldham),E05000724,10325,359,181,35,29,97,17,52,25,25,2,158,37,14,83,24,9730,9516,67,1,3,143,26,4,22
2021,Failsworth East,E05000725,10371,184,28,52,15,61,28,169,109,34,26,197,40,37,90,30,9757,9524,87,3,1,142,64,14,50
2021,Failsworth West,E05000726,11085,314,37,61,57,118,41,480,362,61,57,313,49,52,172,40,9881,9430,103,2,91,255,97,21,76
2021,Hollinwood,E05000727,12312,1773,367,73,97,1143,93,710,575,60,75,365,63,78,171,53,9283,8804,59,53,37,330,181,46,135
2021,Medlock Vale,E05000728,15042,6547,1239,73,412,4526,297,602,508,36,58,313,113,44,103,53,7176,6541,67,21,89,458,404,48,356
2021,Royton North,E05000729,10039,250,104,19,36,83,8,128,95,27,6,170,48,23,76,23,9471,9316,80,0,4,71,20,6,14
2021,Royton South,E05000730,10930,832,430,49,100,211,42,138,87,36,15,215,54,22,106,33,9697,9465,100,2,3,127,48,3,45
2021,Saddleworth North,E05000731,9883,105,4,15,13,49,24,20,2,11,7,158,50,12,55,41,9583,9402,70,0,2,109,17,2,15
2021,Saddleworth South,E05000732,9953,90,14,6,16,34,20,40,10,25,5,170,55,13,61,41,9628,9431,64,2,1,130,25,0,25
2021,Saddleworth West and Lees,E05000733,11081,269,30,23,27,162,27,47,11,30,6,215,41,26,117,31,10520,10337,69,7,3,104,30,4,26
2021,St James' (Oldham),E05000734,12481,433,108,45,22,207,51,656,515,54,87,397,73,95,185,44,10929,10587,65,0,9,268,66,15,51
2021,St Mary's (Oldham),E05000735,16619,10689,1663,42,84,8363,537,918,673,74,171,471,156,96,150,69,4081,3602,33,13,48,385,460,60,400
2021,Shaw (Oldham),E05000736,10040,522,306,21,37,134,24,87,70,10,7,214,47,32,104,31,9180,8903,61,1,4,211,37,9,28
2021,Waterhead,E05000737,13789,4160,146,26,64,3722,202,485,392,40,53,395,127,65,164,39,8490,8070,44,12,66,298,259,18,241
2021,Werneth,E05000738,14830,10717,2882,31,209,7089,506,699,585,55,59,357,182,43,73,59,2565,2192,27,7,24,315,492,48,444
2021,Bramhall North,E05000779,12823,1080,24,144,368,356,188,112,75,20,17,295,145,21,41,88,11066,10618,170,1,5,272,270,64,206
2021,Bramhall South and Woodford,E05000780,12881,750,17,158,282,196,97,77,32,33,12,238,94,29,50,65,11642,11288,156,0,1,197,174,55,119
2021,Bredbury and Woodley,E05000781,13566,222,10,57,54,56,45,51,26,18,7,244,60,35,111,38,12976,12643,108,1,3,221,73,15,58
2021,Bredbury Green and Romiley,E05000782,14376,256,11,42,66,75,62,126,82,35,9,314,95,34,95,90,13622,13247,114,5,2,254,58,13,45
2021,Brinnington and Central,E05000783,17860,1216,37,88,237,579,275,689,470,79,140,598,154,118,194,132,14940,13870,193,6,17,854,417,99,318
2021,Cheadle and Gatley,E05000784,16099,3195,180,210,603,1972,230,181,110,48,23,522,218,47,91,166,11417,10653,240,4,7,513,784,308,476
2021,Cheadle Hulme North,E05000785,13425,970,71,110,145,440,204,125,61,40,24,356,100,67,112,77,11755,11266,185,7,4,293,219,74,145
2021,Cheadle Hulme South,E05000786,14238,1228,32,205,326,532,133,118,66,41,11,385,150,51,89,95,12219,11678,162,0,8,371,288,107,181
2021,Davenport and Cale Green,E05000787,15909,1340,45,105,185,725,280,281,199,52,30,517,127,118,137,135,13539,12836,165,11,9,518,232,69,163
2021,Edgeley and Cheadle Heath,E05000788,14182,760,44,90,169,338,119,207,119,59,29,505,122,137,151,95,12504,11909,153,0,11,431,206,54,152
2021,Hazel Grove,E05000789,14020,602,35,76,226,171,94,104,63,27,14,261,71,49,79,62,12931,12451,134,4,12,330,122,38,84
2021,Heald Green,E05000790,13076,3206,115,135,418,2411,127,113,64,20,29,384,127,70,79,108,9025,8590,151,2,0,282,348,154,194
2021,Heatons North,E05000791,14169,1370,80,177,219,721,173,144,73,56,15,439,159,56,112,112,11960,10958,535,6,12,449,256,85,171
2021,Heatons South,E05000792,14096,1806,127,123,304,1070,182,165,87,69,9,491,171,78,123,119,11211,10279,432,3,4,493,423,132,291
2021,Manor (Stockport),E05000793,14075,405,19,87,85,113,101,106,62,36,8,307,75,44,129,59,13158,12798,101,6,3,250,99,33,66
2021,Marple North,E05000794,12486,144,7,28,49,20,40,22,11,8,3,228,80,30,64,54,12048,11737,107,3,1,200,44,8,36
2021,Marple South and High Lane,E05000795,11770,174,20,22,37,46,49,41,13,16,12,143,46,21,34,42,11357,11066,117,3,0,171,55,13,42
2021,Offerton,E05000796,14154,595,21,91,184,195,104,109,69,25,15,232,71,36,69,56,13088,12741,114,7,2,224,130,40,90
2021,Reddish North,E05000797,15062,875,38,141,86,498,112,359,199,117,43,509,113,91,211,94,13117,12388,349,7,11,362,202,59,143
2021,Reddish South,E05000798,13562,630,14,128,117,286,85,196,95,63,38,404,96,74,145,89,12180,11439,333,12,16,380,152,53,99
2021,Stepping Hill,E05000799,12938,646,19,94,270,153,110,87,51,33,3,289,86,29,96,78,11776,11378,156,2,4,236,140,35,105
2021,Ashton Hurst,E05000800,11684,1719,141,56,578,824,120,320,249,22,49,239,84,51,61,43,9299,8919,38,3,8,331,107,17,90
2021,Ashton St Michael's,E05000801,12686,2462,184,63,692,1383,140,444,380,29,35,279,108,39,61,71,9301,8663,47,2,8,581,200,37,163
2021,Ashton Waterloo,E05000802,11692,1967,255,42,616,1004,50,201,149,23,29,226,71,31,90,34,9192,8770,38,0,1,383,106,41,65
2021,Audenshaw,E05000803,12786,895,79,125,147,461,83,375,298,39,38,355,70,59,173,53,11041,10698,85,3,5,250,120,55,65
2021,Denton North East,E05000804,11136,456,67,116,64,155,54,231,165,50,16,252,38,46,125,43,10091,9774,101,13,1,202,106,18,88
2021,Denton South,E05000805,11024,243,45,38,31,83,46,273,188,27,58,267,50,43,134,40,10187,9800,96,11,3,277,54,18,36
2021,Denton West,E05000806,11519,328,46,59,66,109,48,163,78,58,27,278,59,39,144,36,10695,10331,205,2,4,153,55,12,43
2021,Droylsden East,E05000807,12429,777,69,268,109,275,56,543,435,54,54,360,78,63,144,75,10626,10149,115,14,8,340,123,36,87
2021,Droylsden West,E05000808,11485,440,31,118,77,138,76,398,319,47,32,339,55,58,164,62,10181,9788,86,13,15,279,127,35,92
2021,Dukinfield,E05000809,12731,616,108,65,225,195,23,313,266,21,26,252,62,41,79,70,11435,11038,58,8,7,324,115,19,96
2021,Dukinfield Stalybridge,E05000810,11178,320,22,35,89,149,25,130,94,25,11,169,60,38,42,29,10505,10275,76,4,5,145,54,15,39
2021,Hyde Godley,E05000811,12837,1494,1128,45,67,181,73,281,216,38,27,266,65,45,98,58,10703,10324,77,16,9,277,93,41,52
2021,Hyde Newton,E05000812,15173,1045,697,49,93,139,67,232,180,34,18,327,119,62,121,25,13450,13124,67,4,4,251,119,25,94
2021,Hyde Werneth,E05000813,11802,2342,2113,42,48,96,43,91,62,18,11,187,68,31,55,33,9093,8863,56,9,4,161,89,13,76
2021,Longdendale,E05000814,10403,162,13,62,22,36,29,155,118,27,10,165,29,32,66,38,9882,9593,82,1,2,204,39,16,23
2021,Mossley,E05000815,11564,252,66,17,44,97,28,95,62,24,9,191,46,42,66,37,10984,10657,86,0,4,237,42,22,20
2021,St Peter's (Tameside),E05000816,14541,4760,701,111,432,3307,209,665,572,41,52,351,97,81,94,79,8450,7579,90,4,10,767,315,82,233
2021,Stalybridge North,E05000817,12943,474,48,42,204,133,47,260,217,17,26,255,115,42,70,28,11880,11550,66,3,3,258,74,29,45
2021,Stalybridge South,E05000818,11454,448,33,44,136,200,35,102,68,17,17,194,64,15,66,49,10684,10410,66,0,1,207,26,10,16
2021,Altrincham,E05000819,12931,1672,23,448,682,379,140,167,110,46,11,505,222,71,97,115,10295,9392,231,1,28,643,292,138,154
2021,Ashton upon Mersey,E05000820,10345,664,18,226,207,131,82,103,62,26,15,285,99,41,77,68,9096,8523,218,3,11,341,197,89,108
2021,Bowdon,E05000821,9134,954,12,204,333,323,82,91,54,28,9,275,113,27,61,74,7595,7034,215,2,1,343,219,99,120
2021,Broadheath (Trafford),E05000822,14292,2656,53,781,1057,630,135,397,293,64,40,492,141,70,141,140,10278,9524,211,3,11,529,469,275,194
2021,Brooklands (Trafford),E05000823,10521,1179,24,397,433,248,77,191,116,50,25,354,149,44,75,86,8598,7984,235,0,7,372,199,111,88
2021,Bucklow-St Martins,E05000824,10108,293,5,58,91,76,63,250,154,63,33,400,79,50,208,63,9068,8705,125,6,0,232,97,41,56
2021,Clifford,E05000825,13373,4690,127,149,1746,2321,347,2227,920,1042,265,843,147,122,309,265,4743,3820,178,5,10,730,870,370,500
2021,Davyhulme East,E05000826,9583,512,4,115,186,142,65,173,49,101,23,291,70,29,122,70,8528,8136,235,1,0,156,79,38,41
2021,Davyhulme West,E05000827,10162,309,0,76,115,86,32,123,56,57,10,271,64,27,108,72,9395,9121,158,2,1,113,64,46,18
2021,Flixton,E05000828,10795,247,14,53,113,35,32,107,25,60,22,288,74,41,102,71,10089,9684,221,2,2,180,64,18,46
2021,Gorse Hill (Trafford),E05000829,12179,1883,33,134,478,1051,187,1031,352,532,147,790,114,104,408,164,8152,7237,358,6,4,547,323,97,226
2021,Hale Barns,E05000830,10135,2134,40,278,626,1072,118,146,100,29,17,334,143,43,59,89,7072,6496,214,0,0,362,449,145,304
2021,Hale Central,E05000831,10437,673,27,134,228,197,87,85,40,21,24,338,129,24,92,93,9176,8480,285,0,7,404,165,63,102
2021,Longford (Trafford),E05000832,12895,3670,65,168,999,2205,233,1027,352,546,129,612,146,53,239,174,6876,5769,425,5,10,667,710,307,403
2021,Priory (Trafford),E05000833,11168,1238,19,377,567,147,128,195,120,49,26,341,134,37,81,89,9175,8342,250,5,27,551,219,67,152
2021,St Mary's (Trafford),E05000834,11814,1315,39,311,468,367,130,366,246,98,22,393,94,52,166,81,9392,8875,195,2,2,318,348,153,195
2021,Sale Moor,E05000835,10666,839,19,253,271,169,127,267,167,76,24,403,103,39,158,103,8897,8351,170,1,7,368,260,117,143
2021,Stretford,E05000836,11477,1970,57,122,527,1145,119,625,190,349,86,576,103,66,248,159,8013,7114,398,0,0,501,293,106,187
2021,Timperley,E05000837,11320,861,13,231,376,174,67,94,54,28,12,294,136,14,61,83,9877,9456,192,1,1,227,194,67,127
2021,Urmston,E05000838,11205,563,23,123,183,163,71,208,61,110,37,420,107,56,155,102,9918,9443,232,0,4,239,96,34,62
2021,Village (Trafford),E05000839,10521,1263,18,173,522,416,134,222,123,68,31,331,78,55,126,72,8526,8064,137,1,1,323,179,79,100
2021,Abram,E05000840,15917,273,12,40,40,71,110,257,197,27,33,212,54,35,73,50,15077,14421,52,40,21,543,98,27,71
2021,Ashton (Wigan),E05000841,11746,88,1,22,17,13,35,30,17,10,3,77,30,10,15,22,11501,11290,48,3,1,159,50,21,29
2021,Aspull New Springs Whelley,E05000842,12693,164,0,27,56,22,59,79,64,6,9,129,47,17,29,36,12250,11984,36,5,0,225,71,15,56
2021,Astley Mosley Common,E05000843,13101,307,7,108,87,48,57,179,152,20,7,251,56,54,95,46,12290,11904,124,1,11,250,74,34,40
2021,Atherleigh,E05000844,12187,260,3,57,105,38,57,245,198,17,30,171,51,26,51,43,11419,11011,45,13,21,329,92,35,57
2021,Atherton,E05000845,15634,233,5,47,67,71,43,366,298,23,45,224,61,52,68,43,14705,14137,59,30,17,462,106,27,79
2021,Bryn (Wigan),E05000846,11432,69,0,15,13,7,34,50,39,5,6,92,22,19,28,23,11187,11015,37,10,10,115,34,7,27
2021,Douglas,E05000847,13164,268,7,66,71,45,79,240,189,14,37,195,42,58,46,49,12316,11564,42,12,22,676,145,32,113
2021,Golborne and Lowton West,E05000848,12121,147,0,39,48,14,46,91,71,12,8,117,24,25,37,31,11714,11430,53,3,6,222,52,25,27
2021,Hindley,E05000849,13234,182,0,44,37,59,42,60,45,9,6,143,48,18,42,35,12786,12538,39,9,12,188,63,6,57
2021,Hindley Green,E05000850,11507,141,6,38,36,25,36,38,32,3,3,151,61,18,40,32,11137,10908,31,3,5,190,40,9,31
2021,Ince,E05000851,13450,238,1,37,50,51,99,302,245,20,37,198,60,44,45,49,12525,11499,35,21,25,945,187,77,110
2021,Leigh East,E05000852,13060,499,4,53,74,281,87,254,197,19,38,223,70,55,50,48,11969,11391,51,6,35,486,115,27,88
2021,Leigh South,E05000853,14044,235,11,64,39,64,57,181,140,16,25,209,59,36,52,62,13319,12911,53,7,11,337,100,27,73
2021,Leigh West,E05000854,16655,514,15,93,51,207,148,347,269,32,46,356,104,93,79,80,15237,14281,52,39,36,829,201,48,153
2021,Lowton East,E05000855,13800,192,9,78,44,19,42,91,66,7,18,177,66,35,54,22,13310,13053,80,0,0,177,30,14,16
2021,Orrell,E05000856,12085,96,0,16,36,8,36,39,26,9,4,95,32,21,14,28,11814,11681,47,1,0,85,41,3,38
2021,Pemberton,E05000857,14332,172,13,41,34,22,62,224,183,5,36,167,52,36,31,48,13655,13017,36,7,8,587,114,52,62
2021,Shevington with Lower Ground,E05000858,11663,104,0,9,67,8,20,27,14,9,4,120,42,23,24,31,11385,11210,74,6,4,91,27,10,17
2021,Standish with Langtree,E05000859,13983,250,6,53,98,45,48,66,49,9,8,144,54,20,39,31,13419,13149,57,0,9,204,104,35,69
2021,Tyldesley (Wigan),E05000860,14148,289,4,145,38,51,51,221,162,32,27,264,54,56,88,66,13282,12818,98,2,11,353,92,30,62
2021,Wigan Central,E05000861,12034,512,19,45,277,40,131,169,135,13,21,191,60,48,46,37,10985,10519,62,7,18,379,177,51,126
2021,Wigan West,E05000862,13572,309,18,41,102,59,89,174,139,7,28,180,42,40,45,53,12771,12259,49,9,8,446,138,50,88
2021,Winstanley (Wigan),E05000863,11654,118,1,30,30,25,32,38,33,4,1,101,29,17,27,28,11374,11246,43,1,0,84,23,11,12
2021,Worsley Mesnes,E05000864,12109,166,15,26,19,47,59,140,123,3,14,154,65,29,27,33,11529,11246,51,15,0,217,120,37,83
2021,Allerton and Hunts Cross,E05000886,15239,618,24,176,221,112,85,132,99,16,17,419,128,75,87,129,13949,13386,154,3,8,398,121,56,65
2021,Anfield,E05000887,14730,564,19,89,67,93,296,598,425,32,141,442,57,128,131,126,12453,11209,138,19,82,1005,673,300,373
2021,Belle Vale (Liverpool),E05000888,15613,388,18,188,66,26,90,131,74,18,39,485,100,124,129,132,14519,14056,135,0,6,322,90,23,67
2021,Central (Liverpool),E05000889,24846,3898,80,2089,844,359,526,827,629,101,97,1025,286,182,250,307,17788,14841,774,8,128,2037,1308,825,483
2021,Childwall,E05000890,13265,359,22,111,87,75,64,133,82,20,31,329,111,68,71,79,12317,11803,216,8,5,285,127,56,71
2021,Church (Liverpool),E05000891,13568,606,43,173,135,163,92,176,118,23,35,519,163,101,98,157,12071,11354,254,5,11,447,196,97,99
2021,Clubmoor,E05000892,15893,350,18,127,16,47,142,309,259,16,34,331,58,113,81,79,14707,13984,68,1,33,621,196,95,101
2021,County,E05000893,13465,325,8,65,32,49,171,297,218,24,55,322,49,95,85,93,12266,11191,105,29,79,862,255,56,199
2021,Cressington,E05000894,15151,745,54,223,220,91,157,246,182,22,42,460,128,106,105,121,13524,12929,202,3,0,390,176,69,107
2021,Croxteth,E05000895,14429,538,0,280,128,27,103,374,322,6,46,266,63,46,55,102,13092,12340,93,0,11,648,159,76,83
2021,Everton (Liverpool),E05000896,17450,1378,61,376,346,186,409,1007,803,60,144,541,94,167,97,183,13763,12432,188,19,43,1081,761,352,409
2021,Fazakerley,E05000897,16376,640,6,69,393,28,144,158,116,21,21,221,61,47,61,52,15264,14848,114,8,15,279,93,43,50
2021,Greenbank,E05000898,15267,909,254,117,229,171,138,531,342,79,110,969,278,224,214,253,12414,11063,543,2,19,787,444,227,217
2021,Kensington and Fairfield,E05000899,16522,1743,85,416,396,229,617,1832,1501,106,225,736,153,199,176,208,10893,8685,312,240,123,1533,1318,471,847
2021,Kirkdale,E05000900,18661,888,22,225,247,87,307,742,546,73,123,428,114,98,103,113,15900,14148,261,45,67,1379,703,352,351
2021,Knotty Ash,E05000901,14357,423,5,106,210,40,62,211,127,21,63,308,71,71,107,59,13225,12612,105,0,23,485,190,87,103
2021,Mossley Hill,E05000902,12040,365,16,101,90,49,109,127,72,27,28,410,118,94,64,134,10977,10422,242,4,6,303,161,77,84
2021,Norris Green,E05000903,19609,845,6,330,237,52,220,671,550,19,102,411,87,127,101,96,17440,15800,89,11,16,1524,242,86,156
2021,Old Swan,E05000904,15599,751,48,234,176,49,244,305,222,33,50,556,101,137,161,157,13457,12676,160,8,57,556,530,250,280
2021,Picton,E05000905,18905,2790,581,524,359,610,716,1639,1251,153,235,1310,211,334,327,438,10811,9170,300,32,65,1244,2355,1568,787
2021,Princes Park (Liverpool),E05000906,19002,2128,298,489,173,428,740,3246,2411,257,578,1705,228,530,422,525,9186,7864,238,7,35,1042,2737,1723,1014
2021,Riverside (Liverpool),E05000907,23045,1614,63,659,322,155,415,910,681,93,136,1054,237,209,271,337,18247,15675,549,11,134,1878,1220,690,530
2021,St Michael's (Liverpool),E05000908,12487,457,15,138,117,85,102,275,163,54,58,648,148,180,133,187,10848,9763,407,1,16,661,259,106,153
2021,Speke-Garston,E05000909,21403,532,25,213,82,46,166,354,241,39,74,559,93,134,155,177,19724,18203,171,3,23,1324,234,76,158
2021,Tuebrook and Stoneycroft,E05000910,15774,803,58,192,194,98,261,694,587,37,70,556,118,126,151,161,13067,11739,174,7,90,1057,654,264,390
2021,Warbreck (Liverpool),E05000911,15395,350,6,76,93,22,153,181,123,26,32,265,38,79,76,72,14512,14046,131,14,6,315,87,37,50
2021,Wavertree,E05000912,14261,831,46,254,149,160,222,326,177,70,79,738,169,189,170,210,12030,11217,272,10,13,518,336,144,192
2021,West Derby,E05000913,13839,457,13,260,84,27,73,86,68,7,11,166,38,30,56,42,13016,12660,110,0,14,232,114,39,75
2021,Woolton,E05000914,13123,611,7,180,280,64,80,100,65,22,13,333,87,71,98,77,11943,11469,184,4,17,269,136,33,103
2021,Yew Tree,E05000915,16773,857,15,359,258,43,182,351,257,21,73,363,75,68,91,129,15037,14201,136,0,19,681,165,38,127
2021,Ainsdale,E05000932,12598,213,6,123,34,11,39,25,13,10,2,186,78,35,34,39,12121,11779,89,0,10,243,53,19,34
2021,Birkdale,E05000933,12690,114,14,34,25,15,26,50,30,11,9,246,91,29,51,75,12225,11826,105,3,5,286,55,10,45
2021,Blundellsands,E05000934,11366,309,15,73,147,7,67,38,29,7,2,164,65,26,31,42,10812,10446,181,2,1,182,43,19,24
2021,Cambridge,E05000935,12521,209,27,47,43,19,73,73,50,14,9,220,69,24,61,66,11947,11015,141,0,23,768,72,15,57
2021,Church (Sefton),E05000936,12077,173,22,51,10,15,75,56,44,6,6,190,57,43,36,54,11528,11030,166,1,2,329,130,16,114
2021,Derby (Sefton),E05000937,13170,258,7,61,44,18,128,180,144,29,7,258,46,68,59,85,12266,11475,70,6,23,692,208,68,140
2021,Duke's,E05000938,14375,441,42,102,159,20,118,151,93,25,33,258,78,51,52,77,13305,11475,191,3,23,1613,220,48,172
2021,Ford,E05000939,12812,112,0,28,30,3,51,125,70,42,13,147,33,39,37,38,12391,12004,67,0,8,312,37,7,30
2021,Harington,E05000940,11541,107,0,26,51,8,22,22,9,10,3,132,51,11,33,37,11240,10904,129,2,5,200,40,18,22
2021,Kew (Sefton),E05000941,13915,468,109,123,86,51,99,153,95,36,22,341,91,74,94,82,12810,11892,86,1,11,820,143,50,93
2021,Linacre (Sefton),E05000942,13601,376,8,122,59,14,173,174,116,31,27,286,67,60,53,106,12493,11577,107,9,39,761,272,93,179
2021,Litherland,E05000943,12078,198,4,59,28,8,99,33,19,11,3,142,36,31,37,38,11613,11287,55,2,14,255,92,48,44
2021,Manor (Sefton),E05000944,12406,115,10,40,21,5,39,26,12,3,11,153,64,29,14,46,12064,11850,91,0,0,123,48,21,27
2021,Meols,E05000945,12066,118,4,36,36,2,40,30,14,8,8,123,50,15,38,20,11769,11468,91,1,0,209,26,2,24
2021,Molyneux,E05000946,12452,76,4,15,26,7,24,89,73,7,9,100,36,29,19,16,12172,12001,67,3,4,97,15,4,11
2021,Netherton and Orrell,E05000947,12972,260,4,85,53,13,105,60,46,4,10,107,30,35,22,20,12471,12096,59,5,5,306,74,15,59
2021,Norwood,E05000948,14820,261,102,44,47,6,62,60,48,7,5,236,64,37,67,68,14176,13324,115,3,10,724,87,19,68
2021,Park (Sefton),E05000949,11819,77,0,36,21,0,20,21,12,7,2,132,42,43,25,22,11574,11447,50,0,1,76,15,4,11
2021,Ravenmeols,E05000950,12082,112,17,29,16,23,27,34,24,5,5,155,52,20,33,50,11732,11405,124,0,8,195,49,9,40
2021,St Oswald (Sefton),E05000951,11347,68,1,19,9,1,38,33,22,8,3,123,23,57,23,20,11064,10797,47,0,16,204,59,16,43
2021,Sudell,E05000952,13207,71,1,18,23,7,22,46,23,16,7,147,32,35,27,53,12913,12729,68,1,1,114,30,5,25
2021,Victoria (Sefton),E05000953,13327,153,21,46,41,7,38,32,20,10,2,213,69,30,49,65,12861,12501,148,4,11,197,68,16,52
2021,Bebington,E05000954,15215,336,24,113,105,20,74,51,38,11,2,227,75,53,59,40,14548,14198,164,7,0,179,53,7,46
2021,Bidston and St James,E05000955,15690,380,23,99,99,19,140,96,75,7,14,269,72,61,65,71,14834,14217,93,0,3,521,111,36,75
2021,Birkenhead and Tranmere,E05000956,16299,1209,617,199,151,56,186,125,68,21,36,317,94,51,81,91,14356,13473,142,6,47,688,292,140,152
2021,Bromborough,E05000957,16463,395,36,99,145,9,106,82,52,19,11,253,78,49,50,76,15657,15237,113,0,8,299,76,12,64
2021,Clatterbridge,E05000958,13788,221,11,63,74,13,60,29,22,7,0,132,72,15,12,33,13362,13035,99,3,2,223,44,8,36
2021,Claughton,E05000959,14690,450,30,137,171,53,59,66,38,13,15,276,81,54,73,68,13799,13388,137,2,4,268,99,40,59
2021,Eastham,E05000960,13934,152,15,52,51,7,27,30,20,6,4,176,72,36,25,43,13545,13309,103,0,2,131,31,7,24
2021,"Greasby, Frankby and Irby",E05000961,14111,211,5,69,54,15,68,27,17,7,3,145,57,18,30,40,13680,13426,102,0,0,152,48,15,33
2021,Heswall,E05000962,13168,264,23,34,141,26,40,28,19,5,4,222,114,17,25,66,12582,12267,120,0,2,193,72,22,50
2021,Hoylake and Meols,E05000963,12978,194,9,50,65,9,61,36,17,12,7,221,96,25,52,48,12484,12015,159,0,7,303,43,2,41
2021,Leasowe and Moreton East,E05000964,15136,270,30,104,60,15,61,79,57,12,10,244,62,36,45,101,14465,14149,58,0,3,255,78,31,47
2021,Liscard,E05000965,15504,284,43,106,49,7,79,48,27,12,9,304,79,50,69,106,14774,14456,107,1,7,203,94,8,86
2021,Moreton West and Saughall Massie,E05000966,13777,242,19,68,41,6,108,26,14,5,7,140,27,48,20,45,13339,13089,97,2,1,150,30,7,23
2021,New Brighton,E05000967,14651,213,54,50,33,5,71,60,22,22,16,268,93,69,47,59,14042,13555,150,3,4,330,68,7,61
2021,Oxton,E05000968,13689,335,32,102,111,12,78,52,28,19,5,228,79,36,37,76,12957,12522,176,0,4,255,117,58,59
2021,Pensby and Thingwall,E05000969,12909,145,9,63,28,11,34,56,38,11,7,183,68,37,47,31,12481,12251,87,3,4,136,44,9,35
2021,Prenton,E05000970,14576,470,143,86,157,10,74,107,82,25,0,187,69,44,39,35,13750,13453,119,0,2,176,62,12,50
2021,Rock Ferry,E05000971,15339,320,60,79,49,20,112,158,80,43,35,247,50,65,74,58,14431,13646,169,1,13,602,183,68,115
2021,Seacombe,E05000972,14906,376,99,78,47,12,140,85,37,37,11,268,56,84,76,52,14050,13633,94,14,11,298,127,46,81
2021,Upton (Wirral),E05000973,16377,425,20,61,169,33,142,68,47,14,7,201,60,43,48,50,15596,15377,92,0,2,125,87,20,67
2021,Wallasey,E05000974,14478,182,9,78,27,7,61,38,18,13,7,190,61,39,44,46,14007,13714,112,3,0,178,61,12,49
2021,West Kirby and Thurstaston,E05000975,12541,233,6,60,111,0,56,51,38,12,1,235,94,42,36,63,11951,11559,148,0,1,243,71,22,49
2021,Central (Barnsley),E05000976,11933,226,9,38,46,42,91,156,126,18,12,182,48,28,47,59,11185,9383,33,9,61,1699,184,23,161
2021,Cudworth,E05000977,11644,55,0,22,8,3,22,65,55,7,3,84,23,15,33,13,11392,11067,14,5,10,296,48,2,46
2021,Darfield,E05000978,11006,101,5,10,30,21,35,61,46,4,11,118,29,21,34,34,10668,10087,17,49,39,476,58,11,47
2021,Darton East,E05000979,11376,117,1,53,16,10,37,58,46,11,1,125,38,23,40,24,11027,10838,20,0,2,167,49,13,36
2021,Darton West,E05000980,11074,112,0,50,22,9,31,73,52,14,7,72,29,9,12,22,10770,10612,31,13,0,114,47,15,32
2021,Dearne North,E05000981,11897,99,0,19,20,21,39,110,83,10,17,114,24,15,54,21,11529,10968,21,0,4,536,45,6,39
2021,Dearne South,E05000982,12551,83,0,31,4,20,28,116,95,3,18,94,22,9,37,26,12212,11908,22,5,12,265,46,9,37
2021,Dodworth,E05000983,10447,202,0,41,68,38,55,52,35,9,8,83,40,10,20,13,10078,9913,32,1,2,130,32,2,30
2021,Hoyland Milton,E05000984,12082,81,0,19,18,12,32,40,20,8,12,140,37,15,57,31,11786,11555,24,0,1,206,35,3,32
2021,Kingstone,E05000985,11366,199,4,27,41,32,95,150,131,3,16,158,32,38,35,53,10661,8916,34,10,84,1617,198,21,177
2021,Monk Bretton,E05000986,11965,97,0,47,19,2,29,98,77,6,15,91,26,25,27,13,11615,11234,21,13,9,338,64,3,61
2021,North East,E05000987,13663,80,4,8,18,9,41,62,45,12,5,108,30,20,33,25,13370,12903,24,16,16,411,43,9,34
2021,Old Town (Barnsley),E05000988,10501,185,0,28,39,31,87,72,61,5,6,93,24,24,27,18,10047,9497,29,4,16,501,104,28,76
2021,Penistone East,E05000989,11491,93,4,10,35,18,26,43,10,18,15,119,42,20,30,27,11197,11015,47,1,0,134,39,10,29
2021,Penistone West,E05000990,13269,74,5,16,19,10,24,28,19,5,4,117,32,17,32,36,13033,12814,36,22,0,161,17,2,15
2021,Rockingham,E05000991,11040,47,0,8,16,2,21,44,32,5,7,79,16,6,43,14,10848,10696,19,1,3,129,22,1,21
2021,Royston,E05000992,11354,99,0,34,23,11,31,33,26,5,2,80,20,10,29,21,11112,10941,13,6,0,152,30,6,24
2021,St Helens (Barnsley),E05000993,10990,80,5,11,17,20,27,135,97,8,30,125,30,18,43,34,10607,10122,19,48,5,413,43,7,36
2021,Stairfoot,E05000994,12782,88,0,19,13,25,31,151,122,3,26,106,20,31,33,22,12335,11489,33,6,17,790,102,18,84
2021,Wombwell,E05000995,12431,94,1,23,14,27,29,58,37,10,11,137,25,24,61,27,12091,11465,15,9,35,567,51,9,42
2021,Worsbrough,E05000996,9714,91,1,27,21,7,35,109,95,1,13,69,19,16,25,9,9368,9067,23,5,0,273,77,16,61
2021,Birtley,E05001067,8274,214,5,44,45,70,50,22,14,4,4,66,33,14,5,14,7898,7727,13,5,6,147,74,12,62
2021,Blaydon,E05001068,9862,126,9,50,19,27,21,28,24,1,3,112,38,19,23,32,9551,9395,31,5,10,110,45,24,21
2021,Bridges,E05001069,8959,752,79,252,138,108,175,270,235,16,19,230,93,46,35,56,7225,6350,75,4,41,755,482,157,325
2021,Chowdene,E05001071,8747,120,6,20,28,35,31,73,54,2,17,89,31,20,22,16,8374,8245,31,1,5,92,91,12,79
2021,Crawcrook and Greenside,E05001072,9055,67,8,11,18,11,19,15,11,2,2,88,34,14,16,24,8875,8733,30,4,0,108,10,0,10
2021,Deckham,E05001073,9545,377,70,57,51,83,116,219,193,8,18,146,52,27,41,26,8525,8121,23,0,15,366,278,85,193
2021,Dunston and Teams,E05001074,8516,463,16,177,96,35,139,245,220,7,18,174,80,43,16,35,7415,7031,38,4,14,328,219,79,140
2021,Dunston Hill and Whickham East,E05001075,8785,118,5,28,28,24,33,24,19,3,2,85,37,17,6,25,8500,8352,33,2,0,113,58,11,47
2021,Felling,E05001076,8891,341,4,94,59,61,123,257,210,7,40,127,33,44,18,32,7869,7454,42,6,15,352,297,141,156
2021,High Fell,E05001077,9196,254,14,38,37,33,132,125,95,7,23,91,35,24,13,19,8508,8170,23,4,1,310,218,104,114
2021,Lamesley,E05001078,9971,185,6,36,60,54,29,59,49,0,10,103,38,19,18,28,9539,9255,23,8,16,237,85,26,59
2021,Lobley Hill and Bensham,E05001079,10054,500,59,108,113,76,144,290,247,22,21,172,45,45,34,48,8806,8269,31,12,41,453,286,33,253
2021,Low Fell,E05001080,8309,127,9,18,47,28,25,35,31,3,1,91,47,15,12,17,7999,7788,60,4,2,145,57,15,42
2021,Pelaw and Heworth,E05001081,8616,158,11,21,17,35,74,62,56,2,4,90,31,17,17,25,8232,8060,29,1,0,142,74,38,36
2021,"Ryton, Crookhill and Stella",E05001082,8817,73,0,15,28,11,19,28,18,5,5,80,22,19,14,25,8591,8438,20,10,0,123,45,12,33
2021,Saltwell,E05001083,9964,501,45,62,102,161,131,260,219,7,34,237,77,59,19,82,8489,7494,65,14,80,836,477,44,433
2021,Wardley and Leam Lane,E05001084,7843,105,0,16,27,26,36,38,29,1,8,54,16,15,14,9,7600,7451,30,14,2,103,46,20,26
2021,Whickham North,E05001085,7733,129,16,33,29,29,22,11,10,0,1,53,22,9,8,14,7486,7329,19,5,1,132,54,15,39
2021,Whickham South and Sunniside,E05001086,8173,54,1,12,21,9,11,38,28,5,5,73,21,16,18,18,7970,7870,20,1,2,77,38,6,32
2021,Windy Nook and Whitehills,E05001087,9490,140,10,13,30,21,66,48,39,2,7,93,40,26,13,14,9105,8960,14,6,2,123,104,57,47
2021,Winlaton and High Spen,E05001088,8517,57,1,20,20,1,15,35,31,1,3,44,20,10,3,11,8366,8237,41,1,3,84,15,2,13
2021,Battle Hill,E05001115,10854,129,7,35,51,10,26,59,47,2,10,120,41,38,18,23,10499,10365,29,2,4,99,47,22,25
2021,Benton,E05001116,10264,296,26,79,95,47,49,61,50,5,6,167,64,36,25,42,9667,9433,49,3,0,182,73,30,43
2021,Camperdown,E05001117,10500,115,24,29,33,1,28,32,28,3,1,108,41,26,19,22,10215,10086,24,0,0,105,30,7,23
2021,Chirton,E05001118,11704,376,76,58,75,34,133,175,139,5,31,202,51,69,49,33,10880,10594,26,2,4,254,71,16,55
2021,Collingwood,E05001119,11287,571,177,44,133,52,165,39,36,1,2,163,42,40,35,46,10439,10255,33,0,1,150,75,27,48
2021,Cullercoats,E05001120,9355,131,43,10,38,5,35,11,5,5,1,110,32,28,13,37,9069,8875,55,8,1,130,34,8,26
2021,Howdon,E05001121,11174,194,2,36,49,67,40,111,88,3,20,99,29,28,20,22,10670,10424,26,2,6,212,100,39,61
2021,Killingworth,E05001122,11807,462,21,158,188,44,51,85,65,6,14,156,63,29,29,35,11059,10809,50,3,7,190,45,10,35
2021,Longbenton,E05001123,11373,569,57,109,250,52,101,105,91,2,12,212,72,64,25,51,10355,9939,52,0,34,330,132,44,88
2021,Monkseaton North,E05001124,9004,130,13,43,34,8,32,23,15,6,2,112,64,18,15,15,8715,8508,43,0,0,164,24,4,20
2021,Monkseaton South,E05001125,9626,255,166,20,37,16,16,31,26,2,3,160,47,32,23,58,9141,8937,56,0,1,147,39,11,28
2021,Northumberland,E05001126,9351,317,16,195,43,17,46,36,30,3,3,79,31,13,22,13,8881,8770,27,0,0,84,38,1,37
2021,Preston (North Tyneside),E05001127,8008,111,39,11,37,6,18,19,14,2,3,104,42,16,19,27,7748,7608,33,1,0,106,26,4,22
2021,Riverside (North Tyneside),E05001128,11951,293,32,70,76,37,78,158,119,18,21,187,43,54,43,47,11201,10741,42,1,12,405,112,32,80
2021,St Mary's (North Tyneside),E05001129,8883,130,13,30,48,11,28,16,12,3,1,91,30,16,20,25,8618,8474,23,8,0,113,28,3,25
2021,Tynemouth,E05001130,10260,133,41,29,22,3,38,34,22,11,1,181,67,37,32,45,9855,9550,53,2,3,247,57,10,47
2021,Valley (North Tyneside),E05001131,13840,471,80,108,162,47,74,56,48,4,4,224,92,53,28,51,13010,12766,41,1,6,196,79,29,50
2021,Wallsend,E05001132,10402,302,38,97,75,30,62,112,97,7,8,127,37,24,24,42,9750,9264,23,18,33,412,111,26,85
2021,Weetslade,E05001133,9970,165,14,35,64,20,32,85,64,6,15,101,49,15,19,18,9579,9423,34,2,0,120,40,13,27
2021,Whitley Bay,E05001134,9368,247,127,30,30,20,40,33,27,3,3,185,81,31,25,48,8856,8483,75,6,2,290,47,14,33
2021,Beacon and Bents,E05001135,8794,1716,1433,39,56,114,74,107,98,3,6,207,87,32,35,53,6597,6397,19,28,3,150,167,72,95
2021,Bede (South Tyneside),E05001136,7527,78,22,11,15,21,9,17,14,3,0,91,36,23,11,21,7317,7213,19,2,4,79,24,8,16
2021,Biddick and All Saints,E05001137,9022,190,36,8,62,31,53,58,45,0,13,127,36,33,17,41,8557,8404,18,3,1,131,90,28,62
2021,Boldon Colliery,E05001138,9090,171,25,39,70,16,21,53,50,2,1,86,27,21,9,29,8726,8650,8,0,5,63,54,9,45
2021,Cleadon and East Boldon,E05001139,8375,188,26,17,68,36,41,19,12,1,6,115,44,9,17,45,7991,7907,30,0,1,53,62,10,52
2021,Cleadon Park,E05001140,7611,124,19,19,31,28,27,55,38,5,12,116,39,30,7,40,7255,7150,17,0,1,87,61,40,21
2021,Fellgate and Hedworth,E05001141,7339,75,12,1,22,20,20,28,27,1,0,65,27,6,10,22,7138,7042,9,1,0,86,33,19,14
2021,Harton,E05001142,8187,103,20,7,30,12,34,23,6,15,2,93,28,20,16,29,7906,7830,19,0,1,56,62,24,38
2021,Hebburn North,E05001143,9464,155,28,36,50,15,26,70,50,9,11,94,29,24,21,20,9097,8897,35,3,7,155,48,11,37
2021,Hebburn South,E05001144,9448,98,9,26,25,11,27,31,23,6,2,94,34,18,7,35,9192,9052,22,1,1,116,33,7,26
2021,Horsley Hill,E05001145,8594,109,41,12,16,7,33,28,18,3,7,109,32,24,20,33,8293,8195,17,2,2,77,55,37,18
2021,Monkton,E05001146,8409,110,37,7,16,23,27,21,14,2,5,91,37,20,13,21,8139,8031,24,3,1,80,48,22,26
2021,Primrose (South Tyneside),E05001147,7720,90,8,12,18,23,29,32,21,8,3,62,18,5,12,27,7496,7382,10,6,10,88,40,18,22
2021,Simonside and Rekendyke,E05001148,8670,517,284,19,83,77,54,110,87,6,17,211,57,38,23,93,7605,7443,24,2,6,130,227,115,112
2021,Westoe,E05001149,7841,226,105,21,44,24,32,43,39,2,2,119,31,27,14,47,7370,7250,35,3,1,81,83,43,40
2021,West Park (South Tyneside),E05001150,6637,260,60,20,41,28,111,47,33,7,7,125,32,28,10,55,6143,6056,16,0,2,69,62,27,35
2021,Whitburn and Marsden,E05001151,7171,65,11,5,30,11,8,13,6,2,5,103,43,20,13,27,6968,6906,22,1,0,39,22,9,13
2021,Whiteleas,E05001152,7866,36,9,1,19,0,7,26,24,1,1,84,19,23,9,33,7690,7624,8,0,0,58,30,15,15
2021,Barnes (Sunderland),E05001153,10771,1358,986,32,94,82,164,184,161,12,11,108,40,27,10,31,9036,8878,14,1,10,133,85,27,58
2021,Castle (Sunderland),E05001154,10783,70,5,21,14,3,27,58,46,4,8,77,31,30,8,8,10556,10415,12,2,9,118,22,2,20
2021,Copt Hill,E05001155,12072,87,1,20,31,4,31,91,64,10,17,106,36,17,16,37,11763,11527,35,16,6,179,25,7,18
2021,Doxford,E05001156,10042,97,7,30,35,6,19,39,35,3,1,74,25,11,17,21,9798,9710,15,0,0,73,34,6,28
2021,Fulwell,E05001157,10740,101,8,23,37,7,26,22,17,3,2,67,30,12,3,22,10518,10435,17,4,0,62,32,14,18
2021,Hendon (Sunderland),E05001158,11455,1068,635,107,153,52,121,383,315,17,51,165,55,34,34,42,9674,8960,42,3,16,653,165,58,107
2021,Hetton,E05001159,12047,82,4,16,32,1,29,27,20,3,4,88,32,15,13,28,11810,11555,25,114,0,116,40,1,39
2021,Houghton,E05001160,13258,112,4,27,51,5,25,46,38,5,3,84,24,22,16,22,12971,12810,21,41,5,94,45,17,28
2021,Millfield (Sunderland),E05001161,10615,2239,936,147,440,227,489,666,639,5,22,178,60,40,32,46,7237,6892,20,4,8,313,295,124,171
2021,Pallion,E05001162,11356,626,47,55,202,32,290,231,210,11,10,110,39,25,19,27,10333,10101,28,2,12,190,56,5,51
2021,Redhill (Sunderland),E05001163,11204,57,8,9,21,3,16,36,33,0,3,66,21,18,13,14,11030,10898,18,3,0,111,15,1,14
2021,Ryhope,E05001164,11415,151,20,47,46,9,29,58,47,2,9,110,41,24,19,26,11051,10917,22,6,1,105,45,15,30
2021,St Anne's,E05001165,10720,172,15,16,45,40,56,94,78,3,13,87,29,15,20,23,10332,10194,12,5,2,119,35,3,32
2021,St Chad's,E05001166,9264,74,6,18,33,1,16,19,11,3,5,79,37,17,13,12,9059,8996,10,1,0,52,33,12,21
2021,St Michael's (Sunderland),E05001167,10323,398,99,53,109,48,89,176,164,5,7,133,51,36,21,25,9484,9141,39,5,11,288,132,48,84
2021,St Peter's (Sunderland),E05001168,9919,275,20,110,64,20,61,103,95,3,5,75,24,14,12,25,9430,9237,21,0,5,167,36,10,26
2021,Sandhill,E05001169,10500,67,4,2,38,16,7,64,50,1,13,123,46,22,22,33,10211,10105,16,0,4,86,35,5,30
2021,Shiney Row,E05001170,12290,136,4,32,57,11,32,32,20,5,7,100,36,8,33,23,11978,11863,20,2,3,90,44,7,37
2021,Silksworth,E05001171,10238,97,9,12,28,11,37,46,36,3,7,75,19,21,16,19,9991,9911,10,0,2,68,29,3,26
2021,Southwick (Sunderland),E05001172,10823,137,12,30,22,20,53,93,73,10,10,104,27,22,30,25,10440,10235,22,3,6,174,49,16,33
2021,Washington Central,E05001173,10850,94,14,18,34,3,25,21,17,4,0,112,47,28,9,28,10615,10470,13,8,6,118,8,2,6
2021,Washington East,E05001174,11701,214,12,49,91,25,37,29,19,7,3,116,40,23,17,36,11299,11155,26,3,0,115,43,7,36
2021,Washington North,E05001175,10540,116,16,14,31,33,22,77,64,3,10,92,34,25,16,17,10214,9965,12,0,1,236,41,9,32
2021,Washington South,E05001176,9848,247,28,33,139,9,38,28,22,5,1,82,38,9,14,21,9443,9324,19,0,2,98,48,6,42
2021,Washington West,E05001177,11390,127,8,15,57,18,29,37,28,5,4,97,34,22,16,25,11090,10953,21,4,0,112,39,17,22
2021,Bablake,E05001218,17127,1298,43,89,820,158,188,406,267,88,51,433,122,51,214,46,14446,13363,480,1,2,600,544,275,269
2021,Binley and Willenhall,E05001219,17771,1362,93,49,888,134,198,2030,1598,142,290,556,109,110,259,78,13546,11900,241,11,18,1376,277,47,230
2021,Cheylesmore,E05001220,15652,3549,305,182,2423,232,407,708,477,120,111,483,157,49,169,108,10552,9230,216,11,37,1058,360,61,299
2021,Earlsdon,E05001221,15384,2457,94,161,1749,170,283,412,271,58,83,390,180,30,103,77,11710,10572,391,9,17,721,415,40,375
2021,Foleshill,E05001222,22478,10086,893,93,3334,4467,1299,2738,2188,233,317,795,185,117,270,223,7140,4021,113,65,155,2786,1719,357,1362
2021,Henley,E05001223,21252,2343,83,92,1427,245,496,3072,2412,307,353,866,182,135,411,138,14521,12118,305,25,26,2047,450,90,360
2021,Holbrook,E05001224,19490,4204,44,73,2345,772,970,1473,1107,196,170,746,212,110,322,102,12054,10077,337,36,42,1562,1013,126,887
2021,Longford (Coventry),E05001225,20257,3572,132,59,2041,650,690,1884,1444,248,192,848,196,107,410,135,13178,11158,219,17,66,1718,775,108,667
2021,Lower Stoke,E05001226,23902,4114,158,236,2531,415,774,3129,2633,229,267,871,201,205,288,177,14846,11884,419,4,71,2468,942,145,797
2021,Radford (Coventry),E05001227,20192,4678,127,178,1925,1391,1057,1879,1396,322,161,729,202,89,310,128,12044,9223,350,22,278,2171,862,89,773
2021,St Michael's (Coventry),E05001228,28957,8279,1467,1397,2859,1286,1270,5766,4774,585,407,1327,293,219,511,304,11698,7533,288,34,206,3637,1887,557,1330
2021,Sherbourne,E05001229,17188,1633,84,123,718,396,312,1202,944,147,111,540,159,61,204,116,13375,11572,635,3,41,1124,438,97,341
2021,Upper Stoke,E05001230,19602,4246,338,56,2321,863,668,1965,1589,189,187,660,187,88,260,125,11770,9274,279,26,76,2115,961,150,811
2021,Wainbody,E05001231,15289,4496,169,707,2690,435,495,487,368,72,47,496,225,31,111,129,9150,7997,172,6,12,963,660,77,583
2021,Westwood,E05001232,20567,2646,90,726,1116,273,441,1316,991,170,155,580,164,75,196,145,15525,13800,281,13,32,1399,500,93,407
2021,Whoberley,E05001233,15509,1325,38,144,490,406,247,631,475,114,42,465,150,46,172,97,12826,11281,443,8,17,1077,262,84,178
2021,Woodlands (Coventry),E05001234,17785,814,23,109,421,142,119,638,451,110,77,434,105,50,190,89,15686,14689,266,5,7,719,213,42,171
2021,Wyken,E05001235,16913,2805,74,99,1998,218,416,988,723,132,133,506,152,91,195,68,12182,11197,226,2,15,742,432,47,385
2021,Amblecote,E05001236,12923,575,4,53,143,331,44,75,31,36,8,210,49,6,110,45,12004,11848,35,5,9,107,59,16,43
2021,Belle Vale (Dudley),E05001237,14290,797,26,118,197,276,180,357,155,157,45,465,118,19,238,90,12062,11734,57,4,1,266,609,522,87
2021,Brierley Hill,E05001238,15011,1032,8,66,142,700,116,310,178,91,41,463,123,24,263,53,13045,12528,50,24,19,424,161,69,92
2021,Brockmoor and Pensnett,E05001239,14727,1002,4,47,365,459,127,254,138,74,42,446,106,20,259,61,12939,12431,29,72,26,381,86,27,59
2021,Castle and Priory,E05001240,17028,2053,51,59,1020,675,248,1186,585,454,147,786,142,48,503,93,12808,12122,18,12,11,645,195,20,175
2021,Coseley East,E05001241,13408,708,0,31,508,112,57,479,198,217,64,482,119,14,283,66,11599,11273,15,28,6,277,140,13,127
2021,Cradley and Wollescote,E05001242,13732,2101,12,41,162,1789,97,139,51,68,20,348,97,26,162,63,10779,10399,42,12,23,303,365,241,124
2021,Gornal,E05001243,13352,204,7,19,103,41,34,168,68,67,33,280,61,18,169,32,12661,12453,53,22,1,132,39,8,31
2021,Halesowen North,E05001244,13361,2044,238,78,760,767,201,406,108,232,66,576,109,42,326,99,9944,9587,71,6,1,279,391,202,189
2021,Halesowen South,E05001245,12241,892,22,55,583,140,92,346,61,260,25,315,93,14,163,45,10507,10293,91,2,2,119,181,43,138
2021,Hayley Green and Cradley South,E05001246,11984,533,14,23,193,224,79,156,69,64,23,329,79,11,176,63,10551,10376,42,4,2,127,415,331,84
2021,Kingswinford North and Wall Heath,E05001247,11848,231,3,34,125,40,29,50,11,33,6,197,109,3,66,19,11319,11136,31,57,1,94,51,20,31
2021,Kingswinford South,E05001248,12650,242,2,10,130,50,50,46,14,31,1,205,61,7,103,34,12114,11981,40,11,0,82,43,13,30
2021,Lye and Stourbridge North,E05001249,12469,2169,4,21,110,1905,129,213,111,75,27,246,83,13,118,32,9686,9331,75,31,28,221,155,67,88
2021,"Netherton, Woodside and St Andrews",E05001250,14910,2191,58,51,322,1494,266,629,282,249,98,587,133,32,361,61,11219,10758,38,15,9,399,284,97,187
2021,Norton (Dudley),E05001251,11856,347,4,24,222,71,26,57,16,36,5,233,69,20,101,43,11152,10945,71,4,0,132,67,14,53
2021,Pedmore and Stourbridge East,E05001252,12281,1011,8,46,377,475,105,143,73,43,27,306,94,18,153,41,10690,10451,51,4,5,179,131,22,109
2021,Quarry Bank and Dudley Wood,E05001253,13669,700,24,40,104,459,73,261,107,114,40,415,97,7,270,41,12180,11931,26,28,0,195,113,37,76
2021,St James's (Dudley),E05001254,14243,2074,29,48,813,1006,178,925,443,377,105,527,115,29,330,53,10472,9938,33,13,11,477,245,70,175
2021,St Thomas's (Dudley),E05001255,16286,4931,65,48,785,3663,370,1374,540,676,158,754,156,66,423,109,8647,7750,34,36,27,800,580,151,429
2021,Sedgley (Dudley),E05001256,11747,333,7,6,208,33,79,96,39,41,16,214,58,8,120,28,11056,10902,47,10,0,97,48,14,34
2021,Upper Gornal and Woodsetton,E05001257,13593,420,14,28,224,99,55,317,159,136,22,367,63,9,235,60,12423,12146,41,19,10,207,66,14,52
2021,Wollaston and Stourbridge Town,E05001258,13426,271,11,34,125,63,38,130,55,59,16,242,71,22,90,59,12746,12411,68,5,2,260,37,10,27
2021,Wordsley,E05001259,12439,178,3,23,87,34,31,45,5,34,6,197,47,6,109,35,11987,11840,51,3,2,91,32,10,22
2021,Abbey (Sandwell),E05001260,12187,1784,74,81,882,481,266,1067,541,382,144,835,207,77,413,138,8072,6714,288,16,39,1015,429,71,358
2021,Blackheath (Sandwell),E05001261,12066,1227,127,42,456,457,145,452,156,248,48,472,98,19,286,69,9748,9357,54,3,4,330,167,37,130
2021,Bristnall,E05001262,12504,2787,95,45,1706,683,258,871,338,414,119,680,138,36,403,103,7749,7280,90,5,5,369,417,32,385
2021,Charlemont with Grove Vale,E05001263,12711,3111,199,25,2331,286,270,864,295,475,94,415,91,30,222,72,7772,7155,89,4,10,514,549,53,496
2021,Cradley Heath and Old Hill,E05001264,14964,1657,90,54,224,1127,162,622,355,207,60,652,210,31,316,95,11617,11218,49,41,1,308,416,292,124
2021,Friar Park,E05001265,12794,1057,147,51,594,141,124,699,224,377,98,468,84,19,285,80,10411,9986,27,0,3,395,159,14,145
2021,Great Barr with Yew Tree,E05001266,13508,3978,413,54,2772,471,268,1009,292,593,124,587,132,71,268,116,7449,7028,90,2,1,328,485,32,453
2021,Great Bridge,E05001267,14422,2981,552,41,1618,528,242,995,449,404,142,483,94,28,322,39,9615,8730,33,12,14,826,348,20,328
2021,Greets Green and Lyng,E05001268,14718,5727,1621,49,2320,1001,736,1330,539,631,160,620,136,37,348,99,6066,5064,28,27,20,927,975,208,767
2021,Hateley Heath,E05001269,15119,3467,302,10,2453,323,379,1585,433,825,327,649,122,41,395,91,8869,7889,28,7,31,914,549,34,515
2021,Langley,E05001270,14085,2423,74,77,1446,543,283,1296,488,554,254,792,194,47,438,113,9049,8425,50,5,13,556,525,135,390
2021,Newton (Sandwell),E05001271,12146,3201,284,44,2041,479,353,1622,455,967,200,628,154,48,280,146,6236,5662,145,1,16,412,459,35,424
2021,Old Warley,E05001272,12719,2148,66,57,1372,375,278,774,228,450,96,710,151,28,380,151,8559,7855,172,7,15,510,528,94,434
2021,Oldbury,E05001273,15615,5769,100,32,2968,2177,492,1746,664,883,199,622,136,28,339,119,6722,5741,48,6,21,906,756,27,729
2021,Princes End,E05001274,14142,964,36,20,588,199,121,969,373,389,207,483,91,25,310,57,11598,10877,53,35,8,625,128,28,100
2021,Rowley (Sandwell),E05001275,13676,1211,49,41,585,425,111,568,255,213,100,518,98,25,320,75,11140,10772,34,4,0,330,239,44,195
2021,St Pauls (Sandwell),E05001276,16731,10182,2105,33,3947,3140,957,1699,794,681,224,607,174,58,265,110,3087,2376,35,14,24,638,1156,71,1085
2021,Smethwick,E05001277,15464,6290,405,37,3057,2144,647,1850,947,708,195,879,226,64,444,145,5379,4576,56,15,25,707,1066,55,1011
2021,Soho and Victoria,E05001278,19633,9164,434,240,3015,4145,1330,4650,2904,1284,462,813,185,71,369,188,3230,1931,46,71,61,1121,1776,253,1523
2021,Tipton Green,E05001279,15559,3980,898,33,1617,1175,257,1080,519,411,150,609,129,38,362,80,9440,8601,25,9,5,800,450,125,325
2021,Tividale,E05001280,13078,1658,33,43,997,406,179,950,342,442,166,621,107,25,409,80,9532,8934,40,3,8,547,317,46,271
2021,Wednesbury North,E05001281,13320,2505,1471,22,714,195,103,417,167,177,73,397,90,29,216,62,9773,9275,32,6,13,447,228,85,143
2021,Wednesbury South,E05001282,15226,3862,375,39,2724,248,476,1180,469,567,144,485,80,17,309,79,9118,8330,34,9,8,737,581,35,546
2021,West Bromwich Central,E05001283,15424,6889,1123,33,3951,1000,782,1488,439,820,229,642,146,30,332,134,5389,4150,46,21,30,1142,1016,186,830
2021,Bickenhill,E05001284,13014,872,28,81,385,269,109,302,92,162,48,538,125,34,308,71,11132,10714,190,6,1,221,170,35,135
2021,Blythe,E05001285,15606,2000,41,188,1295,355,121,173,81,78,14,521,198,33,180,110,12638,11831,327,17,6,457,274,70,204
2021,Castle Bromwich,E05001286,11463,944,44,53,150,632,65,232,30,181,21,393,98,9,206,80,9802,9527,140,8,2,125,92,24,68
2021,Chelmsley Wood,E05001287,13276,314,20,36,94,95,69,397,100,221,76,735,87,40,539,69,11768,11282,160,2,1,323,62,17,45
2021,Dorridge and Hockley Heath,E05001288,11065,521,13,44,313,111,40,51,28,19,4,215,97,18,61,39,10209,9770,162,7,2,268,69,18,51
2021,Elmdon,E05001289,12330,1682,97,127,583,733,142,242,103,112,27,300,93,24,115,68,9862,9349,195,0,6,312,244,47,197
2021,Kingshurst and Fordbridge,E05001290,13338,451,13,32,155,153,98,475,154,242,79,787,83,37,586,81,11567,11000,181,0,10,376,58,15,43
2021,Knowle (Solihull),E05001291,11147,623,10,61,347,153,52,77,34,38,5,303,134,13,101,55,10030,9628,160,0,0,242,114,28,86
2021,Lyndon,E05001292,13869,2425,368,78,629,1150,200,228,76,123,29,396,132,25,158,81,10582,9871,325,4,9,373,238,82,156
2021,Meriden (Solihull),E05001293,12701,597,9,44,429,54,61,89,25,42,22,336,137,13,128,58,11600,11189,136,20,2,253,79,11,68
2021,Olton,E05001294,12325,2129,147,85,880,832,185,192,61,109,22,413,155,17,160,81,9323,8647,353,2,5,316,268,120,148
2021,St Alphege,E05001295,13260,2435,39,248,1441,539,168,136,69,53,14,327,133,22,78,94,10035,9367,321,1,1,345,327,69,258
2021,Shirley East,E05001296,12016,2593,85,208,1341,747,212,194,72,86,36,396,148,24,153,71,8506,7954,290,0,3,259,327,98,229
2021,Shirley South (Solihull),E05001297,12240,1578,27,156,827,404,164,115,58,45,12,329,139,16,101,73,9991,9318,336,0,3,334,227,65,162
2021,Shirley West,E05001298,13034,1792,50,124,888,594,136,215,74,113,28,383,101,25,162,95,10438,9895,274,1,1,267,206,37,169
2021,Silhill,E05001299,12555,2531,59,148,1504,626,194,211,98,78,35,381,140,34,116,91,9029,8325,257,0,4,443,403,110,293
2021,Smith's Wood,E05001300,12994,350,27,43,82,159,39,623,192,331,100,744,73,40,545,86,11161,10732,114,8,0,307,116,41,75
2021,Aldridge Central and South,E05001301,13740,792,20,31,591,89,61,216,61,135,20,333,100,16,172,45,12293,11964,130,6,3,190,106,7,99
2021,Aldridge North and Walsall Wood,E05001302,13155,499,10,35,325,94,35,230,81,117,32,321,69,17,161,74,12023,11724,83,23,0,193,82,1,81
2021,Bentley and Darlaston North,E05001303,14331,3390,623,19,1544,1051,153,872,493,283,96,808,158,33,541,76,9045,8446,19,18,10,552,216,36,180
2021,Birchills Leamore,E05001304,16025,2631,112,60,661,1632,166,1138,658,381,99,543,138,40,281,84,11444,10644,38,46,9,707,269,18,251
2021,Blakenall,E05001305,16221,2288,94,60,558,1365,211,1545,855,471,219,615,153,57,304,101,11494,10239,45,46,11,1153,279,53,226
2021,Bloxwich East,E05001306,13244,448,25,26,233,98,66,469,212,196,61,416,76,37,248,55,11861,11362,28,29,0,442,50,2,48
2021,Bloxwich West,E05001307,13322,375,30,51,175,65,54,352,188,121,43,286,60,24,157,45,12265,11850,28,16,2,369,44,7,37
2021,Brownhills,E05001308,13438,337,8,28,170,88,43,225,68,114,43,276,58,22,155,41,12517,12196,41,9,4,267,83,4,79
2021,Darlaston South,E05001309,17255,2654,336,32,1517,570,199,1114,521,441,152,782,183,32,451,116,12505,11513,28,19,13,932,200,45,155
2021,Paddock,E05001310,13203,6392,179,48,3457,2347,361,395,167,184,44,365,127,12,122,104,5035,4651,43,1,16,324,1016,47,969
2021,Palfrey,E05001311,16689,10189,2689,49,2712,4264,475,879,506,270,103,463,163,32,179,89,4551,3805,42,17,30,657,607,44,563
2021,Pelsall,E05001312,11376,210,1,29,130,28,22,143,72,55,16,199,77,8,80,34,10784,10625,45,7,1,106,40,6,34
2021,Pheasey Park Farm,E05001313,11428,1262,41,50,864,221,86,376,94,214,68,328,78,24,167,59,9278,8996,106,1,0,175,184,8,176
2021,Pleck,E05001314,16167,7995,951,38,1896,4638,472,1450,886,358,206,609,214,69,230,96,5489,4544,41,9,56,839,624,132,492
2021,Rushall-Shelfield,E05001315,12411,923,18,54,610,168,73,458,213,209,36,391,112,20,214,45,10502,10280,51,8,3,160,137,7,130
2021,St Matthew's (Walsall),E05001316,16970,5564,1133,67,1636,2305,423,1495,755,519,221,793,213,87,345,148,8521,7250,53,29,37,1152,597,72,525
2021,Short Heath,E05001317,11657,1067,22,19,815,129,82,214,88,92,34,257,67,9,142,39,9884,9650,35,11,0,188,235,2,233
2021,Streetly,E05001318,13533,2006,34,92,1513,240,127,188,79,81,28,294,94,23,109,68,10735,10368,170,3,4,190,310,9,301
2021,Willenhall North,E05001319,12709,1148,11,34,898,115,90,288,101,147,40,412,92,14,253,53,10667,10391,29,5,6,236,194,0,194
2021,Willenhall South,E05001320,17239,3021,41,64,2420,231,265,972,340,502,130,828,154,44,525,105,11834,11031,21,50,15,717,584,8,576
2021,Bilston East,E05001321,15757,2394,23,61,1984,142,184,1256,633,438,185,839,169,38,515,117,10939,9871,37,31,19,981,329,13,316
2021,Bilston North,E05001322,12792,2762,5,17,2410,129,201,714,258,350,106,652,121,47,389,95,8346,7872,19,11,16,428,318,16,302
2021,Blakenhall,E05001323,12614,6961,23,29,6005,294,610,1187,405,477,305,421,100,29,208,84,2915,2197,34,16,42,626,1130,25,1105
2021,Bushbury North,E05001324,11950,727,32,20,526,78,71,729,283,331,115,633,78,26,447,82,9708,9237,72,3,4,392,153,27,126
2021,Bushbury South and Low Hill,E05001325,17957,2266,23,67,1693,232,251,3134,1582,1082,470,1304,166,98,870,170,10752,9316,55,37,45,1299,501,59,442
2021,East Park,E05001326,12889,2092,7,51,1580,176,278,1423,572,574,277,861,101,39,617,104,8166,7484,35,19,13,615,347,39,308
2021,Ettingshall,E05001327,16979,5998,26,51,4798,364,759,2413,1144,950,319,1081,180,98,617,186,6519,5245,31,15,48,1180,968,89,879
2021,Fallings Park,E05001328,12353,1294,22,26,989,116,141,959,360,448,151,736,103,30,526,77,9108,8626,69,6,11,396,256,34,222
2021,Graiseley,E05001329,12944,4079,42,48,2621,1066,302,1504,815,533,156,731,157,38,385,151,6081,4917,70,14,86,994,549,62,487
2021,Heath Town,E05001330,14804,2902,68,80,1849,227,678,2890,1635,898,357,1010,133,90,601,186,7281,5838,61,12,27,1343,721,118,603
2021,Merry Hill,E05001331,12372,1967,1,26,1641,172,127,540,188,285,67,727,171,36,426,94,8914,8549,85,4,0,276,224,23,201
2021,Oxley,E05001332,12482,1630,70,66,1093,248,153,1128,369,580,179,811,121,52,555,83,8688,7954,63,20,17,634,225,31,194
2021,Park (Wolverhampton),E05001333,12743,3564,12,45,2245,818,444,1226,465,619,142,615,175,90,241,109,6567,5294,125,8,50,1090,771,203,568
2021,Penn,E05001334,12853,3690,32,41,3227,186,204,556,156,325,75,551,161,28,280,82,7582,7315,63,1,13,190,474,19,455
2021,St Peter's (Wolverhampton),E05001335,13523,4057,74,22,1565,1698,698,2535,1429,804,302,750,106,70,433,141,5041,3059,59,32,43,1848,1140,138,1002
2021,Spring Vale,E05001336,12497,2478,12,21,2137,103,205,773,285,355,133,553,103,35,341,74,8306,7967,38,10,7,284,387,11,376
2021,Tettenhall Regis,E05001337,12482,2711,16,46,2056,401,192,494,158,279,57,490,123,39,264,64,8483,8129,79,1,4,270,304,32,272
2021,Tettenhall Wightwick,E05001338,10643,1695,21,30,1439,121,84,323,109,175,39,426,133,17,223,53,7988,7650,70,5,0,263,211,16,195
2021,Wednesfield North,E05001339,11195,720,5,35,577,41,62,343,110,167,66,345,64,9,232,40,9690,9506,47,0,2,135,97,0,97
2021,Wednesfield South,E05001340,11887,1915,13,27,1617,63,195,504,200,232,72,529,109,30,324,66,8634,8277,58,11,5,283,305,10,295
2021,Baildon,E05001341,15915,362,1,28,132,147,54,84,28,45,11,269,85,14,87,83,15143,14747,77,12,12,295,57,14,43
2021,Bingley,E05001342,18042,532,16,47,123,282,64,120,37,61,22,325,134,19,101,71,16987,16425,112,7,1,442,78,13,65
2021,Bingley Rural,E05001343,18869,1142,24,33,190,803,92,100,39,46,15,435,179,41,147,68,17070,16724,74,3,2,267,122,42,80
2021,Bolton and Undercliffe,E05001344,17592,6797,1097,45,865,4524,266,341,168,131,42,659,329,42,184,104,9325,8746,60,55,16,448,470,107,363
2021,Bowling and Barkerend,E05001345,22759,12381,1851,66,805,9070,589,825,603,119,103,811,366,77,165,203,7967,6389,55,84,162,1277,775,165,610
2021,Bradford Moor,E05001346,21791,17397,1361,22,792,14477,745,588,438,68,82,473,302,35,45,91,2737,2064,35,57,101,480,596,83,513
2021,City (Bradford),E05001347,23529,14166,587,206,1933,10816,624,1870,1591,200,79,773,352,97,116,208,5094,2525,55,82,160,2272,1626,736,890
2021,Clayton and Fairweather Green,E05001348,18239,7230,373,41,1156,5338,322,349,219,74,56,590,270,48,167,105,9701,8940,61,32,77,591,369,41,328
2021,Craven,E05001349,17701,366,13,16,199,102,36,88,46,38,4,198,72,29,50,47,17003,16638,100,2,3,260,46,16,30
2021,Eccleshill,E05001350,20322,3631,310,59,291,2830,141,353,184,111,58,772,249,63,320,140,15351,14155,74,17,24,1081,215,55,160
2021,Great Horton,E05001351,19017,11329,125,40,1393,9280,491,553,397,100,56,634,334,60,131,109,5671,4567,30,82,181,811,830,274,556
2021,Heaton (Bradford),E05001352,19667,14136,520,25,573,12329,689,216,111,76,29,492,280,27,77,108,4270,3415,48,26,94,687,553,115,438
2021,Idle and Thackley,E05001353,17276,753,51,63,348,232,59,128,39,62,27,522,223,34,179,86,15757,15394,73,1,10,279,116,10,106
2021,Ilkley,E05001354,15036,250,6,38,69,97,40,58,29,23,6,308,137,23,67,81,14373,13734,107,3,10,519,47,3,44
2021,Keighley Central,E05001355,18474,10992,1407,36,152,8876,521,122,66,37,19,276,154,19,35,68,6715,5859,57,23,95,681,369,35,334
2021,Keighley East,E05001356,17114,3449,423,25,160,2737,104,97,59,28,10,359,166,33,94,66,13047,12476,69,26,75,401,162,16,146
2021,Keighley West,E05001357,16982,1516,283,30,95,1046,62,101,62,21,18,414,191,28,103,92,14839,14354,106,5,5,369,112,21,91
2021,Little Horton,E05001358,22074,14169,680,32,526,12224,707,1133,740,239,154,739,320,60,207,152,4953,3108,51,57,183,1554,1080,297,783
2021,Manningham,E05001359,20545,16253,1995,27,906,12889,436,677,447,166,64,446,205,25,96,120,2455,1334,30,84,99,908,714,249,465
2021,Queensbury (Bradford),E05001360,17553,1743,21,31,569,1055,67,172,85,61,26,447,175,19,203,50,15055,14750,62,10,12,221,136,35,101
2021,Royds,E05001361,17872,2161,49,34,345,1586,147,401,205,140,56,657,222,37,326,72,14491,13777,57,9,23,625,162,29,133
2021,Shipley,E05001362,15618,2571,205,40,252,1926,148,161,81,66,14,484,204,37,139,104,12211,11471,116,7,4,613,191,27,164
2021,Thornton and Allerton,E05001363,18525,5007,152,23,413,4045,374,365,223,92,50,753,349,56,224,124,12100,11441,82,12,19,546,300,42,258
2021,Toller (Bradford),E05001364,20846,17241,333,14,636,15690,568,315,197,86,32,407,202,25,60,120,2217,1341,51,78,124,623,666,139,527
2021,Tong,E05001365,21056,2451,167,161,508,1449,166,917,563,188,166,911,267,92,398,154,16530,14717,120,33,41,1619,247,30,217
2021,Wharfedale (Bradford),E05001366,12060,167,1,18,67,64,17,46,17,26,3,173,71,12,47,43,11642,11343,83,4,0,212,32,6,26
2021,Wibsey,E05001367,15847,4713,174,25,347,3953,214,342,158,134,50,567,203,44,246,74,9937,9458,56,12,22,389,288,50,238
2021,Windhill and Wrose,E05001368,16920,1780,160,50,391,1037,142,219,105,84,30,511,183,49,210,69,14133,13462,62,15,12,582,277,61,216
2021,Worth Valley,E05001369,14072,104,1,23,22,50,8,45,12,27,6,200,65,18,66,51,13692,13403,98,11,0,180,31,1,30
2021,Wyke,E05001370,15090,868,12,47,171,599,39,194,112,68,14,404,170,30,137,67,13531,13152,76,2,14,287,93,23,70
2021,Brighouse,E05001371,10824,165,6,10,67,50,32,54,18,28,8,196,59,14,86,37,10383,10095,99,8,10,171,26,4,22
2021,Calder (Calderdale),E05001372,11680,155,7,23,22,67,36,41,16,17,8,285,106,26,57,96,11161,10631,151,3,3,373,38,6,32
2021,Elland,E05001373,12104,642,3,27,73,504,35,83,41,33,9,230,87,22,81,40,11062,10740,83,6,0,233,87,37,50
2021,Greetland and Stainland,E05001374,11210,86,4,14,19,44,5,24,8,8,8,144,38,11,63,32,10928,10701,73,6,2,146,28,4,24
2021,Hipperholme and Lightcliffe,E05001375,11650,235,3,21,75,103,33,55,23,23,9,262,93,29,108,32,11041,10804,79,0,0,158,57,20,37
2021,Illingworth and Mixenden,E05001376,12571,87,0,13,15,38,21,64,33,22,9,225,73,27,80,45,12162,11840,106,4,5,207,33,0,33
2021,Luddendenfoot,E05001377,9988,74,0,10,11,27,26,36,19,8,9,178,43,22,71,42,9659,9413,54,1,0,191,41,8,33
2021,Northowram and Shelf,E05001378,11519,224,1,23,93,93,14,44,24,15,5,178,63,8,66,41,11036,10822,76,6,2,130,37,9,28
2021,Ovenden,E05001379,12745,282,7,51,38,165,21,106,48,42,16,305,94,21,147,43,11982,11256,137,7,8,574,70,9,61
2021,Park (Calderdale),E05001380,15701,11154,430,26,256,10080,362,309,217,45,47,297,169,35,31,62,3386,2617,36,55,112,566,555,102,453
2021,Rastrick,E05001381,11086,288,27,30,79,109,43,89,35,43,11,220,55,27,110,28,10444,10173,96,8,12,155,45,4,41
2021,Ryburn,E05001382,11702,99,1,15,34,30,19,52,25,22,5,151,52,14,45,40,11378,11158,76,8,2,134,22,3,19
2021,Skircoat,E05001383,13392,2818,28,42,614,1938,196,131,99,15,17,329,157,22,75,75,9994,9581,108,0,5,300,120,20,100
2021,Sowerby Bridge,E05001384,11957,280,4,28,69,144,35,49,25,20,4,237,70,28,91,48,11361,11066,91,0,4,200,30,13,17
2021,Todmorden,E05001385,12323,534,105,14,20,364,31,56,29,21,6,241,94,24,61,62,11453,11019,140,6,5,283,39,3,36
2021,Town (Calderdale),E05001386,12377,597,15,24,327,167,64,86,59,21,6,247,69,26,87,65,11334,10676,68,8,32,550,113,11,102
2021,Warley (Calderdale),E05001387,13793,4005,40,44,50,3713,158,154,128,14,12,305,136,21,90,58,9066,8391,90,10,45,530,263,75,188
2021,Ashbrow,E05001389,20373,4231,44,112,1004,2710,361,2344,646,1319,379,1668,231,106,1126,205,11361,10157,162,6,15,1021,769,160,609
2021,Batley East,E05001390,18905,11044,100,27,6845,3804,268,162,97,51,14,451,251,41,76,83,6986,6395,32,9,35,515,262,83,179
2021,Batley West,E05001391,20110,8276,34,51,3543,4435,213,183,107,55,21,470,224,36,110,100,10915,10466,32,1,8,408,266,67,199
2021,Birstall and Birkenshaw,E05001392,16918,373,2,54,132,142,43,138,75,41,22,365,125,37,144,59,15970,15552,62,12,4,340,72,20,52
2021,Cleckheaton,E05001393,17188,571,4,36,227,237,67,91,45,34,12,343,123,35,133,52,16116,15667,76,10,3,360,67,13,54
2021,Dalton,E05001396,17430,1665,5,74,266,1058,262,1025,353,501,171,1007,144,67,670,126,13208,12447,185,10,20,546,525,187,338
2021,Denby Dale,E05001397,16634,125,0,21,57,24,23,39,15,17,7,259,100,18,110,31,16179,15957,65,0,1,156,32,1,31
2021,Dewsbury East,E05001398,20089,3869,29,27,1097,2522,194,178,115,35,28,456,218,29,133,76,15413,14716,41,9,30,617,173,22,151
2021,Dewsbury South,E05001399,19258,9818,228,40,4383,4872,295,93,58,22,13,316,170,17,75,54,8723,8410,36,7,16,254,308,117,191
2021,Dewsbury West,E05001400,21688,12757,44,29,1443,10711,530,152,89,50,13,646,407,26,109,104,7596,6759,32,14,57,734,537,67,470
2021,Golcar,E05001401,18735,894,5,54,83,666,86,461,191,205,65,785,135,48,494,108,16429,15927,167,10,10,315,166,42,124
2021,Greenhead,E05001402,21815,8652,38,128,769,7254,463,1086,463,477,146,1051,282,82,484,203,10116,8872,190,25,32,997,910,346,564
2021,Heckmondwike,E05001403,18157,5296,20,56,391,4683,146,151,94,35,22,405,185,26,113,81,12182,11757,60,14,8,343,123,26,97
2021,Holme Valley South,E05001405,19504,145,6,9,41,49,40,105,60,30,15,305,79,30,143,53,18898,18513,109,6,0,270,51,14,37
2021,Lindley,E05001407,20432,2665,33,107,640,1695,190,424,147,212,65,796,230,51,384,131,16184,15538,204,5,8,429,363,107,256
2021,Liversedge and Gomersal,E05001408,19417,914,5,59,190,604,56,151,79,41,31,371,137,37,155,42,17907,17534,74,7,12,280,74,26,48
2021,Mirfield,E05001409,19773,721,4,48,204,411,54,138,71,45,22,416,153,44,149,70,18420,18062,79,6,9,264,78,21,57
2021,Newsome,E05001410,18668,2951,162,406,425,1677,281,1348,809,402,137,939,157,82,560,140,12700,11467,155,1,19,1058,730,287,443
2021,"Ackworth, North Elmsall and Upton",E05001444,17543,132,1,22,41,13,55,67,44,17,6,202,62,27,60,53,17096,16525,60,28,7,476,46,6,40
2021,Airedale and Ferry Fryston,E05001445,16082,113,1,13,36,28,35,194,146,8,40,156,62,30,38,26,15581,14813,23,20,6,719,38,3,35
2021,Altofts and Whitwood,E05001446,19228,292,3,54,130,37,68,142,105,18,19,248,86,31,86,45,18484,17749,39,11,7,678,62,14,48
2021,Castleford Central and Glasshoughton,E05001447,16814,282,7,130,53,39,53,102,75,15,12,195,65,26,66,38,16168,15389,38,40,9,692,67,10,57
2021,"Crofton, Ryhill and Walton",E05001448,15801,186,4,25,65,57,35,137,102,14,21,189,49,44,45,51,15241,14802,37,9,2,391,48,5,43
2021,Featherstone,E05001449,17511,209,2,68,52,49,38,117,89,11,17,169,57,27,48,37,16965,16345,31,0,5,584,51,6,45
2021,Hemsworth,E05001450,15920,144,1,42,31,40,30,135,106,20,9,204,51,45,80,28,15400,14872,28,14,0,486,37,3,34
2021,Horbury and South Ossett,E05001451,15198,174,1,43,64,42,24,67,49,10,8,225,84,48,56,37,14693,14451,59,4,3,176,39,9,30
2021,Knottingley,E05001452,14253,116,1,10,38,29,38,103,78,11,14,128,40,23,39,26,13861,13340,33,21,13,454,45,5,40
2021,Normanton (Wakefield),E05001453,17355,298,1,84,70,88,55,135,107,11,17,175,68,33,38,36,16663,15118,60,17,21,1447,84,5,79
2021,Ossett,E05001454,16522,210,1,46,71,51,41,86,49,22,15,221,76,27,85,33,15958,15595,65,1,9,288,47,4,43
2021,Pontefract North,E05001455,19197,409,4,100,105,76,124,166,128,16,22,259,97,28,77,57,18297,17578,30,5,2,682,66,12,54
2021,Pontefract South,E05001456,15342,139,0,15,46,23,55,68,49,14,5,135,43,18,42,32,14962,14580,35,12,4,331,38,4,34
2021,South Elmsall and South Kirkby,E05001457,18863,82,1,3,23,19,36,141,97,18,26,187,37,75,42,33,18383,17085,43,12,5,1238,70,5,65
2021,Stanley and Outwood East,E05001458,16800,744,6,100,298,239,101,200,157,18,25,294,96,66,71,61,15404,14890,57,2,0,455,158,72,86
2021,Wakefield East,E05001459,17136,3573,13,42,306,2688,524,892,781,26,85,406,145,101,75,85,11727,9510,49,15,24,2129,538,128,410
2021,Wakefield North,E05001460,17854,2102,12,61,214,1555,260,508,419,37,52,369,148,43,88,90,14517,12620,62,24,45,1766,358,72,286
2021,Wakefield Rural,E05001461,17697,225,8,26,75,64,52,135,107,15,13,261,112,26,65,58,17008,16663,62,5,1,277,68,23,45
2021,Wakefield South,E05001462,14591,1650,0,73,208,1193,176,405,340,18,47,286,101,42,72,71,11955,10967,53,14,46,875,295,68,227
2021,Wakefield West,E05001463,16443,936,0,58,135,584,159,500,394,22,84,341,125,56,83,77,14366,13143,45,15,14,1149,300,81,219
2021,Wrenthorpe and Outwood West,E05001464,17215,618,7,97,231,193,90,214,165,21,28,287,100,43,84,60,16006,15599,52,6,4,345,90,26,64
2021,Billingham Central,E05001527,7121,42,0,11,5,1,25,24,21,1,2,72,27,13,15,17,6954,6881,18,2,0,53,29,13,16
2021,Billingham East,E05001528,6803,59,3,0,16,15,25,10,9,0,1,57,15,12,17,13,6655,6572,15,10,0,58,22,1,21
2021,Billingham North,E05001529,8591,67,0,8,21,26,12,13,8,4,1,45,11,11,9,14,8450,8403,16,1,0,30,16,3,13
2021,Billingham South,E05001530,6293,61,0,6,13,14,28,22,16,3,3,56,18,22,5,11,6132,6037,13,4,1,77,22,7,15
2021,Billingham West,E05001531,5110,21,1,2,3,6,9,8,3,3,2,25,10,5,2,8,5043,5003,10,1,0,29,13,5,8
2021,Bishopsgarth and Elm Tree,E05001532,6261,122,5,18,35,39,25,29,26,2,1,57,30,6,12,9,6026,5969,11,3,0,43,27,3,24
2021,Eaglescliffe,E05001533,10829,286,14,42,94,79,57,58,37,14,7,163,48,27,29,59,10237,9994,38,10,5,190,85,50,35
2021,Fairfield (Stockton-on-Tees),E05001534,5430,122,2,16,19,68,17,24,17,2,5,46,28,2,3,13,5218,5170,15,2,1,30,20,9,11
2021,Grangefield,E05001535,6529,348,12,23,56,220,37,46,40,1,5,89,52,9,13,15,5989,5935,17,0,1,36,57,40,17
2021,Hardwick and Salters Lane,E05001536,7924,271,0,20,22,16,213,79,71,5,3,144,73,25,24,22,7398,7282,24,5,0,87,32,8,24
2021,Hartburn,E05001537,6345,155,2,17,26,97,13,28,28,0,0,47,19,6,9,13,6105,6028,16,0,1,60,10,1,9
2021,Ingleby Barwick East,E05001538,10648,724,15,80,268,306,55,88,79,4,5,179,61,33,20,65,9557,9385,42,1,6,123,100,52,48
2021,Ingleby Barwick West,E05001539,13421,850,11,104,313,352,70,133,119,4,10,289,97,65,36,91,12026,11837,25,10,1,153,123,45,78
2021,Mandale and Victoria,E05001540,10504,949,11,65,172,593,108,197,168,9,20,211,100,38,21,52,8994,8727,11,20,3,233,153,32,121
2021,Newtown (Stockton-on-Tees),E05001541,7113,298,2,13,26,184,73,301,216,2,83,109,25,27,11,46,6293,6135,17,0,2,139,112,9,103
2021,Northern Parishes,E05001542,4956,344,0,30,189,99,26,43,9,31,3,79,58,7,3,11,4419,4347,27,2,0,43,71,24,47
2021,Norton North (Stockton-on-Tees),E05001543,6495,44,1,4,7,14,18,74,61,8,5,78,30,13,10,25,6226,6036,22,2,82,84,73,46,27
2021,Norton South,E05001544,7744,86,13,23,9,26,15,63,50,5,8,96,20,11,31,34,7469,7338,15,46,3,67,30,6,24
2021,Norton West,E05001545,6067,66,0,12,20,31,3,10,8,2,0,33,15,4,4,10,5940,5884,27,0,0,29,18,12,6
2021,Parkfield and Oxbridge,E05001546,9724,2023,41,53,66,1707,156,195,175,9,11,168,68,28,30,42,7130,6799,27,6,3,295,208,63,145
2021,Roseworth,E05001547,7204,146,1,0,16,29,100,44,39,3,2,71,30,14,14,13,6925,6857,8,3,0,57,18,4,14
2021,Stainsby Hill,E05001548,6072,64,1,9,21,20,13,44,38,2,4,64,25,9,7,23,5871,5827,15,0,1,28,29,7,22
2021,Stockton Town Centre,E05001549,7980,1001,83,67,66,596,189,575,504,10,61,165,60,38,19,48,5963,5565,19,6,10,363,276,63,213
2021,Village (Stockton-on-Tees),E05001550,6774,349,5,13,83,212,36,38,34,1,3,142,94,12,26,10,6226,6134,26,7,8,51,19,8,11
2021,Western Parishes,E05001551,3636,77,1,8,21,26,21,17,16,0,1,31,17,5,3,6,3506,3468,8,0,0,30,5,0,5
2021,Yarm,E05001552,11012,472,11,46,223,99,93,37,29,5,3,224,101,26,40,57,10185,9913,44,5,15,208,94,48,46
2021,Anchorsholme,E05001643,6198,46,5,15,11,2,13,16,12,2,2,65,26,19,15,5,6054,5942,39,1,0,72,17,1,16
2021,Bispham,E05001644,6209,81,18,19,14,4,26,19,9,5,5,64,16,17,21,10,6012,5880,27,0,8,97,33,5,28
2021,Bloomfield,E05001645,7567,383,76,25,74,129,79,41,17,12,12,143,41,20,25,57,6862,6087,57,25,87,606,138,12,126
2021,Brunswick,E05001646,6917,428,32,28,189,62,117,58,26,21,11,160,38,18,63,41,6194,5800,57,4,5,328,77,20,57
2021,Claremont (Blackpool),E05001647,7629,201,42,18,44,27,70,93,68,21,4,192,65,44,41,42,7050,6484,55,20,9,482,93,31,62
2021,Clifton (Blackpool),E05001648,6553,115,7,27,23,16,42,17,14,2,1,65,13,14,22,16,6326,6070,20,42,14,180,30,6,24
2021,Greenlands (Blackpool),E05001649,6667,109,4,23,14,12,56,21,14,6,1,108,31,14,35,28,6407,6106,33,3,1,264,22,5,17
2021,Hawes Side,E05001650,7142,111,12,24,15,21,39,16,12,2,2,114,30,25,33,26,6881,6604,28,15,4,230,20,2,18
2021,Highfield (Blackpool),E05001651,6315,101,14,24,17,11,35,19,13,5,1,97,19,5,45,28,6087,5937,39,12,2,97,11,2,9
2021,Ingthorpe,E05001652,6541,71,1,18,26,4,22,29,17,5,7,111,30,25,42,14,6308,6153,35,2,0,118,22,7,15
2021,Layton,E05001653,6702,396,16,32,113,29,206,25,18,6,1,101,30,19,37,15,6121,5875,36,3,5,202,59,9,50
2021,Marton,E05001654,6856,114,13,21,23,12,45,24,13,8,3,80,27,11,28,14,6597,6420,38,5,2,132,41,12,29
2021,Norbreck,E05001655,5997,52,6,22,13,0,11,18,12,1,5,34,16,1,4,13,5873,5780,24,2,0,67,20,3,17
2021,Park (Blackpool),E05001656,7360,225,9,36,72,36,72,58,41,7,10,152,42,29,43,38,6896,6428,43,6,6,413,29,10,19
2021,Squires Gate,E05001657,6189,86,0,13,13,31,29,14,10,2,2,61,25,17,11,8,6008,5854,44,6,7,97,20,3,17
2021,Stanley (Blackpool),E05001658,6841,93,0,24,31,14,24,24,15,5,4,97,34,16,22,25,6606,6430,31,42,4,99,21,4,17
2021,Talbot,E05001659,6529,341,1,58,92,52,138,57,32,18,7,145,39,25,42,39,5920,5474,48,11,13,374,66,23,43
2021,Tyldesley (Blackpool),E05001660,6765,237,115,19,27,25,51,46,33,10,3,113,28,31,32,22,6332,6009,39,12,21,251,37,8,29
2021,Victoria (Blackpool),E05001661,6592,160,28,34,25,26,47,34,17,14,3,111,24,19,37,31,6243,5949,39,15,6,234,44,11,33
2021,Warbreck (Blackpool),E05001662,6735,224,37,42,44,19,82,24,21,3,0,96,40,17,19,20,6337,6064,29,4,2,238,54,30,24
2021,Waterloo (Blackpool),E05001663,6738,104,5,21,12,40,26,62,37,19,6,105,32,24,22,27,6433,6101,46,6,10,270,34,10,24
2021,Beverley Rural,E05001687,14439,160,6,20,28,12,94,91,53,31,7,139,62,16,25,36,14004,13748,50,3,6,197,45,2,43
2021,Bridlington Central and Old Town,E05001688,10847,92,13,17,9,5,48,18,12,3,3,94,25,21,28,20,10619,10396,24,16,0,183,24,4,20
2021,Bridlington North,E05001689,13269,57,0,19,6,9,23,16,11,2,3,69,26,12,8,23,13109,12922,42,6,0,139,18,7,11
2021,Bridlington South,E05001690,14285,187,7,60,50,13,57,21,14,5,2,137,41,23,34,39,13847,13502,58,40,0,247,93,18,75
2021,Cottingham North,E05001691,7906,169,3,35,56,31,44,65,56,4,5,100,30,16,21,33,7489,7276,20,26,1,166,83,35,48
2021,Cottingham South,E05001692,9614,209,25,58,57,25,44,58,50,7,1,101,40,16,16,29,9188,8947,30,0,0,211,58,12,46
2021,Dale,E05001693,17285,309,11,67,110,64,57,70,50,8,12,190,74,27,36,53,16629,16246,70,24,0,289,87,35,52
2021,Driffield and Rural,E05001694,15584,91,6,18,21,17,29,16,7,7,2,137,59,20,27,31,15301,14999,54,5,0,243,39,10,29
2021,East Wolds and Coastal,E05001695,14559,53,3,9,12,7,22,14,3,9,2,54,24,10,12,8,14419,14237,40,17,5,120,19,10,9
2021,Goole North,E05001696,11223,56,0,18,13,9,16,32,24,2,6,89,21,17,29,22,10982,9754,10,5,3,1210,64,15,49
2021,Goole South,E05001697,10732,82,0,24,22,11,25,34,27,4,3,160,30,42,44,44,10376,8618,28,25,54,1651,80,10,70
2021,Hessle,E05001698,15487,220,5,52,95,15,53,48,36,9,3,188,64,38,33,53,14906,14614,55,7,1,229,125,51,74
2021,Howden,E05001699,5372,36,0,12,12,1,11,3,2,1,0,50,25,5,6,14,5270,5145,12,6,1,106,13,2,11
2021,Howdenshire,E05001700,15841,92,7,23,19,22,21,28,14,8,6,137,32,18,48,39,15562,15225,43,50,9,235,22,6,16
2021,Mid Holderness,E05001701,13769,52,3,7,11,0,31,12,3,4,5,76,29,12,25,10,13611,13477,26,3,2,103,18,2,16
2021,Minster and Woodmansey,E05001702,16358,229,3,49,63,35,79,44,30,5,9,186,65,30,47,44,15848,15450,50,5,5,338,51,19,32
2021,North Holderness,E05001703,10438,44,2,13,7,1,21,14,11,3,0,100,25,18,29,28,10260,10123,27,8,0,102,20,1,19
2021,Pocklington Provincial,E05001704,18623,173,10,56,46,18,43,53,37,10,6,181,62,29,34,56,18156,17585,82,16,8,465,60,9,51
2021,St Mary's (East Riding of Yorkshire),E05001705,15958,174,2,30,30,11,101,53,41,7,5,151,43,28,31,49,15505,15055,62,8,4,376,75,26,49
2021,"Snaith, Airmyn, Rawcliffe and Marshland",E05001706,10012,50,0,19,12,8,11,9,8,1,0,68,17,14,18,19,9873,9692,32,10,3,136,12,0,12
2021,South East Holderness,E05001707,14750,94,1,21,33,11,28,17,13,4,0,95,33,15,24,23,14519,14364,37,4,2,112,25,9,16
2021,South Hunsley,E05001708,10746,453,5,26,272,87,63,27,20,5,2,161,71,29,25,36,10042,9810,35,0,1,196,63,20,43
2021,South West Holderness,E05001709,14237,87,0,25,17,14,31,4,2,2,0,88,35,16,13,24,14035,13895,33,3,0,104,23,4,19
2021,Tranby,E05001710,10306,115,4,32,33,18,28,44,30,6,8,110,35,18,21,36,9983,9795,33,4,0,151,54,22,32
2021,Willerby and Kirk Ella,E05001711,13407,251,4,38,140,27,42,38,29,6,3,165,69,33,26,37,12882,12666,46,3,8,159,71,35,36
2021,Wolds Weighton,E05001712,17196,152,11,20,34,55,32,65,35,19,11,184,58,27,49,50,16755,16299,64,32,6,354,40,6,34
2021,Croft Baker,E05001713,11226,229,132,19,32,15,31,40,24,9,7,120,40,14,23,43,10774,10584,20,4,3,163,63,26,37
2021,East Marsh,E05001714,10669,130,5,21,28,18,58,91,60,10,21,125,22,25,36,42,10216,9280,14,16,30,876,107,22,85
2021,Freshney,E05001715,9281,54,6,8,9,5,26,34,27,4,3,76,25,12,15,24,9066,8895,20,0,1,150,51,29,22
2021,Haverstoe,E05001716,9420,38,0,14,3,7,14,12,7,4,1,72,19,17,14,22,9262,9177,18,0,0,67,36,24,12
2021,Heneage,E05001717,11471,189,22,48,28,24,67,59,49,5,5,112,27,22,20,43,11015,10465,28,6,15,501,96,15,81
2021,Humberston and New Waltham,E05001718,11909,237,18,40,94,30,55,70,52,7,11,120,53,14,29,24,11415,11279,31,1,0,104,67,47,20
2021,Immingham,E05001719,11685,85,13,16,8,9,39,19,11,5,3,76,25,13,18,20,11438,10930,25,6,6,471,67,11,56
2021,Park (North East Lincolnshire),E05001720,11798,321,35,39,60,82,105,128,112,11,5,146,41,29,35,41,11089,10645,31,7,12,394,114,57,57
2021,Scartho,E05001721,11339,295,41,55,69,53,77,102,86,10,6,123,56,16,25,26,10767,10540,16,3,2,206,52,20,32
2021,Sidney Sussex,E05001722,11973,158,12,56,22,5,63,42,30,5,7,165,51,41,38,35,11509,11147,22,10,0,330,99,35,64
2021,South (North East Lincolnshire),E05001723,12430,135,7,33,35,14,46,96,74,8,14,139,37,30,44,28,12000,11348,26,0,1,625,60,19,41
2021,Waltham,E05001724,6813,95,2,8,23,31,31,17,12,5,0,45,20,6,11,8,6635,6546,13,0,3,73,21,16,5
2021,West Marsh,E05001725,7542,212,17,34,40,17,104,74,56,8,10,105,21,25,34,25,7087,6315,21,4,36,711,64,13,51
2021,Wolds,E05001726,7790,131,8,23,56,11,33,13,6,3,4,75,25,10,14,26,7537,7431,22,1,1,82,34,5,29
2021,Yarborough,E05001727,11632,135,0,25,38,19,53,49,41,3,5,119,38,33,20,28,11222,10780,15,6,18,403,107,28,79
2021,Ashby,E05001728,13612,372,45,52,86,109,80,56,44,6,6,150,53,25,29,43,12970,12260,35,5,4,666,64,18,46
2021,Axholme Central,E05001729,7491,80,6,4,52,7,11,18,10,1,7,69,20,12,7,30,7306,7222,12,8,6,58,18,5,13
2021,Axholme North,E05001730,8257,41,5,13,6,3,14,12,10,1,1,55,27,14,8,6,8134,8000,16,5,6,107,15,0,15
2021,Axholme South,E05001731,7074,54,7,10,5,18,14,11,7,3,1,57,27,9,9,12,6940,6816,27,1,2,94,12,3,9
2021,Barton (North Lincolnshire),E05001732,11921,111,10,34,26,8,33,28,22,1,5,112,37,16,39,20,11634,11345,23,6,0,260,36,3,33
2021,Bottesford (North Lincolnshire),E05001733,10684,112,10,14,40,18,30,24,19,2,3,97,39,10,18,30,10416,10211,42,3,6,154,35,2,33
2021,Brigg and Wolds,E05001734,11623,126,11,26,33,10,46,19,10,5,4,85,37,15,15,18,11364,11099,47,34,0,184,29,3,26
2021,Broughton and Appleby,E05001735,6442,53,6,12,13,4,18,16,13,1,2,45,17,6,14,8,6313,6185,27,0,0,101,15,6,9
2021,Brumby,E05001736,11841,188,28,19,64,40,37,47,34,7,6,120,40,29,23,28,11410,10378,35,17,8,972,76,14,62
2021,Burringham and Gunness,E05001737,3712,55,2,17,14,11,11,12,10,1,1,34,24,3,4,3,3598,3415,11,1,0,171,13,0,13
2021,Burton upon Stather and Winterton,E05001738,11113,178,46,23,56,38,15,21,10,6,5,111,47,15,14,35,10774,10514,35,4,0,221,29,2,27
2021,Crosby and Park,E05001739,14120,1715,741,40,288,290,356,237,217,10,10,294,122,52,36,84,11354,8606,41,27,94,2586,520,91,429
2021,Ferry,E05001740,11433,53,0,9,15,10,19,16,6,8,2,89,28,9,21,31,11262,11054,36,12,3,157,13,0,13
2021,Frodingham,E05001741,8277,230,47,25,58,41,59,42,38,3,1,145,46,33,32,34,7775,6871,33,4,11,856,85,32,53
2021,Kingsway with Lincoln Gardens,E05001742,10760,279,53,58,79,52,37,39,35,4,0,118,50,12,32,24,10293,9730,56,4,5,498,31,2,29
2021,Ridge,E05001743,12669,121,6,28,40,15,32,35,16,14,5,89,35,16,21,17,12402,12189,46,5,2,160,22,2,20
2021,Town (North Lincolnshire),E05001744,8653,1849,818,68,246,339,378,185,159,15,11,150,69,13,33,35,6107,4659,35,32,76,1305,362,41,321
2021,Abbey (Derby),E05001767,14941,3416,67,99,818,1964,468,958,610,235,113,666,173,61,291,141,9282,7601,129,12,55,1485,619,128,491
2021,Allestree,E05001768,13541,432,12,102,166,81,71,94,33,46,15,233,84,14,91,44,12709,12302,119,0,6,282,73,14,59
2021,Alvaston,E05001769,16803,1070,23,78,424,292,253,710,448,186,76,701,148,51,361,141,14016,12531,247,20,16,1202,306,32,274
2021,Arboretum (Derby),E05001770,21261,8823,317,162,737,6719,888,1479,1034,309,136,951,225,122,269,335,8749,5244,112,151,404,2838,1259,228,1031
2021,Blagreaves,E05001771,13252,4134,20,31,1831,1853,399,630,210,322,98,544,155,31,276,82,7286,6659,133,8,23,463,658,72,586
2021,Boulton,E05001772,14445,987,34,34,373,272,274,434,208,160,66,527,97,53,310,67,12237,11463,106,5,22,641,260,26,234
2021,Chaddesden,E05001773,13370,216,0,29,95,35,57,194,130,41,23,301,83,21,150,47,12592,12083,70,0,7,432,67,15,52
2021,Chellaston,E05001774,15770,1549,2,132,1060,192,163,423,258,112,53,564,147,44,279,94,13001,12371,85,11,3,531,233,23,210
2021,Darley,E05001775,15257,711,56,108,255,120,172,498,298,147,53,545,166,57,222,100,13335,12102,201,6,9,1017,168,33,135
2021,Derwent,E05001776,14351,417,25,43,113,90,146,330,202,76,52,424,106,37,207,74,13062,12007,79,16,31,929,118,27,91
2021,Littleover,E05001777,15122,4807,31,128,2525,1635,488,556,318,179,59,588,210,50,216,112,8429,7871,118,4,9,427,742,96,646
2021,Mackworth,E05001778,15499,539,11,109,158,120,141,653,414,140,99,560,138,49,282,91,13511,12048,117,20,26,1300,236,53,183
2021,Mickleover,E05001779,14696,1218,7,65,730,265,151,340,175,119,46,385,133,28,160,64,12577,12096,138,2,14,327,176,45,131
2021,Normanton (Derby),E05001780,19809,8773,153,67,1569,6155,829,1547,889,433,225,1209,237,198,319,455,6638,4056,82,105,453,1942,1642,172,1470
2021,Oakwood (Derby),E05001781,13422,411,21,134,123,58,75,178,107,44,27,296,79,25,158,34,12467,11903,87,3,0,474,70,17,53
2021,Sinfin,E05001782,17178,3234,44,72,1573,1160,385,1299,697,442,160,809,171,65,446,127,10939,9043,90,36,77,1693,897,48,849
2021,Spondon,E05001783,12654,164,3,23,80,25,33,159,79,63,17,262,64,18,141,39,12038,11697,72,9,6,254,31,7,24
2021,Budshead,E05002078,13256,208,22,38,68,0,80,211,166,26,19,162,52,25,45,40,12593,12173,31,4,4,381,82,20,62
2021,Compton,E05002079,12284,368,55,99,79,19,116,97,68,16,13,242,84,35,47,76,11457,10832,81,5,4,535,120,21,99
2021,Devonport,E05002080,16323,372,62,66,92,25,127,240,147,60,33,434,89,88,100,157,15038,13759,57,11,19,1192,239,44,195
2021,Drake,E05002081,11047,698,33,148,207,88,222,300,242,30,28,375,132,51,88,104,9408,8521,91,9,22,765,266,83,183
2021,Efford and Lipson,E05002082,14197,375,28,42,77,36,192,188,149,18,21,315,82,72,73,88,13180,12511,36,21,6,606,139,32,107
2021,Eggbuckland,E05002083,13080,244,25,57,85,9,68,70,39,18,13,126,47,20,33,26,12577,12257,48,5,4,263,63,15,48
2021,Ham,E05002084,14377,266,14,75,61,6,110,90,59,14,17,182,42,29,66,45,13752,13273,40,3,2,434,87,20,67
2021,Honicknowle,E05002085,14272,137,15,45,37,5,35,47,32,10,5,163,35,35,43,50,13850,13480,28,4,0,338,75,12,63
2021,Moor View,E05002086,13382,269,14,40,75,20,120,83,51,19,13,161,61,16,48,36,12771,12416,53,10,4,288,98,45,53
2021,Peverell,E05002087,13478,433,38,136,139,11,109,93,54,24,15,329,113,53,57,106,12433,11799,68,9,7,550,190,34,156
2021,Plympton Chaddlewood,E05002088,8227,51,3,19,11,0,18,34,21,10,3,90,25,14,24,27,8025,7809,30,6,0,180,27,7,20
2021,Plympton Erle,E05002089,8750,45,8,10,4,3,20,23,11,10,2,99,40,17,20,22,8568,8447,21,1,2,97,15,5,10
2021,Plympton St Mary,E05002090,12581,82,5,7,19,10,41,12,6,4,2,126,42,18,40,26,12311,12117,50,2,2,140,50,14,36
2021,Plymstock Dunstone,E05002091,12840,60,0,16,17,9,18,42,13,17,12,120,42,11,34,33,12578,12318,53,2,0,205,40,12,28
2021,Plymstock Radford,E05002092,14301,87,10,24,19,11,23,77,22,39,16,174,62,17,52,43,13884,13573,37,16,0,258,79,11,68
2021,St Budeaux,E05002093,13218,127,12,35,30,4,46,62,40,17,5,159,36,22,41,60,12817,12379,37,10,10,381,53,4,49
2021,St Peter and the Waterfront,E05002094,17744,1016,62,308,235,71,340,581,480,55,46,526,123,129,119,155,15174,13147,99,24,37,1867,447,173,274
2021,Southway,E05002095,13757,153,1,25,21,4,102,118,82,27,9,161,49,25,43,44,13253,12943,34,5,0,271,72,18,54
2021,Stoke (Plymouth),E05002096,13438,409,37,114,65,27,166,158,138,13,7,326,91,76,71,88,12404,11512,96,6,29,761,141,29,112
2021,Sutton and Mount Gould,E05002097,14146,548,94,128,59,32,235,257,201,33,23,392,106,109,65,112,12655,11538,65,11,15,1026,294,78,216
2021,Barnfield (Luton),E05002193,8197,3628,792,89,637,1850,260,510,216,244,50,387,126,34,98,129,3426,2806,196,0,10,414,246,63,183
2021,Biscot,E05002194,16626,12033,5028,24,580,5715,686,950,561,303,86,441,148,72,114,107,2653,1314,115,8,71,1145,549,145,404
2021,Bramingham,E05002195,7266,1417,152,74,639,397,155,588,361,188,39,280,71,35,94,80,4830,4088,263,3,4,472,151,36,115
2021,Challney,E05002196,15461,8410,835,27,1179,5147,1222,1493,713,565,215,549,199,60,157,133,4285,2968,184,15,47,1071,724,162,562
2021,Crawley,E05002197,8438,1750,439,57,422,548,284,971,517,324,130,400,79,43,156,122,5057,3635,174,12,33,1203,260,98,162
2021,Dallow,E05002198,17992,12177,3189,14,903,7121,950,1195,750,338,107,378,150,54,77,97,3494,1251,119,24,102,1998,748,133,615
2021,Farley,E05002199,13608,3881,879,46,532,1937,487,1557,839,529,189,709,185,72,281,171,6775,4208,398,15,45,2109,686,167,519
2021,High Town,E05002200,11019,2270,650,63,578,769,210,1347,763,394,190,579,127,111,163,178,6316,3137,182,33,79,2885,507,146,361
2021,Icknield,E05002201,8096,2687,677,32,677,1018,283,585,228,301,56,345,90,34,140,81,4187,3581,255,0,7,344,292,66,226
2021,Leagrave,E05002202,13889,4870,1245,71,591,2535,428,2246,1004,973,269,668,144,81,303,140,5659,4168,255,15,25,1196,446,141,305
2021,Lewsey,E05002203,13705,3934,813,16,662,1398,1045,1857,798,812,247,699,143,76,301,179,6796,5235,253,9,14,1285,419,92,327
2021,Limbury,E05002204,8541,2923,675,25,439,1466,318,807,371,344,92,340,112,30,95,103,4186,3240,295,6,15,630,285,82,203
2021,Northwell,E05002205,8638,2141,796,19,339,795,192,1556,963,408,185,586,88,84,298,116,4178,3259,186,9,31,693,177,45,132
2021,Round Green,E05002206,12700,2403,663,38,549,908,245,1339,627,487,225,627,136,83,242,166,7939,6004,388,20,36,1491,392,115,277
2021,Saints,E05002207,16501,11425,2230,31,830,7431,903,919,433,394,92,528,158,61,183,126,2971,1804,236,6,40,885,658,118,540
2021,South (Luton),E05002208,17663,4087,899,183,1474,1068,463,2389,1504,663,222,833,138,173,289,233,9602,4650,399,25,177,4351,752,314,438
2021,Stopsley,E05002209,7008,644,91,46,233,196,78,331,129,165,37,284,68,38,104,74,5673,4858,247,28,18,522,76,26,50
2021,Sundon Park,E05002210,8453,1392,349,23,302,522,196,1266,581,513,172,503,111,70,222,100,5123,4104,174,0,20,825,169,53,116
2021,Wigmore,E05002211,11466,1251,229,21,528,322,151,826,417,268,141,492,155,58,176,103,8649,7220,247,12,38,1132,248,104,144
2021,Belfairs,E05002212,9443,302,24,50,76,49,103,89,58,20,11,229,75,44,60,50,8744,8442,116,11,3,172,79,20,59
2021,Blenheim Park,E05002213,10999,575,109,70,185,74,137,160,105,35,20,304,93,59,88,64,9890,9441,99,8,6,336,70,17,53
2021,Chalkwell (Southend-on-Sea),E05002214,9926,439,72,50,145,72,100,230,156,54,20,346,98,50,75,123,8796,8081,132,0,13,570,115,24,91
2021,Eastwood Park,E05002215,9451,268,31,76,81,29,51,117,75,17,25,173,34,20,73,46,8853,8671,53,4,2,123,40,10,30
2021,Kursaal,E05002216,12092,647,112,88,152,119,176,665,454,100,111,510,111,108,138,153,10058,8834,92,8,51,1073,212,40,172
2021,Leigh,E05002217,9892,200,11,31,59,21,78,58,33,19,6,275,115,35,60,65,9284,8752,118,5,5,404,75,12,63
2021,Milton (Southend-on-Sea),E05002218,11690,831,146,105,158,124,298,627,438,112,77,477,140,84,137,116,9518,8081,146,6,55,1230,237,40,197
2021,Prittlewell,E05002219,10684,1154,175,63,433,224,259,342,254,38,50,309,91,44,97,77,8736,8153,80,7,15,481,143,43,100
2021,St Laurence,E05002220,10581,521,59,68,239,50,105,243,183,39,21,247,64,52,61,70,9454,9073,60,8,2,311,116,19,97
2021,St. Luke's (Southend-on-Sea),E05002221,11207,590,130,69,128,89,174,319,221,42,56,362,85,75,104,98,9789,9156,77,6,10,540,147,13,134
2021,Shoeburyness,E05002222,11674,289,47,93,55,42,52,263,183,35,45,320,85,85,90,60,10725,10323,71,1,2,328,77,11,66
2021,Southchurch,E05002223,10149,606,76,100,204,112,114,278,200,50,28,296,80,55,95,66,8868,8466,66,6,6,324,101,19,82
2021,Thorpe (Southend-on-Sea),E05002224,9116,355,35,49,141,83,47,119,75,23,21,217,60,46,52,59,8353,7968,77,3,6,299,72,22,50
2021,Victoria (Southend-on-Sea),E05002225,13005,1430,347,129,300,302,352,820,577,134,109,547,92,142,196,117,9935,8624,107,21,26,1157,273,66,207
2021,Westborough (Southend-on-Sea),E05002226,11284,1096,169,28,287,286,326,522,365,84,73,485,149,65,140,131,9038,8072,130,6,20,810,143,23,120
2021,West Leigh,E05002227,9370,149,12,17,44,29,47,49,27,18,4,190,73,21,43,53,8918,8551,97,0,0,270,64,10,54
2021,West Shoebury,E05002228,10121,405,56,83,139,59,68,256,190,19,47,273,86,57,72,58,9113,8754,47,3,16,293,74,13,61
2021,Aveley and Uplands,E05002229,10823,682,175,47,198,155,107,1254,994,103,157,324,55,73,135,61,8384,7217,78,41,7,1041,179,37,142
2021,Belhus,E05002230,10473,564,109,83,128,111,133,1544,1209,177,158,288,38,59,101,90,7916,6754,51,171,24,916,161,36,125
2021,Chadwell St Mary,E05002231,10622,439,104,15,142,97,81,1097,858,104,135,335,62,87,119,67,8624,7837,39,16,17,715,127,17,110
2021,Chafford and North Stifford,E05002232,8011,805,57,114,388,142,104,1369,1053,152,164,284,75,43,84,82,5400,4528,48,1,13,810,153,31,122
2021,Corringham and Fobbing,E05002233,5685,48,5,5,22,3,13,50,34,12,4,63,8,18,23,14,5489,5373,33,6,0,77,35,8,27
2021,East Tilbury,E05002234,7713,310,80,23,91,52,64,791,602,74,115,228,41,36,91,60,6330,5851,44,12,11,412,54,4,50
2021,Grays Riverside,E05002235,13294,1715,408,77,435,250,545,2038,1587,184,267,512,117,123,136,136,8635,5653,62,7,59,2854,394,58,336
2021,Grays Thurrock,E05002236,9837,1352,299,24,470,188,371,1009,765,143,101,277,54,53,85,85,6869,5416,75,6,28,1344,330,26,304
2021,Little Thurrock Blackshots,E05002237,7082,607,104,15,273,121,94,583,455,75,53,150,32,22,52,44,5644,5174,29,22,4,415,98,13,85
2021,Little Thurrock Rectory,E05002238,6267,524,112,29,212,82,89,560,414,97,49,225,53,41,68,63,4876,4114,35,0,11,716,82,8,74
2021,Ockendon,E05002239,11968,786,147,102,222,127,188,1522,1192,128,202,428,83,91,141,113,9088,7824,70,15,16,1163,144,13,131
2021,Orsett,E05002240,6418,208,18,29,117,17,27,193,142,26,25,101,30,14,35,22,5894,5603,51,40,0,200,22,1,21
2021,South Chafford,E05002241,7690,1137,99,224,437,248,129,1558,1186,175,197,369,105,72,82,110,4444,3281,44,7,20,1092,182,35,147
2021,Stanford East and Corringham Town,E05002242,8655,124,12,10,20,31,51,355,253,60,42,178,43,30,61,44,7962,7685,56,2,5,214,36,3,33
2021,Stanford-le-Hope West,E05002243,7648,253,35,27,89,31,71,301,227,41,33,181,51,29,67,34,6856,6540,48,13,8,247,57,0,57
2021,Stifford Clays,E05002244,6757,497,153,20,186,73,65,354,273,45,36,162,51,29,47,35,5658,5298,46,7,5,302,86,2,84
2021,The Homesteads,E05002245,8453,163,32,12,64,10,45,260,181,43,36,142,51,16,38,37,7846,7606,64,0,2,174,42,5,37
2021,Tilbury Riverside and Thurrock Park,E05002246,7977,394,123,28,72,83,88,1624,1314,99,211,260,25,97,82,56,5584,4655,16,13,20,880,115,18,97
2021,Tilbury St Chads,E05002247,6846,323,128,9,67,54,65,1298,1058,85,155,137,24,34,50,29,4997,4234,29,31,17,686,91,14,77
2021,West Thurrock and South Stifford,E05002248,13805,1281,302,105,354,271,249,3119,2375,352,392,622,105,150,196,171,8492,5784,77,18,55,2558,291,39,252
2021,Chatham Central,E05002249,16932,1746,505,87,731,189,234,1663,1231,214,218,655,153,142,194,166,12412,10195,108,94,97,1918,456,46,410
2021,Cuxton and Halling,E05002250,6603,111,1,18,37,18,37,119,86,20,13,102,39,14,27,22,6227,6008,33,17,1,168,44,0,44
2021,Gillingham North,E05002251,19173,1318,113,113,486,241,365,2201,1570,391,240,802,209,152,260,181,14473,12954,111,44,53,1311,379,70,309
2021,Gillingham South,E05002252,17188,2164,204,97,767,426,670,1602,1067,333,202,652,144,128,190,190,12365,10769,82,29,42,1443,405,49,356
2021,Hempstead and Wigmore,E05002253,8093,535,9,52,328,87,59,99,63,23,13,153,58,23,28,44,7207,6970,86,5,0,146,99,21,78
2021,Lordswood and Capstone,E05002254,9043,198,18,16,96,41,27,299,232,39,28,167,49,25,63,30,8329,8034,51,15,5,224,50,3,47
2021,Luton and Wayfield,E05002255,14884,689,108,43,246,117,175,1472,1063,208,201,470,70,123,166,111,11917,10499,74,95,95,1154,336,34,302
2021,Peninsula,E05002256,15927,297,15,33,143,40,66,480,354,63,63,233,71,43,69,50,14857,14345,106,35,17,354,60,3,57
2021,Princes Park (Medway),E05002257,10171,296,25,25,185,30,31,590,433,87,70,246,61,56,90,39,8955,8538,54,25,1,337,84,1,83
2021,Rainham Central,E05002258,12391,479,37,42,247,61,92,186,128,27,31,245,114,26,51,54,11413,11060,98,8,0,247,68,11,57
2021,Rainham North,E05002259,9204,262,17,17,146,29,53,256,182,43,31,203,51,20,76,56,8390,8079,62,15,0,234,93,7,86
2021,Rainham South,E05002260,13584,416,13,71,216,50,66,277,168,61,48,238,74,40,60,64,12552,12117,103,54,7,271,101,12,89
2021,River (Medway),E05002261,12284,1222,105,187,392,116,422,1125,836,155,134,459,133,70,160,96,9154,8011,80,16,33,1014,324,62,262
2021,Rochester East,E05002262,10652,760,265,80,258,35,122,556,390,114,52,365,100,61,120,84,8783,7943,87,24,6,723,188,23,165
2021,Rochester South and Horsted,E05002263,13608,1562,197,82,946,132,205,629,474,74,81,320,111,47,87,75,10781,10066,113,22,15,565,316,22,294
2021,Rochester West,E05002264,11001,485,38,68,211,56,112,439,275,103,61,417,120,64,113,120,9542,8713,117,70,28,614,118,15,103
2021,Strood North,E05002265,14211,1124,64,46,813,45,156,679,458,130,91,430,137,54,129,110,11746,10859,82,41,11,753,232,14,218
2021,Strood Rural,E05002266,15790,583,19,30,376,57,101,628,489,73,66,371,105,54,110,102,14070,13591,99,28,8,344,138,2,136
2021,Strood South,E05002267,16568,646,77,47,263,78,181,1191,885,167,139,481,119,110,161,91,14105,12992,110,27,16,960,145,15,130
2021,Twydall,E05002268,13375,537,77,46,266,66,82,379,263,79,37,366,97,53,137,79,12015,11602,82,18,15,298,78,7,71
2021,Walderslade,E05002269,9775,285,22,25,133,57,48,406,315,36,55,225,67,44,62,52,8773,8360,48,55,12,298,86,19,67
2021,Watling (Medway),E05002270,9298,769,31,51,407,156,124,437,301,107,29,258,78,42,73,65,7679,7246,81,13,7,332,155,12,143
2021,Ascot,E05002271,5917,460,9,55,239,61,96,69,42,17,10,221,97,19,40,65,5095,4521,100,0,4,470,72,17,55
2021,Binfield with Warfield,E05002272,12092,727,10,90,398,89,140,265,176,51,38,368,121,47,88,112,10577,9599,90,7,12,869,155,35,120
2021,Bullbrook,E05002273,6897,890,23,37,434,77,319,208,152,32,24,245,66,37,79,63,5472,4774,54,8,20,616,82,8,74
2021,Central Sandhurst,E05002274,5083,350,5,25,95,23,202,81,53,24,4,124,57,14,25,28,4451,4202,34,13,0,202,77,8,69
2021,College Town,E05002275,5862,901,27,36,127,38,673,122,90,16,16,104,45,11,24,24,4558,4284,41,14,10,209,177,27,150
2021,Crown Wood,E05002276,7611,326,10,55,112,27,122,116,73,28,15,204,85,29,42,48,6884,6154,66,3,19,642,81,26,55
2021,Crowthorne,E05002277,6057,276,6,40,100,29,101,155,87,37,31,181,62,32,48,39,5374,4973,75,9,4,313,71,25,46
2021,Great Hollands North,E05002278,7983,599,5,67,254,96,177,332,246,36,50,260,65,41,74,80,6666,5983,47,15,3,618,126,26,100
2021,Great Hollands South,E05002279,4983,266,5,28,105,23,105,195,150,17,28,157,49,46,37,25,4307,3960,46,9,1,291,58,16,42
2021,Hanworth,E05002280,8153,378,13,32,151,66,116,202,148,41,13,220,66,38,56,60,7302,6489,53,8,11,741,51,8,43
2021,Harmans Water,E05002281,9266,851,35,62,404,108,242,279,181,59,39,337,125,62,84,66,7660,6706,65,12,23,854,139,33,106
2021,Little Sandhurst and Wellington,E05002282,6173,229,5,49,101,12,62,63,43,12,8,153,81,17,30,25,5691,5332,67,15,5,272,37,11,26
2021,Old Bracknell,E05002283,5995,408,23,27,164,78,116,236,158,50,28,265,61,37,96,71,4998,4491,55,13,12,427,88,15,73
2021,Owlsmoor,E05002284,5009,389,6,15,127,16,225,39,14,17,8,109,52,14,23,20,4413,4136,26,13,9,229,59,3,56
2021,Priestwood and Garth,E05002285,8579,446,10,76,200,50,110,220,156,37,27,298,86,47,84,81,7520,6673,94,12,7,734,95,24,71
2021,Warfield Harvest Ride,E05002286,8002,513,6,60,290,72,85,122,95,25,2,229,93,20,51,65,7071,6473,48,4,3,543,67,10,57
2021,Wildridings and Central,E05002287,6136,681,22,59,370,52,178,251,185,40,26,235,68,34,71,62,4823,4115,25,3,14,666,146,13,133
2021,Winkfield and Cranbourne,E05002288,4815,190,1,16,103,31,39,39,26,13,0,135,58,21,19,37,4410,4086,54,6,6,258,41,6,35
2021,Arborfield,E05002372,3015,103,0,5,64,13,21,121,83,24,14,109,34,14,33,28,2658,2423,12,13,13,197,24,4,20
2021,Barkham,E05002373,4619,303,0,48,183,48,24,109,78,18,13,152,54,17,34,47,4004,3697,28,2,3,274,51,14,37
2021,Bulmershe and Whitegates,E05002374,9620,2656,50,91,878,1426,211,355,221,87,47,308,111,38,87,72,6082,5443,63,9,5,562,219,41,178
2021,Charvil,E05002375,3158,198,3,19,104,39,33,50,25,11,14,85,42,10,15,18,2789,2634,22,8,1,124,36,7,29
2021,Coronation,E05002376,5631,500,9,53,221,149,68,54,32,21,1,129,52,13,37,27,4882,4570,57,8,0,247,66,19,47
2021,Emmbrook,E05002377,9927,967,6,87,622,127,125,138,100,24,14,301,107,27,71,96,8377,7702,75,6,11,583,144,60,84
2021,Evendons,E05002378,9526,960,15,178,573,97,97,176,125,35,16,282,147,34,34,67,7995,7331,81,6,11,566,113,33,80
2021,Finchampstead North,E05002379,5469,320,11,46,182,43,38,84,57,15,12,167,77,19,35,36,4855,4494,52,4,0,305,43,9,34
2021,Finchampstead South,E05002380,6288,364,13,37,200,52,62,76,67,4,5,168,94,12,27,35,5627,5168,61,33,5,360,53,2,51
2021,Hawkedon,E05002381,9326,2164,44,281,1309,348,182,312,224,58,30,299,132,31,76,60,6283,5605,56,2,12,608,268,114,154
2021,Hillside (Wokingham),E05002382,8381,2039,25,268,1185,368,193,246,145,66,35,247,112,33,50,52,5577,4917,64,2,14,580,272,130,142
2021,Hurst,E05002383,2939,96,0,7,52,12,25,13,8,3,2,73,38,4,12,19,2743,2524,41,16,0,162,14,5,9
2021,Loddon,E05002384,10531,1171,11,118,639,314,89,273,187,54,32,387,146,51,117,73,8536,7855,70,14,19,578,164,57,107
2021,Maiden Erlegh,E05002385,10552,2877,67,379,1531,676,224,330,230,70,30,347,142,32,61,112,6698,5930,91,17,9,651,300,107,193
2021,Norreys,E05002386,11311,772,21,63,372,189,127,244,174,32,38,329,123,53,84,69,9810,8872,99,9,8,822,156,54,102
2021,"Remenham, Wargrave and Ruscombe",E05002387,5528,147,7,25,73,9,33,32,21,7,4,117,49,1,20,47,5175,4732,76,63,0,304,57,4,53
2021,Shinfield North,E05002388,3633,710,10,67,284,224,125,219,150,45,24,169,51,12,69,37,2403,1985,19,1,11,387,132,65,67
2021,Shinfield South,E05002389,12537,1880,13,188,1218,239,222,507,365,82,60,548,165,70,146,167,9439,8494,94,31,19,801,163,60,103
2021,Sonning,E05002390,3203,351,8,10,213,66,54,60,28,21,11,85,45,10,18,12,2640,2451,35,0,3,151,67,14,53
2021,South Lake,E05002391,5864,1057,12,84,593,260,108,139,86,33,20,163,56,32,30,45,4427,4041,39,3,4,340,78,21,57
2021,Swallowfield,E05002392,3528,163,1,10,87,40,25,95,65,17,13,103,33,16,31,23,3139,2938,26,20,5,150,28,2,26
2021,Twyford,E05002393,6114,215,2,53,94,29,37,58,36,11,11,142,74,14,26,28,5648,5223,76,9,10,330,51,4,47
2021,Wescott,E05002394,7519,541,22,78,292,75,74,212,159,27,26,279,111,43,65,60,6385,5710,91,9,10,565,102,34,68
2021,Winnersh,E05002395,10873,1928,35,131,1205,379,178,334,207,77,50,393,137,54,90,112,7983,7304,100,20,2,557,235,73,162
2021,Wokingham Without,E05002396,8422,391,0,69,239,22,61,69,40,23,6,194,80,25,39,50,7696,7043,77,27,6,543,72,19,53
2021,Brunswick and Adelaide,E05002420,9916,384,15,78,126,25,140,158,99,33,26,483,131,82,80,190,8571,6542,172,8,81,1768,320,113,207
2021,Central Hove,E05002421,9317,428,28,76,147,29,148,191,135,37,19,507,146,79,98,184,7807,6220,143,4,35,1405,384,98,286
2021,East Brighton,E05002422,14230,832,165,92,192,38,345,573,487,59,27,583,110,151,158,164,11783,10223,195,17,41,1307,459,144,315
2021,Goldsmid,E05002423,15858,736,35,151,273,42,235,265,176,58,31,831,261,160,149,261,13349,10760,295,8,64,2222,677,212,465
2021,Hangleton and Knoll,E05002424,15227,878,402,79,177,38,182,280,214,29,37,692,188,182,120,202,12552,11521,132,8,34,857,825,283,542
2021,Hanover and Elm Grove,E05002425,16017,596,77,140,127,46,206,335,240,69,26,972,321,144,166,341,13773,11913,289,5,24,1542,341,90,251
2021,Hollingdean and Stanmer,E05002426,16878,1149,120,337,268,100,324,678,501,125,52,1024,309,187,225,303,13502,11935,186,13,43,1325,525,202,323
2021,Moulsecoomb and Bevendean,E05002427,16882,932,158,162,252,100,260,558,426,91,41,784,235,169,159,221,14096,12739,169,13,35,1140,512,202,310
2021,North Portslade,E05002428,10128,260,49,67,61,21,62,139,101,25,13,297,82,62,55,98,9156,8693,48,3,11,401,276,102,174
2021,Patcham,E05002429,14505,521,88,103,147,24,159,152,107,25,20,532,207,74,86,165,13021,12167,122,51,6,675,279,90,189
2021,Preston Park,E05002430,15002,533,34,138,154,28,179,164,106,37,21,721,271,109,120,221,13278,11318,247,1,68,1644,306,89,217
2021,Queen's Park (Brighton and Hove),E05002431,15652,957,115,253,312,38,239,416,307,59,50,891,248,163,219,261,12824,10575,298,19,73,1859,564,195,369
2021,Regency,E05002432,9954,532,23,142,165,39,163,195,132,47,16,526,178,85,86,177,8336,6289,198,7,71,1771,365,164,201
2021,Rottingdean Coastal,E05002433,14295,596,20,196,188,33,159,158,115,30,13,476,162,86,82,146,12731,11198,242,4,21,1266,334,146,188
2021,St. Peter's and North Laine,E05002434,17669,1217,54,546,231,81,305,363,239,88,36,997,328,153,161,355,14521,11725,279,22,71,2424,571,227,344
2021,South Portslade,E05002435,9896,333,108,59,73,28,65,143,108,25,10,389,115,68,58,148,8741,8040,95,4,21,581,290,122,168
2021,Hove Park,E05002436,11070,644,36,152,250,51,155,108,71,31,6,604,233,92,79,200,9310,8343,129,2,18,818,404,129,275
2021,Westbourne (Brighton and Hove),E05002437,9785,318,25,64,114,17,98,127,81,33,13,454,154,63,65,172,8595,7307,234,2,21,1031,291,118,173
2021,Wish,E05002438,10333,373,71,55,81,42,124,145,102,20,23,485,143,83,88,171,8917,7764,178,0,23,952,413,150,263
2021,Withdean,E05002439,14717,642,43,109,221,76,193,185,109,48,28,678,262,87,94,235,12886,11247,211,4,23,1401,326,91,235
2021,Woodingdean,E05002440,9772,358,62,70,72,33,121,122,93,19,10,307,115,60,62,70,8822,8315,77,2,4,424,163,79,84
2021,Baffins,E05002441,15024,399,116,53,67,23,140,231,191,22,18,320,83,92,65,80,13989,13295,60,1,8,625,85,19,66
2021,Central Southsea,E05002442,15988,1336,574,169,268,50,275,633,465,102,66,637,195,117,136,189,13131,11380,131,4,34,1582,251,60,191
2021,Charles Dickens,E05002443,22318,2780,931,504,519,126,700,1902,1527,198,177,799,165,237,199,198,15815,13908,94,25,34,1754,1022,287,735
2021,Copnor,E05002444,13302,643,243,89,126,17,168,161,117,21,23,265,108,58,46,53,12103,11448,61,3,8,583,130,24,106
2021,Cosham,E05002445,14445,1036,163,82,407,38,346,238,180,26,32,269,95,57,49,68,12772,12186,47,12,14,513,130,50,80
2021,Drayton and Farlington,E05002446,13734,425,86,92,138,17,92,83,65,6,12,192,78,35,26,53,12940,12584,67,0,15,274,94,22,72
2021,Eastney and Craneswater,E05002447,12575,613,128,128,165,29,163,330,217,63,50,364,117,61,74,112,11049,9766,111,5,40,1127,219,51,168
2021,Fratton,E05002448,15490,1370,591,193,235,61,290,616,482,76,58,430,113,117,87,113,12772,11103,53,15,54,1547,302,54,248
2021,Hilsea,E05002449,13930,885,296,150,182,23,234,467,282,101,84,276,73,68,67,68,12112,11385,48,6,17,656,190,31,159
2021,Milton (Portsmouth),E05002450,14331,660,190,96,168,31,175,373,288,48,37,414,112,94,82,126,12676,11694,72,0,2,908,208,79,129
2021,Nelson (Portsmouth),E05002451,15129,924,331,166,153,53,221,571,464,49,58,290,75,73,72,70,13062,11630,55,13,25,1339,282,48,234
2021,Paulsgrove,E05002452,14578,526,66,47,138,8,267,282,177,74,31,259,51,76,77,55,13436,12849,41,7,8,531,75,12,63
2021,St Jude,E05002453,12045,790,256,124,172,54,184,350,257,65,28,402,106,49,91,156,10219,8655,86,11,32,1435,284,95,189
2021,St Thomas (Portsmouth),E05002454,15118,1979,772,223,362,72,550,830,656,96,78,579,169,112,113,185,11200,9778,144,14,33,1231,530,179,351
2021,Bargate,E05002455,23011,3745,272,958,1061,376,1078,1409,1077,188,144,1090,279,208,298,305,15686,11185,210,24,153,4114,1081,366,715
2021,Bassett,E05002456,14563,2367,172,431,835,345,584,386,305,53,28,518,224,76,83,135,10768,9047,151,20,35,1515,524,127,397
2021,Bevois,E05002457,18369,5348,531,414,1861,1626,916,1294,1026,175,93,735,220,120,201,194,9973,6627,121,31,92,3102,1019,168,851
2021,Bitterne,E05002458,14410,391,54,39,131,27,140,225,158,38,29,405,92,87,147,79,13274,12223,50,32,8,961,115,15,100
2021,Bitterne Park,E05002459,14069,789,28,99,342,136,184,280,196,52,32,450,120,66,143,121,12382,10975,80,14,12,1301,168,16,152
2021,Coxford,E05002460,14022,1115,33,101,466,84,431,298,211,52,35,345,94,68,87,96,12075,10812,90,39,16,1118,189,31,158
2021,Freemantle,E05002461,16089,1908,123,272,824,234,455,593,445,80,68,656,176,128,152,200,12474,9018,157,20,84,3195,458,73,385
2021,Harefield,E05002462,14487,652,38,85,268,46,215,341,234,66,41,472,117,116,133,106,12860,11631,79,12,18,1120,162,25,137
2021,Millbrook,E05002463,16075,1423,138,93,628,162,402,385,288,58,39,456,137,104,118,97,13557,11570,115,17,7,1848,254,38,216
2021,Peartree (Southampton),E05002464,14300,596,54,72,272,62,136,189,96,73,20,460,125,78,164,93,12937,11786,57,17,28,1049,118,17,101
2021,Portswood,E05002465,14721,2249,133,597,627,477,415,412,308,75,29,598,215,100,120,163,10943,8837,135,7,34,1930,519,178,341
2021,Redbridge,E05002466,16170,844,77,68,311,61,327,407,279,59,69,362,86,63,123,90,14377,12882,60,27,10,1398,180,50,130
2021,Shirley,E05002467,15087,1856,146,115,702,187,706,397,308,26,63,454,171,100,73,110,11986,9787,145,11,23,2020,394,67,327
2021,Sholing,E05002468,13998,318,14,66,120,44,74,126,90,21,15,288,88,47,73,80,13179,12221,67,49,11,831,87,19,68
2021,Swaythling,E05002469,13762,2329,210,658,571,334,556,486,392,41,53,495,168,76,103,148,10072,8246,65,6,26,1729,380,82,298
2021,Woolston,E05002470,15786,485,39,87,150,45,164,310,212,47,51,528,133,98,156,141,14285,12633,61,16,22,1553,178,37,141
2021,Alfreton,E05003280,8797,129,9,42,47,4,27,30,15,15,0,112,23,21,48,20,8500,8075,34,10,0,381,26,3,23
2021,Alport,E05003281,2581,37,0,4,21,1,11,5,0,5,0,22,10,3,7,2,2502,2463,12,1,0,26,15,0,15
2021,Belper Central,E05003282,5348,20,2,7,9,0,2,36,18,8,10,79,19,11,29,20,5190,5054,26,1,1,108,23,0,23
2021,Belper East,E05003283,5904,60,0,20,23,3,14,18,6,10,2,81,43,4,27,7,5734,5649,30,0,3,52,11,4,7
2021,Belper North,E05003284,4629,28,0,9,6,1,12,14,4,9,1,63,24,6,16,17,4514,4413,21,1,0,79,10,1,9
2021,Codnor and Waingroves,E05003286,4937,24,4,3,6,0,11,15,4,9,2,43,12,5,19,7,4847,4776,9,0,1,61,8,0,8
2021,Crich,E05003287,2653,5,0,1,1,1,2,6,5,0,1,16,3,0,4,9,2623,2569,23,0,0,31,3,0,3
2021,Heage and Ambergate,E05003289,4816,22,0,6,7,4,5,2,1,1,0,40,17,3,12,8,4746,4681,17,0,0,48,6,1,5
2021,Heanor and Loscoe,E05003290,5135,24,0,6,14,4,0,4,2,1,1,52,13,6,26,7,5051,4961,13,1,2,74,4,0,4
2021,Heanor West,E05003292,6370,72,1,27,12,6,26,15,9,6,0,50,8,11,20,11,6229,6053,16,3,0,157,4,0,4
2021,Ironville and Riddings,E05003293,6152,49,2,10,21,1,15,24,9,5,10,66,15,14,33,4,6003,5859,16,2,6,120,10,0,10
2021,Langley Mill and Aldercar,E05003295,5804,60,1,25,15,6,13,23,19,4,0,83,26,5,39,13,5622,5496,17,3,0,106,16,0,16
2021,Ripley,E05003296,9188,62,0,16,25,4,17,31,13,14,4,122,26,20,48,28,8947,8796,42,10,3,96,26,1,25
2021,Ripley and Marehay,E05003297,5535,43,3,6,19,2,13,8,5,2,1,65,16,12,29,8,5410,5335,16,1,4,54,9,1,8
2021,Somercotes,E05003299,6207,67,8,19,20,4,16,16,5,7,4,74,21,3,33,17,6030,5768,7,7,0,248,20,0,20
2021,South West Parishes,E05003300,4055,157,0,9,99,28,21,36,20,13,3,96,21,7,48,20,3733,3612,10,8,0,103,33,5,28
2021,Swanwick,E05003301,5077,22,0,7,7,0,8,11,8,1,2,40,9,4,18,9,5000,4937,24,7,3,29,4,2,2
2021,Wingfield,E05003302,2314,4,0,3,0,1,0,7,2,3,2,8,2,0,6,0,2290,2263,8,1,0,18,5,0,5
2021,Barrow Hill and New Whittington,E05003323,5547,58,0,23,18,10,7,39,21,11,7,58,12,6,25,15,5365,5265,18,0,1,81,27,3,24
2021,Brimington North,E05003324,4258,52,0,9,17,8,18,22,17,5,0,60,11,3,32,14,4111,4045,8,0,0,58,13,1,12
2021,Brimington South,E05003325,6009,91,1,14,51,10,15,41,24,11,6,67,19,1,27,20,5800,5719,13,2,0,66,10,1,9
2021,Brockwell,E05003326,6595,148,10,26,71,8,33,81,31,36,14,106,30,15,41,20,6241,6014,41,4,7,175,19,4,15
2021,Dunston,E05003327,6494,116,5,15,39,22,35,57,28,19,10,127,28,14,47,38,6162,6013,23,3,3,120,32,7,25
2021,Hasland,E05003328,6295,110,1,13,59,15,22,19,5,13,1,59,15,1,26,17,6092,5956,24,1,0,111,15,2,13
2021,Hollingwood and Inkersall,E05003329,7653,47,4,12,14,9,8,14,6,5,3,81,15,11,40,15,7494,7369,26,8,1,90,17,1,16
2021,Holmebrook,E05003330,4273,173,21,42,27,62,21,47,22,16,9,90,13,13,37,27,3934,3801,25,1,6,101,29,8,21
2021,Linacre (Chesterfield),E05003331,3847,81,0,24,32,1,24,19,9,9,1,46,16,8,17,5,3688,3590,20,0,0,78,13,2,11
2021,Loundsley Green,E05003332,3739,48,2,17,14,10,5,31,11,15,5,56,18,8,23,7,3591,3510,15,2,0,64,13,0,13
2021,Lowgates and Woodthorpe,E05003333,4782,45,0,9,18,4,14,59,35,9,15,69,12,6,23,28,4584,4515,12,0,0,57,25,0,25
2021,Middlecroft and Poolsbrook,E05003334,5009,31,0,0,10,9,12,20,11,6,3,79,13,12,32,22,4865,4761,13,0,3,88,14,0,14
2021,Moor,E05003335,4291,91,0,24,10,34,23,39,24,6,9,98,17,20,41,20,4036,3885,31,1,3,116,27,17,10
2021,Old Whittington,E05003336,4186,40,0,2,18,11,9,27,10,13,4,68,25,8,24,11,4033,3930,14,1,0,88,18,6,12
2021,Rother,E05003337,6299,105,1,39,29,19,17,70,38,18,14,91,22,7,39,23,5980,5761,18,0,6,195,53,12,41
2021,St Helen's (Chesterfield),E05003338,4834,257,12,30,40,128,47,77,41,19,17,84,17,18,32,17,4395,4250,14,4,0,127,21,3,18
2021,St Leonard's (Chesterfield),E05003339,8046,313,10,33,156,47,67,120,91,17,12,119,27,15,55,22,7447,7150,36,2,3,256,47,10,37
2021,Walton (Chesterfield),E05003340,5331,85,0,18,40,4,23,34,12,18,4,57,26,6,13,12,5137,5065,30,1,0,41,18,2,16
2021,West (Chesterfield),E05003341,6084,58,8,13,17,3,17,25,10,13,2,83,28,11,22,22,5904,5792,34,4,5,69,14,5,9
2021,Ashbourne North,E05003342,3719,40,0,10,17,2,11,10,6,3,1,51,15,9,9,18,3610,3491,16,1,0,102,8,0,8
2021,Ashbourne South,E05003343,5728,36,0,10,21,1,4,13,10,1,2,77,28,7,10,32,5585,5405,17,6,0,157,17,5,12
2021,Bakewell,E05003344,4258,18,0,2,9,2,5,7,2,3,2,43,17,2,14,10,4183,4088,19,0,1,75,7,1,6
2021,Bradwell (Derbyshire Dales),E05003345,1786,11,0,1,2,1,7,0,0,0,0,18,7,1,6,4,1756,1730,12,0,0,14,1,0,1
2021,Brailsford,E05003346,2003,12,0,3,5,1,3,1,0,1,0,18,10,0,4,4,1968,1922,13,0,0,33,4,0,4
2021,Calver,E05003347,1776,9,0,3,3,0,3,4,3,1,0,18,4,3,5,6,1736,1705,11,0,0,20,9,1,8
2021,Carsington Water,E05003348,1770,6,0,2,1,1,2,0,0,0,0,12,3,2,1,6,1749,1715,9,6,0,19,3,1,2
2021,Chatsworth,E05003349,1607,9,0,0,3,0,6,5,2,2,1,25,4,7,4,10,1566,1544,8,1,0,13,2,0,2
2021,Clifton and Bradley,E05003350,1847,1,0,0,1,0,0,2,2,0,0,10,6,1,3,0,1833,1782,13,0,0,38,1,0,1
2021,Darley Dale,E05003351,5782,27,0,10,11,0,6,4,0,4,0,37,16,5,13,3,5694,5567,27,0,3,97,20,14,6
2021,Dovedale and Parwich,E05003352,1578,6,0,0,1,3,2,1,0,1,0,5,3,0,1,1,1565,1537,9,0,0,19,1,0,1
2021,Doveridge and Sudbury,E05003353,2683,125,7,22,25,66,5,61,12,28,21,53,10,1,36,6,2437,2382,5,7,0,43,7,2,5
2021,Hartington and Taddington,E05003354,1654,6,0,0,2,2,2,0,0,0,0,9,5,0,1,3,1633,1615,4,0,0,14,6,4,2
2021,Hathersage and Eyam,E05003355,3713,25,0,1,12,6,6,8,5,2,1,54,28,12,7,7,3620,3509,20,1,0,90,6,0,6
2021,Hulland,E05003356,1856,6,0,3,1,0,2,0,0,0,0,15,8,3,2,2,1832,1807,15,2,0,8,3,2,1
2021,Lathkill and Bradford,E05003357,1521,5,0,1,2,1,1,7,2,5,0,16,4,4,2,6,1492,1470,5,0,1,16,1,1,0
2021,Litton and Longstone,E05003358,1555,4,0,2,1,0,1,3,1,2,0,16,11,1,4,0,1529,1497,8,0,0,24,3,0,3
2021,Masson,E05003359,2842,15,0,4,4,1,6,1,0,0,1,30,7,6,7,10,2784,2711,17,4,0,52,12,1,11
2021,Matlock All Saints,E05003360,5419,42,0,19,6,2,15,14,6,8,0,45,24,4,8,9,5294,5172,23,0,0,99,24,8,16
2021,Matlock St Giles,E05003361,5739,64,0,12,19,4,29,8,4,3,1,60,25,3,15,17,5594,5473,27,8,3,83,13,0,13
2021,Norbury,E05003362,1733,3,0,0,0,2,1,2,0,2,0,7,3,2,2,0,1720,1690,10,0,1,19,1,1,0
2021,Stanton (Derbyshire Dales),E05003363,1818,6,0,0,2,2,2,1,0,1,0,17,6,1,7,3,1792,1748,15,0,1,28,2,1,1
2021,Tideswell,E05003364,1759,7,0,1,4,0,2,9,1,1,7,13,8,0,1,4,1727,1690,9,0,0,28,3,0,3
2021,Winster and South Darley,E05003365,1601,8,0,0,3,0,5,2,0,1,1,20,6,1,1,12,1569,1539,9,0,0,21,2,0,2
2021,Wirksworth,E05003366,5795,23,3,6,6,4,4,9,1,5,3,57,29,6,8,14,5677,5538,37,1,0,101,29,6,23
2021,Bradninch,E05003510,2004,16,1,6,7,0,2,3,1,1,1,35,10,2,7,16,1944,1897,8,1,0,38,6,4,2
2021,Cadbury,E05003511,1656,11,0,8,0,0,3,1,1,0,0,27,7,6,5,9,1614,1545,15,0,0,54,3,1,2
2021,Canonsleigh,E05003512,3319,8,0,3,0,0,5,3,3,0,0,28,11,1,6,10,3276,3218,9,11,0,38,4,1,3
2021,Castle (Mid Devon),E05003513,4329,49,7,16,7,1,18,3,1,0,2,57,24,4,14,15,4206,3905,23,4,8,266,14,0,14
2021,Clare and Shuttern,E05003514,3517,13,0,6,6,0,1,3,2,0,1,20,7,7,4,2,3476,3404,17,5,2,48,5,0,5
2021,Cranmore,E05003515,4955,30,0,12,13,0,5,5,3,1,1,56,16,11,9,20,4849,4624,26,0,10,189,15,0,15
2021,Cullompton North,E05003516,4476,66,0,25,30,2,9,9,7,1,1,51,14,5,10,22,4336,4086,6,19,2,223,14,4,10
2021,Cullompton Outer,E05003517,2952,8,2,2,1,0,3,6,3,2,1,34,13,7,6,8,2900,2799,11,1,2,87,4,0,4
2021,Cullompton South,E05003518,4331,51,4,15,11,1,20,5,5,0,0,71,24,10,22,15,4190,3915,9,7,4,255,14,1,13
2021,Halberton,E05003519,2333,12,1,0,3,0,8,2,0,1,1,33,10,3,11,9,2284,2215,4,19,0,46,2,0,2
2021,Lawrence,E05003520,3801,32,0,2,15,0,15,12,8,3,1,29,7,4,8,10,3722,3538,19,7,4,154,6,1,5
2021,Lower Culm,E05003521,5931,28,0,9,9,1,9,8,3,3,2,61,23,13,16,9,5821,5571,22,15,1,212,13,2,11
2021,Lowman,E05003522,6982,71,1,39,17,2,12,7,4,3,0,74,29,5,20,20,6804,6404,22,8,2,368,26,8,18
2021,Sandford and Creedy,E05003524,3346,8,0,1,0,0,7,2,0,0,2,28,13,5,2,8,3302,3211,12,1,0,78,6,0,6
2021,Silverton,E05003525,1912,3,0,0,3,0,0,1,0,1,0,13,6,1,0,6,1883,1818,20,4,3,38,12,5,7
2021,Taw,E05003526,1660,8,0,3,0,1,4,1,1,0,0,21,6,4,5,6,1625,1596,4,0,1,24,5,1,4
2021,Taw Vale,E05003527,1758,4,0,2,0,0,2,3,2,1,0,24,9,4,4,7,1721,1688,6,0,0,27,6,0,6
2021,Upper Culm,E05003528,4327,12,0,2,4,3,3,2,2,0,0,33,11,1,7,14,4266,4178,21,12,5,50,14,5,9
2021,Upper Yeo,E05003529,1808,6,0,0,4,0,2,3,1,2,0,11,4,0,6,1,1784,1731,12,0,0,41,4,0,4
2021,Way,E05003530,1736,4,0,0,0,1,3,3,1,1,1,20,7,5,5,3,1704,1663,11,6,0,24,5,0,5
2021,Westexe,E05003531,6031,42,4,18,13,0,7,6,3,1,2,55,15,9,13,18,5925,5655,18,13,1,238,3,0,3
2021,Billericay East,E05004021,12129,313,16,61,142,38,56,204,120,53,31,276,89,37,75,75,11232,10672,115,1,0,444,104,27,77
2021,Billericay West,E05004022,11974,314,11,53,172,26,52,143,77,47,19,245,100,17,69,59,11176,10722,96,0,3,355,96,12,84
2021,Burstead,E05004023,11142,280,29,33,117,26,75,101,60,33,8,206,69,19,51,67,10497,10133,89,0,9,266,58,13,45
2021,Crouch,E05004024,8440,206,18,21,104,30,33,188,131,29,28,179,40,32,61,46,7826,7540,49,3,11,223,41,9,32
2021,Fryerns,E05004025,15132,565,79,47,190,115,134,1064,793,121,150,470,88,104,172,106,12907,11939,90,16,33,829,126,15,111
2021,Laindon Park,E05004026,13655,578,62,68,272,44,132,739,542,114,83,393,85,59,145,104,11845,11164,62,9,24,586,100,15,85
2021,Langdon Hills,E05004027,9046,423,12,71,243,32,65,266,182,46,38,236,57,50,72,57,8063,7669,55,2,0,337,58,12,46
2021,Lee Chapel North,E05004028,15059,1034,111,55,538,77,253,1100,804,127,169,496,76,114,209,97,12263,11184,98,24,37,920,166,17,149
2021,Nethermayne,E05004029,14031,1621,49,46,1078,103,345,933,652,166,115,412,95,69,133,115,10866,9860,90,16,36,864,199,40,159
2021,Pitsea North West,E05004030,12959,349,55,41,115,50,88,864,626,103,135,345,69,57,138,81,11272,10424,67,54,36,691,129,9,120
2021,Pitsea South East,E05004031,12201,457,42,40,175,95,105,756,552,79,125,311,64,81,92,74,10574,9825,59,29,23,638,103,12,91
2021,St Martin's (Basildon),E05004032,10178,821,118,46,353,105,199,1040,757,132,151,376,60,96,135,85,7760,6667,74,6,39,974,181,34,147
2021,Vange,E05004033,10402,307,44,35,112,41,75,919,705,105,109,321,64,64,128,65,8771,8126,45,7,9,584,84,10,74
2021,Wickford Castledon,E05004034,7991,192,31,27,61,38,35,135,94,21,20,133,46,12,50,25,7488,7226,94,6,4,158,43,5,38
2021,Wickford North,E05004035,13333,303,32,37,100,27,107,259,159,65,35,292,86,41,98,67,12420,12047,94,11,5,263,59,8,51
2021,Wickford Park,E05004036,9908,232,21,53,83,17,58,203,147,39,17,249,55,43,106,45,9161,8851,54,53,12,191,63,3,60
2021,Brentwood North,E05004067,7345,455,43,37,239,20,116,292,227,38,27,262,81,53,64,64,6236,5705,111,3,14,403,100,20,80
2021,Brentwood South,E05004068,6278,387,33,92,181,25,56,225,127,68,30,295,59,39,114,83,5280,4722,104,1,18,435,91,22,69
2021,Brentwood West,E05004069,7643,561,47,71,307,50,86,202,122,50,30,330,107,33,89,101,6434,5829,131,8,4,462,116,12,104
2021,Brizes and Doddinghurst,E05004070,6037,90,6,15,41,5,23,50,30,18,2,109,37,7,37,28,5755,5554,60,20,4,117,33,3,30
2021,"Herongate, Ingrave and West Horndon",E05004071,3810,96,5,15,51,10,15,26,14,7,5,84,41,9,16,18,3577,3443,46,7,3,78,27,4,23
2021,Hutton Central,E05004072,4061,244,19,28,147,11,39,75,45,12,18,100,35,14,25,26,3570,3358,38,2,5,167,72,24,48
2021,Hutton East,E05004073,3653,238,30,10,134,26,38,119,81,17,21,98,36,16,21,25,3168,2988,48,2,1,129,30,7,23
2021,Hutton North,E05004074,4293,233,16,40,115,22,40,157,107,31,19,151,55,15,45,36,3708,3485,19,4,5,195,44,3,41
2021,Hutton South,E05004075,3758,227,2,36,128,19,42,58,42,8,8,122,56,15,23,28,3307,3097,48,0,2,160,44,25,19
2021,"Ingatestone, Fryerning and Mountnessing",E05004076,6366,157,16,13,76,4,48,92,63,17,12,142,57,15,29,41,5935,5648,72,19,2,194,40,8,32
2021,Pilgrims Hatch,E05004077,6090,223,25,10,103,19,66,141,109,21,11,145,35,30,49,31,5542,5263,58,15,4,202,39,2,37
2021,Shenfield,E05004078,5460,348,8,78,172,15,75,63,40,14,9,168,69,19,35,45,4801,4501,76,0,5,219,80,31,49
2021,South Weald,E05004079,2012,111,8,7,35,12,49,57,47,6,4,72,38,12,8,14,1757,1621,28,1,5,102,15,3,12
2021,Tipps Cross,E05004080,3826,51,1,3,32,0,15,21,4,16,1,35,17,1,11,6,3709,3586,45,10,0,68,10,0,10
2021,Warley (Brentwood),E05004081,6416,493,33,54,258,27,121,169,103,48,18,256,86,43,68,59,5411,4898,122,2,5,384,87,6,81
2021,Appleton (Castle Point),E05004082,6832,155,3,24,74,3,51,144,108,20,16,105,44,7,34,20,6414,6294,35,0,5,80,14,0,14
2021,Boyce,E05004083,6716,161,19,22,63,23,34,84,65,7,12,125,45,10,33,37,6311,6194,34,0,4,79,35,1,34
2021,Canvey Island Central,E05004084,6731,89,30,15,14,7,23,94,70,14,10,119,22,9,57,31,6402,6290,38,0,0,74,27,2,25
2021,Canvey Island East,E05004085,6115,43,4,5,13,6,15,54,40,4,10,71,26,5,19,21,5919,5790,36,3,3,87,28,3,25
2021,Canvey Island North,E05004086,6430,65,11,10,14,0,30,51,35,10,6,92,20,10,34,28,6197,6050,38,0,2,107,25,1,24
2021,Canvey Island South,E05004087,7129,82,10,15,30,7,20,79,46,28,5,96,29,8,39,20,6852,6697,46,7,3,99,20,2,18
2021,Canvey Island West,E05004088,4880,50,1,10,6,10,23,87,62,17,8,76,12,19,26,19,4646,4540,20,10,0,76,21,0,21
2021,Canvey Island Winter Gardens,E05004089,7045,115,12,23,21,20,39,137,97,24,16,118,28,17,42,31,6601,6386,23,0,0,192,74,0,74
2021,Cedar Hall,E05004090,6397,181,21,22,96,16,26,133,88,18,27,123,41,14,43,25,5926,5796,29,0,2,99,34,7,27
2021,St George's (Castle Point),E05004091,5814,86,10,18,21,5,32,105,82,11,12,90,31,6,31,22,5497,5407,34,2,4,50,36,1,35
2021,St James (Castle Point),E05004092,6858,122,4,29,41,20,28,54,31,11,12,132,52,10,35,35,6522,6312,57,0,3,150,28,6,22
2021,St Mary's (Castle Point),E05004093,6300,127,21,33,43,8,22,53,39,2,12,96,17,14,48,17,6007,5842,51,1,0,113,17,1,16
2021,St Peter's (Castle Point),E05004094,6498,179,29,23,66,30,31,53,34,10,9,124,37,16,45,26,6101,5937,43,4,3,114,41,5,36
2021,Victoria (Castle Point),E05004095,5844,104,14,17,44,11,18,52,31,13,8,76,14,8,28,26,5585,5462,42,4,3,74,27,3,24
2021,Bicknacre and East and West Hanningfield,E05004096,5543,84,6,8,34,8,28,44,19,22,3,98,21,14,38,25,5296,5042,38,3,3,210,21,0,21
2021,Boreham and The Leighs,E05004097,6940,188,10,60,73,16,29,124,87,23,14,187,46,36,49,56,6400,6191,46,24,0,139,41,2,39
2021,Broomfield and The Walthams,E05004098,11038,856,64,80,482,45,185,413,326,45,42,291,87,43,101,60,9340,8854,81,15,0,390,138,51,87
2021,Chelmer Village and Beaulieu Park,E05004099,10850,707,48,124,326,112,97,298,212,39,47,303,97,23,69,114,9441,8867,104,9,11,450,101,30,71
2021,Chelmsford Rural West,E05004100,3200,70,0,4,56,0,10,19,11,4,4,54,10,12,13,19,3032,2927,16,1,0,88,25,9,16
2021,Galleywood,E05004101,5663,125,14,16,65,0,30,101,62,25,14,115,38,10,37,30,5288,5046,31,7,3,201,34,7,27
2021,Goat Hall,E05004102,5975,265,17,32,141,30,45,105,75,15,15,154,56,12,28,58,5397,5075,43,3,10,266,54,22,32
2021,Great Baddow East,E05004103,8512,355,51,41,162,31,70,147,97,22,28,201,67,28,61,45,7728,7334,66,7,0,321,81,19,62
2021,Great Baddow West,E05004104,6441,286,42,55,118,27,44,174,116,37,21,175,34,25,84,32,5759,5460,46,11,9,233,47,16,31
2021,"Little Baddow, Danbury and Sandon",E05004105,8333,151,1,13,87,5,45,69,43,15,11,128,45,14,37,32,7958,7724,67,5,2,160,27,2,25
2021,Marconi,E05004106,8759,999,106,121,483,97,192,477,356,82,39,396,137,65,93,101,6721,5831,106,10,18,756,166,33,133
2021,Moulsham and Central,E05004107,13337,1078,115,139,437,158,229,566,393,108,65,501,163,75,123,140,10971,9496,153,10,40,1272,221,39,182
2021,Moulsham Lodge,E05004108,5650,323,21,21,123,77,81,89,65,13,11,125,43,14,42,26,5080,4810,46,4,0,220,33,7,26
2021,Patching Hall,E05004109,9067,953,35,74,573,97,174,396,301,50,45,269,77,63,79,50,7377,6849,101,9,9,409,72,17,55
2021,Rettendon and Runwell,E05004110,6509,108,19,13,41,9,26,90,65,17,8,125,31,13,47,34,6148,5975,34,5,1,133,38,2,36
2021,St Andrews (Chelmsford),E05004111,9291,539,61,50,277,47,104,395,290,60,45,267,77,54,73,63,7965,7364,90,24,1,486,125,20,105
2021,"South Hanningfield, Stock and Margaretting",E05004112,5736,62,6,14,22,7,13,23,13,3,7,70,30,8,15,17,5562,5384,57,17,1,103,19,3,16
2021,South Woodham-Chetwood and Collingwood,E05004113,8012,153,3,25,59,32,34,84,50,26,8,132,52,14,44,22,7614,7394,78,7,4,131,29,3,26
2021,South Woodham-Elmwood and Woodville,E05004114,8017,96,4,12,27,19,34,93,66,24,3,124,46,19,38,21,7671,7490,53,9,1,118,33,2,31
2021,Springfield North,E05004115,10543,850,40,97,495,116,102,448,337,58,53,311,116,43,76,76,8777,8162,64,4,10,537,157,58,99
2021,The Lawns,E05004116,5438,398,43,34,207,59,55,103,72,19,12,120,33,24,35,28,4758,4491,50,0,1,216,59,13,46
2021,Trinity (Chelmsford),E05004117,6735,364,22,39,197,39,67,198,114,44,40,252,63,43,88,58,5834,5329,68,11,8,418,87,17,70
2021,Waterhouse Farm,E05004118,6600,569,108,53,220,93,95,247,169,35,43,222,45,48,68,61,5496,4870,37,12,4,573,66,12,54
2021,Writtle,E05004119,5329,65,2,11,21,1,30,48,32,11,5,99,24,21,15,39,5092,4793,64,49,10,176,25,0,25
2021,"Broadley Common, Epping Upland and Nazeing",E05004147,2294,54,0,0,38,2,14,37,14,18,5,50,12,6,10,22,2115,1913,40,11,3,148,38,2,36
2021,Buckhurst Hill East,E05004148,4734,337,34,40,157,60,46,159,70,64,25,222,58,32,64,68,3900,3380,78,1,3,438,116,25,91
2021,Buckhurst Hill West,E05004149,7027,758,38,110,375,121,114,202,94,67,41,335,129,33,58,115,5565,4782,138,3,7,635,167,17,150
2021,Chigwell Row,E05004150,2355,337,32,11,155,105,34,63,40,20,3,102,30,10,22,40,1767,1586,18,0,2,161,86,6,80
2021,Chigwell Village,E05004151,4643,1503,91,75,847,302,188,123,66,41,16,187,56,14,41,76,2618,2198,44,0,4,372,212,12,200
2021,"Chipping Ongar, Greensted and Marden Ash",E05004152,4380,60,7,6,25,8,14,11,4,5,2,98,17,17,26,38,4183,4054,31,0,0,98,28,0,28
2021,Epping Hemnall,E05004153,6419,246,31,24,105,33,53,93,33,48,12,218,75,26,67,50,5806,5284,103,4,7,408,56,0,56
2021,Epping Lindsey and Thornwood Common,E05004154,7163,291,17,44,133,38,59,114,33,55,26,248,63,29,77,79,6413,5939,117,9,5,343,97,14,83
2021,Grange Hill,E05004155,7602,2294,225,103,1066,626,274,493,330,124,39,312,77,26,95,114,4075,3038,58,10,31,938,428,45,383
2021,"High Ongar, Willingale and The Rodings",E05004157,2465,32,0,3,20,4,5,8,2,0,6,38,15,3,10,10,2361,2296,23,10,0,32,26,2,24
2021,Lambourne,E05004158,2051,73,12,3,32,18,8,17,11,5,1,61,17,6,26,12,1887,1760,22,0,0,105,13,0,13
2021,Loughton Alderton,E05004159,4808,205,12,23,110,16,44,170,100,47,23,180,36,20,60,64,4157,3475,68,0,12,602,96,16,80
2021,Loughton Broadway,E05004160,4919,207,25,39,57,33,53,202,102,70,30,242,54,30,102,56,4168,3626,47,0,3,492,100,17,83
2021,Loughton Fairmead,E05004161,4604,184,18,22,66,38,40,173,106,40,27,187,47,23,65,52,3963,3354,53,0,9,547,97,17,80
2021,Loughton Forest,E05004162,4336,467,13,45,265,65,79,66,25,29,12,166,71,22,23,50,3543,3164,73,1,1,304,94,13,81
2021,Loughton Roding,E05004163,4811,303,30,33,148,39,53,107,44,57,6,213,68,28,64,53,4086,3562,74,2,5,443,102,16,86
2021,Loughton St John's,E05004164,4490,251,7,17,130,59,38,79,34,39,6,159,65,20,38,36,3898,3533,48,0,3,314,103,2,101
2021,Loughton St Mary's,E05004165,5375,609,37,68,288,131,85,149,75,50,24,200,77,24,52,47,4304,3803,60,13,6,422,113,21,92
2021,Lower Nazeing,E05004166,4275,100,6,10,52,4,28,118,47,49,22,135,29,25,32,49,3804,3469,40,15,2,278,118,15,103
2021,Lower Sheering,E05004167,2175,24,0,1,12,5,6,27,10,15,2,40,8,2,10,20,2068,1907,23,0,5,133,16,2,14
2021,North Weald Bassett,E05004169,4758,144,0,20,84,17,23,51,27,12,12,134,29,29,42,34,4392,4196,49,2,0,145,37,4,33
2021,Passingford,E05004170,2521,147,15,7,90,14,21,20,16,2,2,51,12,2,13,24,2251,2138,32,7,6,68,52,6,46
2021,Roydon,E05004171,2247,45,6,2,26,3,8,18,12,5,1,44,14,3,11,16,2100,1941,24,18,9,108,40,9,31
2021,Shelley,E05004172,2760,32,0,3,19,5,5,38,9,20,9,90,15,7,54,14,2582,2470,26,0,0,86,18,4,14
2021,Theydon Bois,E05004173,4186,96,0,11,64,9,12,36,13,18,5,107,46,6,21,34,3918,3691,49,1,0,177,29,3,26
2021,Waltham Abbey High Beach,E05004174,2772,174,14,8,60,61,31,116,49,44,23,128,35,17,28,48,2285,2102,27,2,8,146,69,7,62
2021,Waltham Abbey Honey Lane,E05004175,6384,183,3,4,90,31,55,373,152,160,61,307,41,45,109,112,5294,4726,77,7,9,475,227,13,214
2021,Waltham Abbey North East,E05004176,4054,107,6,6,49,21,25,164,68,71,25,129,32,18,53,26,3565,3222,73,5,1,264,89,0,89
2021,Waltham Abbey Paternoster,E05004177,4916,133,1,9,46,26,51,344,170,131,43,196,22,25,93,56,4092,3696,51,5,9,331,151,13,138
2021,Waltham Abbey South West,E05004178,4729,212,17,30,71,32,62,331,166,117,48,249,35,33,100,81,3769,3314,48,0,5,402,168,30,138
2021,Bush Fair,E05004179,8207,370,41,58,76,75,120,399,275,72,52,263,53,49,89,72,7038,6248,72,14,12,692,137,13,124
2021,Church Langley,E05004180,8943,407,43,108,112,84,60,401,235,104,62,293,63,34,123,73,7693,7075,78,9,16,515,149,48,101
2021,Great Parndon,E05004181,6597,319,28,78,68,92,53,380,252,65,63,153,39,29,52,33,5671,5096,60,19,6,490,74,7,67
2021,Harlow Common,E05004182,7682,235,30,62,38,55,50,352,227,74,51,262,33,55,97,77,6715,6031,74,12,7,591,118,14,104
2021,Little Parndon and Hare Street,E05004183,10058,1257,124,78,538,256,261,791,624,85,82,344,93,69,109,73,7441,6281,52,14,18,1076,225,53,172
2021,Mark Hall,E05004184,7972,392,106,90,62,67,67,500,355,56,89,261,51,54,93,63,6693,5890,64,13,16,710,126,16,110
2021,Netteswell,E05004185,8413,679,139,112,150,156,122,546,402,64,80,298,66,55,85,92,6745,5768,64,14,27,872,145,19,126
2021,Old Harlow,E05004186,11180,503,35,63,162,139,104,462,298,109,55,405,83,68,129,125,9588,8762,97,12,22,695,222,32,190
2021,Staple Tye,E05004187,7919,346,50,60,69,89,78,731,541,108,82,282,59,75,90,58,6398,5453,53,48,20,824,162,23,139
2021,Sumners and Kingsmoor,E05004188,7548,286,59,56,53,62,56,544,389,79,76,216,42,40,84,50,6352,5544,53,18,14,723,150,24,126
2021,Toddbrook,E05004189,8806,757,85,50,286,122,214,723,559,93,71,270,39,59,101,71,6881,5845,76,9,36,915,175,51,124
2021,Althorne,E05004190,4336,37,0,4,17,1,15,11,4,6,1,80,28,8,21,23,4186,4107,16,9,2,52,22,4,18
2021,Burnham-on-Crouch North,E05004191,4682,48,1,10,10,9,18,20,12,4,4,59,18,9,18,14,4542,4437,33,0,1,71,13,5,8
2021,Burnham-on-Crouch South,E05004192,4170,44,1,14,9,0,20,14,6,3,5,76,31,7,17,21,4026,3912,37,0,0,77,10,1,9
2021,Great Totham,E05004193,3866,28,5,2,16,0,5,10,7,3,0,38,11,2,8,17,3776,3663,28,28,11,46,14,0,14
2021,Heybridge East,E05004194,4095,40,0,6,7,8,19,3,1,2,0,47,18,14,6,9,3999,3894,26,6,0,73,6,0,6
2021,Heybridge West,E05004195,4808,43,13,6,7,3,14,33,16,13,4,72,29,9,15,19,4643,4503,24,3,0,113,17,1,16
2021,Maldon East,E05004196,2494,40,9,4,7,1,19,7,5,2,0,44,17,6,9,12,2389,2292,15,16,0,66,14,0,14
2021,Maldon North,E05004197,4412,97,35,9,19,0,34,14,4,5,5,68,26,3,22,17,4194,4003,41,10,4,136,39,3,36
2021,Maldon South,E05004198,3840,89,60,6,7,2,14,4,3,1,0,38,20,4,2,12,3702,3572,32,7,4,87,7,1,6
2021,Maldon West,E05004199,4193,54,11,12,20,4,7,23,9,14,0,71,21,8,22,20,4041,3932,36,1,6,66,4,0,4
2021,Mayland,E05004200,4449,34,0,10,14,1,9,16,10,4,2,54,20,6,12,16,4337,4261,21,7,0,48,8,0,8
2021,Purleigh,E05004201,3523,43,6,13,18,0,6,8,5,0,3,43,22,6,10,5,3421,3339,22,10,1,49,8,0,8
2021,Southminster,E05004202,4830,29,0,10,15,0,4,33,17,10,6,69,19,9,22,19,4692,4591,33,1,3,64,7,0,7
2021,Tillingham,E05004203,2333,10,1,0,5,1,3,8,7,1,0,21,7,1,5,8,2290,2247,14,5,1,23,4,1,3
2021,Tollesbury,E05004204,2087,7,1,2,1,0,3,11,5,5,1,21,8,5,5,3,2044,1998,9,0,0,37,4,1,3
2021,Tolleshunt D'Arcy,E05004205,4402,37,1,10,14,1,11,16,6,3,7,43,14,7,17,5,4288,4081,25,48,3,131,18,0,18
2021,Wickham Bishops and Woodham,E05004206,3689,63,0,6,39,5,13,9,5,1,3,47,18,2,13,14,3556,3434,29,21,8,64,14,0,14
2021,All Saints,E05004288,5359,185,18,27,70,6,64,49,31,13,5,167,55,25,36,51,4900,4251,64,1,5,579,58,8,50
2021,Battledown,E05004289,6305,261,12,34,124,31,60,48,37,8,3,173,82,24,22,45,5765,5334,59,1,5,366,58,22,36
2021,Benhall and The Reddings,E05004290,4959,156,15,32,60,13,36,22,15,5,2,88,41,6,14,27,4656,4442,37,4,0,173,37,12,25
2021,Charlton Kings,E05004291,5892,135,7,27,68,2,31,37,18,13,6,137,75,15,21,26,5559,5277,69,0,5,208,24,3,21
2021,Charlton Park,E05004292,4908,146,6,30,65,10,35,17,6,8,3,90,44,10,12,24,4614,4364,41,2,2,205,41,13,28
2021,College (Cheltenham),E05004293,5844,262,16,85,75,17,69,47,32,8,7,184,68,19,36,61,5275,4845,77,1,11,341,76,18,58
2021,Hesters Way,E05004294,7106,343,56,38,109,12,128,136,102,13,21,190,59,39,41,51,6311,5436,55,1,14,805,126,49,77
2021,Lansdown (Cheltenham),E05004295,5547,367,12,155,77,10,113,104,79,9,16,212,89,24,38,61,4791,4191,72,2,4,522,73,17,56
2021,Leckhampton,E05004296,5562,122,1,21,60,10,30,12,6,5,1,115,54,14,12,35,5292,5014,57,1,3,217,21,4,17
2021,Oakley (Cheltenham),E05004297,5869,246,35,28,122,5,56,42,31,8,3,146,40,34,30,42,5387,5009,37,7,6,328,48,19,29
2021,Park (Cheltenham),E05004298,6224,231,8,61,77,6,79,64,39,13,12,154,69,11,24,50,5729,5317,69,4,8,331,46,9,37
2021,Pittville,E05004299,6063,184,16,33,84,4,47,93,61,22,10,161,58,29,36,38,5579,5110,51,2,12,404,46,5,41
2021,Prestbury (Cheltenham),E05004300,6144,118,7,26,50,9,26,41,29,9,3,132,67,8,20,37,5818,5504,51,10,3,250,35,8,27
2021,St Mark's (Cheltenham),E05004301,6287,250,47,19,99,11,74,71,59,4,8,144,40,23,44,37,5730,5256,46,11,6,411,92,35,57
2021,St Paul's (Cheltenham),E05004302,6214,418,37,46,184,32,119,120,85,22,13,187,38,34,76,39,5366,4539,24,7,31,765,123,18,105
2021,St Peter's (Cheltenham),E05004303,7365,506,59,40,238,46,123,105,71,18,16,232,91,33,48,60,6404,5482,56,1,20,845,118,27,91
2021,Springbank,E05004304,6933,308,34,37,110,36,91,83,57,17,9,151,46,18,57,30,6326,5480,43,20,8,775,65,15,50
2021,Swindon Village,E05004305,5562,366,53,42,213,16,42,55,33,12,10,121,54,11,30,26,4965,4528,25,6,11,395,55,21,34
2021,Up Hatherley,E05004306,5263,132,22,21,49,7,33,11,8,3,0,105,54,7,25,19,4973,4736,37,0,3,197,42,8,34
2021,Warden Hill,E05004307,5436,176,18,60,69,9,20,30,15,13,2,75,19,8,22,26,5118,4819,61,0,0,238,37,12,25
2021,Fareham East,E05004516,7544,261,16,68,66,41,70,60,40,15,5,151,58,18,32,43,7016,6749,22,3,5,237,56,8,48
2021,Fareham North,E05004517,7026,160,19,48,46,5,42,34,21,10,3,115,51,13,26,25,6679,6481,40,3,4,151,38,6,32
2021,Fareham North-West,E05004518,7244,161,20,52,65,2,22,49,33,8,8,105,41,13,26,25,6916,6708,24,12,2,170,13,2,11
2021,Fareham South,E05004519,7469,213,29,28,129,11,16,64,45,5,14,117,37,15,27,38,7016,6747,16,11,7,235,59,20,39
2021,Fareham West,E05004520,6506,125,10,26,49,9,31,41,17,13,11,114,34,15,32,33,6189,6027,26,0,2,134,37,14,23
2021,Hill Head,E05004521,7096,45,1,11,23,1,9,32,16,14,2,78,36,8,15,19,6925,6754,36,1,1,133,16,1,15
2021,Locks Heath,E05004522,6760,121,4,42,50,5,20,29,15,11,3,98,44,11,13,30,6484,6273,38,14,5,154,28,3,25
2021,Park Gate,E05004523,9540,203,9,65,70,11,48,68,40,16,12,190,84,28,37,41,9013,8720,40,20,5,228,66,14,52
2021,Portchester East,E05004524,10758,130,4,43,42,6,35,53,37,13,3,119,41,14,31,33,10425,10210,30,0,10,175,31,7,24
2021,Portchester West,E05004525,7081,90,0,18,50,0,22,30,23,7,0,74,24,17,13,20,6871,6712,25,1,0,133,16,2,14
2021,Sarisbury,E05004526,8040,173,8,38,92,8,27,46,27,12,7,140,69,20,20,31,7649,7345,39,11,5,249,32,3,29
2021,Stubbington,E05004527,7221,82,6,18,24,1,33,56,18,36,2,111,45,14,19,33,6941,6788,43,4,0,106,31,6,25
2021,Titchfield,E05004528,7451,125,3,33,58,3,28,56,34,10,12,107,48,16,17,26,7137,6890,44,13,1,189,26,8,18
2021,Titchfield Common,E05004529,7699,137,6,45,41,10,35,45,31,9,5,121,50,16,28,27,7365,7143,31,12,9,170,31,6,25
2021,Warsash,E05004530,7079,81,8,25,30,5,13,11,8,3,0,95,45,16,10,24,6872,6668,31,3,2,168,20,4,16
2021,Barncroft,E05004566,6471,106,11,7,48,6,34,72,52,11,9,68,16,31,13,8,6204,6034,10,8,0,152,21,6,15
2021,Battins,E05004567,7019,94,8,17,32,0,37,53,46,2,5,111,26,30,21,34,6734,6572,19,4,5,134,27,1,26
2021,Bedhampton,E05004568,9412,225,41,64,86,4,30,37,25,2,10,130,41,22,27,40,8975,8716,27,6,7,219,45,14,31
2021,Bondfields,E05004569,6852,56,3,10,21,2,20,67,32,13,22,87,11,24,30,22,6627,6449,12,9,4,153,15,2,13
2021,Cowplain,E05004570,9204,140,25,38,43,3,31,33,16,8,9,106,40,14,17,35,8895,8708,22,5,2,158,30,10,20
2021,Emsworth,E05004571,10270,117,7,23,52,4,31,33,15,7,11,132,45,22,19,46,9935,9610,59,3,6,257,53,18,35
2021,Hart Plain,E05004572,9876,172,12,51,57,3,49,48,28,12,8,103,34,26,25,18,9500,9273,33,11,0,183,53,15,38
2021,Hayling East,E05004573,9035,56,1,15,20,3,17,31,19,8,4,128,48,18,26,36,8784,8497,69,6,0,212,36,4,32
2021,Hayling West,E05004574,8356,71,6,29,8,1,27,20,15,2,3,114,40,29,19,26,8116,7806,54,2,1,253,35,3,32
2021,Purbrook,E05004575,9341,234,0,25,134,22,53,53,30,16,7,110,43,17,18,32,8916,8741,25,1,0,149,28,4,24
2021,St Faith's,E05004576,10315,256,27,52,105,8,64,78,42,23,13,196,74,48,33,41,9717,9358,45,6,9,299,68,13,55
2021,Stakes,E05004577,10363,349,27,50,222,2,48,92,65,18,9,203,77,46,42,38,9691,9386,40,3,10,252,28,7,21
2021,Warren Park,E05004578,7577,67,1,12,19,6,29,77,47,8,22,107,22,30,34,21,7291,7120,16,2,2,151,35,11,24
2021,Waterloo (Havant),E05004579,10126,168,10,32,59,8,59,62,32,26,4,120,40,16,22,42,9743,9463,54,4,3,219,33,2,31
2021,"Ashurst, Copythorne South and Netley Marsh",E05004580,5643,53,9,11,7,7,19,15,10,2,3,90,39,9,20,22,5461,5324,19,14,0,104,24,4,20
2021,Barton (New Forest),E05004581,5389,77,12,12,15,3,35,11,9,2,0,60,26,10,9,15,5233,5014,34,0,7,178,8,4,4
2021,Bashley,E05004582,2637,13,1,4,4,0,4,5,2,2,1,21,13,1,0,7,2593,2504,17,0,0,72,5,2,3
2021,Becton,E05004583,4913,92,16,11,21,1,43,14,8,3,3,63,24,11,17,11,4717,4554,22,3,3,135,27,4,23
2021,Boldre and Sway,E05004584,5455,47,2,11,13,0,21,12,8,2,2,68,32,9,9,18,5320,5128,28,6,0,158,8,1,7
2021,"Bramshaw, Copythorne North and Minstead",E05004585,2470,9,0,0,5,0,4,4,3,1,0,26,16,1,8,1,2425,2352,12,4,0,57,6,1,5
2021,Bransgore and Burley,E05004586,5408,49,1,21,9,0,18,9,4,5,0,80,32,15,10,23,5254,5039,40,30,3,142,16,1,15
2021,Brockenhurst and Forest South East,E05004587,5565,63,0,14,22,7,20,6,2,2,2,39,21,3,3,12,5422,5138,25,4,5,250,35,1,34
2021,Buckland (New Forest),E05004588,3707,48,6,7,17,1,17,14,8,6,0,62,23,10,10,19,3561,3290,17,7,3,244,22,6,16
2021,Butts Ash and Dibden Purlieu,E05004589,6373,57,4,9,20,0,24,21,15,4,2,61,25,5,13,18,6204,5984,20,64,11,125,30,4,26
2021,Dibden and Hythe East,E05004590,5495,59,0,19,22,4,14,34,15,5,14,61,25,9,10,17,5325,5156,21,23,2,123,16,4,12
2021,"Fawley, Blackfield and Langley",E05004592,5841,50,1,12,8,1,28,12,7,5,0,62,22,8,20,12,5686,5537,22,13,3,111,31,2,29
2021,Fernhill (New Forest),E05004593,6235,103,14,9,24,5,51,17,12,2,3,99,40,10,20,29,5998,5778,18,6,9,187,18,5,13
2021,Furzedown and Hardley,E05004596,3484,41,1,1,9,0,30,33,22,7,4,45,7,7,18,13,3343,3223,22,14,0,84,22,0,22
2021,Holbury and North Blackfield,E05004597,6755,35,2,10,7,0,16,34,14,9,11,73,16,11,26,20,6597,6443,31,49,0,74,16,3,13
2021,Hordle,E05004598,5576,51,2,11,22,0,16,3,3,0,0,49,25,4,9,11,5456,5342,33,5,0,76,17,2,15
2021,Hythe West and Langdown,E05004599,6252,42,0,10,20,1,11,11,7,2,2,77,12,18,20,27,6100,5919,35,17,0,129,22,5,17
2021,Lymington Town,E05004600,5984,62,4,13,12,0,33,10,8,2,0,74,31,7,10,26,5808,5427,58,10,3,310,30,2,28
2021,Lyndhurst,E05004601,3022,61,0,18,7,0,36,9,5,3,1,65,24,7,14,20,2879,2748,14,6,6,105,8,2,6
2021,Marchwood,E05004602,5779,78,0,13,29,0,36,163,71,32,60,116,37,13,23,43,5383,5197,26,10,12,138,39,3,36
2021,Milford (New Forest),E05004603,4901,21,1,3,5,0,12,4,3,1,0,37,20,6,5,6,4820,4654,32,0,4,130,19,1,18
2021,Milton (New Forest),E05004604,6374,267,10,52,67,2,136,35,26,4,5,109,34,31,25,19,5929,5541,34,8,4,342,34,3,31
2021,Pennington,E05004605,6148,70,0,25,10,0,35,15,11,3,1,73,22,12,14,25,5964,5683,24,13,6,238,26,8,18
2021,Ringwood East and Sopley,E05004606,2971,24,0,5,9,0,10,8,5,2,1,25,16,1,3,5,2909,2840,10,4,0,55,5,0,5
2021,Ringwood North,E05004607,6184,46,12,9,10,7,8,16,8,6,2,73,25,4,11,33,6029,5853,23,21,2,130,20,4,16
2021,Ringwood South,E05004608,6492,78,11,21,10,6,30,20,5,8,7,121,44,13,26,38,6240,6024,21,18,5,172,33,5,28
2021,Totton Central,E05004609,5219,68,6,23,16,0,23,21,15,6,0,74,21,9,16,28,5036,4866,20,4,5,141,20,2,18
2021,Totton East,E05004610,6338,118,37,32,20,4,25,18,7,9,2,83,17,26,23,17,6102,5893,23,25,7,154,17,2,15
2021,Totton North,E05004611,6343,118,11,18,59,9,21,45,36,7,2,108,34,29,26,19,6053,5884,20,15,0,134,19,1,18
2021,Totton South,E05004612,5890,59,0,4,34,2,19,31,23,4,4,56,29,1,20,6,5736,5567,16,16,9,128,8,1,7
2021,Totton West,E05004613,4860,66,8,10,19,10,19,23,15,3,5,60,16,15,15,14,4696,4500,24,37,0,135,15,1,14
2021,Adeyfield East,E05004691,6079,446,24,24,120,158,120,230,133,73,24,200,45,19,86,50,5102,4504,76,4,23,495,101,23,78
2021,Adeyfield West,E05004692,5956,390,39,16,126,147,62,169,99,43,27,213,51,35,68,59,5096,4558,72,3,12,451,88,18,70
2021,Aldbury and Wigginton,E05004693,2406,25,0,1,6,6,12,12,9,3,0,51,14,7,5,25,2297,2177,25,0,1,94,21,1,20
2021,Apsley and Corner Hall,E05004694,10308,866,27,71,356,263,149,399,243,120,36,528,172,74,149,133,8340,7335,178,14,9,804,175,43,132
2021,Ashridge,E05004695,2697,50,0,6,34,1,9,20,11,8,1,49,29,5,13,2,2567,2438,42,0,1,86,11,2,9
2021,Bennetts End,E05004696,6031,625,16,21,153,362,73,225,142,47,36,243,57,50,80,56,4865,4332,102,6,6,419,73,6,67
2021,Berkhamsted Castle,E05004697,6109,121,5,23,55,12,26,26,18,6,2,157,84,15,25,33,5753,5344,92,0,7,310,52,8,44
2021,Berkhamsted East,E05004698,6140,156,1,45,51,20,39,44,21,8,15,184,88,11,37,48,5713,5283,80,7,11,332,43,10,33
2021,Berkhamsted West,E05004699,6537,171,2,14,87,28,40,54,25,20,9,173,78,22,36,37,6086,5650,105,10,0,321,53,0,53
2021,"Bovingdon, Flaunden and Chipperfield",E05004700,9496,410,62,30,166,93,59,274,125,112,37,326,96,41,101,88,8388,7873,126,19,7,363,98,16,82
2021,Boxmoor,E05004701,8739,454,22,64,237,64,67,152,102,27,23,264,99,30,73,62,7763,6979,165,4,3,612,106,28,78
2021,Chaulden and Warners End,E05004702,9285,493,23,78,237,81,74,267,172,57,38,259,92,25,82,60,8174,7472,87,10,15,590,92,19,73
2021,Gadebridge,E05004703,5804,288,8,52,107,54,67,189,132,27,30,199,59,24,68,48,5091,4614,115,10,6,346,37,2,35
2021,Grovehill,E05004704,8002,543,20,16,248,131,128,558,378,127,53,289,74,52,95,68,6499,5577,77,19,20,806,113,32,81
2021,Hemel Hempstead Town,E05004705,7190,643,34,52,204,210,143,387,285,62,40,301,74,54,92,81,5702,4818,100,26,23,735,157,17,140
2021,Highfield (Dacorum),E05004706,5888,493,28,31,121,182,131,307,215,54,38,278,69,38,92,79,4697,4041,50,2,16,588,113,39,74
2021,Kings Langley,E05004707,5287,202,5,17,114,29,37,48,24,10,14,162,65,14,36,47,4829,4470,104,4,2,249,46,3,43
2021,Leverstock Green,E05004708,9712,1075,53,44,308,458,212,331,218,74,39,287,66,48,101,72,7893,7240,113,7,6,527,126,34,92
2021,Nash Mills,E05004709,3780,371,18,21,154,145,33,80,49,19,12,171,55,20,50,46,3099,2791,65,11,12,220,59,18,41
2021,Northchurch,E05004710,2836,64,1,15,24,15,9,10,5,4,1,57,22,7,13,15,2685,2521,48,0,0,116,20,7,13
2021,Tring Central,E05004711,5388,93,0,32,37,1,23,34,19,7,8,148,51,21,27,49,5086,4821,47,7,0,211,27,10,17
2021,Tring East,E05004712,3420,44,0,8,25,1,10,26,9,15,2,99,38,12,24,25,3234,3055,22,0,0,157,17,4,13
2021,Tring West and Rural,E05004713,5173,76,0,2,31,16,27,31,13,17,1,122,55,14,28,25,4894,4644,64,9,3,174,50,2,48
2021,Watling (Dacorum),E05004714,5800,147,3,19,55,26,44,99,58,28,13,202,61,20,67,54,5323,5021,89,1,1,211,29,8,21
2021,Woodhall Farm,E05004715,7025,698,70,55,338,87,148,446,316,58,72,307,90,41,91,85,5425,4549,57,24,14,781,149,48,101
2021,Braughing,E05004721,2736,13,2,2,3,1,5,14,9,3,2,38,16,6,9,7,2667,2575,25,5,1,61,4,0,4
2021,Datchworth & Aston,E05004723,2351,22,0,5,10,1,6,8,3,3,2,38,11,1,18,8,2275,2172,26,4,1,72,8,0,8
2021,Great Amwell,E05004724,2749,43,0,7,29,1,6,22,13,9,0,77,21,4,37,15,2593,2459,29,0,3,102,14,2,12
2021,Hertford Bengeo,E05004725,7897,159,13,39,59,5,43,63,28,27,8,221,82,19,56,64,7418,6935,133,0,0,350,36,4,32
2021,Hertford Castle,E05004726,9632,309,23,54,122,21,89,173,100,59,14,327,121,38,89,79,8724,7908,129,1,16,670,99,22,77
2021,Hertford Heath,E05004727,3539,69,3,18,11,17,20,16,10,2,4,122,48,14,22,38,3309,3091,40,2,8,168,23,6,17
2021,Hertford Kingsmead,E05004728,5970,148,11,27,70,7,33,111,60,38,13,180,59,12,51,58,5457,5075,119,0,0,263,74,16,58
2021,Hertford Rural North,E05004729,2270,43,0,8,17,10,8,12,5,7,0,52,21,5,12,14,2157,2043,45,0,1,68,6,1,5
2021,Hertford Rural South,E05004730,2645,41,0,8,18,5,10,26,10,11,5,65,30,3,13,19,2501,2352,20,0,4,125,12,1,11
2021,Hertford Sele,E05004731,5914,142,15,19,38,19,51,129,76,30,23,234,51,35,87,61,5365,4917,109,0,2,337,44,13,31
2021,Hunsdon,E05004732,3571,95,5,18,46,2,24,36,23,12,1,122,24,7,51,40,3287,3122,37,7,4,117,31,5,26
2021,Little Hadham,E05004733,2512,28,0,7,18,0,3,9,3,5,1,38,15,4,12,7,2430,2318,28,2,1,81,7,1,6
2021,Much Hadham,E05004735,3098,42,2,7,20,6,7,23,16,3,4,63,29,6,14,14,2953,2802,32,1,0,118,17,6,11
2021,Puckeridge,E05004736,2972,28,0,3,14,0,11,21,15,6,0,57,13,6,22,16,2857,2727,26,4,0,100,9,1,8
2021,Sawbridgeworth,E05004737,8745,219,49,35,66,20,49,106,54,31,21,168,59,23,33,53,8178,7698,96,12,6,366,74,10,64
2021,Stanstead Abbots,E05004738,3094,34,0,7,14,3,10,30,20,9,1,78,14,18,24,22,2923,2694,17,73,4,135,29,0,29
2021,Thundridge & Standon,E05004739,3276,39,0,18,9,0,12,21,15,6,0,69,22,3,19,25,3122,3013,23,1,0,85,25,6,19
2021,Ware Chadwell,E05004741,3260,127,10,21,50,4,42,62,37,20,5,92,21,9,16,46,2945,2715,39,1,5,185,34,0,34
2021,Ware Christchurch,E05004742,5711,210,36,15,63,7,89,89,52,29,8,130,52,11,35,32,5197,4878,66,0,7,246,85,25,60
2021,Ware St Mary's,E05004743,5129,92,8,12,37,6,29,30,10,12,8,109,30,11,22,46,4853,4544,55,4,5,245,45,4,41
2021,Ware Trinity,E05004744,5536,124,13,22,43,5,41,51,31,10,10,128,47,28,26,27,5192,4876,56,5,6,249,41,19,22
2021,Watton-at-Stone,E05004745,2618,39,2,12,15,1,9,34,21,5,8,51,18,10,13,10,2489,2388,19,0,0,82,5,0,5
2021,Arbury (North Hertfordshire),E05004761,2831,38,0,5,21,0,12,34,19,7,8,61,20,8,22,11,2688,2569,21,1,0,97,10,1,9
2021,Baldock East,E05004762,2878,97,0,14,72,0,11,31,11,17,3,76,35,17,16,8,2658,2490,31,1,1,135,16,3,13
2021,Baldock Town,E05004763,7738,212,20,22,108,3,59,121,51,52,18,247,89,19,87,52,7117,6731,104,1,2,279,41,12,29
2021,Cadwell,E05004764,2361,47,5,3,25,3,11,26,8,15,3,96,34,9,41,12,2181,2044,48,0,0,89,11,1,10
2021,Chesfield,E05004765,7404,462,31,50,240,54,87,397,278,91,28,352,108,52,108,84,6109,5695,65,5,3,341,84,15,69
2021,Codicote,E05004766,2677,35,3,9,15,0,8,12,9,2,1,42,15,2,13,12,2571,2430,30,1,4,106,17,3,14
2021,Ermine,E05004767,2790,21,0,8,2,0,11,12,8,4,0,42,12,6,16,8,2710,2578,26,2,0,104,5,0,5
2021,Hitchin Bearton,E05004768,8627,894,189,61,406,118,120,297,119,155,23,380,93,44,145,98,6881,6064,152,0,13,652,175,32,143
2021,Hitchin Highbury,E05004769,8338,533,31,45,300,50,107,166,65,70,31,339,122,25,91,101,7161,6524,144,1,3,489,139,34,105
2021,Hitchin Oughton,E05004770,5111,267,70,31,91,29,46,266,83,123,60,330,57,21,177,75,4181,3840,81,0,1,259,67,20,47
2021,Hitchin Priory,E05004771,4833,207,1,10,146,12,38,47,22,16,9,108,51,6,23,28,4413,4134,64,0,1,214,58,10,48
2021,Hitchin Walsworth,E05004772,8311,757,90,52,430,76,109,320,89,186,45,418,121,41,159,97,6613,5988,102,0,7,516,203,48,155
2021,"Hitchwood, Offa and Hoo",E05004773,7775,170,12,14,103,13,28,94,45,28,21,246,74,26,79,67,7234,6890,117,7,0,220,31,6,25
2021,Kimpton,E05004774,2260,20,0,2,10,0,8,20,10,7,3,61,24,3,19,15,2153,2066,20,1,1,65,6,0,6
2021,Knebworth,E05004775,5446,197,14,25,80,29,49,72,46,18,8,144,53,15,35,41,4986,4656,98,2,1,229,47,8,39
2021,Letchworth East,E05004776,6676,512,15,44,352,25,76,193,81,92,20,315,76,30,149,60,5574,5153,57,0,6,358,82,8,74
2021,Letchworth Grange,E05004777,7348,253,5,41,132,15,60,195,86,80,29,334,65,25,183,61,6498,6068,91,2,1,336,68,19,49
2021,Letchworth South East,E05004778,7251,656,17,63,433,23,120,261,116,115,30,317,86,38,146,47,5926,5507,88,7,18,306,91,13,78
2021,Letchworth South West,E05004779,7607,536,17,75,344,22,78,212,80,93,39,331,117,27,113,74,6382,5822,103,1,8,448,146,24,122
2021,Letchworth Wilbury,E05004780,5451,415,8,21,245,39,102,207,95,81,31,219,50,29,81,59,4527,4133,46,0,1,347,83,18,65
2021,Royston Heath,E05004781,5620,208,10,34,90,9,65,71,31,18,22,167,56,20,44,47,5128,4778,53,4,4,289,46,12,34
2021,Royston Meridian,E05004782,5691,133,0,26,65,1,41,46,31,13,2,105,38,22,28,17,5387,5089,58,0,3,237,20,1,19
2021,Royston Palace,E05004783,6130,251,36,48,87,12,68,125,72,46,7,149,52,15,40,42,5565,5145,68,2,1,349,40,8,32
2021,Weston and Sandon,E05004784,2064,33,6,3,15,5,4,10,1,5,4,33,7,9,7,10,1981,1908,18,0,0,55,7,1,6
2021,Bandley Hill,E05004805,6887,368,56,50,123,22,117,340,226,70,44,216,73,22,68,53,5879,5463,56,1,2,357,84,26,58
2021,Bedwell,E05004806,8056,964,160,79,428,94,203,389,221,104,64,320,83,53,127,57,6239,5302,90,4,18,825,144,40,104
2021,Chells,E05004807,6831,441,83,45,125,70,118,289,200,48,41,283,62,50,102,69,5763,5204,63,4,9,483,55,3,52
2021,Longmeadow,E05004808,6022,194,12,25,71,36,50,205,135,40,30,192,51,20,75,46,5372,4946,63,23,11,329,59,16,43
2021,Martins Wood,E05004810,6422,453,44,23,176,121,89,376,248,79,49,202,40,43,79,40,5330,4952,58,0,9,311,61,8,53
2021,Old Town (Stevenage),E05004811,8575,719,150,66,232,81,190,296,202,58,36,314,75,39,125,75,7135,6526,120,3,5,481,111,18,93
2021,Pin Green,E05004812,6498,447,70,25,168,93,91,302,197,56,49,242,51,39,98,54,5420,4943,80,9,3,385,87,31,56
2021,Roebuck,E05004813,7130,359,43,21,152,62,81,339,230,50,59,267,64,32,98,73,6099,5540,90,0,13,456,66,6,60
2021,St Nicholas,E05004814,8144,843,70,43,330,171,229,708,540,104,64,319,60,79,120,60,6170,5580,55,5,7,523,104,20,84
2021,Shephall,E05004815,6474,368,39,33,132,41,123,364,250,62,52,256,55,38,108,55,5430,4868,82,4,10,466,56,9,47
2021,Symonds Green,E05004816,6079,384,17,34,151,36,146,176,122,29,25,220,58,30,59,73,5191,4772,82,18,6,313,108,41,67
2021,Woodfield,E05004817,5957,815,28,56,302,82,347,272,209,48,15,219,54,35,88,42,4513,4157,57,1,2,296,138,34,104
2021,Central (Gravesham),E05004964,6855,1168,90,42,781,80,175,362,252,64,46,178,54,34,32,58,4801,3975,71,13,46,696,346,13,333
2021,Chalk,E05004965,2210,172,10,0,102,36,24,59,37,13,9,27,7,1,12,7,1925,1833,14,3,0,75,27,1,26
2021,Coldharbour,E05004966,5104,498,46,10,305,47,90,253,200,30,23,145,31,30,46,38,4083,3734,22,15,12,300,125,11,114
2021,Higham (Gravesham),E05004967,3926,219,21,11,150,7,30,56,45,11,0,76,40,5,10,21,3516,3409,28,4,0,75,59,1,58
2021,Istead Rise,E05004968,3396,86,2,9,59,3,13,38,23,11,4,41,14,2,14,11,3205,3112,29,2,0,62,26,4,22
2021,Meopham North,E05004969,4351,120,0,12,88,4,16,33,21,7,5,75,36,16,10,13,4098,3973,32,8,0,85,25,4,21
2021,Meopham South and Vigo,E05004970,4451,94,14,12,58,0,10,18,8,3,7,64,21,17,11,15,4248,4099,19,30,0,100,27,1,26
2021,Northfleet North,E05004971,8392,1053,49,23,726,36,219,923,738,74,111,303,66,61,98,78,5677,4706,39,31,57,844,436,18,418
2021,Northfleet South,E05004972,9093,1258,75,36,854,98,195,768,559,89,120,309,65,54,104,86,6393,5396,56,20,42,879,365,17,348
2021,Painters Ash,E05004973,5683,679,13,7,525,25,109,237,187,22,28,98,31,18,29,20,4487,4277,27,28,4,151,182,4,178
2021,Pelham,E05004974,7787,1745,69,42,1289,118,227,633,470,94,69,247,62,66,45,74,4682,3595,59,16,48,964,480,20,460
2021,Riverside (Gravesham),E05004975,9772,1602,89,51,993,196,273,1250,945,156,149,322,72,68,100,82,6194,4687,87,48,73,1299,404,13,391
2021,Riverview,E05004976,4329,406,20,16,268,14,88,151,116,22,13,80,31,5,22,22,3603,3399,25,0,0,179,89,5,84
2021,"Shorne, Cobham and Luddesdown",E05004977,4117,313,5,11,238,11,48,60,45,5,10,50,22,9,9,10,3636,3530,26,1,2,77,58,0,58
2021,Singlewell,E05004978,8314,483,28,18,261,50,126,617,495,62,60,238,63,50,72,53,6890,6240,41,29,11,569,86,7,79
2021,Westcourt,E05004979,7278,503,51,19,299,43,91,696,521,79,96,258,66,50,80,62,5691,5061,33,46,36,515,130,5,125
2021,Whitehill,E05004980,4542,480,58,20,269,20,113,338,247,38,53,133,41,18,46,28,3523,3191,27,12,5,288,68,1,67
2021,Woodlands (Gravesham),E05004981,7307,1121,52,13,873,50,133,464,326,68,70,188,67,30,49,42,5237,4814,60,16,16,331,297,3,294
2021,Allington,E05004982,7899,369,20,55,147,9,138,155,113,27,15,165,68,27,22,48,7151,6910,29,8,7,197,59,12,47
2021,Barming and Teston,E05004983,2390,80,1,14,35,1,29,22,12,4,6,27,12,0,10,5,2250,2169,18,0,0,63,11,0,11
2021,Bearsted,E05004984,8352,160,1,11,83,6,59,37,25,8,4,139,56,23,26,34,7966,7652,90,10,4,210,50,4,46
2021,Boughton Monchelsea and Chart Sutton,E05004985,2908,28,3,4,10,0,11,10,8,2,0,43,22,7,4,10,2812,2624,6,27,14,141,15,1,14
2021,Boxley,E05004986,8732,237,12,27,108,27,63,172,115,41,16,187,64,17,54,52,8070,7766,51,8,4,241,66,16,50
2021,Bridge (Maidstone),E05004987,6716,485,38,25,187,44,191,132,90,25,17,193,69,25,49,50,5774,4903,51,5,10,805,132,24,108
2021,Detling and Thurnham,E05004989,3253,101,0,20,33,11,37,18,11,7,0,66,33,2,10,21,3031,2872,7,47,0,105,37,2,35
2021,Downswood and Otham,E05004990,3368,111,14,21,32,14,30,80,61,14,5,76,25,18,14,19,3085,2842,25,8,1,209,16,4,12
2021,East (Maidstone),E05004991,8974,814,53,89,111,23,538,184,148,20,16,226,100,27,29,70,7548,6714,49,6,7,772,202,10,192
2021,Fant,E05004992,10398,756,47,51,333,25,300,342,237,47,58,365,96,61,85,123,8747,7406,56,19,25,1241,188,30,158
2021,Harrietsham and Lenham,E05004993,7088,83,14,10,35,2,22,65,36,20,9,85,39,6,17,23,6838,6568,46,50,2,172,17,1,16
2021,Headcorn,E05004994,6073,76,4,23,23,1,25,42,28,8,6,128,40,12,38,38,5814,5458,52,114,10,180,13,1,12
2021,Heath (Maidstone),E05004995,7439,837,37,36,357,30,377,300,225,54,21,257,76,38,64,79,5912,5368,36,24,10,474,133,22,111
2021,High Street (Maidstone),E05004996,11918,984,198,62,125,165,434,446,315,86,45,388,96,74,103,115,9772,7650,59,51,59,1953,328,53,275
2021,Leeds,E05004997,2421,17,0,5,7,1,4,16,9,7,0,32,12,4,11,5,2349,2245,16,18,1,69,7,0,7
2021,Marden and Yalding,E05004999,9490,126,13,15,45,6,47,72,46,11,15,166,62,30,40,34,9076,8522,47,125,23,359,50,3,47
2021,North (Maidstone),E05005000,10289,1012,16,44,108,27,817,338,220,86,32,238,56,34,44,104,8498,7245,67,45,35,1106,203,19,184
2021,North Downs,E05005001,2676,38,0,6,25,0,7,5,2,3,0,42,15,5,10,12,2582,2418,21,64,12,67,9,0,9
2021,Park Wood,E05005002,9402,408,49,20,75,19,245,425,324,41,60,264,55,55,99,55,8156,7312,34,55,14,741,149,3,146
2021,Shepway North,E05005003,9228,508,34,31,54,62,327,166,114,30,22,202,73,21,54,54,8244,7599,41,57,15,532,108,7,101
2021,Shepway South,E05005004,5900,138,20,19,36,6,57,157,126,16,15,121,25,38,32,26,5422,5000,24,47,2,349,62,10,52
2021,Staplehurst,E05005006,6691,137,17,7,43,11,59,62,43,19,0,128,56,21,23,28,6328,5998,37,50,0,243,36,1,35
2021,Sutton Valence and Langley,E05005007,3111,43,7,4,12,9,11,24,14,7,3,46,22,4,11,9,2981,2803,18,29,10,121,17,6,11
2021,Cowden and Hever,E05005010,2097,20,1,6,5,0,8,6,3,3,0,40,10,6,8,16,2020,1929,17,3,0,71,11,1,10
2021,Crockenhill and Well Hill,E05005011,1987,30,0,10,12,1,7,30,19,7,4,64,21,9,7,27,1847,1725,20,27,0,75,16,0,16
2021,Dunton Green and Riverhead,E05005012,6052,315,31,115,98,22,49,80,60,14,6,199,88,15,45,51,5383,4789,85,10,5,494,75,10,65
2021,Edenbridge North and East,E05005013,5543,121,7,18,39,5,52,47,16,23,8,175,65,22,43,45,5171,4886,51,13,1,220,29,2,27
2021,Edenbridge South and West,E05005014,4336,73,19,7,20,1,26,30,15,10,5,140,37,10,45,48,4068,3831,28,14,0,195,25,4,21
2021,"Farningham, Horton Kirby and South Darenth",E05005016,4906,61,1,4,23,12,21,41,25,8,8,90,33,12,25,20,4695,4465,36,46,3,145,19,1,18
2021,Fawkham and West Kingsdown,E05005017,6026,123,4,14,63,16,26,83,51,21,11,93,42,4,24,23,5713,5466,70,48,8,121,14,1,13
2021,"Halstead, Knockholt and Badgers Mount",E05005018,3594,90,2,18,41,2,27,15,12,3,0,89,39,8,8,34,3356,3213,29,7,4,103,44,13,31
2021,Kemsing,E05005021,4327,76,0,4,28,15,29,22,10,11,1,110,45,11,23,31,4105,3911,24,8,0,162,14,1,13
2021,Sevenoaks Eastern,E05005026,4162,156,26,53,44,6,27,51,27,12,12,153,59,14,38,42,3757,3338,34,5,2,378,45,10,35
2021,Sevenoaks Kippington,E05005027,4961,233,10,78,81,16,48,38,20,7,11,177,118,7,11,41,4487,3948,71,14,0,454,26,9,17
2021,Sevenoaks Northern,E05005028,4591,185,24,41,75,4,41,61,43,11,7,152,73,8,26,45,4169,3703,38,9,0,419,24,3,21
2021,Sevenoaks Town and St John's,E05005029,7041,356,18,116,90,20,112,91,63,12,16,318,170,36,36,76,6157,5212,70,9,16,850,119,32,87
2021,Swanley St Mary's,E05005031,4855,213,19,30,94,4,66,385,293,50,42,162,18,38,66,40,4041,3678,27,53,5,278,54,12,42
2021,Swanley White Oak,E05005032,6609,206,29,40,73,1,63,323,223,61,39,153,52,28,50,23,5880,5501,43,26,7,303,47,11,36
2021,Beacon Road,E05005081,4687,132,7,13,39,9,64,31,16,10,5,91,28,17,28,18,4415,4254,29,3,5,124,18,2,16
2021,Birchington North,E05005082,3883,57,7,15,24,0,11,23,12,10,1,48,15,10,11,12,3723,3614,32,4,2,71,32,7,25
2021,Birchington South,E05005083,6512,84,13,5,19,0,47,13,6,7,0,98,35,26,20,17,6278,6071,63,5,5,134,39,10,29
2021,Bradstowe,E05005084,3951,64,5,9,18,6,26,17,9,7,1,70,28,11,11,20,3760,3577,47,6,2,128,40,17,23
2021,Central Harbour,E05005085,8405,201,26,39,58,12,66,96,53,32,11,246,68,50,64,64,7788,7131,115,17,20,505,74,6,68
2021,Cliffsend and Pegwell,E05005086,4882,79,0,13,28,8,30,29,14,12,3,106,40,16,28,22,4633,4481,39,0,3,110,35,10,25
2021,Cliftonville East,E05005087,6439,143,38,22,30,16,37,60,29,25,6,136,38,15,42,41,6032,5752,76,0,5,199,68,7,61
2021,Cliftonville West,E05005088,9920,326,30,31,70,47,148,279,181,69,29,398,72,89,129,108,8451,6854,85,89,161,1262,466,22,444
2021,Dane Valley (Thanet),E05005089,7846,145,6,17,44,8,70,87,44,35,8,205,43,39,77,46,7277,6876,40,7,26,328,132,13,119
2021,Eastcliff (Thanet),E05005090,8284,244,22,41,57,18,106,104,64,26,14,245,56,38,87,64,7604,6937,58,2,20,587,87,13,74
2021,Garlinge,E05005091,4985,87,0,11,35,3,38,23,14,6,3,92,21,16,32,23,4763,4621,33,0,0,109,20,1,19
2021,Kingsgate,E05005092,2198,65,0,10,21,15,19,35,33,2,0,58,14,7,17,20,2026,1926,28,0,0,72,14,5,9
2021,Margate Central,E05005093,6232,228,18,35,50,18,107,161,100,34,27,252,59,42,85,66,5476,4722,43,14,46,651,115,13,102
2021,Nethercourt,E05005094,4834,81,0,13,32,4,32,30,13,12,5,129,25,28,38,38,4565,4410,33,0,4,118,29,0,29
2021,Newington (Thanet),E05005095,5705,118,24,11,27,8,48,45,26,11,8,110,30,18,40,22,5358,5124,23,0,9,202,74,16,58
2021,Northwood (Thanet),E05005096,6601,150,13,14,37,4,82,42,15,17,10,130,25,24,49,32,6242,5999,37,3,20,183,37,8,29
2021,St Peters (Thanet),E05005097,7018,212,5,40,50,26,91,32,20,11,1,139,40,23,34,42,6561,6330,54,4,3,170,74,17,57
2021,Salmestone,E05005098,5717,264,8,13,141,29,73,124,88,33,3,158,29,33,55,41,5103,4851,29,1,15,207,68,20,48
2021,Sir Moses Montefiore,E05005099,5085,89,0,15,27,6,41,31,13,14,4,104,26,26,28,24,4816,4612,33,4,0,167,45,5,40
2021,Thanet Villages,E05005100,8052,111,8,12,37,6,48,30,14,8,8,124,38,17,33,36,7728,7527,26,5,6,164,59,23,36
2021,Viking (Thanet),E05005101,7269,161,4,40,43,16,58,70,44,20,6,185,59,29,48,49,6775,6401,80,5,8,281,78,16,62
2021,Westbrook (Thanet),E05005102,4561,124,2,21,29,13,59,63,24,31,8,121,41,9,39,32,4203,3878,68,6,15,236,50,6,44
2021,Westgate-on-Sea,E05005103,7520,100,18,9,27,0,46,53,26,21,6,180,65,11,51,53,7135,6848,66,12,3,206,52,8,44
2021,Benenden and Cranbrook,E05005130,7558,145,1,66,18,8,52,68,62,4,2,157,66,18,16,57,7144,6708,55,55,6,320,44,10,34
2021,Brenchley and Horsmonden,E05005131,5285,48,1,6,30,2,9,14,5,2,7,48,26,7,2,13,5163,4882,39,24,4,214,12,4,8
2021,Broadwater (Tunbridge Wells),E05005132,4608,300,82,35,67,40,76,97,78,5,14,128,44,20,26,38,4009,3510,25,11,6,457,74,20,54
2021,Capel,E05005133,2351,38,0,0,14,6,18,6,2,2,2,51,28,1,4,18,2251,2158,10,10,0,73,5,0,5
2021,Culverden,E05005134,8422,657,34,98,266,61,198,108,76,28,4,278,115,33,47,83,7240,6150,101,4,17,968,139,32,107
2021,Frittenden and Sissinghurst,E05005135,2328,13,0,0,7,0,6,10,5,4,1,47,15,4,15,13,2251,2135,30,21,1,64,7,0,7
2021,Goudhurst and Lamberhurst,E05005136,4705,40,1,22,6,1,10,19,13,4,2,82,34,19,14,15,4547,4330,27,11,0,179,17,2,15
2021,Hawkhurst and Sandhurst,E05005137,6410,62,1,20,10,4,27,12,10,1,1,63,24,7,11,21,6246,5988,42,23,11,182,27,9,18
2021,Paddock Wood East,E05005138,4188,67,19,7,27,4,10,20,18,2,0,85,35,13,13,24,4002,3804,19,44,2,133,14,0,14
2021,Paddock Wood West,E05005139,3972,60,10,6,24,10,10,33,19,10,4,64,33,6,12,13,3789,3642,15,10,4,118,26,8,18
2021,Pantiles and St Mark's,E05005140,6770,197,23,30,79,4,61,42,25,11,6,230,106,21,31,72,6227,5610,103,5,4,505,74,16,58
2021,Park (Tunbridge Wells),E05005141,7854,357,14,51,165,34,93,83,56,13,14,257,115,24,32,86,7029,6286,73,3,15,652,128,29,99
2021,Pembury,E05005142,5786,230,17,36,114,22,41,37,23,5,9,113,42,21,13,37,5371,5090,29,9,0,243,35,10,25
2021,Rusthall,E05005143,4868,88,28,16,17,7,20,31,25,1,5,124,55,15,20,34,4587,4301,41,14,1,230,38,10,28
2021,St James' (Tunbridge Wells),E05005144,6412,434,48,31,182,38,135,126,106,12,8,235,84,28,30,93,5498,4605,61,9,12,811,119,18,101
2021,St John's (Tunbridge Wells),E05005145,7419,398,51,46,143,47,111,70,48,15,7,289,147,36,45,61,6559,5985,78,13,17,466,103,22,81
2021,Sherwood (Tunbridge Wells),E05005146,8359,805,105,122,335,28,215,180,140,17,23,212,81,31,48,52,7052,6288,36,41,10,677,110,14,96
2021,Southborough and High Brooms,E05005147,7632,374,102,37,109,32,94,88,46,24,18,197,73,41,44,39,6882,6379,48,18,9,428,91,32,59
2021,Southborough North,E05005148,4339,115,5,9,42,3,56,42,40,2,0,151,79,10,34,28,4011,3776,31,2,0,202,20,4,16
2021,Speldhurst and Bidborough,E05005149,6036,133,5,38,39,14,37,39,29,10,0,142,85,12,21,24,5707,5421,53,7,0,226,15,5,10
2021,Bank Hall,E05005150,6794,2215,237,22,30,1870,56,55,34,10,11,151,83,16,19,33,4217,3554,37,13,32,581,156,14,142
2021,Briercliffe,E05005151,5564,126,0,6,19,89,12,5,4,1,0,61,30,8,10,13,5350,5266,41,1,0,42,22,3,19
2021,Brunshaw,E05005152,6269,100,8,6,13,60,13,8,5,3,0,106,47,12,26,21,6041,5867,43,3,1,127,14,3,11
2021,Cliviger with Worsthorne,E05005153,5069,15,0,2,5,6,2,4,1,2,1,29,17,3,3,6,5020,4962,31,0,0,27,1,1,0
2021,Coal Clough with Deerplay,E05005154,5264,54,20,4,10,15,5,11,5,4,2,68,37,4,10,17,5125,4795,29,3,4,294,6,5,1
2021,Daneshouse with Stoneyholme,E05005155,7890,6137,1765,7,76,4181,108,32,23,5,4,179,105,16,9,49,1394,928,20,6,18,422,148,40,108
2021,Gannow,E05005156,5912,68,2,3,4,41,18,7,4,2,1,79,41,14,13,11,5742,5634,12,7,3,86,16,1,15
2021,Gawthorpe,E05005157,6380,108,0,12,20,61,15,15,12,3,0,74,45,9,10,10,6172,6045,26,1,4,96,11,0,11
2021,Hapton with Park,E05005158,6383,69,12,7,16,12,22,5,1,2,2,46,18,11,9,8,6254,6145,22,0,0,87,9,0,9
2021,Lanehead,E05005159,6780,1753,382,9,46,1235,81,17,6,2,9,154,101,4,11,38,4743,4453,39,7,9,235,113,31,82
2021,Queensgate,E05005160,6684,2631,246,20,38,2205,122,33,19,8,6,197,123,17,13,44,3675,3145,35,9,7,479,148,44,104
2021,Rosegrove with Lowerhouse,E05005161,7100,92,18,12,12,29,21,36,11,20,5,67,33,7,18,9,6867,6394,19,6,15,433,38,2,36
2021,Rosehill with Burnley Wood,E05005162,6660,149,6,8,35,77,23,40,21,12,7,116,50,23,20,23,6335,5959,45,9,5,317,20,1,19
2021,Trinity (Burnley),E05005163,6064,282,36,15,27,165,39,43,26,15,2,128,66,19,16,27,5563,5100,24,16,3,420,48,6,42
2021,Whittlefield with Ightenhill,E05005164,5849,136,8,33,27,56,12,18,10,7,1,59,36,4,8,11,5609,5505,33,1,2,68,27,5,22
2021,Ansdell,E05005185,4127,50,0,7,24,5,14,8,5,3,0,68,27,9,13,19,3983,3869,35,0,0,79,18,5,13
2021,Ashton (Fylde),E05005186,4454,59,6,13,12,6,22,15,9,2,4,74,28,4,11,31,4280,4116,28,0,26,110,26,11,15
2021,Central (Fylde),E05005187,4406,102,5,20,38,10,29,25,17,5,3,75,30,15,12,18,4175,3941,47,3,7,177,29,10,19
2021,Clifton (Fylde),E05005188,3871,33,2,9,9,0,13,20,13,4,3,28,9,4,6,9,3783,3646,43,0,15,79,7,1,6
2021,Elswick and Little Eccleston,E05005189,1620,2,0,0,0,0,2,3,3,0,0,6,3,1,0,2,1605,1592,6,0,0,7,4,0,4
2021,Fairhaven,E05005190,4124,66,0,5,32,10,19,13,8,3,2,65,22,12,18,13,3946,3814,36,0,1,95,34,2,32
2021,Freckleton East,E05005191,3158,21,5,6,6,0,4,9,6,0,3,31,3,5,14,9,3090,2999,9,0,0,82,7,4,3
2021,Freckleton West,E05005192,2672,11,0,5,5,0,1,6,6,0,0,24,1,3,19,1,2620,2578,8,0,0,34,11,1,10
2021,Heyhouses,E05005193,5259,89,5,29,19,15,21,15,9,2,4,88,37,8,17,26,5044,4892,40,2,0,110,23,4,19
2021,Kilnhouse,E05005194,3985,75,4,17,21,17,16,18,10,3,5,83,20,20,19,24,3784,3631,41,3,4,105,25,11,14
2021,Kirkham North,E05005195,4665,56,2,13,17,7,17,6,3,1,2,80,38,11,18,13,4495,4338,26,0,0,131,28,9,19
2021,Kirkham South,E05005196,3221,101,10,15,31,42,3,39,12,11,16,46,9,7,14,16,3013,2830,23,14,0,146,22,6,16
2021,Medlar-with-Wesham,E05005197,4472,41,11,8,15,3,4,28,16,3,9,83,16,13,24,30,4297,4052,17,4,0,224,23,7,16
2021,Newton and Treales,E05005198,3263,31,5,2,15,2,7,10,7,3,0,29,11,1,14,3,3189,3133,14,1,0,41,4,2,2
2021,Park (Fylde),E05005199,5002,112,1,26,52,15,18,21,11,1,9,50,29,1,12,8,4786,4671,37,1,2,75,33,14,19
2021,Ribby-with-Wrea,E05005200,1898,32,0,4,10,5,13,4,2,1,1,31,15,3,1,12,1827,1805,4,4,0,14,4,0,4
2021,St Johns (Fylde),E05005201,4614,42,0,9,6,4,23,11,5,5,1,57,15,11,17,14,4475,4341,32,1,0,101,29,5,24
2021,St Leonards (Fylde),E05005202,5015,72,6,20,13,17,16,13,5,4,4,83,29,16,18,20,4836,4698,46,2,1,89,11,3,8
2021,Singleton and Greenhalgh,E05005203,1422,23,0,4,13,1,5,2,2,0,0,19,3,6,2,8,1372,1353,2,7,0,10,6,0,6
2021,Staining and Weeton,E05005204,3469,68,0,14,7,10,37,38,23,6,9,42,19,8,9,6,3295,3235,13,1,0,46,26,4,22
2021,Warton and Westby,E05005205,6666,86,11,18,39,3,15,28,17,10,1,109,35,16,48,10,6432,6258,40,6,0,128,11,0,11
2021,Altham,E05005206,5446,258,9,12,31,183,23,27,26,0,1,64,37,9,12,6,5067,4920,25,18,5,99,30,22,8
2021,Barnfield (Hyndburn),E05005207,4705,631,82,7,16,506,20,28,19,7,2,72,43,7,11,11,3945,3727,18,1,5,194,29,3,26
2021,Baxenden,E05005208,3930,119,25,8,11,61,14,1,1,0,0,29,14,4,1,10,3771,3708,32,0,4,27,10,4,6
2021,Central (Hyndburn),E05005209,6176,4230,79,2,51,3914,184,8,4,4,0,94,65,3,9,17,1689,1430,13,2,0,244,155,49,106
2021,Church (Hyndburn),E05005210,5381,1402,40,8,29,1262,63,24,17,5,2,93,37,14,12,30,3809,3389,27,15,0,378,53,14,39
2021,Clayton-le-Moors,E05005211,4502,117,10,13,12,67,15,11,7,1,3,39,16,9,5,9,4314,4232,18,0,0,64,21,11,10
2021,Huncoat,E05005212,4695,232,4,3,14,197,14,11,3,1,7,50,34,5,7,4,4386,4214,23,2,0,147,16,4,12
2021,Immanuel,E05005213,4299,59,8,0,3,44,4,5,3,2,0,46,17,8,14,7,4184,4128,25,1,1,29,5,1,4
2021,Milnshaw,E05005214,4889,556,29,8,11,458,50,7,3,2,2,66,34,3,8,21,4214,4057,24,4,1,128,46,11,35
2021,Netherton,E05005215,4741,1085,12,26,27,1001,19,5,4,1,0,67,47,2,10,8,3574,3479,12,8,3,72,10,0,10
2021,Overton (Hyndburn),E05005216,6274,280,9,9,26,222,14,21,15,4,2,97,44,12,25,16,5873,5777,23,0,0,73,3,1,2
2021,Peel,E05005217,4452,582,29,2,9,513,29,6,5,1,0,73,39,7,12,15,3779,3617,27,3,6,126,12,4,8
2021,Rishton,E05005218,6658,119,0,13,24,49,33,18,13,4,1,69,30,8,18,13,6427,6290,25,5,6,101,25,18,7
2021,St Andrew's (Hyndburn),E05005219,4420,177,9,8,10,141,9,14,12,1,1,63,29,5,21,8,4135,4028,30,12,8,57,31,16,15
2021,St Oswald's (Hyndburn),E05005220,6066,251,7,7,54,158,25,10,7,3,0,49,17,9,5,18,5730,5638,24,2,0,66,26,7,19
2021,Spring Hill,E05005221,5588,2300,102,9,35,2049,105,27,20,3,4,114,69,10,17,18,3084,2836,19,12,5,212,63,1,62
2021,Cribden,E05005316,3881,421,196,29,24,140,32,4,1,0,3,54,30,0,13,11,3375,3313,26,0,2,34,27,5,22
2021,Eden,E05005317,3605,37,7,6,5,16,3,4,3,1,0,43,14,10,7,12,3521,3452,21,0,1,47,0,0,0
2021,Facit and Shawforth,E05005318,3725,17,0,1,9,3,4,4,2,1,1,33,14,6,5,8,3665,3601,24,0,0,40,6,1,5
2021,Goodshaw,E05005319,4074,67,15,4,14,21,13,15,7,2,6,56,21,7,13,15,3915,3856,27,0,0,32,21,4,17
2021,Greenfield (Rossendale),E05005320,5778,765,234,44,40,421,26,17,9,8,0,77,34,16,14,13,4897,4752,45,11,0,89,22,13,9
2021,Greensclough,E05005321,6151,78,5,23,17,15,18,16,10,6,0,82,31,13,24,14,5935,5790,55,0,4,86,40,12,28
2021,Hareholme,E05005322,5542,417,152,18,14,209,24,11,5,5,1,102,38,10,37,17,4996,4892,44,1,0,59,16,4,12
2021,Healey and Whitworth,E05005323,4070,54,10,5,4,23,12,5,1,3,1,32,6,5,18,3,3975,3883,30,0,2,60,4,0,4
2021,Helmshore,E05005324,6094,88,15,4,12,41,16,12,5,5,2,97,39,10,20,28,5876,5761,36,0,0,79,21,12,9
2021,Irwell,E05005325,6270,116,12,7,20,62,15,20,14,4,2,101,41,25,18,17,6021,5877,30,4,4,106,12,0,12
2021,Longholme,E05005326,6015,457,280,17,17,127,16,9,6,3,0,131,61,13,37,20,5401,5273,44,6,0,78,17,10,7
2021,Stacksteads,E05005327,3956,28,2,9,4,7,6,18,8,5,5,53,20,11,15,7,3842,3771,21,3,0,47,15,0,15
2021,Whitewell,E05005328,5695,65,5,16,7,27,10,17,8,7,2,74,27,17,18,12,5512,5401,47,2,1,61,27,9,18
2021,Worsley,E05005329,6012,1265,659,25,35,523,23,21,11,8,2,110,51,13,25,21,4576,4451,58,1,0,66,40,7,33
2021,Ashurst,E05005357,6666,101,1,15,53,4,28,28,19,6,3,99,34,30,15,20,6390,6085,40,2,1,262,48,18,30
2021,Aughton and Downholland,E05005358,5505,82,0,21,33,5,23,11,8,1,2,88,29,21,15,23,5316,5232,26,0,0,58,8,1,7
2021,Aughton Park,E05005359,3821,41,1,17,13,0,10,18,12,6,0,43,15,6,5,17,3708,3644,19,1,1,43,11,1,10
2021,Birch Green,E05005360,4564,48,2,3,19,8,16,18,12,4,2,87,17,14,24,32,4372,3907,10,7,10,438,39,18,21
2021,Burscough East,E05005361,4562,40,0,7,9,0,24,5,4,1,0,45,14,8,8,15,4458,4377,18,2,3,58,14,7,7
2021,Burscough West,E05005362,5054,44,8,7,3,1,25,13,10,2,1,61,17,14,10,20,4926,4827,31,0,2,66,10,2,8
2021,Derby (West Lancashire),E05005363,9514,224,14,41,88,38,43,94,55,29,10,181,62,50,37,32,8988,8695,94,1,6,192,27,12,15
2021,Digmoor,E05005364,4610,27,0,1,18,3,5,20,12,5,3,56,15,7,17,17,4482,3848,34,2,9,589,25,4,21
2021,Halsall,E05005365,2185,19,0,3,6,2,8,4,4,0,0,28,11,1,6,10,2131,2104,6,2,0,19,3,2,1
2021,Hesketh-with-Becconsall,E05005366,4187,40,0,16,9,0,15,4,0,4,0,51,18,2,17,14,4064,3948,10,0,0,106,28,4,24
2021,Knowsley,E05005367,5672,49,0,10,11,13,15,26,17,5,4,60,26,9,8,17,5512,5362,48,1,1,100,25,3,22
2021,Moorside (West Lancashire),E05005368,3949,16,0,2,10,0,4,23,6,9,8,67,24,11,20,12,3808,3416,16,0,19,357,35,13,22
2021,North Meols,E05005369,4681,26,0,8,7,0,11,7,5,2,0,48,14,7,11,16,4583,4419,18,0,0,146,17,7,10
2021,Parbold,E05005370,3611,49,0,9,21,0,19,8,5,3,0,54,28,6,9,11,3493,3410,16,0,0,67,7,3,4
2021,Rufford,E05005371,2167,10,0,0,8,1,1,6,3,2,1,26,6,11,5,4,2117,2100,8,0,0,9,8,2,6
2021,Scarisbrick,E05005372,4035,43,0,5,24,7,7,9,5,2,2,65,18,12,13,22,3905,3831,24,2,0,48,13,4,9
2021,Scott,E05005373,6388,92,0,39,17,12,24,22,16,3,3,88,37,15,21,15,6171,6006,63,0,0,102,15,5,10
2021,Skelmersdale North,E05005374,3917,35,9,7,7,7,5,22,17,2,3,44,9,7,17,11,3808,3562,19,4,5,218,8,3,5
2021,Skelmersdale South,E05005375,6414,73,0,20,11,2,40,8,7,1,0,89,33,20,14,22,6216,5890,17,0,6,303,28,6,22
2021,Tanhouse,E05005376,5333,57,0,9,27,6,15,12,8,4,0,89,19,34,19,17,5131,4629,25,4,10,463,44,21,23
2021,Tarleton,E05005377,5961,23,0,3,8,7,5,11,8,2,1,44,13,13,12,6,5870,5655,31,0,0,184,13,0,13
2021,Up Holland,E05005378,6340,30,0,9,11,2,8,11,7,4,0,56,20,7,14,15,6216,6067,37,0,1,111,27,7,20
2021,Wrightington,E05005379,4118,23,0,3,14,0,6,5,2,2,1,38,14,8,10,6,4046,3962,33,1,0,50,6,2,4
2021,Bickerstaffe,E05005380,2159,23,1,6,10,0,6,3,2,1,0,21,4,1,12,4,2109,2073,7,0,0,29,3,0,3
2021,Newburgh,E05005381,2025,16,0,5,9,0,2,1,1,0,0,30,17,5,4,4,1975,1947,6,0,0,22,3,0,3
2021,Blaby South,E05005408,5209,155,0,34,87,5,29,32,13,13,6,119,34,18,45,22,4891,4762,30,4,0,95,12,8,4
2021,Cosby with South Whetstone,E05005409,5495,181,0,17,131,7,26,56,34,18,4,137,56,10,49,22,5101,4985,37,1,1,77,20,2,18
2021,Countesthorpe,E05005410,7966,124,0,13,90,8,13,38,18,18,2,154,39,7,80,28,7622,7461,43,0,1,117,28,7,21
2021,Croft Hill,E05005411,2509,60,0,6,50,0,4,28,23,5,0,20,6,0,10,4,2386,2327,20,5,1,33,15,6,9
2021,Ellis,E05005412,5948,740,1,45,620,35,39,126,80,30,16,151,52,16,49,34,4860,4662,40,1,0,157,71,20,51
2021,Enderby and St John's,E05005413,6184,491,4,45,389,32,21,84,50,15,19,192,66,14,73,39,5355,5145,17,16,1,176,62,12,50
2021,Fairestone,E05005414,4876,556,8,28,437,35,48,155,111,33,11,145,33,17,63,32,3963,3771,44,0,0,148,57,13,44
2021,Millfield (Blaby),E05005416,2688,567,2,11,478,20,56,81,49,25,7,88,23,9,30,26,1846,1677,11,1,0,157,106,8,98
2021,Muxloe,E05005417,4375,328,0,6,284,20,18,27,13,14,0,78,36,8,20,14,3900,3768,30,6,1,95,42,4,38
2021,Narborough and Littlethorpe,E05005418,5390,164,0,11,119,7,27,44,21,20,3,148,60,5,55,28,4992,4892,23,0,7,70,42,1,41
2021,Normanton (Blaby),E05005419,2929,39,0,3,33,1,2,19,6,13,0,63,21,11,19,12,2800,2746,10,0,0,44,8,0,8
2021,North Whetstone,E05005420,5273,173,0,25,127,5,16,61,32,22,7,126,33,13,51,29,4878,4752,26,0,0,100,35,13,22
2021,Pastures,E05005421,4842,196,1,29,134,8,24,27,5,16,6,129,39,10,54,26,4461,4337,22,5,4,93,29,1,28
2021,Ravenhurst and Fosse,E05005422,7300,1779,19,18,1529,111,102,268,157,77,34,262,70,18,112,62,4688,4013,35,9,19,612,303,14,289
2021,Saxondale,E05005423,7326,306,13,24,218,14,37,105,60,35,10,247,77,36,94,40,6613,6387,41,4,4,177,55,9,46
2021,Stanton and Flamville,E05005424,9249,147,0,17,118,2,10,43,31,12,0,138,42,15,52,29,8891,8646,50,33,0,162,30,7,23
2021,Anstey,E05005426,7698,367,18,24,266,25,34,78,51,23,4,241,71,21,102,47,6971,6765,36,0,4,166,41,5,36
2021,Barrow and Sileby West,E05005427,7356,113,5,28,67,3,10,23,11,11,1,132,58,14,42,18,7070,6896,43,2,6,123,18,0,18
2021,Birstall Wanlip,E05005428,7646,2556,22,36,2322,25,151,167,123,31,13,230,101,8,81,40,4567,4335,44,0,8,180,126,14,112
2021,Birstall Watermead,E05005429,6667,1389,11,21,1239,35,83,55,35,12,8,141,54,9,51,27,5031,4852,32,0,0,147,51,1,50
2021,East Goscote,E05005430,2893,112,0,5,102,0,5,11,4,3,4,58,21,10,16,11,2701,2665,13,0,3,20,11,5,6
2021,Forest Bradgate,E05005431,3364,136,2,7,101,6,20,25,19,6,0,65,22,5,25,13,3128,2999,35,0,6,88,10,0,10
2021,Loughborough Ashby,E05005432,7335,919,106,226,331,67,189,333,297,22,14,298,115,46,65,72,5628,5057,40,0,11,520,157,69,88
2021,Loughborough Dishley and Hathern,E05005433,6415,806,55,41,632,11,67,79,55,10,14,113,47,9,26,31,5324,5038,19,0,4,263,93,35,58
2021,Loughborough Garendon,E05005434,5521,751,71,75,522,24,59,116,95,12,9,136,51,14,25,46,4434,4115,30,0,0,289,84,33,51
2021,Loughborough Hastings,E05005435,6626,1523,909,52,428,36,98,180,136,25,19,201,51,26,64,60,4559,3871,25,10,25,628,163,70,93
2021,Loughborough Lemyngton,E05005436,7221,1825,900,94,577,46,208,239,183,32,24,225,80,42,56,47,4764,3953,29,10,31,741,168,73,95
2021,Loughborough Nanpantan,E05005437,5251,886,50,197,469,51,119,171,126,26,19,221,108,20,29,64,3852,3547,24,1,3,277,121,27,94
2021,Loughborough Outwoods,E05005438,5684,636,55,90,399,29,63,60,45,15,0,151,59,23,30,39,4771,4525,45,0,0,201,66,25,41
2021,Loughborough Shelthorpe,E05005439,9673,1103,114,145,702,22,120,111,77,14,20,276,89,24,106,57,8017,7408,46,11,9,543,166,65,101
2021,Loughborough Southfields,E05005440,7638,1081,116,406,373,35,151,405,327,60,18,323,123,56,70,74,5713,5088,63,0,15,547,116,47,69
2021,Loughborough Storer,E05005441,6623,792,115,75,376,40,186,227,170,44,13,241,98,35,61,47,5223,4687,46,3,15,472,140,53,87
2021,Mountsorrel,E05005442,7014,214,6,5,182,11,10,43,33,1,9,148,46,20,57,25,6590,6426,41,5,2,116,19,1,18
2021,Queniborough,E05005443,4827,937,22,24,793,53,45,61,40,11,10,131,40,20,39,32,3629,3548,22,2,0,57,69,14,55
2021,Quorn and Mountsorrel Castle,E05005444,7260,198,0,27,138,11,22,33,15,16,2,144,60,17,32,35,6845,6607,57,0,4,177,40,13,27
2021,Rothley and Thurcaston,E05005445,8255,591,38,33,489,11,20,47,28,14,5,210,72,13,76,49,7354,7169,48,2,4,131,53,6,47
2021,Shepshed East,E05005446,6947,151,9,20,72,3,47,29,15,8,6,79,23,12,25,19,6661,6427,39,0,8,187,27,6,21
2021,Shepshed West,E05005447,7923,132,11,28,59,7,27,37,19,9,9,103,36,6,36,25,7628,7404,41,4,0,179,23,1,22
2021,Sileby,E05005448,8419,185,8,13,124,6,34,27,17,7,3,156,52,16,54,34,8024,7830,26,1,0,167,27,2,25
2021,Syston East,E05005449,7290,694,0,25,611,17,41,36,15,21,0,158,64,15,44,35,6343,6179,65,3,0,96,59,14,45
2021,Syston West,E05005450,6327,1272,5,15,1221,10,21,46,32,9,5,149,55,20,46,28,4785,4601,36,1,0,147,75,18,57
2021,The Wolds,E05005451,3252,63,0,6,48,1,8,10,5,5,0,46,23,3,8,12,3107,3033,18,13,0,43,26,0,26
2021,Thurmaston,E05005452,9814,3287,27,13,3010,69,168,169,91,68,10,229,87,18,77,47,5927,5589,39,1,9,289,202,11,191
2021,Wreake Villages,E05005453,3029,131,0,28,83,0,20,25,20,3,2,54,18,8,14,14,2808,2732,31,1,0,44,11,1,10
2021,Ambien,E05005479,3766,84,0,3,35,16,30,13,5,8,0,75,19,10,18,28,3581,3482,22,4,1,72,13,3,10
2021,"Barlestone, Nailstone and Osbaston",E05005480,3258,19,0,0,14,0,5,5,2,3,0,29,5,7,10,7,3193,3141,13,3,0,36,12,0,12
2021,Barwell,E05005481,9148,114,0,10,63,14,27,65,47,12,6,133,38,14,51,30,8796,8474,37,15,1,269,40,5,35
2021,Burbage St Catherines and Lash Hill,E05005482,6048,120,9,20,57,17,17,16,4,10,2,74,34,4,15,21,5800,5639,32,0,2,127,38,4,34
2021,Burbage Sketchley and Stretton,E05005483,10460,377,16,42,255,20,44,35,18,8,9,172,69,7,64,32,9842,9551,52,1,3,235,34,8,26
2021,"Cadeby, Carlton and Market Bosworth with Shackerstone",E05005484,3683,46,0,11,20,2,13,10,5,4,1,49,24,4,12,9,3570,3498,22,4,0,46,8,1,7
2021,Earl Shilton,E05005485,10629,255,1,27,163,15,49,104,75,18,11,191,56,27,63,45,10022,9597,44,9,9,363,57,8,49
2021,Groby,E05005486,6807,604,9,54,481,29,31,33,14,15,4,192,93,24,44,31,5925,5758,38,4,1,124,53,12,41
2021,Hinckley Castle,E05005487,7034,244,10,50,131,11,42,73,52,13,8,148,46,13,45,44,6495,5954,38,3,17,483,74,13,61
2021,Hinckley Clarendon,E05005488,9320,276,30,22,140,37,47,112,73,29,10,164,51,16,63,34,8744,8320,33,9,3,379,24,4,20
2021,Hinckley De Montfort,E05005489,10519,234,7,45,141,16,25,63,35,18,10,189,46,28,61,54,9974,9513,70,8,7,376,59,3,56
2021,Hinckley Trinity,E05005490,7346,146,2,21,62,17,44,39,15,21,3,152,45,18,65,24,6941,6646,18,0,0,277,68,8,60
2021,"Markfield, Stanton and Fieldhead",E05005491,6036,205,1,32,146,4,22,34,29,3,2,74,29,12,22,11,5696,5531,36,4,0,125,27,5,22
2021,Newbold Verdon with Desford and Peckleton,E05005492,8873,238,1,23,184,11,19,36,17,12,7,168,54,21,57,36,8366,8133,30,5,2,196,65,8,57
2021,"Ratby, Bagworth and Thornton",E05005493,7601,154,0,15,114,11,14,48,31,11,6,146,55,1,44,46,7202,7019,46,11,0,126,51,7,44
2021,Twycross and Witherley with Sheepy,E05005494,3101,29,0,9,12,1,7,5,1,3,1,29,17,5,5,2,3029,2969,18,0,1,41,9,2,7
2021,Asfordby,E05005495,3601,37,0,11,20,0,6,10,2,3,5,52,17,4,19,12,3493,3413,9,1,2,68,9,1,8
2021,Bottesford (Melton),E05005496,3687,25,0,10,13,0,2,10,3,7,0,31,10,3,12,6,3619,3556,18,1,0,44,2,0,2
2021,Croxton Kerrial,E05005497,1819,10,0,0,0,0,10,6,1,4,1,14,4,3,4,3,1784,1740,9,1,0,34,5,2,3
2021,Frisby-on-the-Wreake,E05005498,1888,15,0,4,6,0,5,12,6,5,1,37,18,3,11,5,1823,1773,8,1,3,38,1,0,1
2021,Gaddesby,E05005499,1704,20,0,3,10,0,7,0,0,0,0,17,9,5,1,2,1666,1621,5,1,0,39,1,1,0
2021,Long Clawson and Stathern,E05005500,4213,15,0,4,6,0,5,5,1,1,3,43,17,2,15,9,4140,4059,22,1,0,58,10,3,7
2021,Melton Craven,E05005501,3539,98,1,18,49,3,27,32,23,7,2,39,18,8,7,6,3344,3141,20,6,1,176,26,1,25
2021,Melton Dorian,E05005502,5516,86,13,20,36,3,14,14,9,5,0,79,25,6,24,24,5309,4901,40,0,0,368,28,1,27
2021,Melton Egerton,E05005503,4120,54,0,9,32,0,13,3,2,1,0,47,15,2,17,13,3983,3714,12,0,7,250,33,14,19
2021,Melton Newport,E05005504,5385,68,6,18,19,1,24,44,27,15,2,82,31,5,38,8,5176,4918,29,2,0,227,15,5,10
2021,Melton Sysonby,E05005505,5538,39,1,3,27,0,8,24,14,7,3,74,19,19,21,15,5394,5162,36,0,0,196,7,1,6
2021,Melton Warwick,E05005506,3631,76,0,9,55,4,8,6,0,6,0,47,14,2,18,13,3491,3302,24,3,3,159,11,5,6
2021,Old Dalby,E05005507,1942,10,0,0,5,0,5,1,0,0,1,13,8,0,2,3,1915,1873,11,2,0,29,3,0,3
2021,Somerby,E05005508,1812,21,0,4,9,0,8,9,2,3,4,27,8,6,7,6,1755,1711,8,1,0,35,0,0,0
2021,Waltham-on-the-Wolds,E05005509,1794,21,0,3,14,2,2,13,12,1,0,27,15,5,1,6,1728,1690,11,1,1,25,5,0,5
2021,Wymondham,E05005510,1565,8,0,1,6,0,1,3,1,2,0,30,8,3,11,8,1522,1490,8,4,0,20,2,1,1
2021,Oadby Brocks Hill,E05005531,4271,2016,36,35,1540,303,102,130,98,21,11,163,71,18,25,49,1666,1514,11,2,4,135,296,69,227
2021,Oadby Grange,E05005532,6057,3045,22,34,2418,396,175,205,128,57,20,250,120,34,44,52,2238,2065,33,0,1,139,319,82,237
2021,Oadby St Peter's,E05005533,4550,1562,50,45,1061,289,117,125,77,37,11,180,67,33,29,51,2507,2300,30,0,5,172,176,46,130
2021,Oadby Uplands,E05005534,4521,2738,60,34,2070,396,178,102,54,36,12,120,54,9,20,37,1297,1153,19,0,0,125,264,51,213
2021,Oadby Woodlands,E05005535,4636,2463,31,64,1948,318,102,106,80,19,7,157,79,16,23,39,1579,1432,15,0,0,132,331,82,249
2021,South Wigston,E05005536,8116,506,16,47,324,68,51,131,78,47,6,293,83,30,122,58,7111,6788,54,4,0,265,75,5,70
2021,Wigston All Saints,E05005537,5870,419,14,13,320,39,33,73,25,34,14,124,45,9,53,17,5213,5045,58,3,4,103,41,6,35
2021,Wigston Fields,E05005538,6863,1410,42,23,1050,193,102,146,57,70,19,230,73,28,93,36,4952,4648,51,0,2,251,125,5,120
2021,Wigston Meadowcourt,E05005539,6304,661,12,7,503,75,64,106,69,25,12,137,43,7,65,22,5310,5087,49,1,2,171,90,20,70
2021,Wigston St Wolstan's,E05005540,6560,1308,31,21,955,205,96,128,60,47,21,220,94,11,67,48,4718,4480,40,0,0,198,186,16,170
2021,Ashby de la Launde and Cranwell,E05005618,5827,47,1,15,9,2,20,32,14,7,11,71,26,19,17,9,5658,5548,23,1,0,86,19,5,14
2021,Bassingham and Brant Broughton,E05005619,5257,40,5,8,15,5,7,13,8,2,3,51,19,7,9,16,5139,5009,35,10,0,85,14,2,12
2021,"Billinghay, Martin and North Kyme",E05005620,5410,34,9,9,1,5,10,13,8,4,1,43,16,1,18,8,5305,5200,17,7,0,81,15,5,10
2021,Bracebridge Heath and Waddington East,E05005621,9975,130,4,30,44,10,42,43,22,12,9,113,34,22,21,36,9642,9318,45,11,11,257,47,25,22
2021,Branston (North Kesteven),E05005622,5503,43,0,9,26,1,7,15,10,2,3,79,43,10,12,14,5362,5236,20,2,2,102,4,3,1
2021,Cliff Villages,E05005623,5496,35,0,7,14,0,14,10,5,4,1,38,11,2,14,11,5402,5296,26,3,1,76,11,0,11
2021,"Eagle, Swinderby and Witham St Hughs",E05005624,6867,58,1,13,18,6,20,30,19,6,5,99,27,12,33,27,6658,6431,26,10,0,191,22,11,11
2021,Heckington Rural,E05005625,5697,36,0,9,8,8,11,8,2,4,2,40,15,5,13,7,5598,5482,26,0,0,90,15,0,15
2021,Heighington and Washingborough,E05005626,7090,56,0,11,21,10,14,24,10,9,5,69,20,13,16,20,6924,6745,39,3,3,134,17,1,16
2021,Kirkby la Thorpe and South Kyme,E05005627,2454,20,0,5,5,1,9,8,3,5,0,26,12,6,6,2,2397,2300,15,0,1,81,3,1,2
2021,Leasingham and Rauceby,E05005628,2049,9,0,1,6,0,2,7,6,0,1,15,8,1,1,5,2009,1955,16,0,0,38,9,0,9
2021,Metheringham,E05005629,5442,19,0,3,4,0,12,13,7,5,1,70,12,28,16,14,5331,5249,10,1,1,70,9,3,6
2021,North Hykeham Forum,E05005630,1838,17,0,2,6,0,9,3,3,0,0,17,4,7,4,2,1799,1766,2,1,0,30,2,0,2
2021,North Hykeham Memorial,E05005631,3733,88,4,22,30,1,31,24,18,4,2,64,32,4,17,11,3529,3435,8,2,0,84,28,5,23
2021,North Hykeham Mill,E05005632,6469,139,1,48,59,9,22,51,43,3,5,126,39,23,39,25,6115,5893,17,0,3,202,38,10,28
2021,North Hykeham Moor,E05005633,2576,17,2,8,1,0,6,11,4,7,0,30,5,4,10,11,2509,2442,12,1,0,54,9,0,9
2021,North Hykeham Witham,E05005634,2229,20,2,2,6,5,5,3,0,3,0,11,3,0,5,3,2195,2156,10,0,0,29,0,0,0
2021,Osbournby,E05005635,2477,15,0,9,1,0,5,7,2,3,2,21,7,1,6,7,2433,2381,6,0,1,45,1,0,1
2021,Ruskington,E05005636,5651,33,1,7,11,4,10,10,3,3,4,68,20,6,21,21,5523,5382,22,2,0,117,17,1,16
2021,Skellingthorpe,E05005637,3581,15,0,2,3,0,10,8,3,4,1,16,2,2,8,4,3533,3461,16,2,0,54,9,4,5
2021,Sleaford Castle,E05005638,2816,60,19,12,22,4,3,4,3,1,0,35,10,8,8,9,2703,2515,9,0,0,179,14,3,11
2021,Sleaford Holdingham,E05005639,3709,32,3,12,8,1,8,10,7,1,2,69,21,5,25,18,3576,3347,13,1,4,211,22,5,17
2021,Sleaford Navigation,E05005640,2504,52,13,8,8,10,13,19,10,5,4,29,6,2,18,3,2396,2253,8,0,0,135,8,0,8
2021,Sleaford Quarrington and Mareham,E05005641,7892,91,20,15,28,4,24,25,11,6,8,105,48,11,24,22,7643,7388,47,0,0,208,28,1,27
2021,Sleaford Westholme,E05005642,2888,42,0,15,6,10,11,17,12,3,2,43,7,11,9,16,2757,2599,23,0,1,134,29,5,24
2021,Waddington West,E05005643,2645,18,0,5,10,0,3,7,5,1,1,24,3,10,6,5,2587,2517,15,0,0,55,9,1,8
2021,Crowland and Deeping St Nicholas,E05005644,6830,78,0,18,36,6,18,88,64,13,11,100,21,13,35,31,6541,6252,12,12,0,265,23,2,21
2021,"Donington, Quadring and Gosberton",E05005645,7444,58,3,13,25,4,13,28,20,3,5,76,27,11,21,17,7257,6967,18,14,4,254,25,1,24
2021,Fleet,E05005646,2455,25,4,8,3,0,10,10,8,1,1,22,8,3,6,5,2397,2307,4,0,0,86,1,0,1
2021,Gedney,E05005647,2312,8,1,3,2,0,2,7,4,3,0,15,0,5,5,5,2271,2220,4,5,1,41,11,4,7
2021,Holbeach Hurn,E05005648,2292,8,0,0,6,0,2,12,9,3,0,31,11,6,8,6,2231,2115,7,7,6,96,10,0,10
2021,Holbeach Town,E05005649,8087,87,20,16,20,1,30,35,22,10,3,82,22,15,32,13,7857,7122,17,18,25,675,26,2,24
2021,Long Sutton,E05005650,7619,56,0,9,25,1,21,17,7,5,5,59,13,5,16,25,7466,7223,23,7,4,209,21,0,21
2021,"Moulton, Weston and Cowbit",E05005651,7299,66,4,10,25,5,22,40,21,12,7,98,33,9,21,35,7073,6756,30,7,2,278,22,1,21
2021,Pinchbeck and Surfleet,E05005652,7372,73,0,12,30,14,17,37,24,6,7,92,26,25,19,22,7131,6566,20,0,6,539,39,1,38
2021,Spalding Castle,E05005653,2562,67,5,15,23,5,19,12,9,3,0,51,15,11,18,7,2409,1803,4,9,15,578,23,3,20
2021,Spalding Monks House,E05005654,5972,86,0,10,51,6,19,30,17,8,5,93,21,12,28,32,5705,4274,10,1,17,1403,58,1,57
2021,Spalding St John's,E05005655,6535,150,3,20,78,3,46,24,10,8,6,127,36,37,22,32,6093,4106,20,22,25,1920,141,11,130
2021,Spalding St Mary's,E05005656,4599,78,0,22,38,1,17,27,19,5,3,80,21,20,22,17,4374,3444,15,22,30,863,40,6,34
2021,Spalding St Paul's,E05005657,5606,104,19,22,16,3,44,39,32,3,4,67,17,12,15,23,5339,3868,23,8,19,1421,57,3,54
2021,Spalding Wygate,E05005658,6580,144,5,14,58,11,56,65,35,18,12,109,31,19,21,38,6200,4503,30,10,17,1640,62,10,52
2021,Sutton Bridge,E05005659,4534,45,0,6,13,6,20,10,6,3,1,43,15,7,10,11,4427,4109,14,3,0,301,9,0,9
2021,The Saints,E05005660,2704,20,2,1,12,0,5,9,8,1,0,28,13,4,4,7,2643,2548,5,14,0,76,4,0,4
2021,Whaplode and Holbeach St John's,E05005661,4326,28,0,6,11,0,11,28,9,13,6,51,12,5,24,10,4212,4060,23,7,0,122,7,2,5
2021,Acle,E05005757,2791,21,0,6,6,0,9,9,7,1,1,37,13,6,3,15,2717,2669,17,0,0,31,7,1,6
2021,Aylsham,E05005758,8941,51,7,8,12,1,23,23,13,3,7,92,27,18,15,32,8753,8579,43,2,6,123,22,3,19
2021,Blofield with South Walsham,E05005759,6355,83,0,11,42,1,29,21,14,1,6,86,32,23,19,12,6141,5982,27,7,2,123,24,4,20
2021,Brundall,E05005760,6219,93,0,22,35,5,31,25,13,5,7,84,40,13,9,22,5994,5837,16,2,0,139,23,3,20
2021,Burlingham,E05005761,2695,11,0,0,4,0,7,2,2,0,0,36,10,13,3,10,2641,2599,12,0,0,30,5,1,4
2021,Buxton,E05005762,2686,11,0,2,3,0,6,6,3,2,1,36,20,2,6,8,2628,2586,11,0,0,31,5,0,5
2021,Coltishall,E05005763,2811,14,2,4,3,0,5,4,0,3,1,32,9,4,1,18,2751,2700,3,0,1,47,10,1,9
2021,Drayton North,E05005764,2984,38,5,9,14,0,10,34,21,6,7,48,22,10,9,7,2840,2719,10,2,0,109,24,4,20
2021,Drayton South,E05005765,2403,32,0,16,6,0,10,10,3,4,3,19,8,8,1,2,2334,2274,13,0,0,47,8,0,8
2021,Eynesford,E05005766,3275,10,1,2,7,0,0,8,7,0,1,43,13,10,12,8,3211,3149,15,5,0,42,3,0,3
2021,Great Witchingham,E05005767,2719,22,0,7,2,0,13,4,2,2,0,36,12,8,6,10,2647,2600,6,0,0,41,10,0,10
2021,Hellesdon North West,E05005768,5684,138,7,23,42,0,66,20,10,7,3,63,23,15,13,12,5447,5287,23,2,0,135,16,2,14
2021,Hellesdon South East,E05005769,5438,130,13,24,47,4,42,58,39,6,13,98,32,22,14,30,5118,4809,23,0,5,281,34,13,21
2021,Hevingham,E05005770,2902,19,0,4,4,1,10,8,3,5,0,36,13,9,5,9,2834,2792,8,8,2,24,5,2,3
2021,Horsford and Felthorpe,E05005771,5708,42,0,16,12,1,13,41,36,2,3,85,24,24,21,16,5529,5402,16,9,4,98,11,1,10
2021,Marshes,E05005772,3237,23,0,13,2,0,8,5,4,1,0,27,8,13,3,3,3176,3112,24,0,0,40,6,0,6
2021,Old Catton and Sprowston West,E05005773,8491,138,24,39,30,4,41,58,48,4,6,139,44,27,29,39,8122,7848,34,1,4,235,34,3,31
2021,Plumstead,E05005774,3601,59,5,15,22,3,14,13,11,0,2,42,20,7,2,13,3458,3363,24,1,0,70,29,13,16
2021,Reepham,E05005775,2660,13,0,6,2,0,5,3,1,2,0,18,8,6,1,3,2622,2562,14,0,0,46,4,1,3
2021,Spixworth with St Faiths,E05005776,5331,38,1,16,8,1,12,15,9,4,2,31,16,3,9,3,5237,5136,17,7,0,77,10,2,8
2021,Sprowston Central,E05005777,5344,104,11,18,49,1,25,19,11,5,3,81,22,18,16,25,5123,4949,8,0,0,166,17,6,11
2021,Sprowston East,E05005778,9529,208,58,51,47,10,42,101,80,5,16,182,59,41,27,55,8997,8682,44,4,0,267,41,8,33
2021,Taverham North,E05005779,5285,112,12,26,36,14,24,60,40,13,7,79,18,20,19,22,5012,4797,23,1,1,190,22,5,17
2021,Taverham South,E05005780,4554,64,3,7,20,4,30,15,10,3,2,67,33,13,4,17,4394,4294,14,4,9,73,14,1,13
2021,Thorpe St Andrew North West,E05005781,7364,70,9,14,14,2,31,42,29,1,12,99,33,20,24,22,7106,6908,28,1,5,164,47,8,39
2021,Thorpe St Andrew South East,E05005782,7161,240,11,68,80,13,68,59,45,8,6,159,66,29,14,50,6653,6355,31,1,0,266,50,16,34
2021,Wroxham,E05005783,5557,48,9,11,5,4,19,18,11,4,3,91,39,9,20,23,5383,5276,9,1,2,95,17,1,16
2021,Bradwell North,E05005784,6476,60,0,15,32,2,11,21,17,2,2,49,9,8,17,15,6332,6212,14,3,3,100,14,3,11
2021,Bradwell South and Hopton,E05005785,7725,125,0,14,53,14,44,36,28,3,5,71,28,9,14,20,7472,7343,26,7,0,96,21,6,15
2021,Caister North,E05005786,4319,27,0,16,4,0,7,4,1,2,1,47,15,7,9,16,4225,4141,29,0,0,55,16,0,16
2021,Caister South,E05005787,4480,47,0,13,11,5,18,19,5,5,9,27,11,4,6,6,4373,4273,21,0,7,72,14,3,11
2021,Central and Northgate,E05005788,8638,230,0,48,35,7,140,250,206,19,25,245,51,74,73,47,7748,6419,28,11,38,1252,165,13,152
2021,Claydon,E05005789,7733,121,0,10,73,0,38,38,19,6,13,102,26,27,18,31,7456,7197,19,29,4,207,16,1,15
2021,East Flegg,E05005790,4979,26,0,8,2,1,15,4,1,3,0,41,7,6,15,13,4893,4790,32,11,1,59,15,1,14
2021,Fleggburgh,E05005791,2698,27,0,10,1,8,8,7,5,2,0,32,11,8,8,5,2625,2581,11,1,0,32,7,0,7
2021,Gorleston,E05005792,5290,283,5,18,169,15,76,37,30,3,4,83,27,11,17,28,4866,4679,13,0,3,171,21,0,21
2021,Lothingland (Great Yarmouth),E05005793,5586,25,0,3,9,1,12,10,3,4,3,51,16,4,16,15,5481,5405,17,1,0,58,19,4,15
2021,Magdalen,E05005794,7420,378,6,14,222,26,110,51,37,6,8,101,22,26,33,20,6840,6599,16,7,5,213,50,13,37
2021,Nelson (Great Yarmouth),E05005795,9341,262,25,29,70,10,128,407,356,12,39,357,58,148,45,106,8060,6379,39,17,31,1594,255,5,250
2021,Ormesby (Great Yarmouth),E05005796,4701,25,1,8,8,1,7,14,5,7,2,28,6,4,7,11,4617,4521,21,1,2,72,17,4,13
2021,St Andrews (Great Yarmouth),E05005797,4876,118,16,21,58,5,18,45,30,6,9,75,13,15,21,26,4607,4441,9,1,1,155,31,6,25
2021,Southtown and Cobholm,E05005798,5689,96,7,5,25,20,39,120,86,22,12,124,28,48,32,16,5282,4535,20,42,16,669,67,4,63
2021,West Flegg,E05005799,5320,13,0,5,2,1,5,9,6,1,2,61,29,5,8,19,5227,5149,17,0,1,60,10,3,7
2021,Yarmouth North,E05005800,4469,63,3,9,11,2,38,33,24,1,8,81,18,20,15,28,4255,3999,20,4,1,231,37,9,28
2021,Beckingham,E05006377,2497,15,0,3,5,2,5,4,1,2,1,22,7,1,6,8,2451,2421,5,0,1,24,5,0,5
2021,Blyth,E05006378,2305,14,0,3,5,2,4,8,3,4,1,15,8,2,3,2,2265,2216,15,1,0,33,3,0,3
2021,Carlton (Bassetlaw),E05006379,5662,39,0,8,7,0,24,14,6,5,3,45,15,5,13,12,5555,5349,11,16,0,179,9,5,4
2021,Clayworth,E05006380,1824,14,0,1,3,0,10,11,9,2,0,21,16,2,0,3,1775,1741,4,0,1,29,3,0,3
2021,East Markham,E05006381,2501,39,0,5,13,13,8,6,4,1,1,17,7,0,2,8,2436,2390,15,1,3,27,3,3,0
2021,East Retford East,E05006382,7154,94,0,19,24,29,22,19,10,6,3,88,20,7,28,33,6926,6699,28,11,2,186,27,2,25
2021,East Retford North,E05006383,6349,76,0,15,35,2,24,31,17,12,2,49,18,6,14,11,6161,6010,16,0,0,135,32,5,27
2021,East Retford South,E05006384,5276,43,0,7,6,10,20,38,19,9,10,59,12,11,20,16,5119,5017,11,0,1,90,17,1,16
2021,East Retford West,E05006385,5184,82,0,14,20,7,41,45,23,11,11,71,13,15,25,18,4970,4787,6,5,0,172,16,3,13
2021,Everton (Bassetlaw),E05006386,2512,8,0,5,1,1,1,12,3,8,1,39,8,6,16,9,2451,2419,8,2,0,22,2,2,0
2021,Harworth,E05006387,8883,71,12,12,29,4,14,81,33,15,33,93,19,10,29,35,8602,8357,15,5,0,225,36,3,33
2021,Langold,E05006388,2603,20,0,2,13,1,4,6,0,3,3,14,2,0,6,6,2556,2518,5,0,0,33,7,1,6
2021,Misterton (Bassetlaw),E05006389,2523,34,0,6,20,1,7,4,1,3,0,17,9,3,2,3,2460,2439,1,4,0,16,8,0,8
2021,Rampton,E05006390,2293,13,1,3,3,5,1,10,3,4,3,20,5,1,4,10,2241,2193,5,16,0,27,9,6,3
2021,Ranskill,E05006391,2402,14,0,3,7,0,4,9,7,1,1,29,6,8,12,3,2347,2306,8,0,0,33,3,0,3
2021,Sturton,E05006392,2386,14,0,2,6,0,6,4,1,2,1,19,10,1,3,5,2348,2328,10,0,1,9,1,1,0
2021,Sutton (Bassetlaw),E05006393,2895,96,6,1,32,46,11,68,7,26,35,118,19,12,72,15,2596,2533,4,24,0,35,17,7,10
2021,Tuxford and Trent,E05006394,4597,22,1,4,14,0,3,15,6,9,0,51,20,8,15,8,4498,4384,10,6,2,96,11,0,11
2021,Welbeck,E05006395,1997,16,0,2,9,0,5,4,1,0,3,19,7,1,8,3,1954,1934,5,0,0,15,4,0,4
2021,Worksop East,E05006396,6426,85,2,5,37,8,33,75,48,18,9,97,19,3,56,19,6141,5726,14,3,0,398,28,0,28
2021,Worksop North,E05006397,9682,134,1,28,41,39,25,65,44,12,9,111,31,14,41,25,9324,8925,23,1,7,368,48,7,41
2021,Worksop North East,E05006398,6120,87,0,18,44,4,21,23,12,6,5,77,18,8,39,12,5906,5588,14,3,5,296,27,0,27
2021,Worksop North West,E05006399,8371,176,4,28,60,12,72,71,43,19,9,114,32,12,40,30,7943,7248,19,12,10,654,67,6,61
2021,Worksop South,E05006400,7044,154,3,29,51,16,55,59,36,15,8,69,23,13,21,12,6684,6132,33,14,18,487,78,25,53
2021,Worksop South East,E05006401,8308,95,10,15,33,3,34,53,36,9,8,133,43,30,28,32,7907,6679,30,10,12,1176,120,17,103
2021,Alvescot and Filkins,E05006627,1823,9,0,0,6,0,3,4,2,2,0,15,1,1,8,5,1791,1696,9,10,0,76,4,0,4
2021,Ascott and Shipton,E05006628,2175,18,0,4,4,1,9,16,10,6,0,24,11,2,4,7,2116,2006,24,0,0,86,1,0,1
2021,Bampton and Clanfield,E05006629,4204,13,0,1,1,1,10,13,10,1,2,52,31,5,7,9,4118,3941,36,2,2,137,8,3,5
2021,Carterton North East,E05006632,6063,129,44,13,20,21,31,75,55,9,11,142,52,35,32,23,5690,5310,13,0,4,363,27,5,22
2021,Carterton South,E05006634,4178,64,7,4,9,3,41,35,25,6,4,63,15,18,11,19,4001,3811,25,3,3,159,15,1,14
2021,Chipping Norton,E05006637,7250,214,65,27,55,9,58,42,27,10,5,98,31,6,28,33,6850,6347,60,16,0,427,46,2,44
2021,Ducklington,E05006638,2420,29,0,9,1,0,19,15,10,5,0,33,7,8,11,7,2320,2195,15,1,4,105,23,10,13
2021,Eynsham and Cassington,E05006639,6457,120,4,45,25,10,36,45,25,17,3,167,73,20,37,37,6076,5556,79,11,6,424,49,4,45
2021,Freeland and Hanborough,E05006640,5026,74,0,24,24,9,17,32,27,5,0,97,40,13,22,22,4786,4509,41,27,0,209,37,12,25
2021,"Kingham, Rollright and Enstone",E05006642,4299,67,0,20,29,5,13,20,13,3,4,97,37,10,16,34,4089,3836,31,7,0,215,26,5,21
2021,Milton-under-Wychwood,E05006643,2247,11,1,0,4,1,5,10,6,4,0,20,10,4,3,3,2201,2118,14,0,0,69,5,0,5
2021,North Leigh,E05006644,2126,21,5,1,5,1,9,10,3,5,2,35,13,1,11,10,2052,1942,26,1,0,83,8,1,7
2021,"Standlake, Aston and Stanton Harcourt",E05006645,4591,57,1,12,11,15,18,27,15,8,4,94,30,12,14,38,4399,4198,24,22,15,140,14,1,13
2021,Stonesfield and Tackley,E05006646,4435,53,4,18,7,2,22,19,10,5,4,81,29,6,15,31,4266,4035,39,0,3,189,16,1,15
2021,The Bartons,E05006647,1972,21,0,2,11,0,8,2,1,1,0,22,13,1,2,6,1923,1826,23,2,5,67,4,0,4
2021,Witney Central,E05006648,5950,139,21,33,27,5,53,55,47,3,5,134,43,25,34,32,5545,5091,32,15,9,398,77,32,45
2021,Witney East,E05006649,7823,202,22,53,46,17,64,58,35,12,11,174,61,23,38,52,7332,6760,65,0,17,490,57,9,48
2021,Witney North,E05006650,3948,50,0,9,17,1,23,18,10,1,7,101,46,13,28,14,3753,3535,27,6,3,182,26,10,16
2021,Witney South,E05006651,6284,177,22,33,54,18,50,36,28,7,1,128,43,23,27,35,5875,5325,41,3,8,498,68,13,55
2021,Witney West,E05006652,5622,93,3,14,26,0,50,51,30,10,11,101,34,20,34,13,5332,4825,45,4,7,451,45,13,32
2021,Woodstock and Bladon,E05006653,4496,117,0,33,43,6,35,38,26,8,4,111,54,6,19,32,4190,3750,47,12,10,371,40,6,34
2021,Brereton and Ravenhill,E05006902,7021,84,10,10,39,0,25,30,11,7,12,77,32,6,27,12,6814,6653,23,0,7,131,16,1,15
2021,Cannock East,E05006903,7100,46,4,3,25,10,4,33,5,20,8,101,25,3,59,14,6909,6748,20,0,5,136,11,1,10
2021,Cannock North,E05006904,7344,92,1,13,34,23,21,27,8,14,5,117,25,11,59,22,7088,6899,27,0,1,161,20,2,18
2021,Cannock South,E05006905,8302,169,15,58,28,17,51,57,30,22,5,159,26,12,91,30,7892,7653,22,8,0,209,25,3,22
2021,Cannock West,E05006906,7109,130,1,18,79,19,13,38,15,21,2,93,26,7,47,13,6811,6663,34,2,2,110,37,5,32
2021,Etching Hill and The Heath,E05006907,6595,72,2,20,36,0,14,29,6,20,3,73,24,8,34,7,6406,6284,27,2,0,93,15,1,14
2021,Hagley (Cannock Chase),E05006908,4551,71,27,11,17,0,16,16,7,9,0,54,13,1,28,12,4393,4240,13,1,4,135,17,1,16
2021,Hawks Green,E05006909,7133,81,0,31,23,8,19,29,8,18,3,121,26,8,67,20,6869,6758,25,0,0,86,33,0,33
2021,Heath Hayes East and Wimblebury,E05006910,6277,71,1,16,34,13,7,34,13,16,5,83,14,9,51,9,6082,6015,11,0,2,54,7,0,7
2021,Hednesford Green Heath,E05006911,6971,102,0,9,59,16,18,29,12,10,7,87,29,6,43,9,6739,6613,15,0,1,110,14,5,9
2021,Hednesford North,E05006912,6950,62,0,16,25,3,18,25,9,15,1,119,26,10,57,26,6723,6588,12,1,4,118,21,5,16
2021,Hednesford South,E05006913,5416,63,0,12,31,6,14,32,15,14,3,61,14,8,32,7,5249,5188,12,0,0,49,11,2,9
2021,Norton Canes,E05006914,8320,66,5,12,34,0,15,46,20,16,10,147,32,8,82,25,8038,7915,27,9,0,87,23,2,21
2021,Rawnsley,E05006915,4719,41,0,4,18,0,19,15,10,5,0,44,17,1,23,3,4595,4519,13,9,0,54,24,0,24
2021,Western Springs,E05006916,6718,63,3,15,17,3,25,28,22,4,2,86,18,14,35,19,6524,6282,35,2,4,201,17,0,17
2021,Abbey (East Staffordshire),E05006917,2892,9,0,5,3,0,1,3,1,2,0,9,6,0,3,0,2868,2833,6,0,0,29,3,0,3
2021,Anglesey (East Staffordshire),E05006918,7844,2696,80,24,42,2347,203,234,136,78,20,246,70,11,95,70,4439,2572,16,24,71,1756,229,34,195
2021,Bagots,E05006919,2776,10,0,0,5,0,5,4,0,3,1,22,8,0,10,4,2737,2682,20,0,0,35,3,0,3
2021,Branston (East Staffordshire),E05006920,9377,1043,33,37,120,761,92,117,68,39,10,248,79,8,131,30,7884,7366,34,7,9,468,85,8,77
2021,Brizlincote,E05006921,5265,119,0,15,36,54,14,36,12,21,3,87,27,3,52,5,4999,4810,27,0,13,149,24,4,20
2021,Burton (East Staffordshire),E05006922,4311,470,21,35,60,299,55,96,50,32,14,167,45,4,86,32,3473,2466,20,11,19,957,105,13,92
2021,Churnet (East Staffordshire),E05006923,2832,26,0,17,4,0,5,11,4,6,1,38,9,9,15,5,2742,2668,10,0,6,58,15,0,15
2021,Crown,E05006924,3500,159,11,10,28,92,18,89,26,31,32,95,15,7,61,12,3144,3044,29,21,0,50,13,0,13
2021,Eton Park,E05006925,8056,1897,7,22,103,1591,174,206,127,51,28,253,102,21,85,45,5544,4369,17,6,19,1133,156,30,126
2021,Heath (East Staffordshire),E05006926,7086,40,0,13,12,7,8,23,14,6,3,66,27,6,21,12,6946,6731,20,0,1,194,11,1,10
2021,Horninglow,E05006927,9159,1157,12,25,177,737,206,153,79,62,12,301,90,22,139,50,7398,6513,53,1,15,816,150,9,141
2021,Needwood,E05006928,5961,96,0,21,37,12,26,17,8,8,1,94,37,4,39,14,5735,5629,36,0,0,70,19,2,17
2021,Rolleston on Dove,E05006929,3219,28,7,1,10,6,4,6,1,4,1,38,19,5,11,3,3140,3087,13,0,3,37,7,1,6
2021,Shobnall,E05006930,8474,2699,11,40,151,2263,234,166,94,51,21,289,104,13,122,50,5082,3672,26,14,29,1341,238,44,194
2021,Stapenhill,E05006931,8196,233,0,14,37,124,58,59,32,19,8,203,57,17,88,41,7639,6712,41,1,8,877,62,7,55
2021,Stretton,E05006932,7762,269,0,35,77,125,32,39,14,16,9,106,25,8,53,20,7285,7152,13,0,0,120,63,8,55
2021,Town (East Staffordshire),E05006933,6938,88,5,17,26,4,36,24,6,15,3,69,25,8,14,22,6729,6491,30,5,10,193,28,1,27
2021,Tutbury and Outwoods,E05006934,7223,248,8,14,82,107,37,26,11,14,1,126,39,12,55,20,6778,6583,36,4,1,154,45,23,22
2021,Weaver,E05006935,2022,5,0,0,3,2,0,8,2,5,1,20,3,7,3,7,1982,1947,11,1,0,23,7,1,6
2021,Winshill,E05006936,8386,226,12,4,67,90,53,48,22,19,7,231,75,31,104,21,7826,7065,47,5,11,698,55,5,50
2021,Yoxall,E05006937,2751,32,0,2,2,18,10,8,2,4,2,22,11,4,3,4,2683,2628,18,2,0,35,6,0,6
2021,Bilbrook,E05006988,4168,187,1,13,133,15,25,36,4,26,6,132,28,7,87,10,3790,3708,14,4,1,63,23,1,22
2021,Brewood and Coven,E05006989,6566,149,1,8,108,15,17,37,18,15,4,145,52,2,57,34,6214,6098,53,16,2,45,21,3,18
2021,Cheslyn Hay North and Saredon,E05006990,4342,58,0,10,36,7,5,22,16,6,0,63,12,6,37,8,4179,4130,21,3,0,25,20,3,17
2021,Cheslyn Hay South,E05006991,3475,40,0,1,28,3,8,11,2,8,1,40,12,3,15,10,3370,3337,14,4,0,15,14,1,13
2021,Codsall North,E05006992,4588,165,0,9,118,20,18,36,19,14,3,142,38,8,78,18,4214,4130,35,4,0,45,31,6,25
2021,Codsall South,E05006993,3952,198,0,6,169,7,16,20,4,11,5,91,33,1,44,13,3597,3541,16,0,0,40,46,3,43
2021,Essington,E05006994,5215,193,1,5,152,27,8,34,12,16,6,95,29,1,55,10,4870,4780,13,38,3,36,23,1,22
2021,Featherstone and Shareshill,E05006995,7862,481,42,8,154,231,46,405,93,232,80,397,51,27,263,56,6536,6257,51,81,9,138,43,5,38
2021,Great Wyrley Landywood,E05006996,4632,98,0,8,67,11,12,8,1,6,1,74,15,4,49,6,4451,4390,12,1,4,44,1,1,0
2021,Great Wyrley Town,E05006997,6323,74,4,9,51,2,8,22,2,16,4,69,13,3,36,17,6146,6081,26,0,4,35,12,1,11
2021,Himley and Swindon,E05006998,2524,84,0,5,69,3,7,30,8,19,3,39,14,5,14,6,2361,2336,5,2,1,17,10,1,9
2021,Huntington and Hatherton,E05006999,5363,103,0,14,55,17,17,31,15,11,5,56,20,4,20,12,5165,5064,21,12,1,67,8,2,6
2021,Kinver,E05007000,7105,90,3,8,53,17,9,29,5,18,6,122,39,4,60,19,6821,6735,23,3,1,59,43,17,26
2021,Pattingham and Patshull,E05007001,2257,51,0,3,39,0,9,8,3,5,0,50,30,1,10,9,2134,2101,10,6,0,17,14,4,10
2021,Penkridge North East and Acton Trussell,E05007002,3710,55,0,1,38,0,16,9,1,6,2,56,13,4,27,12,3581,3539,11,1,0,30,9,0,9
2021,Penkridge South East,E05007003,5047,46,0,6,32,7,1,23,12,11,0,80,31,5,33,11,4890,4849,10,4,0,27,8,1,7
2021,Penkridge West,E05007004,2163,15,1,6,7,0,1,8,1,7,0,43,13,6,20,4,2082,2054,20,0,0,8,15,0,15
2021,Perton Dippons,E05007005,1915,114,1,1,93,12,7,15,4,10,1,25,11,0,9,5,1745,1722,6,1,0,16,16,0,16
2021,Perton East,E05007006,2030,100,0,11,73,3,13,30,6,16,8,56,23,1,17,15,1831,1810,6,0,0,15,13,0,13
2021,Perton Lakeside,E05007007,5970,221,0,29,171,14,7,93,35,35,23,171,50,12,91,18,5458,5304,30,4,0,120,27,4,23
2021,Trysull and Seisdon,E05007008,2269,56,0,2,47,0,7,9,2,4,3,39,12,1,17,9,2150,2105,2,0,0,43,15,1,14
2021,"Wheaton Aston, Bishopswood and Lapley",E05007009,4175,43,1,2,22,15,3,23,7,13,3,53,26,0,20,7,4053,3993,20,1,2,37,3,0,3
2021,Wombourne North and Lower Penn,E05007010,6337,395,4,15,335,5,36,47,18,16,13,83,27,8,40,8,5716,5641,33,0,0,42,96,4,92
2021,Wombourne South East,E05007011,3911,39,0,3,33,0,3,16,8,7,1,32,5,5,10,12,3817,3780,18,1,0,18,7,1,6
2021,Wombourne South West,E05007012,4573,56,1,4,39,5,7,27,10,17,0,88,15,2,64,7,4394,4345,13,3,0,33,8,0,8
2021,Alton,E05007039,1357,3,0,0,0,0,3,2,0,2,0,12,3,2,4,3,1339,1308,12,3,0,16,1,1,0
2021,Bagnall and Stanley,E05007040,1629,10,0,4,0,1,5,6,3,2,1,12,0,2,9,1,1601,1581,5,0,1,14,0,0,0
2021,Biddulph East,E05007041,6061,22,0,4,1,2,15,9,1,8,0,49,10,3,22,14,5972,5880,16,9,3,64,9,1,8
2021,Biddulph Moor,E05007042,1563,6,0,0,4,2,0,4,0,3,1,2,1,0,0,1,1547,1536,1,1,0,9,4,1,3
2021,Biddulph North,E05007043,5386,18,1,2,11,0,4,16,7,7,2,48,17,2,20,9,5300,5238,10,0,0,52,4,0,4
2021,Biddulph South,E05007044,1590,7,0,0,3,4,0,2,0,1,1,17,7,1,1,8,1561,1553,2,0,0,6,3,2,1
2021,Biddulph West,E05007045,5026,51,1,15,7,10,18,6,3,3,0,50,13,1,25,11,4905,4854,15,0,0,36,14,1,13
2021,Brown Edge and Endon,E05007046,4725,20,1,6,8,0,5,13,5,5,3,43,11,7,18,7,4638,4609,12,0,1,16,11,0,11
2021,Caverswall,E05007047,1778,16,0,1,11,3,1,2,1,1,0,24,6,5,12,1,1735,1715,3,0,0,17,1,0,1
2021,Cellarhead,E05007048,3202,11,0,4,4,2,1,18,6,12,0,33,4,6,10,13,3139,3094,11,0,1,33,1,0,1
2021,Cheadle North East,E05007049,3403,54,0,4,25,10,15,8,1,6,1,31,12,3,9,7,3301,3263,6,2,0,30,9,6,3
2021,Cheadle South East,E05007050,3552,27,0,1,16,3,7,3,3,0,0,30,1,3,15,11,3490,3448,2,0,1,39,2,0,2
2021,Cheadle West,E05007051,5076,51,4,12,7,16,12,5,2,3,0,51,14,5,20,12,4956,4855,25,1,0,75,13,1,12
2021,Checkley,E05007052,5548,38,2,11,10,6,9,8,2,5,1,41,22,5,11,3,5449,5384,23,1,0,41,12,4,8
2021,Cheddleton,E05007053,5319,24,0,4,9,1,10,6,2,4,0,32,8,0,10,14,5250,5160,14,0,0,76,7,0,7
2021,Churnet (Staffordshire Moorlands),E05007054,3193,13,0,3,2,3,5,3,1,1,1,22,5,3,12,2,3152,3114,4,2,0,32,3,0,3
2021,Dane,E05007055,1591,6,0,0,1,2,3,1,0,1,0,21,9,2,9,1,1563,1534,4,2,1,22,0,0,0
2021,Forsbrook,E05007056,5071,54,0,9,20,8,17,7,5,1,1,41,16,3,14,8,4953,4917,17,1,1,17,16,2,14
2021,Hamps Valley,E05007057,1743,3,0,1,1,0,1,1,1,0,0,11,3,2,5,1,1727,1717,3,0,0,7,1,1,0
2021,Horton,E05007058,1845,9,1,2,2,4,0,3,1,1,1,11,3,1,3,4,1820,1800,3,0,0,17,2,0,2
2021,Ipstones,E05007059,1751,8,0,0,6,0,2,0,0,0,0,13,8,2,3,0,1729,1703,2,15,0,9,1,0,1
2021,Leek East,E05007060,4917,50,1,8,9,6,26,18,14,1,3,60,26,8,12,14,4769,4651,10,0,2,106,20,1,19
2021,Leek North,E05007061,5536,43,0,5,11,9,18,15,8,5,2,69,35,4,19,11,5396,5248,12,11,0,125,13,3,10
2021,Leek South,E05007062,5738,40,0,7,11,4,18,14,2,10,2,79,27,9,21,22,5600,5470,17,2,2,109,5,2,3
2021,Leek West,E05007063,4415,57,0,16,14,2,25,12,7,5,0,44,27,7,2,8,4295,4230,16,1,0,48,7,0,7
2021,Manifold,E05007064,1724,3,0,1,0,0,2,2,1,1,0,15,6,2,4,3,1702,1680,6,2,0,14,2,1,1
2021,Werrington (Staffordshire Moorlands),E05007065,3116,18,0,0,12,1,5,5,1,4,0,39,11,0,19,9,3050,3028,4,0,0,18,4,0,4
2021,Amington,E05007066,8353,117,4,9,72,6,26,51,9,39,3,181,47,16,81,37,7984,7564,40,1,11,368,20,2,18
2021,Belgrave (Tamworth),E05007067,7912,128,4,18,54,23,29,43,11,20,12,143,26,9,86,22,7571,7142,50,2,7,370,27,8,19
2021,Bolehall,E05007068,7507,109,12,28,40,8,21,39,16,19,4,121,22,9,66,24,7200,6798,53,0,6,343,38,9,29
2021,Castle (Tamworth),E05007069,7599,115,9,30,42,11,23,70,31,34,5,149,33,13,75,28,7219,6662,39,1,36,481,46,15,31
2021,Glascote,E05007070,7685,66,1,9,31,1,24,38,9,18,11,148,23,9,92,24,7388,6954,38,1,5,390,45,6,39
2021,Mercian,E05007071,7112,78,1,20,36,3,18,22,5,11,6,117,36,12,54,15,6879,6535,41,3,12,288,16,1,15
2021,Spital,E05007072,8139,113,1,19,60,6,27,45,15,21,9,165,47,17,81,20,7782,7336,49,4,12,381,34,9,25
2021,Stonydelph,E05007073,7626,91,2,7,52,13,17,74,22,39,13,135,40,12,71,12,7305,6964,43,0,9,289,21,2,19
2021,Trinity (Tamworth),E05007074,7341,128,4,31,57,6,30,35,8,21,6,140,57,5,58,20,7009,6867,30,0,1,111,29,2,27
2021,Wilnecote,E05007075,9367,136,0,30,61,26,19,86,29,39,18,171,37,17,92,25,8965,8634,64,3,10,254,9,0,9
2021,Alexandra (Ipswich),E05007117,10690,1117,321,89,401,39,267,451,273,99,79,527,85,87,201,154,8273,6690,70,77,86,1350,322,42,280
2021,Bixley,E05007118,7451,447,79,30,209,10,119,145,72,62,11,254,42,38,111,63,6534,6226,33,0,13,262,71,20,51
2021,Bridge (Ipswich),E05007119,9840,336,43,47,76,23,147,578,319,142,117,553,57,124,259,113,8108,6643,37,43,43,1342,265,27,238
2021,Castle Hill,E05007120,7433,245,63,13,87,4,78,106,34,58,14,183,30,26,83,44,6835,6521,27,0,4,283,64,10,54
2021,Gainsborough,E05007121,8849,410,209,27,63,24,87,309,120,100,89,370,34,59,171,106,7628,7069,24,7,23,505,132,14,118
2021,Gipping,E05007122,9397,574,173,85,179,27,110,492,241,150,101,540,57,109,273,101,7561,6148,30,49,57,1277,230,19,211
2021,Holywells,E05007123,8117,512,61,55,263,26,107,255,150,69,36,307,50,43,125,89,6892,5959,41,20,37,835,151,33,118
2021,Priory Heath,E05007124,9652,701,340,80,116,33,132,399,168,148,83,506,58,79,250,119,7803,7018,35,0,5,745,243,26,217
2021,Rushmere,E05007125,8483,557,177,48,175,63,94,174,86,66,22,347,47,38,186,76,7253,6828,39,9,13,364,152,20,132
2021,St John's (Ipswich),E05007126,9702,830,49,38,357,29,357,289,143,103,43,437,62,83,197,95,7914,7241,38,11,36,588,232,22,210
2021,St Margaret's (Ipswich),E05007127,8388,429,76,87,164,20,82,198,108,65,25,353,102,44,127,80,7248,6595,71,10,38,534,160,38,122
2021,Sprites,E05007128,6778,124,16,9,29,2,68,152,82,45,25,283,13,63,154,53,6125,5815,34,8,4,264,94,7,87
2021,Stoke Park,E05007129,7275,145,18,36,17,13,61,258,150,74,34,338,28,65,193,52,6447,5932,26,11,1,477,87,19,68
2021,Westgate (Ipswich),E05007130,10204,633,222,53,140,42,176,568,350,129,89,546,71,132,223,120,8023,5761,31,73,269,1889,434,37,397
2021,Whitehouse,E05007131,9102,326,95,38,65,18,110,285,125,97,63,419,44,85,206,84,7882,7063,27,23,25,744,190,21,169
2021,Whitton (Ipswich),E05007132,8287,228,74,15,25,9,105,225,64,103,58,450,42,75,259,74,7229,6698,21,16,10,484,155,1,154
2021,Auriol,E05007273,4117,547,17,73,199,104,154,32,24,6,2,121,62,10,17,32,3332,2961,72,0,0,299,85,27,58
2021,College (Epsom and Ewell),E05007274,6017,511,61,98,169,92,91,67,45,11,11,248,144,25,25,54,5127,4534,88,1,11,493,64,9,55
2021,Court (Epsom and Ewell),E05007275,7686,1089,129,134,263,123,440,293,181,56,56,425,143,37,113,132,5607,4602,107,16,17,865,272,72,200
2021,Cuddington,E05007276,5924,948,21,76,307,260,284,75,40,30,5,249,94,24,49,82,4322,3750,96,0,17,459,330,192,138
2021,Ewell,E05007277,5984,445,15,68,162,55,145,75,40,22,13,253,90,34,44,85,5089,4501,109,6,7,466,122,31,91
2021,Ewell Court,E05007278,5539,790,34,73,270,168,245,81,47,24,10,170,75,15,39,41,4302,3850,81,2,1,368,196,66,130
2021,Nonsuch,E05007279,6168,1129,42,167,548,194,178,103,76,16,11,287,129,33,29,96,4445,3965,101,3,12,364,204,69,135
2021,Ruxley,E05007280,6550,714,57,70,200,118,269,197,132,35,30,297,89,40,66,102,5132,4430,60,24,13,605,210,58,152
2021,Stamford,E05007281,7525,579,33,106,243,73,124,82,42,27,13,319,157,23,44,95,6392,5713,106,12,9,552,153,36,117
2021,Stoneleigh,E05007282,4753,591,39,84,233,64,171,37,17,9,11,156,70,19,14,53,3880,3506,78,0,0,296,89,24,65
2021,Town (Epsom and Ewell),E05007283,8290,1047,51,198,280,137,381,322,211,59,52,467,146,75,83,163,6188,4858,123,2,43,1162,266,62,204
2021,West Ewell,E05007284,6383,416,15,74,146,41,140,123,60,35,28,290,93,35,46,116,5386,4876,84,12,10,404,168,37,131
2021,Woodcote,E05007285,6005,427,16,72,168,47,124,87,54,26,7,266,124,30,33,79,5113,4589,84,3,2,435,112,36,76
2021,Ash South and Tongham,E05007286,8708,441,9,49,131,135,117,89,62,19,8,185,61,31,35,58,7915,7422,65,55,15,358,78,16,62
2021,Ash Vale,E05007287,5692,221,1,34,60,30,96,70,44,13,13,112,38,28,21,25,5235,4844,27,38,13,313,54,13,41
2021,Ash Wharf,E05007288,6051,230,8,22,45,61,94,61,41,10,10,135,44,39,19,33,5595,5165,53,79,6,292,30,7,23
2021,Burpham,E05007289,5837,369,13,148,120,29,59,71,47,17,7,212,90,20,34,68,5012,4425,50,2,9,526,173,43,130
2021,Christchurch,E05007290,5910,536,26,157,182,40,131,53,45,5,3,287,175,11,27,74,4879,4164,55,4,10,646,155,42,113
2021,Clandon and Horsley,E05007291,8862,156,12,22,74,5,43,48,36,7,5,176,77,12,37,50,8439,7813,122,13,6,485,43,11,32
2021,Effingham,E05007292,2724,58,1,21,14,0,22,27,18,7,2,53,22,2,12,17,2571,2378,26,24,5,138,15,2,13
2021,Friary and St Nicolas,E05007293,10110,892,33,311,268,50,230,198,139,38,21,402,159,53,68,122,8260,6601,109,11,34,1505,358,135,223
2021,Holy Trinity,E05007294,8234,480,14,112,176,33,145,114,69,26,19,374,173,44,51,106,7059,5676,95,8,26,1254,207,54,153
2021,Lovelace,E05007295,2617,36,3,2,15,8,8,29,20,8,1,68,27,9,10,22,2466,2276,20,10,8,152,18,3,15
2021,Merrow,E05007296,8064,520,28,176,163,22,131,79,47,15,17,265,97,27,33,108,7029,6131,89,3,13,793,171,50,121
2021,Normandy,E05007297,3113,48,0,13,10,4,21,17,11,4,2,43,17,2,10,14,2983,2761,30,54,5,133,22,3,19
2021,Onslow,E05007298,11064,2156,97,684,683,188,504,424,346,39,39,518,221,75,77,145,7506,6269,82,4,25,1126,460,163,297
2021,Pilgrims,E05007299,2560,42,1,11,13,11,6,4,1,2,1,57,29,12,9,7,2435,2287,17,5,0,126,22,3,19
2021,Pirbright,E05007300,4562,180,4,10,37,23,106,198,122,44,32,125,40,23,34,28,3984,3720,40,7,3,214,75,9,66
2021,Send,E05007301,4245,84,5,8,39,14,18,34,17,10,7,71,24,10,24,13,4014,3756,35,4,3,216,42,9,33
2021,Shalford,E05007302,5569,146,8,43,52,1,42,33,25,2,6,113,45,21,17,30,5232,4848,56,6,4,318,45,4,41
2021,Stoke (Guildford),E05007303,6376,458,54,50,82,61,211,96,68,17,11,205,82,25,48,50,5471,4843,32,20,7,569,146,48,98
2021,Stoughton,E05007304,9577,770,48,177,217,86,242,159,119,20,20,343,135,64,45,99,8077,7051,93,16,18,899,228,50,178
2021,Tillingbourne,E05007305,5659,57,3,10,24,4,16,11,10,1,0,99,37,8,10,44,5449,5066,49,30,0,304,43,11,32
2021,Westborough (Guildford),E05007306,9656,1186,96,157,283,60,590,203,150,36,17,341,97,69,64,111,7743,6815,73,37,16,802,183,29,154
2021,Worplesdon,E05007307,8464,557,12,98,183,52,212,128,96,15,17,203,84,30,26,63,7451,6768,77,37,13,556,125,26,99
2021,Ashtead Common,E05007308,4170,124,7,22,46,7,42,17,10,6,1,127,65,6,19,37,3874,3593,57,0,0,224,28,12,16
2021,Ashtead Park,E05007309,4530,239,6,58,78,42,55,71,58,7,6,132,60,12,22,38,4021,3666,75,8,5,267,67,24,43
2021,Ashtead Village,E05007310,6132,272,1,61,96,50,64,43,24,12,7,194,88,23,37,46,5561,5187,94,2,0,278,62,11,51
2021,Beare Green,E05007311,1937,35,1,9,4,0,21,7,1,1,5,14,9,1,0,4,1878,1780,17,0,1,80,3,1,2
2021,Bookham North,E05007312,5970,76,0,19,28,2,27,53,34,7,12,171,54,13,24,80,5622,5235,56,4,0,327,48,8,40
2021,Bookham South,E05007313,5676,141,5,30,54,19,33,20,13,6,1,107,41,8,27,31,5374,5063,54,9,0,248,34,8,26
2021,Box Hill and Headley,E05007314,1847,16,0,1,8,0,7,5,4,1,0,34,12,4,3,15,1779,1701,18,1,0,59,13,2,11
2021,"Brockham, Betchworth and Buckland",E05007315,4411,46,1,12,19,0,14,7,5,2,0,89,43,2,15,29,4251,4064,43,6,0,138,18,4,14
2021,"Capel, Leigh and Newdigate",E05007316,4246,32,0,11,16,1,4,10,6,3,1,50,25,4,8,13,4137,3919,52,2,1,163,17,6,11
2021,Charlwood,E05007317,2399,72,0,7,43,6,16,30,20,8,2,47,16,4,14,13,2229,2143,8,4,0,74,21,2,19
2021,Dorking North,E05007318,4448,98,5,17,41,2,33,32,16,13,3,107,50,13,16,28,4169,3787,39,3,5,335,42,5,37
2021,Dorking South,E05007319,7322,262,66,44,52,8,92,56,37,18,1,184,73,22,36,53,6728,6063,89,0,1,575,92,40,52
2021,Fetcham East,E05007320,3861,129,5,13,76,13,22,14,5,9,0,70,32,7,18,13,3623,3376,32,8,0,207,25,15,10
2021,Fetcham West,E05007321,4166,149,8,29,60,14,38,21,11,6,4,115,71,4,11,29,3841,3598,34,0,5,204,40,4,36
2021,Holmwoods,E05007322,6416,151,35,18,32,14,52,58,39,11,8,164,49,17,34,64,5991,5599,50,9,2,331,52,17,35
2021,Leatherhead North,E05007323,7704,501,85,60,131,54,171,153,94,35,24,303,86,51,72,94,6598,5770,94,17,27,690,149,47,102
2021,Leatherhead South,E05007324,4386,184,13,24,54,5,88,68,47,15,6,114,43,6,24,41,3960,3531,48,18,8,355,60,13,47
2021,Leith Hill,E05007325,1648,23,0,7,6,0,10,4,3,0,1,35,9,9,7,10,1582,1472,28,5,1,76,4,1,3
2021,"Mickleham, Westhumble and Pixham",E05007326,1888,40,0,20,2,0,18,17,12,4,1,54,17,7,16,14,1762,1604,21,1,0,136,15,3,12
2021,Okewood,E05007327,1963,13,0,0,2,6,5,2,1,0,1,27,11,5,7,4,1916,1835,16,2,0,63,5,0,5
2021,Westcott,E05007328,2275,42,5,1,23,5,8,14,7,6,1,59,21,11,12,15,2148,1996,26,0,0,126,12,7,5
2021,Ashford Common,E05007362,8356,1012,47,75,592,117,181,194,131,42,21,235,100,21,42,72,6729,6037,82,15,16,579,186,29,157
2021,Ashford East,E05007363,7694,967,49,40,551,163,164,191,141,39,11,267,127,34,39,67,6144,5541,118,16,11,458,125,24,101
2021,Ashford North and Stanwell South,E05007364,9672,2382,33,74,1322,387,566,374,259,85,30,368,127,74,68,99,6175,5100,57,57,26,935,373,60,313
2021,Ashford Town,E05007365,7650,862,49,94,484,82,153,195,107,58,30,293,123,20,60,90,6164,5420,126,10,9,599,136,28,108
2021,Halliford and Sunbury West,E05007366,6468,422,35,32,228,16,111,104,61,30,13,237,98,35,38,66,5590,5126,113,20,5,326,115,37,78
2021,Laleham and Shepperton Green,E05007367,8353,555,26,44,291,71,123,148,101,33,14,285,128,41,48,68,7211,6603,75,11,12,510,154,24,130
2021,Riverside and Laleham,E05007368,6804,532,9,35,383,25,80,80,51,21,8,187,71,18,35,63,5940,5310,101,5,10,514,65,16,49
2021,Shepperton Town,E05007369,6986,268,11,33,112,37,75,32,15,14,3,186,84,25,19,58,6422,5886,84,54,12,386,78,10,68
2021,Staines,E05007370,8952,1420,23,131,954,127,185,247,169,47,31,409,172,43,71,123,6606,5292,161,10,46,1097,270,56,214
2021,Staines South,E05007371,7165,778,27,35,515,87,114,116,75,27,14,218,84,19,53,62,5928,5358,91,17,8,454,125,19,106
2021,Stanwell North,E05007372,8608,1917,46,39,1049,315,468,379,271,71,37,327,100,53,88,86,5536,4572,74,40,28,822,449,84,365
2021,Sunbury Common,E05007373,8514,1239,60,89,634,136,320,369,244,86,39,435,144,70,83,138,6210,5403,81,15,29,682,261,90,171
2021,Sunbury East,E05007374,7744,784,16,75,444,104,145,129,87,34,8,321,131,31,74,85,6346,5613,159,4,5,565,164,46,118
2021,Chaldon,E05007391,1824,72,6,7,32,3,24,16,9,7,0,44,29,3,8,4,1681,1593,29,0,0,59,11,0,11
2021,Dormansland and Felcourt,E05007392,3988,64,5,8,20,6,25,28,14,12,2,87,33,9,17,28,3790,3576,34,4,1,175,19,5,14
2021,Felbridge,E05007393,2324,84,0,20,33,15,16,14,10,3,1,36,14,3,6,13,2171,2018,29,52,0,72,19,2,17
2021,Godstone,E05007394,6216,117,1,9,59,13,35,76,27,35,14,206,62,9,70,65,5784,5449,49,36,3,247,33,2,31
2021,Harestone,E05007395,4508,277,10,76,94,17,80,150,69,60,21,218,73,30,50,65,3801,3417,47,0,9,328,62,10,52
2021,Limpsfield,E05007396,3615,46,2,11,17,2,14,24,17,7,0,76,40,5,11,20,3462,3249,35,5,1,172,7,1,6
2021,Lingfield and Crowhurst,E05007397,4402,100,43,8,24,4,21,29,23,2,4,129,54,10,28,37,4117,3910,46,16,1,144,27,1,26
2021,Oxted North and Tandridge,E05007398,5880,122,12,12,44,3,51,60,32,17,11,148,68,18,22,40,5515,5125,70,12,1,307,35,2,33
2021,Oxted South,E05007399,6628,100,6,16,26,22,30,48,20,18,10,189,79,15,61,34,6244,5895,75,29,3,242,47,1,46
2021,Portley,E05007400,4680,236,15,22,121,20,58,159,75,64,20,224,72,16,80,56,3982,3765,52,2,11,152,79,11,68
2021,Queens Park (Tandridge),E05007401,3849,162,8,29,63,14,48,87,39,36,12,163,53,16,40,54,3379,3160,71,0,0,148,58,0,58
2021,Tatsfield and Titsey,E05007402,1977,17,1,0,4,4,8,20,12,5,3,35,16,0,5,14,1897,1810,20,0,0,67,8,0,8
2021,Valley (Tandridge),E05007403,4522,227,21,24,103,22,57,207,77,103,27,340,84,35,105,116,3687,3350,56,1,2,278,61,6,55
2021,Warlingham East and Chelsham and Farleigh,E05007404,5741,183,14,10,63,24,72,135,68,50,17,252,91,33,67,61,5119,4831,88,2,0,198,52,15,37
2021,Warlingham West,E05007405,3589,246,18,24,127,29,48,76,37,25,14,173,64,18,36,55,3071,2831,45,3,0,192,23,5,18
2021,Westway,E05007406,4831,354,16,43,189,15,91,210,78,99,33,248,70,31,84,63,3955,3724,32,1,3,195,64,8,56
2021,Whyteleafe,E05007407,4623,335,20,31,136,67,81,318,140,146,32,335,91,41,127,76,3569,3242,56,1,0,270,66,8,58
2021,Woldingham,E05007408,2540,244,10,84,45,8,97,143,113,21,9,106,41,9,14,42,2031,1814,49,9,0,159,16,3,13
2021,Bletchingley and Nutfield,E05007409,5969,107,9,9,33,11,45,62,30,19,13,174,63,23,47,41,5591,5233,70,53,5,230,35,11,24
2021,"Burstow, Horne and Outwood",E05007410,6175,183,8,21,64,51,39,69,43,22,4,151,45,32,41,33,5733,5353,41,106,0,233,39,5,34
2021,"Alfold, Cranleigh Rural and Ellens Green",E05007411,1968,34,0,7,14,5,8,5,2,3,0,20,2,4,5,9,1905,1805,15,10,0,75,4,0,4
2021,Blackheath and Wonersh,E05007412,1873,27,0,3,14,0,10,2,2,0,0,30,13,3,5,9,1801,1673,25,9,0,94,13,0,13
2021,"Bramley, Busbridge and Hascombe",E05007413,4995,139,10,45,30,6,48,41,31,3,7,125,59,12,13,41,4657,4213,69,12,3,360,33,3,30
2021,Chiddingfold and Dunsfold,E05007414,4063,47,0,7,13,10,17,15,12,2,1,72,40,9,5,18,3913,3700,22,7,0,184,16,0,16
2021,Cranleigh East,E05007415,6761,134,21,29,15,13,56,37,21,10,6,95,54,12,19,10,6464,6079,70,23,3,289,31,7,24
2021,Cranleigh West,E05007416,5031,107,1,26,28,10,42,46,28,9,9,118,39,19,16,44,4730,4384,65,20,5,256,30,9,21
2021,Elstead and Thursley,E05007417,3969,58,3,11,17,19,8,11,9,0,2,106,50,9,14,33,3774,3543,31,9,1,190,20,5,15
2021,Ewhurst,E05007418,2361,72,0,43,14,3,12,14,8,6,0,53,31,3,11,8,2216,2054,33,12,0,117,6,3,3
2021,Farnham Bourne,E05007419,4495,125,3,31,40,34,17,12,10,2,0,106,68,10,7,21,4238,3946,65,3,0,224,14,2,12
2021,Farnham Castle,E05007420,4755,259,11,107,31,40,70,36,24,9,3,121,49,5,27,40,4291,3933,37,6,3,312,48,6,42
2021,Farnham Firgrove,E05007421,4692,174,26,31,23,57,37,23,12,11,0,143,60,15,29,39,4311,4022,42,7,0,240,41,14,27
2021,Farnham Hale and Heath End,E05007422,4495,130,21,13,28,42,26,21,13,5,3,94,40,7,15,32,4226,3958,62,2,0,204,24,6,18
2021,Farnham Moor Park,E05007423,5393,195,20,39,41,35,60,57,29,19,9,147,51,20,39,37,4962,4495,47,40,7,373,32,6,26
2021,Farnham Shortheath and Boundstone,E05007424,4315,150,21,24,22,51,32,23,18,4,1,86,44,9,10,23,4026,3766,42,4,7,207,30,2,28
2021,Farnham Upper Hale,E05007425,4236,151,14,32,24,29,52,65,42,8,15,83,45,8,16,14,3906,3659,25,12,5,205,31,6,25
2021,Farnham Weybourne and Badshot Lea,E05007426,4704,172,13,38,40,49,32,15,10,5,0,73,31,8,19,15,4420,4159,48,19,1,193,24,6,18
2021,Farnham Wrecclesham and Rowledge,E05007427,5125,147,6,45,41,28,27,47,35,9,3,117,54,17,19,27,4801,4498,48,7,1,247,13,1,12
2021,"Frensham, Dockenfield and Tilford",E05007428,4142,208,0,11,21,164,12,18,9,7,2,54,24,6,5,19,3839,3584,30,3,0,222,23,13,10
2021,Godalming Binscombe,E05007429,4203,80,4,12,28,8,28,26,14,8,4,115,58,8,19,30,3952,3676,35,4,3,234,30,9,21
2021,Godalming Central and Ockford,E05007430,5177,171,13,33,28,40,57,45,34,6,5,145,65,7,17,56,4766,4318,36,11,7,394,50,8,42
2021,Godalming Charterhouse,E05007431,4345,174,5,41,65,18,45,58,33,20,5,163,111,17,7,28,3911,3522,32,0,8,349,39,7,32
2021,Godalming Farncombe and Catteshall,E05007432,5124,126,1,17,40,13,55,69,41,16,12,111,41,15,17,38,4776,4323,56,1,6,390,42,0,42
2021,Godalming Holloway,E05007433,4474,105,13,35,29,7,21,10,9,0,1,88,46,13,10,19,4252,3913,74,1,1,263,19,0,19
2021,Haslemere Critchmere and Shottermill,E05007434,6144,274,33,45,26,108,62,67,39,20,8,117,39,15,27,36,5637,5212,64,3,3,355,49,7,42
2021,Haslemere East and Grayswood,E05007435,6759,107,5,18,46,6,32,42,33,6,3,132,70,15,15,32,6424,5938,87,2,9,388,54,22,32
2021,Hindhead,E05007436,4373,98,4,22,33,14,25,20,16,0,4,99,49,13,18,19,4139,3840,35,7,0,257,17,1,16
2021,Milford (Waverley),E05007437,4115,69,2,16,10,11,30,12,7,2,3,88,39,16,13,20,3920,3695,37,3,7,178,26,1,25
2021,Shamley Green and Cranleigh North,E05007438,1938,19,0,0,10,0,9,23,19,4,0,30,11,1,10,8,1858,1722,12,12,0,112,8,0,8
2021,Witley and Hambledon,E05007439,4213,69,0,20,18,10,21,33,28,4,1,120,44,16,13,47,3975,3692,49,4,3,227,16,1,15
2021,Arley and Whitacre,E05007457,5927,61,0,9,30,6,16,36,17,14,5,136,37,14,61,24,5678,5481,48,9,2,138,16,4,12
2021,Atherstone Central,E05007458,4170,47,0,5,27,2,13,24,6,16,2,77,18,6,38,15,4001,3701,27,0,15,258,21,3,18
2021,Atherstone North,E05007459,3750,49,0,5,32,2,10,23,2,17,4,61,17,3,31,10,3608,3470,18,0,21,99,9,0,9
2021,Atherstone South and Mancetter,E05007460,3820,62,0,1,29,25,7,11,6,3,2,40,8,4,21,7,3698,3632,9,0,1,56,9,1,8
2021,Baddesley and Grendon,E05007461,4384,24,1,4,13,0,6,34,12,20,2,62,14,4,37,7,4259,4169,26,0,0,64,5,1,4
2021,Coleshill North,E05007462,3231,33,1,6,12,5,9,21,9,8,4,92,15,12,52,13,3074,2978,36,0,0,60,11,6,5
2021,Coleshill South,E05007463,3660,50,1,15,16,9,9,11,4,6,1,85,18,4,51,12,3505,3381,59,0,1,64,9,0,9
2021,Curdworth,E05007464,3421,89,0,7,49,20,13,29,8,16,5,66,7,11,31,17,3216,3128,40,0,3,45,21,5,16
2021,Dordon,E05007465,3212,46,0,6,28,5,7,30,8,20,2,58,22,8,15,13,3069,2896,16,1,7,149,9,1,8
2021,Fillongley,E05007466,3629,133,0,14,94,7,18,18,0,13,5,70,33,5,30,2,3380,3295,29,2,0,54,28,8,20
2021,Hartshill,E05007467,3831,44,0,4,24,11,5,19,3,12,4,35,13,3,11,8,3710,3608,18,0,1,83,23,1,22
2021,Hurley and Wood End,E05007468,4014,30,5,0,16,5,4,29,13,8,8,77,14,7,37,19,3863,3803,22,1,0,37,15,1,14
2021,Kingsbury (North Warwickshire),E05007469,3551,51,0,4,29,7,11,15,4,8,3,49,11,4,30,4,3431,3362,28,0,1,40,5,0,5
2021,Newton Regis and Warton,E05007470,3702,31,0,2,23,1,5,9,4,2,3,25,7,1,15,2,3632,3570,23,4,0,35,5,0,5
2021,Polesworth East,E05007471,3954,31,3,1,15,0,12,15,9,2,4,45,10,4,18,13,3859,3757,16,2,4,80,4,0,4
2021,Polesworth West,E05007472,3300,20,0,6,3,5,6,18,9,9,0,30,5,5,10,10,3228,3139,23,0,0,66,4,0,4
2021,Water Orton,E05007473,3481,49,0,1,23,15,10,20,2,17,1,105,27,7,51,20,3301,3228,33,0,0,40,6,0,6
2021,Abbey (Nuneaton and Bedworth),E05007474,9148,2236,35,30,1355,167,649,215,150,36,29,189,57,22,70,40,6291,5416,29,9,21,816,217,30,187
2021,Arbury (Nuneaton and Bedworth),E05007475,7255,635,5,31,445,54,100,205,130,45,30,140,38,20,66,16,6212,5874,31,0,7,300,63,17,46
2021,Attleborough,E05007476,7645,528,0,30,322,33,143,79,41,27,11,136,38,15,54,29,6845,6499,54,5,0,287,57,4,53
2021,Bar Pool,E05007477,7490,409,2,12,242,23,130,119,65,35,19,134,38,6,66,24,6770,6320,27,5,15,403,58,3,55
2021,Bede (Nuneaton and Bedworth),E05007478,6949,171,0,8,114,12,37,84,44,23,17,118,28,16,61,13,6545,6261,44,9,0,231,31,8,23
2021,Bulkington,E05007479,6079,162,3,4,107,16,32,35,26,4,5,58,32,0,14,12,5789,5617,51,17,1,103,35,8,27
2021,Camp Hill,E05007480,9601,400,14,28,128,51,179,360,280,36,44,207,58,21,90,38,8558,7753,32,7,10,756,76,5,71
2021,Exhall,E05007481,8558,842,17,22,645,68,90,208,143,25,40,222,56,18,119,29,7115,6504,63,1,4,543,171,16,155
2021,Galley Common,E05007482,8402,208,0,14,111,45,38,90,59,27,4,139,35,13,67,24,7930,7639,30,1,3,257,35,3,32
2021,Heath (Nuneaton and Bedworth),E05007483,7743,580,7,34,394,32,113,125,73,36,16,142,38,23,60,21,6774,6393,29,6,9,337,122,10,112
2021,Kingswood (Nuneaton and Bedworth),E05007484,7319,161,6,14,84,21,36,133,89,30,14,141,21,21,78,21,6860,6456,27,4,23,350,24,4,20
2021,Poplar (Nuneaton and Bedworth),E05007485,8050,1074,3,36,823,81,131,243,185,35,23,194,63,22,78,31,6296,5803,32,9,0,452,243,13,230
2021,St Nicolas (Nuneaton and Bedworth),E05007486,8735,737,4,28,524,100,81,158,100,27,31,145,47,20,54,24,7571,7297,43,3,4,224,124,2,122
2021,Slough,E05007487,7083,301,0,14,240,9,38,55,31,21,3,79,15,6,36,22,6613,6342,35,0,4,232,35,1,34
2021,Weddington,E05007488,9587,546,0,30,388,55,73,163,94,44,25,168,53,15,67,33,8645,8380,58,0,7,200,65,4,61
2021,Wem Brook,E05007489,7959,1468,21,16,959,149,323,123,78,34,11,166,55,26,52,33,6011,5329,43,15,16,608,191,41,150
2021,Whitestone,E05007490,6588,326,5,8,273,25,15,51,34,7,10,72,22,5,38,7,6107,5923,67,0,0,117,32,0,32
2021,Buckingham,E05007562,4024,43,15,12,11,1,4,10,3,5,2,87,24,17,13,33,3855,3689,38,4,0,124,29,5,24
2021,Churchill (Adur),E05007563,4448,107,8,20,40,7,32,35,25,9,1,100,38,21,26,15,4184,3968,20,8,6,182,22,4,18
2021,Cokeham,E05007564,4495,79,26,13,20,1,19,32,19,6,7,101,38,14,25,24,4265,4141,25,9,0,90,18,8,10
2021,Eastbrook,E05007565,4846,131,33,27,18,11,42,83,64,16,3,178,54,40,27,57,4309,4002,13,6,11,277,145,42,103
2021,Hillside (Adur),E05007566,4480,85,24,11,17,3,30,48,34,13,1,147,39,23,33,52,4083,3911,41,4,13,114,117,31,86
2021,Manor (Adur),E05007567,4505,106,12,43,24,3,24,22,18,0,4,81,40,12,7,22,4271,4079,44,4,0,144,25,9,16
2021,Marine (Adur),E05007568,4661,87,13,9,36,7,22,14,4,6,4,164,60,22,33,49,4358,4121,35,0,0,202,38,5,33
2021,Mash Barn,E05007569,4463,107,22,13,23,15,34,41,30,7,4,104,37,36,15,16,4165,4013,23,28,1,100,46,24,22
2021,Peverel,E05007570,4399,111,31,25,19,16,20,29,20,1,8,74,26,16,19,13,4165,4006,27,14,2,116,20,6,14
2021,St Mary's (Adur),E05007571,5235,173,76,26,34,3,34,44,24,11,9,145,52,22,32,39,4821,4565,47,11,9,189,52,15,37
2021,St Nicolas (Adur),E05007572,4120,42,0,9,23,1,9,44,32,9,3,116,35,31,11,39,3909,3677,62,2,0,168,9,0,9
2021,Southlands,E05007573,4270,167,69,15,19,10,54,30,21,6,3,131,50,20,27,34,3885,3741,27,5,6,106,57,23,34
2021,Southwick Green,E05007574,4618,48,10,5,8,4,21,32,21,5,6,105,22,25,12,46,4372,4112,37,7,2,214,61,14,47
2021,Widewater,E05007575,5990,114,27,42,14,10,21,66,43,16,7,99,21,17,28,33,5651,5366,49,5,2,229,60,24,36
2021,Ardingly and Balcombe,E05007668,6866,187,2,29,86,32,38,70,53,15,2,151,66,29,14,42,6421,5944,88,7,8,374,37,10,27
2021,Ashurst Wood,E05007669,2760,41,6,16,7,0,12,18,6,11,1,71,28,3,16,24,2612,2456,8,0,0,148,18,1,17
2021,Bolney,E05007670,2929,29,7,6,7,2,7,12,5,7,0,46,13,10,12,11,2828,2669,27,4,8,120,14,1,13
2021,Burgess Hill Dunstall,E05007671,5160,178,33,23,71,6,45,55,29,15,11,120,42,16,18,44,4765,4512,33,7,0,213,42,11,31
2021,Burgess Hill Franklands,E05007672,5109,173,12,33,71,2,55,22,16,5,1,135,73,10,16,36,4751,4556,37,0,4,154,28,2,26
2021,Burgess Hill Leylands,E05007673,4721,232,99,11,66,0,56,27,13,11,3,106,36,17,17,36,4321,4079,29,13,13,187,35,9,26
2021,Burgess Hill Meeds,E05007674,4958,570,59,37,369,8,97,39,27,9,3,122,60,17,18,27,4188,3829,43,1,6,309,39,8,31
2021,Burgess Hill St Andrews,E05007675,6436,205,37,14,115,4,35,77,53,17,7,155,77,25,27,26,5955,5607,42,14,0,292,44,8,36
2021,Burgess Hill Victoria,E05007676,6099,309,63,16,162,2,66,44,31,7,6,136,62,14,19,41,5577,5235,52,10,1,279,33,3,30
2021,Copthorne and Worth,E05007677,5010,222,21,20,106,35,40,41,28,6,7,129,55,18,22,34,4581,4351,39,2,5,184,37,11,26
2021,Crawley Down and Turners Hill,E05007678,7689,153,1,17,83,16,36,56,39,14,3,153,68,26,21,38,7295,6926,60,3,9,297,32,3,29
2021,Cuckfield,E05007679,6533,146,20,11,38,6,71,74,52,13,9,191,74,29,33,55,6089,5670,62,7,6,344,33,6,27
2021,East Grinstead Ashplats,E05007680,5980,238,46,15,74,3,100,61,37,11,13,182,64,21,51,46,5458,5116,49,4,4,285,41,1,40
2021,East Grinstead Baldwins,E05007681,5091,146,26,12,66,6,36,46,26,13,7,137,52,24,30,31,4738,4413,43,6,0,276,24,2,22
2021,East Grinstead Herontye,E05007682,4811,92,1,13,35,20,23,48,27,15,6,122,61,7,34,20,4535,4249,38,3,0,245,14,1,13
2021,East Grinstead Imberhorne,E05007683,4728,125,1,26,55,12,31,31,14,8,9,125,54,22,15,34,4413,4117,46,0,0,250,34,13,21
2021,East Grinstead Town,E05007684,6215,360,35,36,114,18,157,113,73,25,15,153,54,32,22,45,5487,4621,71,8,25,762,102,17,85
2021,Hassocks,E05007685,8497,96,11,25,30,9,21,33,15,14,4,217,109,26,31,51,8112,7692,74,9,5,332,39,8,31
2021,Haywards Heath Ashenground,E05007686,5626,299,21,27,104,11,136,94,76,13,5,188,61,30,22,75,4976,4560,65,13,4,334,69,10,59
2021,Haywards Heath Bentswood,E05007687,6336,399,37,32,186,14,130,68,47,10,11,192,68,30,45,49,5602,5070,87,20,6,419,75,20,55
2021,Haywards Heath Franklands,E05007688,5764,282,5,20,133,29,95,59,44,11,4,144,46,30,29,39,5193,4845,63,5,7,273,86,11,75
2021,Haywards Heath Heath,E05007689,5770,426,27,45,243,9,102,66,43,18,5,160,69,22,21,48,5040,4429,80,5,16,510,78,10,68
2021,Haywards Heath Lucastes,E05007690,7326,348,15,41,173,20,99,91,63,18,10,243,109,37,36,61,6560,5939,85,3,9,524,84,20,64
2021,High Weald,E05007691,5012,42,1,15,15,1,10,13,5,2,6,80,34,5,4,37,4858,4603,46,4,1,204,19,3,16
2021,Hurstpierpoint and Downs,E05007692,8847,103,1,27,41,10,24,35,20,11,4,220,103,25,35,57,8425,8050,77,20,7,271,64,10,54
2021,Lindfield,E05007693,8274,95,8,19,39,4,25,40,27,9,4,153,64,29,27,33,7940,7433,110,8,3,386,46,8,38
2021,Broadwater (Worthing),E05007694,9314,417,72,46,113,43,143,100,65,23,12,234,82,54,44,54,8484,8072,35,7,17,353,79,14,65
2021,Castle (Worthing),E05007695,9431,461,146,43,128,28,116,139,118,9,12,247,86,57,37,67,8486,7984,55,10,7,430,98,32,66
2021,Central (Worthing),E05007696,10557,694,73,79,139,38,365,233,169,40,24,371,124,65,71,111,9044,7801,114,6,62,1061,215,46,169
2021,Durrington (Worthing),E05007697,5838,120,18,25,45,0,32,40,27,8,5,75,24,18,13,20,5566,5352,33,5,12,164,37,7,30
2021,Gaisford,E05007698,9372,374,41,68,89,38,138,86,56,20,10,253,86,44,53,70,8558,7877,73,8,17,583,101,6,95
2021,Goring (Worthing),E05007699,8408,234,53,33,80,13,55,30,14,12,4,165,61,27,20,57,7928,7573,80,1,12,262,51,10,41
2021,Heene,E05007700,8742,371,71,54,100,26,120,158,118,25,15,232,48,53,52,79,7848,6904,106,7,30,801,133,30,103
2021,Marine (Worthing),E05007701,8242,261,62,32,79,11,77,77,50,15,12,232,86,36,46,64,7611,7096,106,0,7,402,61,15,46
2021,Northbrook,E05007702,7483,316,39,45,82,13,137,112,87,16,9,206,78,29,61,38,6787,6430,24,19,2,312,62,23,39
2021,Offington,E05007703,7972,165,15,35,44,3,68,33,18,11,4,145,70,13,16,46,7589,7285,68,4,5,227,40,17,23
2021,Salvington,E05007704,9089,183,31,32,34,16,70,89,53,31,5,197,74,38,40,45,8552,8238,63,5,5,241,68,13,55
2021,Selden,E05007705,8416,572,85,29,105,19,334,104,70,22,12,252,81,45,51,75,7371,6657,110,3,8,593,117,16,101
2021,Tarring,E05007706,8467,215,19,51,58,19,68,80,47,17,16,246,81,56,42,67,7888,7414,75,8,9,382,38,13,25
2021,Alfrick and Leigh,E05007846,3718,44,7,4,16,9,8,10,4,4,2,42,14,6,9,13,3617,3543,15,9,1,49,5,2,3
2021,Baldwin,E05007847,2208,13,0,2,3,6,2,5,3,2,0,24,5,3,2,14,2163,2082,11,3,1,66,3,0,3
2021,Broadheath (Malvern Hills),E05007848,3951,33,1,6,11,1,14,4,2,2,0,53,28,1,10,14,3837,3747,21,1,0,68,24,7,17
2021,Chase,E05007849,5990,120,10,54,32,10,14,42,32,7,3,70,27,10,17,16,5743,5552,26,3,0,162,15,0,15
2021,Dyson Perrins,E05007850,4713,58,0,18,20,2,18,15,11,2,2,81,30,19,21,11,4537,4364,11,7,1,154,22,1,21
2021,Hallow,E05007851,2066,24,0,1,14,4,5,6,6,0,0,27,9,0,12,6,2003,1955,7,4,0,37,6,1,5
2021,Kempsey,E05007852,5045,67,0,13,8,27,19,7,3,4,0,82,42,5,19,16,4876,4757,28,9,2,80,13,2,11
2021,Lindridge,E05007853,2291,3,0,0,1,0,2,3,1,1,1,17,7,1,5,4,2262,2215,9,4,2,32,6,1,5
2021,Link,E05007854,6302,96,8,19,23,21,25,24,11,11,2,92,38,21,16,17,6069,5795,36,39,0,199,21,3,18
2021,Longdon (Malvern Hills),E05007855,2157,6,2,0,2,1,1,10,8,2,0,19,8,6,4,1,2113,2058,9,3,0,43,9,1,8
2021,Martley,E05007856,1990,14,0,3,0,1,10,2,1,1,0,28,18,3,3,4,1940,1905,2,3,0,30,6,0,6
2021,Morton (Malvern Hills),E05007857,2434,12,1,0,5,0,6,2,0,1,1,21,6,0,10,5,2388,2334,14,3,0,37,11,1,10
2021,Pickersleigh,E05007858,6455,166,19,49,50,13,35,28,16,7,5,165,64,33,41,27,6084,5827,20,60,0,177,12,1,11
2021,Powick,E05007859,4169,48,4,5,20,6,13,8,3,3,2,55,25,2,13,15,4043,3909,24,23,0,87,15,5,10
2021,Priory (Malvern Hills),E05007860,4241,136,1,64,29,0,42,28,20,4,4,85,37,17,7,24,3962,3680,44,1,6,231,30,2,28
2021,Ripple,E05007861,1883,18,0,1,6,6,5,1,1,0,0,14,3,1,4,6,1850,1811,9,0,0,30,0,0,0
2021,Teme Valley,E05007862,2202,6,0,2,2,0,2,5,1,3,1,17,8,1,4,4,2173,2112,7,6,0,48,1,0,1
2021,Tenbury,E05007863,3924,8,0,1,3,0,4,13,12,1,0,55,20,9,17,9,3838,3705,18,1,0,114,10,1,9
2021,Upton and Hanley,E05007864,4343,40,2,4,18,1,15,10,2,7,1,21,11,1,2,7,4262,4149,23,6,0,84,10,1,9
2021,Wells (Malvern Hills),E05007865,3161,49,1,18,9,0,21,24,16,4,4,35,17,2,9,7,3016,2911,23,2,2,78,37,11,26
2021,West (Malvern Hills),E05007866,3984,76,1,25,24,11,15,16,11,1,4,66,29,11,16,10,3811,3663,22,9,0,117,15,8,7
2021,Woodbury,E05007867,2258,13,2,8,2,1,0,2,1,1,0,38,19,8,5,6,2200,2127,13,1,0,59,5,0,5
2021,Abbey (Redditch),E05007868,6941,896,22,27,103,688,56,125,59,51,15,205,58,11,106,30,5659,4977,42,2,12,626,56,7,49
2021,Astwood Bank and Feckenham,E05007869,6055,115,4,17,68,18,8,36,15,14,7,138,37,12,63,26,5744,5564,48,2,2,128,22,3,19
2021,Batchley & Brockhill,E05007870,9341,581,40,35,112,360,34,127,32,78,17,307,64,25,180,38,8290,7677,60,14,7,532,36,3,33
2021,Central (Redditch),E05007871,6470,1258,66,16,106,1031,39,168,61,78,29,178,45,10,86,37,4745,3859,40,4,7,835,121,16,105
2021,Church Hill,E05007872,8225,110,3,9,18,49,31,78,20,44,14,260,46,8,173,33,7730,6953,40,3,4,730,47,7,40
2021,Crabbs Cross,E05007873,5574,120,0,4,43,55,18,40,15,18,7,106,19,4,66,17,5289,5117,39,0,2,131,19,2,17
2021,Greenlands (Redditch),E05007874,9782,520,32,31,191,242,24,115,27,69,19,283,48,12,183,40,8827,7976,50,7,4,790,37,8,29
2021,Headless Cross and Oakenshaw,E05007875,8366,165,6,12,52,66,29,85,28,47,10,199,51,10,123,15,7887,7553,66,0,8,260,30,3,27
2021,Lodge Park,E05007876,5576,787,47,16,177,506,41,117,40,50,27,155,31,5,95,24,4452,3910,28,13,6,495,65,1,64
2021,Matchborough,E05007877,6120,168,0,33,57,55,23,60,16,33,11,173,36,12,91,34,5675,5121,29,2,1,522,44,10,34
2021,West (Redditch),E05007878,6353,101,1,12,44,25,19,42,13,26,3,130,39,4,73,14,6061,5880,42,5,0,134,19,1,18
2021,Winyates,E05007879,8242,179,6,23,74,54,22,64,9,46,9,149,24,10,90,25,7813,7155,53,2,4,599,37,3,34
2021,Arboretum (Worcester),E05007880,6120,329,91,18,38,146,36,106,74,19,13,171,40,37,56,38,5428,4746,41,5,10,626,86,12,74
2021,Battenhall,E05007881,5435,324,23,14,19,207,61,49,28,13,8,121,33,20,34,34,4886,4570,40,0,8,268,55,7,48
2021,Bedwardine,E05007882,8735,169,9,14,22,51,73,55,32,20,3,170,67,20,54,29,8300,7872,49,6,6,367,41,8,33
2021,Cathedral,E05007883,11500,1385,255,66,190,689,185,235,184,32,19,373,108,96,81,88,9299,7911,94,16,33,1245,208,27,181
2021,Claines,E05007884,8222,141,23,21,41,39,17,45,35,7,3,121,51,16,26,28,7880,7584,58,4,1,233,35,4,31
2021,Gorse Hill (Worcester),E05007885,5652,381,9,20,26,281,45,93,73,8,12,117,28,15,49,25,4985,4342,33,6,13,591,76,0,76
2021,Nunnery,E05007886,8953,1319,36,48,317,698,220,114,77,22,15,192,52,43,49,48,7173,6524,30,15,17,587,155,34,121
2021,Rainbow Hill,E05007887,5842,217,16,15,38,109,39,79,49,11,19,145,38,43,42,22,5344,4820,28,6,2,488,57,3,54
2021,St Clement (Worcester),E05007888,5731,128,7,9,43,15,54,78,59,17,2,109,45,14,34,16,5380,5083,32,3,3,259,36,16,20
2021,St John (Worcester),E05007889,8980,158,5,16,43,48,46,139,102,22,15,199,55,31,71,42,8429,7686,33,12,19,679,55,5,50
2021,St Peter's Parish,E05007890,5650,147,0,26,23,60,38,35,12,21,2,94,36,19,19,20,5319,5046,29,1,0,243,55,5,50
2021,St Stephen (Worcester),E05007891,5587,213,24,18,37,107,27,34,23,7,4,94,42,11,20,21,5209,4931,39,0,2,237,37,12,25
2021,Warndon,E05007892,5871,147,25,27,22,37,36,62,38,13,11,142,38,30,38,36,5492,5007,10,10,11,454,28,5,23
2021,Warndon Parish North,E05007893,5313,241,13,29,137,14,48,20,10,9,1,89,30,17,15,27,4920,4611,23,10,2,274,43,14,29
2021,Warndon Parish South,E05007894,6282,561,6,46,341,78,90,69,42,21,6,147,54,15,39,39,5434,5135,29,0,1,269,71,11,60
2021,Badsey,E05007895,3292,25,0,8,10,1,6,5,3,2,0,28,13,3,9,3,3226,3025,8,25,13,155,8,1,7
2021,Bengeworth,E05007896,7851,140,29,13,45,16,37,35,15,18,2,80,27,6,19,28,7511,5968,50,21,37,1435,85,0,85
2021,Bowbrook (Wychavon),E05007897,2953,13,0,1,4,0,8,4,0,4,0,21,7,1,4,9,2899,2827,19,5,2,46,16,11,5
2021,Bredon,E05007898,2660,16,0,3,4,0,9,9,1,3,5,30,4,3,13,10,2602,2564,4,3,0,31,3,1,2
2021,Bretforton and Offenham,E05007899,2950,23,0,6,11,0,6,1,1,0,0,30,13,10,2,5,2865,2686,14,29,0,136,31,0,31
2021,Broadway and Wickhamford,E05007900,4959,29,0,2,12,0,15,12,8,4,0,50,27,3,12,8,4862,4625,52,15,0,170,6,1,5
2021,Dodderhill,E05007901,2986,58,2,11,37,0,8,35,14,15,6,72,38,3,21,10,2816,2729,9,8,0,70,5,0,5
2021,Drakes Broughton,E05007902,2746,2,0,0,0,0,2,11,3,3,5,24,11,3,5,5,2705,2628,12,3,0,62,4,2,2
2021,Droitwich Central,E05007903,2496,32,0,1,20,0,11,19,13,3,3,35,11,1,13,10,2405,2309,16,3,0,77,5,0,5
2021,Droitwich East,E05007904,5429,89,1,15,43,6,24,29,15,8,6,69,22,7,13,27,5223,5023,39,7,0,154,19,4,15
2021,Droitwich South East,E05007905,6753,141,5,21,88,9,18,32,17,8,7,81,27,13,27,14,6474,6332,19,4,0,119,25,9,16
2021,Droitwich South West,E05007906,4948,49,0,14,11,4,20,19,12,7,0,55,7,10,23,15,4816,4608,31,9,0,168,9,0,9
2021,Droitwich West,E05007907,5409,92,0,7,28,14,43,30,14,5,11,85,23,15,32,15,5176,4789,26,9,12,340,26,8,18
2021,Eckington,E05007908,2766,15,0,2,7,0,6,8,4,4,0,25,14,3,3,5,2708,2632,13,12,0,51,10,0,10
2021,Elmley Castle and Somerville,E05007909,2518,13,1,1,2,1,8,2,2,0,0,23,6,0,9,8,2474,2440,5,0,1,28,6,0,6
2021,Evesham North,E05007910,5197,92,1,26,19,5,41,14,7,7,0,85,28,13,23,21,4925,3962,29,23,11,900,81,22,59
2021,Evesham South,E05007911,5085,68,9,14,26,8,11,5,2,2,1,45,12,2,13,18,4927,4298,23,19,5,582,40,1,39
2021,Fladbury,E05007912,2788,10,0,2,3,0,5,4,2,2,0,24,7,2,7,8,2745,2617,24,39,2,63,5,0,5
2021,Great Hampton,E05007913,3816,40,1,1,15,13,10,16,3,13,0,54,20,6,15,13,3701,3355,17,13,3,313,5,1,4
2021,Hartlebury,E05007914,3085,42,0,7,31,1,3,14,3,9,2,41,13,0,15,13,2983,2823,16,76,0,68,5,1,4
2021,Harvington and Norton,E05007915,2770,14,1,3,6,1,3,2,1,1,0,27,7,6,10,4,2722,2576,11,59,2,74,5,1,4
2021,Honeybourne and Pebworth,E05007916,3048,14,0,4,3,0,7,4,3,1,0,39,9,3,21,6,2983,2863,15,7,1,97,8,0,8
2021,Inkberrow,E05007917,6013,44,1,2,13,6,22,10,4,6,0,79,43,4,17,15,5868,5731,21,12,0,104,12,2,10
2021,Little Hampton,E05007918,5736,37,1,7,14,2,13,19,14,2,3,66,19,9,18,20,5559,4694,18,14,16,817,55,4,51
2021,Lovett and North Claines,E05007919,7644,150,2,11,75,32,30,26,11,11,4,117,39,11,36,31,7307,7061,23,40,10,173,44,14,30
2021,Norton and Whittington,E05007920,3959,76,0,19,22,12,23,2,0,2,0,53,23,2,15,13,3805,3673,10,6,5,111,23,7,16
2021,Ombersley,E05007921,2467,14,1,4,1,2,6,2,0,1,1,27,5,3,8,11,2419,2351,4,25,7,32,5,3,2
2021,Pershore,E05007922,8400,79,1,19,36,0,23,16,5,10,1,91,25,9,32,25,8198,7911,32,34,10,211,16,2,14
2021,Pinvin,E05007923,3241,20,0,1,2,3,14,2,0,2,0,25,8,2,5,10,3190,2990,23,63,6,108,4,1,3
2021,South Bredon Hill,E05007924,2391,8,0,0,3,2,3,6,4,2,0,20,11,0,2,7,2356,2303,6,7,0,40,1,0,1
2021,The Littletons,E05007925,3416,61,17,3,14,24,3,65,10,35,20,66,15,3,29,19,3206,3049,13,40,0,104,18,0,18
2021,Upton Snodsbury,E05007926,2707,6,0,0,2,1,3,3,1,2,0,28,9,2,10,7,2661,2608,19,2,2,30,9,1,8
2021,Abbey (Shropshire),E05008136,4430,73,7,24,13,7,22,16,4,6,6,95,21,13,19,42,4218,3998,24,2,4,190,28,10,18
2021,Albrighton,E05008137,4736,71,0,7,35,1,28,13,7,4,2,56,22,9,22,3,4461,4367,25,8,0,61,135,0,135
2021,Alveley and Claverley,E05008138,4170,45,1,4,25,13,2,16,3,10,3,31,12,0,14,5,4062,4000,15,5,3,39,16,0,16
2021,Bagley,E05008139,4777,64,4,12,21,5,22,12,6,3,3,78,34,7,8,29,4608,4374,31,1,3,199,15,0,15
2021,Battlefield,E05008140,5906,63,2,18,22,9,12,24,14,4,6,59,18,15,15,11,5736,5449,27,0,3,257,24,1,23
2021,"Bayston Hill, Column and Sutton",E05008141,12488,124,10,39,38,10,27,25,10,10,5,152,44,20,48,40,12152,11824,75,2,4,247,35,5,30
2021,Belle Vue (Shropshire),E05008142,4404,74,15,11,36,2,10,31,12,12,7,93,31,10,20,32,4181,4008,35,3,2,133,25,0,25
2021,Bishop's Castle,E05008143,3676,31,0,10,5,0,16,9,5,3,1,34,13,4,7,10,3598,3501,13,8,0,76,4,2,2
2021,Bowbrook (Shropshire),E05008144,4153,293,1,35,131,38,88,41,32,4,5,52,27,5,9,11,3731,3571,31,3,2,124,36,11,25
2021,Bridgnorth East and Astley Abbotts,E05008145,6677,71,2,28,6,0,35,12,7,2,3,63,21,8,20,14,6515,6372,45,0,2,96,16,0,16
2021,Bridgnorth West and Tasley,E05008146,6784,37,4,8,6,0,19,15,3,7,5,55,18,5,26,6,6662,6538,26,11,5,82,15,3,12
2021,Broseley,E05008147,5094,27,0,3,16,2,6,6,1,3,2,43,14,1,14,14,5009,4919,21,8,3,58,9,1,8
2021,Brown Clee,E05008148,4446,18,0,3,11,0,4,5,2,3,0,39,11,11,6,11,4380,4318,16,2,2,42,4,1,3
2021,Burnell,E05008149,4684,243,0,100,111,2,30,17,15,0,2,58,21,7,5,25,4356,4220,23,19,1,93,10,3,7
2021,Castlefields and Ditherington,E05008150,4686,106,5,18,34,30,19,11,5,5,1,100,26,18,24,32,4414,4002,13,17,5,377,55,17,38
2021,Cheswardine,E05008151,4318,63,12,4,26,8,13,18,9,2,7,47,15,0,16,16,4168,4056,33,5,1,73,22,0,22
2021,Chirbury and Worthen,E05008152,2894,9,1,1,2,0,5,9,1,6,2,15,6,0,1,8,2857,2774,18,0,0,65,4,0,4
2021,Church Stretton and Craven Arms,E05008153,8935,155,4,18,23,68,42,18,10,8,0,90,28,8,28,26,8648,8312,57,6,0,273,24,4,20
2021,Clee,E05008154,4415,13,0,0,9,1,3,4,2,2,0,37,14,1,17,5,4351,4252,17,0,0,82,10,1,9
2021,Cleobury Mortimer,E05008155,7424,26,1,5,10,0,10,12,5,4,3,54,24,3,16,11,7320,7214,19,3,0,84,12,5,7
2021,Clun,E05008156,3721,22,0,3,9,3,7,8,4,4,0,38,12,14,4,8,3649,3547,22,8,3,69,4,0,4
2021,Copthorne,E05008157,4129,139,1,8,92,21,17,10,6,2,2,72,40,2,9,21,3894,3778,25,3,0,88,14,1,13
2021,Corvedale,E05008158,3671,14,0,3,4,2,5,7,2,4,1,28,9,3,9,7,3613,3541,14,0,7,51,9,2,7
2021,Ellesmere Urban,E05008159,4418,28,0,21,5,0,2,13,8,4,1,31,9,7,5,10,4326,4101,32,1,2,190,20,3,17
2021,Harlescott,E05008160,5077,59,1,3,14,10,31,8,3,4,1,73,20,4,25,24,4910,4629,7,8,6,260,27,7,20
2021,Highley,E05008161,3733,41,0,3,15,0,23,2,0,2,0,28,5,2,11,10,3641,3591,13,2,0,35,21,1,20
2021,Hodnet,E05008162,4897,96,17,3,28,39,9,77,17,37,23,103,22,11,50,20,4594,4389,99,36,0,70,27,0,27
2021,Llanymynech,E05008163,4271,27,0,2,13,1,11,6,5,1,0,33,12,1,11,9,4196,4119,20,8,0,49,9,0,9
2021,Longden,E05008164,4172,28,1,8,9,0,10,6,0,2,4,61,14,5,27,15,4067,3989,16,0,1,61,10,0,10
2021,Loton,E05008165,4494,124,4,14,96,4,6,6,5,1,0,34,11,1,4,18,4326,4233,17,4,1,71,4,0,4
2021,Ludlow East,E05008166,3891,21,0,1,8,0,12,5,3,2,0,59,16,6,28,9,3795,3701,9,1,2,82,11,0,11
2021,Ludlow North,E05008167,3827,20,1,9,6,0,4,14,9,3,2,32,10,6,6,10,3738,3611,25,3,2,97,23,5,18
2021,Ludlow South,E05008168,3986,23,0,17,3,0,3,1,1,0,0,34,14,3,10,7,3922,3835,10,6,0,71,6,2,4
2021,Market Drayton East,E05008169,5468,28,2,4,8,7,7,17,10,5,2,52,22,4,14,12,5352,5137,18,6,0,191,19,6,13
2021,Market Drayton West,E05008170,9144,86,1,27,21,16,21,30,9,19,2,103,26,9,39,29,8905,8595,28,7,9,266,20,0,20
2021,Meole,E05008171,4385,65,11,7,11,3,33,5,3,1,1,59,14,4,28,13,4242,4090,23,0,0,129,14,5,9
2021,Rea Valley,E05008172,4514,24,0,7,5,2,10,7,3,4,0,36,11,0,14,11,4443,4333,11,1,3,95,4,1,3
2021,Monkmoor,E05008173,4353,18,3,3,5,1,6,5,3,2,0,102,18,16,25,43,4211,4124,14,1,0,72,17,9,8
2021,Much Wenlock,E05008174,4322,15,1,5,3,3,3,6,4,1,1,39,13,9,7,10,4255,4182,16,0,1,56,7,0,7
2021,Porthill,E05008178,4696,181,3,62,62,11,43,22,15,4,3,86,37,6,17,26,4376,4154,30,0,5,187,31,16,15
2021,Prees,E05008179,4518,20,0,0,7,1,12,5,1,3,1,55,17,4,22,12,4424,4284,26,26,10,78,14,1,13
2021,Quarry and Coton Hill,E05008180,4271,157,3,33,75,9,37,52,27,8,17,82,25,8,20,29,3925,3476,28,2,15,404,55,20,35
2021,Radbrook,E05008181,5838,271,16,41,98,14,102,72,63,2,7,91,26,19,16,30,5375,5150,23,0,3,199,29,1,28
2021,St Martin's (Shropshire),E05008183,4607,9,0,1,5,0,3,14,5,1,8,48,15,2,15,16,4526,4415,10,12,7,82,10,4,6
2021,Severn Valley,E05008186,4889,24,3,3,9,2,7,12,6,2,4,57,13,5,13,26,4787,4665,26,12,3,81,9,0,9
2021,Shawbury,E05008187,4882,46,1,6,13,13,13,5,4,1,0,61,20,14,10,17,4755,4663,23,7,0,62,15,1,14
2021,Shifnal North,E05008188,6055,86,0,9,67,6,4,12,4,5,3,116,36,0,58,22,5830,5711,23,5,4,87,11,0,11
2021,Shifnal South and Cosford,E05008189,7602,182,1,22,98,29,32,93,41,28,24,163,52,9,65,37,6968,6827,30,3,7,101,196,175,21
2021,Sundorne,E05008190,4121,32,3,13,6,1,9,4,2,1,1,62,12,5,26,19,4006,3812,13,5,10,166,17,3,14
2021,Tern,E05008191,4913,36,1,3,20,2,10,14,6,3,5,55,28,3,13,11,4790,4700,23,1,0,66,18,1,17
2021,The Meres,E05008192,4904,36,0,16,12,0,8,3,2,1,0,47,19,7,11,10,4816,4727,19,4,0,66,2,0,2
2021,Underdale,E05008193,4304,69,16,11,18,0,24,14,7,5,2,80,25,3,23,29,4115,3942,27,7,0,139,26,21,5
2021,Wem,E05008194,8895,58,2,22,13,2,19,23,7,7,9,78,30,7,24,17,8713,8470,24,31,2,186,23,2,21
2021,Whitchurch North,E05008195,7430,86,9,16,24,6,31,16,9,4,3,68,30,5,18,15,7230,6925,22,7,7,269,30,0,30
2021,Whitchurch South,E05008196,4321,22,0,11,3,1,7,18,9,2,7,36,13,8,7,8,4236,4092,23,3,0,118,9,5,4
2021,Worfield,E05008198,3703,30,0,2,14,3,11,9,3,2,4,43,15,1,18,9,3618,3559,19,0,4,36,3,0,3
2021,Belper South,E05008520,5646,38,0,13,16,0,9,19,4,12,3,99,28,7,44,20,5480,5363,25,1,3,88,10,2,8
2021,Duffield,E05008521,5065,139,5,36,62,18,18,13,6,7,0,128,56,9,43,20,4758,4618,22,0,5,113,27,4,23
2021,Heanor East,E05008522,5844,42,0,6,12,13,11,24,15,6,3,68,18,9,29,12,5702,5553,15,2,2,130,8,0,8
2021,"Kilburn, Denby and Holbrook",E05008523,7566,57,1,6,32,7,11,13,7,6,0,78,35,6,18,19,7411,7321,25,4,2,59,7,0,7
2021,"Shipley Park, Horsley and Horsley Woodhouse",E05008524,6579,46,1,4,21,4,16,14,2,10,2,61,21,3,23,14,6445,6319,25,3,1,97,13,0,13
2021,Boniface,E05008546,4276,29,2,3,10,0,14,4,4,0,0,52,18,13,8,13,4166,3949,9,1,0,207,25,0,25
2021,Newbrooke,E05008547,1585,16,0,7,2,0,7,1,1,0,0,20,14,1,0,5,1545,1484,11,7,0,43,3,1,2
2021,Yeo,E05008548,3833,26,0,2,12,1,11,8,7,1,0,61,25,7,10,19,3723,3603,14,1,1,104,15,0,15
2021,Coxheath and Hunton,E05008553,8243,82,14,7,29,10,22,88,60,21,7,135,63,18,31,23,7915,7442,44,123,6,300,23,2,21
2021,Loose,E05008554,2573,73,11,9,15,12,26,24,22,2,0,51,18,6,17,10,2403,2291,16,1,0,95,22,1,21
2021,South (Maidstone),E05008555,10259,507,26,42,73,46,320,228,164,38,26,243,67,36,79,61,9147,8339,54,20,3,731,134,17,117
2021,Almondbury,E05008558,17655,831,5,55,223,469,79,537,186,258,93,755,140,50,448,117,15335,14759,170,2,2,402,197,34,163
2021,Colne Valley,E05008559,17582,207,6,12,66,83,40,92,31,42,19,400,99,36,196,69,16829,16437,105,4,2,281,54,9,45
2021,Crosland Moor and Netherton,E05008560,19784,7697,283,66,521,6534,293,814,328,365,121,724,180,80,356,108,9941,9217,95,3,17,609,608,245,363
2021,Holme Valley North,E05008561,16802,198,2,31,69,57,39,128,66,48,14,366,109,37,153,67,16033,15746,112,3,5,167,77,12,65
2021,Kirkburton,E05008562,16311,312,8,28,120,100,56,112,57,39,16,295,103,20,111,61,15529,15224,93,4,2,206,63,9,54
2021,Alderley Edge,E05008610,4775,176,3,30,38,37,68,26,20,6,0,138,56,22,29,31,4388,4127,60,0,0,201,47,20,27
2021,Alsager,E05008611,13386,152,6,38,39,23,46,44,24,14,6,167,58,27,39,43,12967,12670,78,9,1,209,56,19,37
2021,Audlem,E05008612,5314,26,3,4,5,1,13,5,0,4,1,71,26,4,13,28,5196,5075,26,0,0,95,16,2,14
2021,Bollington,E05008613,8684,67,6,13,15,19,14,34,20,10,4,120,30,27,31,32,8426,8133,46,3,4,240,37,17,20
2021,Brereton Rural,E05008614,7441,108,8,14,38,16,32,42,29,10,3,123,47,29,22,25,7151,6971,34,30,0,116,17,1,16
2021,Broken Cross and Upton,E05008615,8969,297,7,61,116,42,71,107,73,17,17,209,55,63,43,48,8313,7977,47,1,2,286,43,11,32
2021,Bunbury,E05008616,6079,43,2,13,4,7,17,15,11,2,2,72,19,5,24,24,5931,5818,17,8,1,87,18,5,13
2021,Chelford,E05008617,4640,74,1,9,30,27,7,22,13,6,3,111,53,15,19,24,4412,4294,24,1,0,93,21,7,14
2021,Congleton East,E05008618,14220,156,19,35,41,18,43,39,13,15,11,170,65,18,47,40,13792,13496,76,6,5,209,63,14,49
2021,Congleton West,E05008619,14265,225,18,49,75,22,61,57,30,18,9,175,57,29,39,50,13773,13379,105,27,3,259,35,10,25
2021,Crewe Central,E05008620,6919,352,52,20,200,14,66,99,79,16,4,153,25,24,69,35,6149,4555,29,13,80,1472,166,14,152
2021,Crewe East,E05008621,15644,440,27,43,205,39,126,224,166,35,23,232,53,23,114,42,14611,13382,62,34,22,1111,137,22,115
2021,Crewe North,E05008622,4798,73,9,15,16,2,31,34,27,3,4,85,19,10,36,20,4550,4095,11,2,6,436,56,12,44
2021,Crewe St Barnabas,E05008623,5487,100,1,11,44,18,26,71,44,21,6,102,19,13,51,19,5139,4148,22,19,11,939,75,18,57
2021,Crewe South,E05008624,12448,1077,222,102,212,62,479,218,122,62,34,442,174,33,133,102,10190,7609,49,45,137,2350,521,28,493
2021,Crewe West,E05008625,10686,373,56,28,159,22,108,111,62,33,16,257,45,32,125,55,9771,8494,54,19,43,1161,174,15,159
2021,Dane Valley (Cheshire East),E05008626,10376,134,4,32,47,21,30,29,9,19,1,168,69,18,32,49,10001,9753,62,9,0,177,44,16,28
2021,Disley,E05008627,4802,77,0,28,12,18,19,18,11,2,5,75,28,10,22,15,4614,4463,42,0,5,104,18,6,12
2021,Gawsworth,E05008628,4386,44,2,5,27,3,7,12,4,7,1,82,28,1,35,18,4231,4125,35,0,0,71,17,9,8
2021,Handforth,E05008629,9787,608,18,70,224,209,87,107,65,34,8,320,107,41,98,74,8478,7928,87,1,9,453,274,102,172
2021,Haslington,E05008630,8854,71,0,15,27,13,16,35,15,16,4,98,18,14,45,21,8637,8440,49,4,0,144,13,0,13
2021,High Legh,E05008631,4929,151,10,11,52,55,23,21,18,3,0,74,34,9,13,18,4642,4490,68,0,1,83,41,7,34
2021,Knutsford,E05008632,13255,349,4,55,194,29,67,68,34,18,16,255,98,35,66,56,12514,11987,152,1,1,373,69,13,56
2021,Leighton,E05008633,6027,197,12,39,64,31,51,38,24,11,3,118,48,3,35,32,5642,5420,26,9,0,187,32,9,23
2021,Macclesfield Central,E05008634,9171,389,6,44,139,32,168,110,50,13,47,193,74,22,48,49,8342,7798,60,7,8,469,137,37,100
2021,Macclesfield East,E05008635,4481,60,0,11,27,9,13,31,13,13,5,49,16,10,11,12,4316,4134,26,3,0,153,25,8,17
2021,Macclesfield Hurdsfield,E05008636,4522,119,0,23,54,20,22,27,14,12,1,94,23,13,37,21,4207,4031,28,0,11,137,75,13,62
2021,Macclesfield South,E05008637,8636,165,4,41,46,20,54,58,35,16,7,149,52,18,38,41,8225,7851,64,1,5,304,39,12,27
2021,Macclesfield Tytherington,E05008638,9060,213,0,49,88,35,41,81,45,10,26,135,63,19,22,31,8589,8266,55,6,8,254,42,1,41
2021,Macclesfield West and Ivy,E05008639,8212,161,7,23,54,16,61,57,42,6,9,85,27,13,22,23,7886,7614,45,0,4,223,23,3,20
2021,Middlewich,E05008640,14426,139,20,39,39,12,29,41,23,11,7,184,76,24,41,43,14028,13551,70,23,14,370,34,10,24
2021,Mobberley,E05008641,4729,88,3,14,32,21,18,17,9,6,2,87,28,7,19,33,4512,4374,51,0,0,87,25,5,20
2021,Nantwich North and West,E05008642,8616,78,1,14,31,4,28,23,11,8,4,134,46,26,31,31,8353,8086,42,5,1,219,28,10,18
2021,Nantwich South and Stapeley,E05008643,9676,176,9,49,62,2,54,39,29,7,3,177,85,22,31,39,9226,8856,70,1,4,295,58,15,43
2021,Odd Rode,E05008644,8264,49,3,15,14,2,15,14,5,7,2,69,24,9,21,15,8110,8012,35,2,2,59,22,1,21
2021,Poynton East and Pott Shrigley,E05008645,7499,66,0,13,31,3,19,15,7,7,1,81,35,6,16,24,7309,7150,67,0,0,92,28,1,27
2021,Poynton West and Adlington,E05008646,8523,146,11,45,43,18,29,24,13,8,3,105,40,15,19,31,8211,8016,64,6,3,122,37,6,31
2021,Prestbury (Cheshire East),E05008647,4400,96,0,31,33,13,19,15,10,5,0,93,44,10,25,14,4168,4011,51,2,0,104,28,11,17
2021,Sandbach Elworth,E05008648,5933,81,0,25,24,6,26,27,21,2,4,106,20,17,37,32,5693,5496,48,8,6,135,26,5,21
2021,Sandbach Ettiley Heath and Wheelock,E05008649,5786,66,0,38,12,1,15,19,15,4,0,73,24,10,28,11,5615,5463,38,0,1,113,13,3,10
2021,Sandbach Heath and East,E05008650,4908,53,4,14,19,2,14,20,12,3,5,62,19,10,12,21,4754,4621,28,20,0,85,19,5,14
2021,Sandbach Town,E05008651,5297,54,3,14,23,3,11,10,5,4,1,75,28,3,27,17,5137,5029,28,0,0,80,21,9,12
2021,Shavington,E05008652,5600,67,4,16,26,6,15,31,22,9,0,105,41,12,28,24,5384,5232,17,2,0,133,13,5,8
2021,Sutton (Cheshire East),E05008653,4226,16,0,3,2,2,9,7,5,2,0,38,24,5,5,4,4156,4060,26,0,0,70,9,5,4
2021,Willaston and Rope,E05008654,5380,82,6,16,24,10,26,13,8,5,0,104,30,13,36,25,5167,5057,21,7,0,82,14,0,14
2021,Wilmslow Dean Row,E05008655,5140,601,5,78,262,194,62,54,36,9,9,167,75,8,26,58,4180,3898,52,0,8,222,138,56,82
2021,Wilmslow East,E05008656,4442,332,14,48,169,63,38,29,17,9,3,112,51,9,14,38,3890,3636,42,0,1,211,79,46,33
2021,Wilmslow Lacey Green,E05008657,4985,216,3,22,85,68,38,53,37,11,5,174,59,19,48,48,4465,4217,28,3,6,211,77,27,50
2021,Wilmslow West and Chorley,E05008658,10090,318,9,67,80,92,70,32,17,9,6,257,121,22,33,81,9370,8908,120,1,0,341,113,31,82
2021,Wistaston,E05008659,9364,177,22,25,95,14,21,46,24,18,4,167,60,10,59,38,8912,8598,57,0,9,248,62,1,61
2021,Wrenbury,E05008660,5553,39,0,6,14,0,19,15,11,2,2,70,18,13,26,13,5407,5284,28,7,1,87,22,3,19
2021,Wybunbury,E05008661,5683,128,0,20,77,24,7,29,22,7,0,96,40,13,16,27,5417,5256,38,0,1,122,13,3,10
2021,Abbey Hulton and Townsend,E05008714,10956,201,8,25,31,53,84,314,217,48,49,313,89,55,124,45,10061,9649,16,6,5,385,67,8,59
2021,"Baddeley, Milton and Norton",E05008715,17065,274,8,23,57,89,97,204,144,38,22,295,65,62,115,53,16178,15837,33,1,11,296,114,4,110
2021,Bentilee and Ubberley,E05008716,11534,206,12,11,32,90,61,498,363,55,80,226,46,79,75,26,10518,9600,21,3,26,868,86,21,65
2021,Birches Head and Central Forest Park,E05008717,10368,895,20,37,79,574,185,295,207,61,27,275,91,35,110,39,8637,8066,14,12,17,528,266,33,233
2021,Blurton East,E05008718,5538,160,1,14,41,59,45,88,61,8,19,94,28,18,31,17,5174,4989,8,7,11,159,22,3,19
2021,Blurton West and Newstead,E05008719,7435,445,10,50,169,133,83,152,112,22,18,233,41,70,97,25,6558,6258,19,0,4,277,47,8,39
2021,Boothen and Oak Hill,E05008720,6368,656,40,34,111,360,111,258,211,26,21,184,44,40,58,42,5178,4543,12,3,19,601,92,11,81
2021,Bradeley and Chell Heath,E05008721,5668,84,8,13,10,34,19,153,112,9,32,102,20,17,55,10,5270,5114,16,4,3,133,59,8,51
2021,Broadway and Longton East,E05008722,5466,233,1,4,15,170,43,68,39,16,13,70,13,9,32,16,5069,4963,12,0,13,81,26,0,26
2021,Burslem Central,E05008723,6939,880,99,31,63,518,169,262,176,52,34,245,81,28,97,39,5378,4726,14,13,43,582,174,35,139
2021,Burslem Park,E05008724,4749,472,47,35,27,278,85,75,64,5,6,100,31,13,40,16,4027,3848,8,1,5,165,75,1,74
2021,Dresden and Florence,E05008725,5086,1204,47,46,35,987,89,73,54,8,11,110,45,7,32,26,3531,3336,8,1,11,175,168,9,159
2021,Eaton Park,E05008726,4391,57,0,9,18,16,14,80,45,33,2,38,6,6,20,6,4199,4041,14,1,0,143,17,1,16
2021,Etruria and Hanley,E05008727,7901,2928,263,106,133,2133,293,484,392,52,40,368,159,63,73,73,3705,2762,20,28,29,866,416,77,339
2021,Fenton East,E05008728,5940,412,6,36,66,193,111,148,113,19,16,124,38,19,40,27,5176,4901,9,8,15,243,80,8,72
2021,Fenton West and Mount Pleasant,E05008729,5676,276,20,9,26,157,64,163,124,17,22,115,32,26,37,20,5071,4777,11,14,8,261,51,9,42
2021,Ford Green and Smallthorne,E05008730,6386,341,36,29,42,161,73,118,68,38,12,150,33,15,75,27,5699,5516,9,8,6,160,78,12,66
2021,Goldenhill and Sandyford,E05008731,6268,468,44,15,47,279,83,126,100,10,16,123,49,27,33,14,5486,5246,13,41,1,185,65,7,58
2021,Great Chell and Packmoor,E05008732,10252,174,2,13,20,115,24,128,91,16,21,165,37,36,64,28,9728,9441,10,15,1,261,57,3,54
2021,Hanford and Trentham,E05008733,11477,502,19,35,276,90,82,101,59,28,14,148,43,23,54,28,10613,10389,56,1,0,167,113,10,103
2021,Hanley Park and Shelton,E05008734,6319,2053,79,73,248,1473,180,343,255,52,36,233,95,19,69,50,3376,2712,33,28,38,565,314,81,233
2021,Hartshill and Basford,E05008735,7124,925,34,60,236,324,271,343,262,42,39,192,60,21,53,58,5484,4868,22,4,20,570,180,37,143
2021,Hollybush and Longton West,E05008736,5760,169,10,5,28,54,72,81,61,11,9,92,34,13,31,14,5374,5214,10,2,7,141,44,4,40
2021,Joiner's Square,E05008737,6903,1409,48,69,79,794,419,416,347,34,35,232,68,35,83,46,4576,3837,17,28,27,667,270,52,218
2021,Lightwood North and Normacot,E05008738,5649,2224,44,24,41,1843,272,76,52,8,16,125,60,8,29,28,3010,2720,3,11,21,255,214,17,197
2021,Little Chell and Stanfield,E05008739,6669,971,70,23,54,694,130,211,167,14,30,182,57,29,58,38,5168,4864,14,10,7,273,137,25,112
2021,Meir Hay,E05008740,4438,95,1,7,12,52,23,15,12,1,2,64,20,25,15,4,4255,4208,8,3,1,35,9,0,9
2021,Meir North,E05008741,6236,98,11,13,3,35,36,208,155,15,38,144,36,20,70,18,5754,5398,10,0,2,344,32,3,29
2021,Meir Park,E05008742,4679,101,5,5,52,30,9,27,10,15,2,42,15,7,14,6,4501,4444,24,0,0,33,8,0,8
2021,Meir South,E05008743,6117,562,23,12,29,369,129,131,81,2,48,129,41,25,46,17,5228,5008,17,11,13,179,67,13,54
2021,Moorcroft,E05008744,6294,2251,418,23,67,1429,314,254,157,71,26,194,90,27,43,34,3290,2801,11,10,12,456,305,47,258
2021,Penkhull and Stoke,E05008745,6753,717,40,38,180,222,237,323,256,27,40,129,25,19,53,32,5416,5064,20,3,12,317,168,61,107
2021,Sandford Hill,E05008746,6107,167,3,28,24,71,41,91,64,5,22,113,35,17,41,20,5709,5513,13,3,3,177,27,2,25
2021,Sneyd Green,E05008747,5352,309,33,18,28,130,100,155,96,21,38,112,34,33,41,4,4606,4373,10,1,8,214,170,30,140
2021,Springfields and Trent Vale,E05008748,6805,862,36,62,309,111,344,184,141,24,19,154,54,28,53,19,5465,5162,16,1,6,280,140,27,113
2021,Tunstall,E05008749,6561,1752,32,37,67,1425,191,232,180,13,39,172,49,26,61,36,4247,3836,10,12,20,369,158,20,138
2021,Weston Coyney,E05008750,5142,69,0,2,19,37,11,16,4,5,7,59,20,14,18,7,4984,4881,11,2,0,90,14,7,7
2021,Brickhill,E05008751,8164,750,61,50,482,95,62,354,161,133,60,311,96,35,117,63,6598,5799,104,4,10,681,151,29,122
2021,Bromham and Biddenham,E05008752,8091,778,58,23,478,119,100,215,131,52,32,288,82,29,97,80,6712,6161,118,0,7,426,98,17,81
2021,Castle (Bedford),E05008753,9112,1248,540,50,324,176,158,722,442,228,52,436,112,72,163,89,6435,4460,102,6,74,1793,271,54,217
2021,Cauldwell,E05008754,11006,3062,795,34,1545,409,279,899,528,262,109,583,121,69,267,126,6097,3600,62,29,85,2321,365,58,307
2021,Clapham,E05008755,4503,223,26,24,127,25,21,132,85,30,17,205,48,46,74,37,3919,3600,44,0,6,269,24,0,24
2021,De Parys,E05008756,7156,523,62,68,225,51,117,297,175,95,27,330,98,27,113,92,5849,4839,84,6,21,899,157,30,127
2021,Eastcotts,E05008757,5669,495,111,19,210,78,77,439,270,136,33,358,72,41,165,80,4327,3765,45,4,2,511,50,4,46
2021,Elstow and Stewartby,E05008758,5933,775,72,17,513,89,84,247,161,70,16,283,90,22,126,45,4527,4070,53,26,17,361,101,5,96
2021,Goldington,E05008759,9798,798,119,37,385,154,103,926,477,345,104,641,119,81,324,117,7253,5941,94,13,17,1188,180,24,156
2021,Great Barford,E05008760,8253,380,23,25,207,48,77,217,123,65,29,304,76,19,125,84,7285,6788,55,3,11,428,67,12,55
2021,Harpur,E05008761,8877,915,232,59,333,133,158,697,343,256,98,517,107,69,203,138,6541,4849,117,20,71,1484,207,45,162
2021,Harrold,E05008762,4258,57,0,0,27,6,24,27,11,10,6,100,34,14,33,19,4054,3865,52,1,0,136,20,10,10
2021,Kempston Central and East,E05008763,7389,1402,94,13,973,146,176,388,193,137,58,298,96,41,112,49,5098,4101,66,14,13,904,203,36,167
2021,Kempston North,E05008764,3718,554,57,19,351,46,81,231,111,100,20,186,34,13,101,38,2682,2333,20,0,5,324,65,11,54
2021,Kempston Rural,E05008765,9067,799,139,41,386,107,126,547,341,140,66,591,151,52,254,134,6964,6200,111,4,1,648,166,31,135
2021,Kempston South,E05008766,4109,730,26,9,581,48,66,239,119,89,31,203,58,17,87,41,2868,2374,24,0,19,451,69,2,67
2021,Kempston West,E05008767,5526,646,92,13,359,93,89,439,228,145,66,261,67,12,121,61,4094,3546,53,8,2,485,86,19,67
2021,Kingsbrook,E05008768,10127,1700,713,54,556,261,116,854,462,301,91,593,118,73,264,138,6723,4831,111,26,46,1709,257,41,216
2021,Newnham (Bedford),E05008769,8061,618,101,47,244,126,100,342,146,149,47,380,109,44,143,84,6554,5600,120,4,17,813,167,29,138
2021,Oakley (Bedford),E05008770,3790,75,0,3,41,4,27,35,19,11,5,118,36,6,60,16,3547,3372,27,1,6,141,15,0,15
2021,Putnoe,E05008771,7154,669,42,22,476,61,68,302,133,128,41,252,57,23,114,58,5833,5204,86,1,8,534,98,3,95
2021,Queens Park (Bedford),E05008772,9777,4866,1044,35,552,2843,392,620,374,192,54,343,79,54,123,87,3576,2113,38,24,29,1372,372,65,307
2021,Riseley,E05008773,3430,17,0,0,11,4,2,29,16,10,3,75,24,12,27,12,3296,3163,31,4,3,95,13,0,13
2021,Sharnbrook,E05008774,3984,78,2,9,52,13,2,39,16,13,10,104,42,5,34,23,3743,3542,52,0,2,147,20,0,20
2021,Wilshamstead,E05008775,6983,563,48,32,305,93,85,283,183,56,44,385,104,30,170,81,5702,5264,60,6,7,365,50,15,35
2021,Wootton (Bedford),E05008776,7566,489,25,47,297,68,52,305,180,73,52,373,88,30,200,55,6335,5979,48,4,3,301,64,14,50
2021,Wyboston,E05008777,3733,52,2,6,31,2,11,30,20,7,3,65,25,4,18,18,3569,3424,23,2,3,117,17,1,16
2021,Arlesey,E05008779,16315,516,21,44,294,43,114,280,134,101,45,575,172,59,212,132,14820,14122,148,18,6,526,124,5,119
2021,Aspley and Woburn,E05008780,4673,74,4,22,33,3,12,34,13,13,8,89,40,5,18,26,4457,4194,75,0,2,186,19,2,17
2021,Barton-le-Clay,E05008781,4934,86,14,5,37,7,23,82,41,27,14,124,29,5,71,19,4634,4352,149,0,4,129,8,2,6
2021,Biggleswade North,E05008782,10885,341,13,51,173,23,81,247,144,72,31,325,76,54,121,74,9882,9324,65,31,11,451,90,12,78
2021,Biggleswade South,E05008783,11656,350,13,47,168,46,76,207,127,40,40,349,107,45,114,83,10666,9973,93,24,15,561,84,25,59
2021,Cranfield and Marston Moretaine,E05008785,16974,1169,22,360,505,111,171,480,305,101,74,569,145,75,194,155,14464,13373,139,13,29,910,292,143,149
2021,Dunstable-Central,E05008786,5133,183,8,17,64,30,64,113,57,42,14,170,38,16,68,48,4608,3839,88,2,18,661,59,13,46
2021,Dunstable-Icknield,E05008787,9134,1158,71,35,487,236,329,518,297,168,53,326,95,37,107,87,6913,5645,158,9,18,1083,219,45,174
2021,Dunstable-Watling,E05008790,9119,330,34,38,156,49,53,301,164,93,44,247,71,38,76,62,8180,7489,111,2,13,565,61,13,48
2021,Eaton Bray,E05008791,4196,68,0,21,19,15,13,15,8,3,4,96,31,10,29,26,4003,3795,48,53,14,93,14,1,13
2021,Flitwick,E05008792,13854,345,15,54,183,29,64,149,72,60,17,366,115,29,133,89,12904,12182,200,2,3,517,90,18,72
2021,Heath and Reach,E05008793,5281,128,7,13,55,18,35,72,45,19,8,161,52,20,58,31,4894,4602,64,8,8,212,26,9,17
2021,Leighton Buzzard North,E05008796,14955,289,14,54,106,19,96,229,121,71,37,365,143,50,101,71,13963,13100,155,15,15,678,109,12,97
2021,Leighton Buzzard South,E05008797,15491,396,26,62,180,34,94,314,179,110,25,487,170,72,121,124,14199,13062,136,16,16,969,95,8,87
2021,Linslade,E05008798,11952,247,3,61,103,13,67,113,62,41,10,342,124,39,90,89,11166,10394,144,7,17,604,84,15,69
2021,Parkside (Central Bedfordshire),E05008800,5106,242,11,13,121,40,57,557,348,134,75,231,56,35,107,33,3967,3136,67,32,13,719,109,38,71
2021,Potton,E05008801,8760,125,3,16,69,5,32,83,47,31,5,146,54,13,41,38,8377,8043,48,26,6,254,29,1,28
2021,Shefford,E05008803,11251,238,13,36,96,17,76,158,77,56,25,301,65,38,109,89,10484,10109,69,1,6,299,70,9,61
2021,Silsoe and Shillington,E05008804,6062,136,6,16,91,5,18,78,41,29,8,177,45,10,77,45,5644,5347,110,17,3,167,27,3,24
2021,Stotfold and Langford,E05008805,16130,628,22,72,423,15,96,216,115,64,37,485,136,53,175,121,14696,14091,129,33,0,443,105,7,98
2021,Tithe Farm,E05008806,4529,274,39,10,87,74,64,336,181,117,38,233,51,35,96,51,3604,3065,58,7,8,466,82,9,73
2021,Toddington,E05008807,9697,422,27,48,156,94,97,250,141,75,34,290,88,18,125,59,8685,8101,181,1,4,398,50,4,46
2021,"Westoning, Flitton and Greenfield",E05008808,4798,86,5,5,55,2,19,25,8,13,4,127,41,11,45,30,4532,4324,92,4,0,112,28,7,21
2021,Aston (South Derbyshire),E05008809,9288,357,0,43,208,49,57,151,78,53,20,224,57,16,123,28,8493,8226,57,3,0,207,63,2,61
2021,Church Gresley,E05008810,8606,85,5,8,42,10,20,28,18,8,2,140,45,14,56,25,8319,8043,24,4,1,247,34,5,29
2021,Etwall,E05008811,7052,319,0,30,205,41,43,61,37,18,6,164,73,18,47,26,6443,6244,46,1,1,151,65,20,45
2021,Hatton,E05008812,2560,25,1,0,19,1,4,4,3,1,0,23,5,0,14,4,2502,2455,17,5,0,25,6,3,3
2021,Hilton,E05008813,9997,289,0,22,198,31,38,77,43,23,11,236,64,27,95,50,9340,8987,35,23,11,284,55,3,52
2021,Linton (South Derbyshire),E05008814,6069,71,1,12,42,7,9,17,12,4,1,111,39,11,42,19,5858,5729,19,1,4,105,12,0,12
2021,Melbourne,E05008815,5539,16,0,1,7,1,7,11,2,8,1,78,27,4,29,18,5417,5288,20,0,0,109,17,0,17
2021,Midway,E05008816,8189,84,0,13,42,10,19,24,6,14,4,67,19,5,29,14,7996,7734,18,9,0,235,18,2,16
2021,Newhall and Stanton,E05008817,8054,54,0,10,29,1,14,35,17,17,1,115,28,18,54,15,7838,7586,14,2,3,233,12,1,11
2021,Repton (South Derbyshire),E05008818,5847,152,1,48,81,11,11,38,21,8,9,97,30,13,40,14,5550,5420,25,6,6,93,10,0,10
2021,Seales,E05008819,5406,56,1,13,28,1,13,13,4,8,1,51,15,9,20,7,5268,5145,25,4,11,83,18,1,17
2021,Stenson,E05008820,5242,1345,4,19,1072,131,119,175,77,81,17,205,72,17,80,36,3246,2977,42,2,9,216,271,10,261
2021,Swadlincote,E05008821,8856,97,2,16,49,2,28,39,25,9,5,91,28,4,37,22,8606,8322,34,1,3,246,23,4,19
2021,Willington and Findern,E05008822,7348,786,12,42,547,97,88,157,112,29,16,210,81,25,60,44,6077,5874,30,1,1,171,118,34,84
2021,Woodville,E05008823,9140,103,0,10,61,9,23,25,10,11,4,112,31,8,57,16,8884,8605,31,9,0,239,16,3,13
2021,Abbott,E05008857,2232,30,0,17,3,2,8,11,5,2,4,18,5,0,3,10,2149,2030,22,0,2,95,24,6,18
2021,Berry Hill (Mansfield),E05008858,3254,154,8,26,79,19,22,46,35,8,3,43,12,8,11,12,2949,2855,21,0,0,73,62,37,25
2021,Brick Kiln,E05008859,3144,62,14,10,17,19,2,12,5,3,4,31,6,5,7,13,3023,2802,9,0,0,212,16,3,13
2021,Broomhill,E05008860,3334,103,30,8,34,17,14,53,37,3,13,45,5,3,30,7,3090,2462,16,2,30,580,43,7,36
2021,Bull Farm and Pleasley Hill,E05008861,4259,68,0,5,36,6,21,80,64,8,8,45,11,10,14,10,4028,3741,7,11,10,259,38,8,30
2021,Carr Bank,E05008862,3402,67,19,18,16,3,11,50,33,7,10,44,7,8,17,12,3214,2797,8,0,7,402,27,2,25
2021,Eakring,E05008863,2664,32,3,4,13,0,12,9,3,5,1,28,4,5,16,3,2578,2515,8,0,0,55,17,6,11
2021,Grange Farm,E05008864,2865,177,11,11,87,43,25,60,45,15,0,46,5,17,14,10,2534,2369,15,0,1,149,48,30,18
2021,Holly,E05008865,3052,34,0,3,19,2,10,18,14,4,0,30,8,3,15,4,2954,2875,3,0,0,76,16,5,11
2021,Hornby,E05008866,2619,26,1,3,18,0,4,25,15,7,3,29,10,4,11,4,2539,2489,6,6,0,38,0,0,0
2021,Kings Walk,E05008867,3503,155,11,28,63,24,29,40,26,7,7,56,17,6,30,3,3233,2991,12,0,4,226,19,2,17
2021,Kingsway (Mansfield),E05008868,3204,83,7,2,31,13,30,31,26,3,2,50,14,9,16,11,3012,2853,4,1,4,150,28,3,25
2021,Ladybrook,E05008869,3642,207,131,18,34,11,13,45,27,11,7,79,15,18,35,11,3253,2538,8,9,17,681,58,4,54
2021,Lindhurst,E05008870,2832,61,1,12,33,2,13,8,4,2,2,32,13,1,14,4,2722,2625,18,3,0,76,9,1,8
2021,Ling Forest,E05008871,2472,20,1,1,12,1,5,21,14,5,2,29,10,0,8,11,2397,2337,3,1,2,54,5,0,5
2021,Manor (Mansfield),E05008872,2733,33,0,10,18,0,5,14,11,2,1,26,6,1,14,5,2651,2594,6,0,0,51,9,5,4
2021,Market Warsop,E05008873,3082,27,0,9,15,0,3,11,4,3,4,33,4,5,12,12,2995,2867,13,5,19,91,16,0,16
2021,Maun Valley,E05008874,3483,48,1,26,15,0,6,38,26,9,3,41,10,5,13,13,3342,3208,11,0,1,122,14,7,7
2021,Meden,E05008875,2957,32,4,2,13,0,13,16,6,8,2,32,11,2,14,5,2862,2786,11,5,1,59,15,5,10
2021,Netherfield (Mansfield),E05008876,2795,9,0,0,7,1,1,19,10,5,4,10,1,1,3,5,2743,2683,11,1,0,48,14,0,14
2021,Newgate,E05008877,3110,67,27,7,14,3,16,48,34,11,3,69,19,13,23,14,2891,2264,9,2,7,609,35,9,26
2021,Newlands,E05008878,3144,32,0,1,19,0,12,14,3,10,1,33,10,0,16,7,3058,2960,7,0,3,88,7,0,7
2021,Oak Tree,E05008879,2736,32,0,6,22,0,4,56,50,5,1,48,8,8,29,3,2588,2395,10,0,0,183,12,3,9
2021,Oakham,E05008880,2737,60,1,11,24,12,12,17,7,7,3,51,17,7,13,14,2607,2501,8,0,2,96,2,0,2
2021,Park Hall,E05008881,3371,46,0,4,25,0,17,43,32,5,6,59,13,8,30,8,3220,3089,9,1,2,119,3,2,1
2021,Peafields,E05008882,2739,31,1,2,13,9,6,20,13,2,5,22,8,1,8,5,2646,2528,13,0,1,104,20,0,20
2021,Penniment,E05008883,2979,57,23,2,14,1,17,6,1,5,0,44,11,9,14,10,2844,2562,6,0,3,273,28,15,13
2021,Portland (Mansfield),E05008884,2825,101,22,6,40,11,22,85,64,17,4,72,13,2,42,15,2503,1864,11,8,27,593,64,4,60
2021,Racecourse,E05008885,3087,23,11,1,5,0,6,49,34,6,9,56,7,6,29,14,2940,2613,11,4,4,308,19,0,19
2021,Ransom Wood,E05008886,2877,52,0,3,22,16,11,40,26,8,6,43,2,6,20,15,2737,2526,10,7,2,192,5,0,5
2021,Sandhurst,E05008887,2872,64,0,19,21,12,12,49,17,17,15,47,8,8,20,11,2673,2207,16,0,12,438,39,4,35
2021,Sherwood (Mansfield),E05008888,3091,61,2,27,7,7,18,44,21,13,10,56,10,8,31,7,2909,2660,21,0,0,228,21,0,21
2021,Warsop Carrs,E05008889,3816,27,0,6,9,0,12,35,17,13,5,38,7,9,21,1,3705,3597,7,6,4,91,11,0,11
2021,Woodhouse (Mansfield),E05008890,3469,22,0,1,13,1,7,17,7,4,6,41,9,9,20,3,3364,3170,4,4,2,184,25,11,14
2021,Woodlands (Mansfield),E05008891,2510,87,6,21,15,19,26,32,15,13,4,52,15,1,11,25,2305,1912,16,0,7,370,34,3,31
2021,Yeoman Hill,E05008892,3598,50,3,3,15,2,27,19,8,10,1,56,13,9,24,10,3459,3214,17,13,7,208,14,5,9
2021,Downlands and Forest,E05008932,2834,18,1,2,6,1,8,2,0,1,1,27,11,3,4,9,2779,2705,9,2,0,63,8,0,8
2021,Fordingbridge,E05008933,6785,41,1,10,16,1,13,17,5,10,2,60,16,5,18,21,6656,6413,53,32,4,154,11,0,11
2021,Forest North West,E05008934,2473,18,0,7,3,0,8,15,8,4,3,22,7,3,7,5,2411,2329,12,4,2,64,7,4,3
2021,"Hastingwood, Matching and Sheering Village",E05008940,2598,41,3,0,25,1,12,14,7,5,2,52,17,5,12,18,2481,2386,17,8,0,70,10,0,10
2021,Moreton and Fyfield,E05008941,2141,27,1,1,13,6,6,21,11,9,1,21,8,1,2,10,2058,1992,26,5,2,33,14,0,14
2021,Central (Swindon),E05008954,15429,7418,306,130,6312,202,468,554,381,109,64,501,105,104,123,169,6525,5076,81,8,74,1286,431,44,387
2021,Chiseldon and Lawn,E05008955,7836,721,52,31,342,108,188,184,136,19,29,184,69,21,51,43,6658,6234,58,9,11,346,89,11,78
2021,Covingham and Dorcan,E05008956,10634,556,17,39,242,50,208,176,109,36,31,209,86,17,61,45,9581,9082,97,6,13,383,112,15,97
2021,Eastcott,E05008957,12024,3284,193,95,2640,72,284,361,250,63,48,365,92,47,93,133,7801,6347,113,0,64,1277,213,15,198
2021,Gorse Hill and Pinehurst,E05008958,14017,2456,63,83,1772,187,351,359,253,57,49,378,78,60,132,108,10507,9441,75,16,28,947,317,19,298
2021,"Liden, Eldene and Park South",E05008960,11427,1421,45,53,557,141,625,361,235,79,47,334,78,64,115,77,9056,8378,84,11,12,571,255,15,240
2021,Lydiard and Freshbrook,E05008961,11005,736,47,46,295,110,238,255,154,60,41,364,67,61,142,94,9351,8414,56,11,22,848,299,6,293
2021,Mannington and Western,E05008962,11192,1134,54,80,587,97,316,502,375,70,57,398,89,94,92,123,8827,7344,62,7,60,1354,331,39,292
2021,Old Town (Swindon),E05008963,11159,923,65,66,570,70,152,285,198,55,32,423,131,81,114,97,9400,8417,90,4,27,862,128,23,105
2021,Priory Vale,E05008965,12740,674,16,105,351,77,125,484,334,61,89,364,99,52,100,113,11114,10045,53,5,35,976,104,20,84
2021,Ridgeway (Swindon),E05008966,3419,131,1,5,87,22,16,22,13,3,6,64,27,9,7,21,3194,3076,24,1,0,93,8,1,7
2021,Rodbourne Cheney,E05008967,12702,1273,84,48,830,111,200,291,203,45,43,317,75,57,84,101,10724,9902,119,5,40,658,97,13,84
2021,St Andrews (Swindon),E05008968,19144,1383,78,120,601,233,351,824,561,120,143,641,159,87,209,186,16018,14364,71,7,49,1527,278,40,238
2021,St Margaret and South Marston,E05008969,11577,487,11,29,271,68,108,168,109,29,30,243,77,25,83,58,10604,9993,103,10,12,486,75,9,66
2021,Shaw (Swindon),E05008970,10948,773,41,72,370,127,163,213,142,43,28,281,78,49,70,84,9518,8755,64,0,21,678,163,18,145
2021,Walcot and Park North,E05008971,13709,2308,222,25,1146,245,670,535,346,93,96,424,100,81,157,86,10193,9273,142,6,19,753,249,19,230
2021,Wroughton and Wichelstowe,E05008972,8229,238,27,35,113,11,52,73,48,18,7,155,44,11,41,59,7698,7409,51,50,6,182,65,13,52
2021,Benn,E05008974,9343,945,52,52,435,276,130,611,358,199,54,370,87,66,141,76,7214,4762,92,8,80,2272,203,24,179
2021,Bilton,E05008975,6552,302,25,37,151,39,50,94,57,28,9,108,47,16,23,22,5996,5509,74,0,11,402,52,4,48
2021,"Clifton, Newton and Churchover",E05008976,2945,193,3,9,147,12,22,73,53,20,0,84,26,16,23,19,2566,2390,28,0,4,144,29,8,21
2021,Coton and Boughton,E05008977,8109,993,23,100,682,93,95,174,106,51,17,225,91,20,60,54,6576,5554,32,1,10,979,141,12,129
2021,Hillmorton,E05008979,7742,593,26,33,410,43,81,250,172,36,42,214,73,24,81,36,6597,5997,83,3,14,500,88,9,79
2021,Leam Valley,E05008980,2445,31,0,7,17,3,4,8,4,4,0,35,17,2,8,8,2367,2288,22,0,0,57,4,0,4
2021,New Bilton,E05008981,8168,639,7,48,404,51,129,326,195,96,35,345,108,41,140,56,6729,5054,82,11,26,1556,129,12,117
2021,Newbold and Brownsover,E05008982,9276,737,50,70,448,85,84,448,270,108,70,347,56,47,168,76,7627,6020,68,8,12,1519,117,8,109
2021,Paddox,E05008983,7358,677,15,74,419,88,81,105,64,28,13,150,61,10,54,25,6365,5971,51,0,6,337,61,8,53
2021,Revel and Binley Woods,E05008984,6409,282,6,23,208,22,23,61,36,14,11,72,26,8,30,8,5954,5721,94,9,0,130,40,6,34
2021,Rokeby and Overslade,E05008985,7702,513,22,45,308,38,100,169,77,49,43,245,59,28,109,49,6700,5900,77,0,13,710,75,11,64
2021,Eastlands,E05008986,8582,917,21,112,611,82,91,226,159,41,26,250,88,28,88,46,7078,6000,126,2,12,938,111,15,96
2021,Wolvey and Shilton,E05008988,2939,299,4,2,43,15,235,41,17,11,13,65,15,6,25,19,2501,2393,23,11,0,74,33,1,32
2021,Aldershot Park,E05008989,7007,763,5,18,110,165,465,149,75,49,25,121,32,25,34,30,5832,5421,26,32,10,343,142,17,125
2021,Cherrywood,E05008990,8807,2290,47,23,77,78,2065,179,95,52,32,208,48,37,82,41,5593,5134,50,42,16,351,537,18,519
2021,Cove and Southwood,E05008991,7356,614,33,47,88,64,382,138,94,22,22,215,70,25,69,51,6238,5865,37,8,4,324,151,19,132
2021,Empress,E05008992,6565,857,16,76,426,56,283,122,67,41,14,206,77,25,55,49,5290,4637,66,13,9,565,90,10,80
2021,Fernhill (Rushmoor),E05008993,7036,546,14,44,89,47,352,190,118,31,41,174,58,22,55,39,6054,5693,52,10,0,299,72,6,66
2021,Knellwood,E05008994,7430,509,14,49,191,56,199,104,63,34,7,208,85,19,62,42,6534,6099,69,8,2,356,75,13,62
2021,Manor Park (Rushmoor),E05008995,9297,2271,20,63,291,189,1708,184,96,63,25,206,82,27,45,52,6258,5556,63,5,15,619,378,17,361
2021,North Town,E05008996,7848,967,30,23,68,160,686,175,106,50,19,179,39,41,54,45,6367,5852,29,14,5,467,160,12,148
2021,Rowhill,E05008997,7251,1062,35,26,148,98,755,130,60,55,15,160,58,27,43,32,5673,5154,60,9,6,444,226,8,218
2021,St John's (Rushmoor),E05008998,7066,489,7,32,108,78,264,93,63,15,15,185,58,31,43,53,6187,5805,48,21,0,313,112,18,94
2021,St Mark's (Rushmoor),E05008999,8498,934,23,53,153,58,647,314,182,72,60,296,123,51,55,67,6805,6204,70,11,15,505,149,12,137
2021,Wellington (Rushmoor),E05009000,8767,2418,36,27,254,127,1974,625,345,139,141,272,60,56,65,91,4993,4476,39,9,24,445,459,18,441
2021,West Heath (Rushmoor),E05009001,6837,943,19,30,102,46,746,134,89,30,15,145,39,26,44,36,5391,5021,46,5,2,317,224,12,212
2021,Broxbourne and Hoddesdon South,E05009002,9040,270,5,53,107,32,73,227,141,71,15,234,80,13,62,79,8144,7356,154,6,10,618,165,6,159
2021,Cheshunt North,E05009003,9430,376,30,49,156,38,103,672,394,230,48,445,94,46,141,164,7396,6129,141,17,24,1085,541,18,523
2021,Cheshunt South and Theobalds,E05009004,9364,473,32,58,180,24,179,826,496,227,103,409,82,29,152,146,7154,5464,195,10,9,1476,502,23,479
2021,Flamstead End,E05009005,8818,278,25,25,120,13,95,464,272,139,53,349,62,31,134,122,7296,6458,104,30,8,696,431,21,410
2021,Goffs Oak,E05009006,9273,533,24,58,310,28,113,295,160,111,24,373,77,34,114,148,7587,6612,135,0,4,836,485,13,472
2021,Hoddesdon North,E05009007,9791,173,25,20,75,15,38,222,114,70,38,228,47,32,84,65,9042,8228,87,23,17,687,126,3,123
2021,Hoddesdon Town and Rye Park,E05009008,10165,230,25,34,82,29,60,333,202,90,41,304,48,34,118,104,9055,7645,109,7,40,1254,243,29,214
2021,Rosedale and Bury Green,E05009009,9777,342,33,41,63,32,173,600,298,226,76,468,76,70,136,186,7866,6845,104,13,12,892,501,27,474
2021,Waltham Cross,E05009010,11937,599,90,49,165,69,226,1957,1109,539,309,611,89,112,188,222,7659,5126,155,35,48,2295,1111,42,1069
2021,Wormley and Turnford,E05009011,11420,386,25,34,136,43,148,991,615,264,112,510,94,51,180,185,9104,8029,126,15,11,923,429,25,404
2021,Annfield Plain,E05009030,8078,102,5,15,35,31,16,17,12,2,3,46,20,9,9,8,7881,7741,7,38,2,93,32,8,24
2021,Aycliffe East,E05009031,8317,20,0,6,6,0,8,15,9,4,2,75,23,17,21,14,8182,8065,20,4,1,92,25,6,19
2021,Aycliffe North and Middridge,E05009032,10758,130,4,53,40,8,25,18,15,2,1,85,19,30,16,20,10475,10253,40,4,0,178,50,28,22
2021,Aycliffe West,E05009033,7756,51,1,14,8,5,23,7,3,2,2,52,17,6,23,6,7606,7368,32,7,3,196,40,24,16
2021,Barnard Castle East,E05009034,8356,41,1,11,10,2,17,21,14,4,3,63,22,11,13,17,8218,8110,17,1,0,90,13,4,9
2021,Barnard Castle West,E05009035,8295,61,0,30,5,13,13,64,32,12,20,93,16,22,43,12,8067,7932,32,0,3,100,10,1,9
2021,Belmont (County Durham),E05009036,13624,513,6,193,144,41,129,98,77,8,13,190,71,32,34,53,12611,11996,47,29,10,529,212,119,93
2021,Benfieldside,E05009037,8171,52,4,4,14,9,21,9,5,3,1,67,24,15,15,13,7999,7814,30,1,0,154,44,30,14
2021,Bishop Auckland Town,E05009038,7896,111,6,31,36,8,30,19,6,8,5,59,27,7,17,8,7681,7533,16,28,3,101,26,3,23
2021,Bishop Middleham and Cornforth,E05009039,3681,24,1,9,6,2,6,9,9,0,0,32,13,2,10,7,3609,3526,10,4,0,69,7,1,6
2021,Blackhalls,E05009040,7872,72,0,16,30,2,24,22,10,5,7,53,26,9,8,10,7714,7626,31,6,0,51,11,2,9
2021,Brandon,E05009041,10264,188,2,49,51,15,71,84,69,7,8,120,51,21,19,29,9817,9501,16,10,6,284,55,27,28
2021,Burnopfield and Dipton,E05009042,7921,55,0,20,15,5,15,14,10,2,2,61,17,20,12,12,7772,7635,25,1,0,111,19,6,13
2021,Chester-le-Street East,E05009043,3452,37,2,15,7,5,8,4,3,1,0,26,9,2,6,9,3376,3306,13,2,0,55,9,0,9
2021,Chester-le-Street North,E05009044,3789,29,5,3,10,4,7,7,5,1,1,27,3,13,3,8,3713,3671,9,0,0,33,13,3,10
2021,Chester-le-Street South,E05009045,7271,103,3,31,50,6,13,12,5,1,6,78,35,19,4,20,7043,6981,20,3,0,39,35,24,11
2021,Chester-le-Street West Central,E05009046,7903,97,6,36,28,4,23,20,17,3,0,64,26,16,14,8,7692,7535,18,4,0,135,30,17,13
2021,Chilton (County Durham),E05009047,4695,24,0,6,9,0,9,10,10,0,0,23,5,1,6,11,4635,4575,8,6,3,43,3,0,3
2021,Consett North,E05009048,7876,41,0,9,15,1,16,9,9,0,0,67,27,11,18,11,7752,7578,16,4,8,146,7,1,6
2021,Consett South,E05009049,5479,87,4,7,56,1,19,11,6,3,2,55,15,18,13,9,5315,5111,3,3,0,198,11,2,9
2021,Coundon,E05009050,4355,18,0,10,3,1,4,3,1,2,0,35,11,10,6,8,4288,4209,8,16,2,53,11,8,3
2021,Coxhoe,E05009051,13053,195,13,59,53,9,61,92,77,2,13,109,41,25,17,26,12598,12299,43,5,6,245,59,10,49
2021,Craghead and South Moor,E05009052,8500,98,19,19,25,4,31,23,17,3,3,65,20,12,11,22,8287,8159,10,9,1,108,27,10,17
2021,Crook,E05009053,12333,67,9,17,20,1,20,12,7,4,1,91,28,34,8,21,12127,11991,13,23,0,100,36,23,13
2021,Dawdon,E05009054,8727,103,10,17,45,11,20,18,16,1,1,83,28,17,20,18,8494,8325,24,2,9,134,29,13,16
2021,Deerness,E05009055,12838,143,8,49,25,32,29,77,50,8,19,128,48,35,16,29,12444,12129,37,7,1,270,46,18,28
2021,Delves Lane,E05009056,8355,54,0,17,15,8,14,5,2,3,0,67,22,10,17,18,8212,8009,19,2,0,182,17,4,13
2021,Deneside,E05009057,6962,64,19,11,13,9,12,7,5,2,0,30,13,7,8,2,6844,6765,10,5,0,64,17,4,13
2021,Durham South,E05009058,1497,33,0,5,8,13,7,10,4,1,5,22,7,2,5,8,1414,1365,2,1,0,46,18,7,11
2021,Easington,E05009059,7643,38,0,14,6,2,16,12,7,2,3,52,17,7,12,16,7532,7456,9,4,2,61,9,1,8
2021,Elvet and Gilesgate,E05009060,9548,1148,23,680,206,95,144,116,85,15,16,451,238,47,61,105,7670,6897,110,13,4,646,163,58,105
2021,Esh and Witton Gilbert,E05009061,7925,63,1,15,19,10,18,13,5,4,4,67,34,8,13,12,7759,7602,12,12,2,131,23,5,18
2021,Evenwood,E05009062,8062,40,1,8,15,4,12,19,11,4,4,43,14,16,8,5,7958,7901,16,4,1,36,2,0,2
2021,Ferryhill,E05009063,11045,83,6,18,22,21,16,43,27,9,7,49,23,13,3,10,10838,10611,28,33,1,165,32,5,27
2021,Framwellgate and Newton Hall,E05009064,13911,591,22,158,192,57,162,153,98,32,23,248,98,39,43,68,12712,12223,58,20,10,401,207,107,100
2021,Horden,E05009065,7203,59,1,12,4,32,10,26,22,0,4,36,8,4,10,14,7066,6974,13,3,1,75,16,1,15
2021,Lanchester,E05009066,7635,58,1,17,20,6,14,16,10,3,3,63,23,10,18,12,7486,7355,19,14,1,97,12,1,11
2021,Leadgate and Medomsley,E05009067,8638,61,6,10,19,8,18,3,0,2,1,44,11,1,14,18,8519,8330,16,4,3,166,11,2,9
2021,Lumley,E05009068,7276,66,0,7,36,2,21,8,4,4,0,50,27,0,7,16,7131,7075,17,0,0,39,21,8,13
2021,Murton,E05009069,7616,67,0,30,23,4,10,6,3,1,2,57,25,8,19,5,7470,7368,10,3,0,89,16,0,16
2021,Neville's Cross,E05009070,13624,1333,39,727,291,67,209,124,96,19,9,558,317,59,46,136,11364,10395,158,7,8,796,245,105,140
2021,North Lodge,E05009071,3905,70,1,21,20,9,19,14,14,0,0,44,24,8,6,6,3770,3727,8,8,0,27,7,1,6
2021,Passfield,E05009072,4540,55,1,5,19,7,23,8,5,2,1,21,7,2,3,9,4436,4401,3,0,1,31,20,11,9
2021,Pelton,E05009073,12844,136,9,29,60,20,18,31,27,0,4,103,39,16,21,27,12543,12408,23,3,3,106,31,13,18
2021,Peterlee East,E05009074,7712,31,3,4,11,1,12,9,2,3,4,51,7,2,20,22,7603,7490,15,3,0,95,18,6,12
2021,Peterlee West,E05009075,8071,46,1,13,22,2,8,12,3,4,5,59,13,16,8,22,7942,7875,5,3,1,58,12,7,5
2021,Sacriston,E05009076,7581,105,6,41,29,5,24,48,15,32,1,84,26,18,13,27,7323,7200,10,11,2,100,21,10,11
2021,Seaham,E05009077,6586,103,14,16,24,29,20,8,5,1,2,12,4,3,2,3,6446,6396,15,0,1,34,17,0,17
2021,Sedgefield,E05009078,8158,64,2,11,23,1,27,13,11,0,2,72,33,8,11,20,7990,7892,26,1,1,70,19,8,11
2021,Sherburn,E05009079,8490,62,0,15,15,10,22,20,15,1,4,54,24,8,6,16,8337,8129,16,71,1,120,17,5,12
2021,Shildon and Dene Valley,E05009080,13497,77,10,28,12,8,19,53,40,6,7,83,25,17,21,20,13256,12904,26,166,14,146,28,3,25
2021,Shotton and South Hetton,E05009081,9328,119,6,23,35,23,32,19,13,6,0,60,21,12,17,10,9110,8963,6,5,4,132,20,5,15
2021,Spennymoor,E05009082,11416,66,2,10,31,4,19,29,27,2,0,60,19,15,8,18,11235,11109,22,12,3,89,26,7,19
2021,Stanley (County Durham),E05009083,8748,69,1,29,11,14,14,17,14,1,2,29,10,7,8,4,8604,8502,9,6,2,85,29,20,9
2021,Tanfield,E05009084,7991,63,14,10,23,5,11,10,7,2,1,49,16,16,8,9,7842,7742,18,0,0,82,27,16,11
2021,Tow Law,E05009085,4642,28,0,12,4,1,11,1,1,0,0,27,14,4,4,5,4584,4533,12,11,0,28,2,1,1
2021,Trimdon and Thornley,E05009086,12754,74,1,8,27,3,35,28,14,7,7,100,42,19,15,24,12534,12366,22,20,6,120,18,0,18
2021,Tudhoe,E05009087,9535,123,0,30,41,11,41,34,27,3,4,96,44,27,12,13,9264,9103,16,32,3,110,18,4,14
2021,Weardale,E05009088,7832,41,0,12,13,0,16,8,5,3,0,52,21,13,5,13,7716,7585,24,14,2,91,15,5,10
2021,West Auckland,E05009089,8785,123,1,27,29,14,52,46,33,6,7,75,21,31,15,8,8532,8331,13,50,6,132,9,2,7
2021,Willington and Hunwick,E05009090,8955,66,0,14,31,3,18,30,20,8,2,64,16,11,24,13,8769,8654,14,13,2,86,26,2,24
2021,Wingate,E05009091,4266,17,0,4,6,0,7,4,4,0,0,18,6,7,3,2,4221,4170,16,3,5,27,6,0,6
2021,Woodhouse Close,E05009092,8242,85,0,24,29,2,30,38,25,7,6,57,15,12,9,21,8042,7860,17,27,7,131,20,4,16
2021,Alnwick,E05009093,10323,43,1,16,18,1,7,24,18,1,5,92,29,17,14,32,10142,9911,30,0,1,200,22,10,12
2021,Amble,E05009094,5082,36,0,11,8,7,10,4,3,1,0,16,6,2,6,2,5014,4972,12,6,0,24,12,10,2
2021,Amble West with Warkworth,E05009095,4092,12,1,6,0,0,5,4,4,0,0,17,5,4,2,6,4056,3997,16,7,0,36,3,0,3
2021,Ashington Central,E05009096,4712,64,6,4,10,14,30,9,9,0,0,42,10,10,7,15,4567,4500,7,10,3,47,30,5,25
2021,Bamburgh,E05009097,4187,8,1,4,1,0,2,5,1,4,0,19,2,4,4,9,4150,4094,12,1,0,43,5,1,4
2021,Bedlington Central,E05009098,5104,30,2,6,15,0,7,2,0,2,0,36,11,8,7,10,5025,4970,7,5,1,42,11,0,11
2021,Bedlington East,E05009099,4562,40,4,2,18,3,13,15,11,3,1,45,10,21,7,7,4453,4407,10,0,0,36,9,6,3
2021,Bedlington West,E05009100,4612,49,8,7,14,0,20,6,4,2,0,39,15,6,13,5,4509,4460,11,15,0,23,9,1,8
2021,Bellingham (Northumberland),E05009101,3761,13,1,5,0,5,2,1,1,0,0,13,9,1,0,3,3729,3652,17,2,0,58,5,3,2
2021,Berwick East,E05009102,4715,36,8,13,6,4,5,11,6,5,0,37,9,5,12,11,4612,4396,4,8,5,199,19,3,16
2021,Berwick North,E05009103,4329,50,6,10,16,0,18,8,6,2,0,30,14,1,6,9,4225,4048,26,0,2,149,16,0,16
2021,Berwick West with Ord,E05009104,4244,43,15,6,14,6,2,6,5,1,0,26,3,2,5,16,4164,4079,8,1,9,67,5,1,4
2021,Bywell,E05009106,4448,35,5,1,13,0,16,8,6,1,1,51,29,8,8,6,4346,4241,33,0,2,70,8,0,8
2021,Choppington,E05009107,4571,35,5,5,10,2,13,4,3,1,0,46,14,7,18,7,4482,4438,13,6,0,25,4,0,4
2021,College (Northumberland),E05009108,4758,77,3,19,21,8,26,22,19,0,3,16,5,4,0,7,4629,4592,3,0,1,33,14,1,13
2021,Corbridge,E05009109,4012,31,1,3,7,5,15,8,7,1,0,15,8,0,3,4,3950,3859,24,0,0,67,8,2,6
2021,Cowpen,E05009110,4163,44,6,6,19,2,11,2,0,1,1,32,11,5,4,12,4066,4030,5,0,1,30,19,10,9
2021,Cramlington East,E05009111,4312,58,10,12,13,8,15,8,6,1,1,43,14,3,14,12,4177,4124,8,1,0,44,26,17,9
2021,Cramlington Eastfield,E05009112,5106,41,5,7,7,1,21,22,19,2,1,48,9,19,8,12,4982,4937,6,1,0,38,13,0,13
2021,Cramlington North,E05009113,4794,34,4,10,11,3,6,8,4,2,2,44,16,5,12,11,4705,4665,9,2,0,29,3,0,3
2021,Cramlington South East,E05009114,4456,18,0,4,10,2,2,6,6,0,0,24,8,4,4,8,4392,4346,21,2,0,23,16,11,5
2021,Cramlington Village,E05009115,4346,40,16,8,8,3,5,8,3,1,4,24,13,4,3,4,4248,4189,18,5,0,36,26,14,12
2021,Cramlington West,E05009116,7063,50,1,8,23,9,9,11,3,5,3,83,31,20,11,21,6906,6825,13,0,0,68,13,1,12
2021,Croft (Northumberland),E05009117,4579,121,31,13,19,28,30,9,7,2,0,39,15,11,3,10,4375,4220,20,9,2,124,35,13,22
2021,Druridge Bay,E05009118,6747,68,9,4,21,26,8,14,7,2,5,58,27,2,20,9,6564,6455,11,18,0,80,43,2,41
2021,Haltwhistle,E05009119,4650,9,0,5,1,2,1,6,2,3,1,17,11,2,3,1,4610,4566,11,0,1,32,8,4,4
2021,Hartley,E05009120,4720,22,0,1,9,8,4,5,4,1,0,32,12,6,4,10,4656,4607,15,0,0,34,5,1,4
2021,Haydon,E05009121,4212,14,1,7,2,2,2,0,0,0,0,18,5,0,11,2,4142,4111,6,3,1,21,38,2,36
2021,Haydon and Hadrian,E05009122,4443,14,0,2,6,0,6,2,1,0,1,22,15,3,3,1,4404,4337,11,0,0,56,1,0,1
2021,Hexham Central with Acomb,E05009123,4462,26,1,5,9,3,8,7,4,2,1,37,13,5,8,11,4378,4293,13,1,1,70,14,1,13
2021,Hexham East,E05009124,4314,54,1,3,16,7,27,7,4,1,2,57,21,14,3,19,4190,4071,19,0,0,100,6,0,6
2021,Hexham West,E05009125,3868,37,0,6,15,7,9,2,2,0,0,26,11,5,2,8,3790,3687,20,1,0,82,13,3,10
2021,Hirst,E05009126,5102,165,8,15,29,15,98,7,5,1,1,61,24,13,10,14,4816,4728,9,5,2,72,53,4,49
2021,Holywell (Northumberland),E05009127,4854,14,0,2,4,3,5,11,9,1,1,34,11,6,5,12,4785,4716,15,0,0,54,10,8,2
2021,Humshaugh,E05009128,4142,21,0,4,10,2,5,2,2,0,0,28,15,9,1,3,4082,4008,13,0,0,61,9,2,7
2021,Isabella,E05009129,4491,43,0,4,21,5,13,14,9,1,4,24,11,3,3,7,4364,4327,8,0,0,29,46,20,26
2021,Kitty Brewster,E05009130,7343,72,1,17,19,9,26,31,29,1,1,76,31,16,11,18,7136,7041,13,1,5,76,28,16,12
2021,Longhorsley,E05009131,4503,35,0,2,20,8,5,6,4,1,1,33,7,8,4,14,4415,4332,19,2,1,61,14,2,12
2021,Longhoughton,E05009132,4324,21,2,7,1,5,6,11,3,7,1,31,16,5,7,3,4254,4176,17,1,1,59,7,0,7
2021,Lynemouth,E05009133,4439,21,0,6,1,5,9,2,2,0,0,24,11,1,5,7,4380,4341,14,3,2,20,12,1,11
2021,Morpeth Kirkhill,E05009134,5341,40,0,2,15,8,15,7,3,3,1,62,41,3,9,9,5215,5126,8,1,0,80,17,6,11
2021,Morpeth North,E05009135,4606,73,29,15,17,1,11,4,3,0,1,35,19,4,4,8,4471,4361,21,3,8,78,23,4,19
2021,Morpeth Stobhill,E05009136,4815,74,10,10,19,15,20,14,10,1,3,52,28,2,13,9,4656,4560,19,2,2,73,19,2,17
2021,Newbiggin Central and East,E05009137,4431,33,1,8,3,17,4,8,3,4,1,22,4,3,12,3,4363,4312,7,0,0,44,5,0,5
2021,Norham and Islandshires,E05009139,4131,15,1,2,7,0,5,6,2,3,1,27,6,1,4,16,4080,4022,17,1,2,38,3,2,1
2021,Plessey,E05009141,3721,13,0,4,3,3,3,4,3,1,0,26,14,8,1,3,3661,3628,8,0,0,25,17,10,7
2021,Ponteland East and Stannington,E05009142,4942,127,4,12,79,22,10,8,7,1,0,55,22,10,7,16,4736,4668,22,1,0,45,16,4,12
2021,Ponteland North,E05009143,5330,262,9,32,154,41,26,2,1,1,0,94,42,6,19,27,4938,4827,21,0,2,88,34,7,27
2021,Ponteland South with Heddon,E05009144,4132,223,24,16,132,33,18,14,9,1,4,47,20,7,7,13,3831,3747,15,1,0,68,17,0,17
2021,Ponteland West,E05009145,4308,213,1,30,107,47,28,36,18,17,1,66,32,10,11,13,3965,3869,21,0,1,74,28,6,22
2021,Prudhoe North,E05009146,5037,49,0,7,14,14,14,5,2,1,2,35,19,5,5,6,4934,4872,9,2,0,51,14,3,11
2021,Prudhoe South,E05009147,5695,80,0,21,28,4,27,7,2,2,3,42,29,1,8,4,5554,5432,15,0,1,106,12,0,12
2021,Rothbury,E05009148,4868,20,0,5,2,7,6,23,21,1,1,40,10,18,5,7,4777,4699,19,1,1,57,8,3,5
2021,Seaton with Newbiggin West,E05009149,6111,108,3,11,19,16,59,9,7,1,1,49,24,10,8,7,5927,5896,6,0,1,24,18,1,17
2021,Shilbottle,E05009151,5415,10,1,1,3,0,5,4,4,0,0,36,10,9,3,14,5356,5302,11,1,0,42,9,1,8
2021,Sleekburn,E05009152,4292,28,1,8,10,4,5,14,13,1,0,19,8,5,3,3,4224,4174,6,3,1,40,7,0,7
2021,South Blyth,E05009153,4683,23,1,3,10,5,4,0,0,0,0,22,9,1,7,5,4633,4599,14,0,0,20,5,1,4
2021,South Tynedale,E05009154,4719,22,0,2,11,4,5,10,4,3,3,48,15,9,10,14,4626,4557,15,2,0,52,13,1,12
2021,Stakeford,E05009155,4436,18,1,1,8,5,3,9,7,0,2,30,11,9,1,9,4367,4314,7,23,0,23,12,5,7
2021,Stocksfield and Broomhaugh,E05009156,4784,27,1,4,4,10,8,3,0,2,1,43,19,2,14,8,4705,4608,29,0,0,68,6,0,6
2021,Wensleydale,E05009157,5365,51,3,18,8,11,11,18,6,8,4,49,19,13,8,9,5222,5118,14,7,0,83,25,8,17
2021,Wooler,E05009158,4347,10,0,1,3,4,2,1,1,0,0,24,12,3,1,8,4308,4226,20,3,0,59,4,0,4
2021,"Gobowen, Selattyn and Weston Rhyn",E05009281,6944,112,1,50,28,1,32,20,10,3,7,85,27,16,22,20,6696,6538,17,7,4,130,31,13,18
2021,Oswestry East,E05009282,9406,145,40,22,42,16,25,35,23,3,9,58,16,10,12,20,9129,8367,17,9,0,736,39,11,28
2021,Oswestry South,E05009283,4412,77,11,24,21,7,14,47,35,0,12,61,17,8,22,14,4186,3813,14,1,0,358,41,0,41
2021,Oswestry West,E05009284,3686,31,1,9,5,1,15,13,7,6,0,27,6,1,7,13,3586,3104,14,4,0,464,29,1,28
2021,Ruyton and Baschurch,E05009285,4363,29,0,6,16,4,3,14,4,4,6,45,21,3,9,12,4270,4158,32,1,1,78,5,1,4
2021,St Oswald (Shropshire),E05009286,4829,41,10,14,5,6,6,9,3,2,4,45,20,1,5,19,4725,4576,18,3,0,128,9,0,9
2021,Whittington,E05009287,4439,53,5,9,16,0,23,41,37,3,1,52,24,3,13,12,4286,4199,21,0,0,66,7,1,6
2021,Chopwell and Rowlands Gill,E05009313,8834,61,3,21,16,6,15,31,20,5,6,99,27,28,22,22,8566,8403,20,3,0,140,77,33,44
2021,Walkern,E05009315,2803,23,0,1,8,1,13,10,4,3,3,40,11,5,10,14,2723,2626,29,1,1,66,7,0,7
2021,Manor (Stevenage),E05009316,6438,350,28,39,158,43,82,288,210,52,26,167,47,21,46,53,5562,5144,71,2,0,345,71,14,57
2021,Bethnal Green,E05009317,21092,8968,7315,532,501,202,418,1899,1346,285,268,960,290,134,223,313,8555,5648,238,6,142,2521,710,162,548
2021,Blackwall & Cubitt Town,E05009318,21427,8636,4227,1723,1671,311,704,1496,1081,287,128,1281,414,166,279,422,8962,4201,230,5,177,4349,1052,305,747
2021,Bow East,E05009319,19522,5381,4286,289,404,137,265,1790,1064,548,178,1277,321,173,362,421,10441,7274,344,12,88,2723,633,161,472
2021,Bow West,E05009320,13708,4456,3759,193,243,64,197,755,444,239,72,772,203,83,174,312,7270,5433,252,8,70,1507,455,162,293
2021,Bromley North,E05009321,11703,5871,4989,280,266,115,221,1185,714,315,156,601,136,118,161,186,3649,2361,88,21,78,1101,397,98,299
2021,Bromley South,E05009322,13961,7115,6076,356,265,126,292,1555,1041,381,133,634,161,73,159,241,4150,2349,132,2,96,1571,507,140,367
2021,Canary Wharf,E05009323,17977,7529,3323,1879,1513,239,575,1121,721,234,166,898,265,128,164,341,7483,3171,193,3,130,3986,946,397,549
2021,Island Gardens,E05009324,15300,5392,3068,703,952,167,502,824,554,192,78,844,236,98,173,337,7601,4185,149,7,106,3154,639,165,474
2021,Lansbury,E05009325,21706,10602,8634,544,586,338,500,2417,1739,434,244,999,215,176,326,282,6938,4072,159,1,169,2537,750,204,546
2021,Limehouse,E05009326,6550,1913,1193,226,292,59,143,403,280,83,40,319,97,33,105,84,3652,1972,99,5,50,1526,263,60,203
2021,Mile End (Tower Hamlets),E05009327,21650,10537,9060,435,395,223,424,1834,1209,459,166,1095,289,197,275,334,7331,4263,172,6,163,2727,853,219,634
2021,Poplar (Tower Hamlets),E05009328,8067,4676,3866,241,232,138,199,717,518,126,73,328,78,71,75,104,2071,1142,51,3,60,815,275,88,187
2021,St Dunstan's,E05009329,14747,8696,7846,249,210,152,239,1027,739,170,118,614,164,124,142,184,4000,2445,111,3,144,1297,410,101,309
2021,St Katharine's & Wapping,E05009330,11962,3093,1879,360,515,82,257,316,190,95,31,674,237,88,106,243,7429,4351,230,4,79,2765,450,150,300
2021,St Peter's (Tower Hamlets),E05009331,19781,8374,7325,333,270,128,318,1195,757,326,112,986,303,128,220,335,8353,5153,346,1,138,2715,873,217,656
2021,Shadwell,E05009332,13274,7973,7070,200,324,159,220,922,630,188,104,504,129,77,122,176,3311,1944,91,5,84,1187,564,186,378
2021,Spitalfields & Banglatown,E05009333,13344,6911,5625,431,395,172,288,622,437,112,73,568,198,65,92,213,4761,2202,154,6,99,2300,482,150,332
2021,Stepney Green,E05009334,12344,7040,6403,146,151,138,202,789,572,141,76,468,133,88,99,148,3594,2340,108,3,89,1054,453,143,310
2021,Weavers,E05009335,13338,5028,4287,193,213,91,244,899,634,192,73,727,216,92,158,261,6185,3714,215,1,94,2161,499,141,358
2021,Whitechapel,E05009336,18841,9659,7103,969,738,294,555,930,704,123,103,854,283,123,181,267,6527,2958,206,8,165,3190,871,337,534
2021,Baylis and Stoke,E05009337,10451,6658,54,15,1472,4575,542,553,334,150,69,283,94,21,88,80,2374,1384,47,3,15,925,583,83,500
2021,Britwell and Northborough,E05009338,11575,3135,36,32,1109,1560,398,1451,979,247,225,612,141,67,256,148,5973,4522,96,14,20,1321,404,100,304
2021,Central (Slough),E05009339,13019,6850,89,108,2395,3444,814,984,677,222,85,485,143,79,89,174,3901,1661,75,34,56,2075,799,208,591
2021,Chalvey,E05009340,13463,7166,132,44,1939,4274,777,1208,771,301,136,518,160,83,137,138,3874,1834,56,13,87,1884,697,175,522
2021,Cippenham Green,E05009341,10438,3792,28,33,1651,1724,356,581,403,101,77,476,144,42,162,128,5167,4117,110,17,13,910,422,123,299
2021,Cippenham Meadows,E05009342,12451,5082,93,52,2104,2234,599,1129,727,259,143,553,142,104,149,158,4924,3198,81,3,13,1629,763,250,513
2021,Colnbrook with Poyle,E05009343,6419,2236,37,12,1445,486,256,413,269,99,45,263,110,23,70,60,3222,2138,53,50,27,954,285,57,228
2021,Elliman,E05009344,10499,5910,58,12,1822,3179,839,792,537,196,59,426,144,60,118,104,2646,1453,46,9,23,1115,725,95,630
2021,Farnham,E05009345,11289,5674,56,9,2173,2871,565,833,483,228,122,352,128,48,102,74,3717,2004,75,3,21,1614,713,105,608
2021,Foxborough,E05009346,3914,1344,13,17,549,545,220,540,342,135,63,173,45,27,76,25,1673,1300,21,4,13,335,184,16,168
2021,Haymill and Lynch Hill,E05009347,10315,2909,59,57,1483,982,328,700,389,232,79,527,165,50,202,110,5723,4598,145,4,10,966,456,127,329
2021,Langley Kedermister,E05009348,10622,4740,71,31,2662,1496,480,746,499,158,89,448,115,67,135,131,4012,2992,84,36,10,890,676,154,522
2021,Langley St Mary's,E05009349,11771,5319,40,88,3384,1344,463,797,557,173,67,451,125,65,123,138,4531,3390,108,38,21,974,673,132,541
2021,Upton (Slough),E05009350,10679,6690,67,54,4007,1937,625,575,400,119,56,331,114,42,46,129,2351,1518,70,3,12,748,732,89,643
2021,Wexham Lea,E05009351,11596,6593,79,28,2014,3665,807,689,448,152,89,410,173,46,101,90,3044,1992,76,5,15,956,860,113,747
2021,Blackwater and Hawley,E05009352,9244,723,21,49,172,32,449,176,123,31,22,222,67,34,40,81,7991,7452,63,11,8,457,132,17,115
2021,Crookham East,E05009353,7347,176,8,32,70,12,54,30,12,9,9,127,62,16,24,25,6972,6643,69,0,0,260,42,10,32
2021,Crookham West and Ewshot,E05009354,11235,346,17,82,107,7,133,130,64,56,10,234,92,29,46,67,10385,9747,65,6,2,565,140,20,120
2021,Fleet Central,E05009355,8935,404,33,41,157,14,159,57,35,17,5,245,118,42,34,51,8169,7531,94,20,18,506,60,8,52
2021,Fleet East,E05009356,7889,397,7,75,197,19,99,50,33,14,3,205,85,26,48,46,7185,6703,59,13,7,403,52,9,43
2021,Fleet West,E05009357,9412,504,31,101,233,42,97,103,61,31,11,274,109,37,58,70,8444,7696,63,3,5,677,87,24,63
2021,Hartley Wintney,E05009358,9573,138,11,15,69,2,41,40,14,13,13,196,75,17,44,60,9156,8644,70,72,12,358,43,6,37
2021,Hook,E05009359,9665,357,12,44,137,39,125,84,56,19,9,277,110,31,46,90,8873,8346,67,28,14,418,74,11,63
2021,Odiham,E05009360,9155,144,7,27,37,14,59,60,35,17,8,163,69,27,28,39,8733,8312,85,38,9,289,55,7,48
2021,Yateley East,E05009361,8427,208,1,24,62,14,107,73,54,14,5,136,65,24,16,31,7955,7532,76,48,1,298,55,1,54
2021,Yateley West,E05009362,8525,194,15,27,75,23,54,44,28,7,9,156,69,16,25,46,8090,7808,55,9,6,212,41,6,35
2021,Burford,E05009363,1977,25,1,9,7,0,8,17,16,0,1,49,18,9,10,12,1881,1757,17,9,1,97,5,2,3
2021,Brize Norton and Shilton,E05009364,3536,48,7,5,10,0,26,28,17,11,0,47,9,5,21,12,3396,3258,29,10,3,96,17,1,16
2021,Carterton North West,E05009365,5444,78,4,17,16,2,39,35,21,7,7,116,38,15,34,29,5193,4906,19,0,5,263,22,2,20
2021,Brownswood,E05009367,9015,774,158,148,230,57,181,1153,657,352,144,717,232,103,151,231,5498,3420,234,6,23,1815,873,113,760
2021,Cazenove,E05009368,15337,1927,295,64,1299,97,172,2201,1199,747,255,718,126,159,209,224,8896,6192,245,7,38,2414,1595,102,1493
2021,Clissold,E05009369,12581,831,171,94,288,63,215,1876,866,737,273,968,251,115,264,338,7937,5438,363,1,28,2107,969,63,906
2021,Dalston,E05009370,8877,840,192,155,254,61,178,1581,850,535,196,640,163,77,148,252,5212,3182,216,1,29,1784,604,98,506
2021,De Beauvoir,E05009371,9194,691,105,118,210,47,211,1568,935,416,217,628,163,100,124,241,5539,3462,227,7,29,1814,768,98,670
2021,Hackney Central,E05009372,12719,1487,360,142,341,279,365,3419,1840,1117,462,910,159,156,277,318,5913,3731,274,12,63,1833,990,120,870
2021,Hackney Downs,E05009373,12998,1815,566,101,775,152,221,3156,1577,1164,415,934,221,182,212,319,6189,4014,313,10,30,1822,904,70,834
2021,Hackney Wick,E05009374,12310,1058,369,121,197,82,289,3592,1966,1131,495,999,150,159,366,324,5830,4127,247,20,34,1402,831,99,732
2021,Haggerston,E05009375,14414,1540,546,300,275,95,324,3363,2036,884,443,968,175,170,265,358,7243,4213,371,19,54,2586,1300,196,1104
2021,Homerton,E05009376,13882,1638,539,208,330,107,454,4348,2558,1252,538,1001,149,185,288,379,5791,3680,230,19,67,1795,1104,120,984
2021,Hoxton East & Shoreditch,E05009377,11769,1451,245,380,332,108,386,2259,1325,608,326,864,234,110,195,325,6092,3123,255,16,72,2626,1103,142,961
2021,Hoxton West,E05009378,13749,1670,271,500,356,65,478,2669,1666,615,388,1003,233,164,208,398,7093,3572,280,2,59,3180,1314,184,1130
2021,King's Park,E05009379,13060,1256,388,89,335,193,251,4531,2430,1489,612,897,161,148,286,302,5400,3492,229,32,23,1624,976,112,864
2021,Lea Bridge (Hackney),E05009380,14123,2323,393,91,1296,267,276,2825,1306,1166,353,949,192,133,302,322,7155,4656,348,19,50,2082,871,79,792
2021,London Fields,E05009381,12683,1229,405,180,292,63,289,2591,1186,1024,381,886,204,132,236,314,6933,4482,317,6,52,2076,1044,151,893
2021,Shacklewell,E05009382,9124,1054,310,84,329,105,226,2191,1208,659,324,695,148,100,171,276,4332,2600,193,8,41,1490,852,117,735
2021,Springfield,E05009383,15317,1097,238,55,512,105,187,2554,1328,901,325,679,117,93,225,244,8925,6206,146,33,43,2497,2062,88,1974
2021,Stamford Hill West,E05009384,10349,438,68,38,206,23,103,1092,549,431,112,369,101,47,103,118,7158,5223,126,2,21,1786,1292,47,1245
2021,Stoke Newington,E05009385,13380,1220,245,93,459,173,250,2068,790,961,317,990,228,109,256,397,8144,5497,454,6,39,2148,958,55,903
2021,Victoria (Hackney),E05009386,12155,1080,435,147,194,80,224,2802,1461,995,346,897,160,121,270,346,6676,4507,326,12,26,1805,700,114,586
2021,Woodberry Down,E05009387,12111,1469,257,353,319,241,299,2805,1743,719,343,785,128,175,195,287,5747,3113,188,10,36,2400,1305,170,1135
2021,Abingdon,E05009388,7899,1108,37,307,215,117,432,272,178,70,24,489,178,90,42,179,5034,2294,207,0,60,2473,996,398,598
2021,Brompton & Hans Town,E05009389,7788,1165,249,242,204,93,377,272,209,41,22,432,206,44,32,150,5239,2492,135,0,79,2533,680,397,283
2021,Campden,E05009390,8625,903,17,236,240,47,363,321,226,40,55,580,233,60,96,191,6137,3037,111,0,43,2946,684,364,320
2021,Chelsea Riverside,E05009391,7633,897,170,113,147,67,400,737,529,127,81,520,148,64,98,210,4682,2876,159,1,43,1603,797,369,428
2021,Colville,E05009392,8568,927,46,93,115,71,602,1070,593,359,118,717,167,100,209,241,4969,2740,201,3,40,1985,885,355,530
2021,Courtfield,E05009393,8325,1083,15,442,287,46,293,305,260,31,14,485,195,57,43,190,5845,2473,154,0,72,3146,607,286,321
2021,Dalgarno,E05009394,7216,572,89,44,56,37,346,1221,766,336,119,533,87,73,192,181,3906,2383,167,8,29,1319,984,462,522
2021,Earl's Court,E05009395,8944,1458,38,495,248,137,540,466,305,128,33,548,190,80,83,195,5643,2297,170,1,103,3072,829,366,463
2021,Golborne,E05009396,8802,862,183,171,122,53,333,1743,1026,535,182,899,292,141,204,262,3865,2099,176,3,36,1551,1433,670,763
2021,Holland,E05009397,9100,1556,80,226,262,166,822,615,498,74,43,556,212,71,62,211,5074,2318,144,0,87,2525,1299,636,663
2021,Norland,E05009398,5703,447,8,62,87,27,263,359,146,188,25,365,131,38,62,134,4170,2576,125,1,22,1446,362,138,224
2021,Notting Dale,E05009399,9143,1416,400,53,88,98,777,1720,1104,458,158,773,187,95,166,325,3991,2363,124,51,29,1424,1243,507,736
2021,Pembridge,E05009400,5379,612,19,183,154,27,229,186,104,54,28,351,112,45,47,147,3839,2002,78,0,36,1723,391,134,257
2021,Queen's Gate,E05009401,7910,1381,19,585,292,122,363,131,82,30,19,382,147,31,52,152,5288,2155,108,1,60,2964,728,358,370
2021,Redcliffe,E05009402,9193,808,27,219,247,60,255,227,141,53,33,569,193,89,56,231,7039,2940,226,1,121,3751,550,232,318
2021,Royal Hospital,E05009403,8419,666,26,185,151,55,249,285,164,99,22,369,127,45,62,135,6588,3734,204,4,99,2547,511,232,279
2021,St. Helen's (Kensington and Chelsea),E05009404,6158,340,33,35,66,30,176,943,317,542,84,473,77,96,150,150,3918,2601,165,11,22,1119,484,172,312
2021,Stanley (Kensington and Chelsea),E05009405,8585,837,38,149,229,34,387,407,295,73,39,480,160,74,66,180,6170,3502,171,1,70,2426,691,311,380
2021,Bletchley East,E05009406,17932,2041,846,77,481,294,343,2277,1708,252,317,755,166,219,208,162,12549,10789,155,10,51,1544,310,64,246
2021,Bletchley Park,E05009407,15847,1649,676,70,462,228,213,1218,865,219,134,658,128,104,226,200,12052,10464,198,13,45,1332,270,39,231
2021,Bletchley West,E05009408,14901,1362,225,93,487,245,312,1313,940,247,126,566,128,134,173,131,11434,10244,146,1,30,1013,226,63,163
2021,Bradwell (Milton Keynes),E05009409,13287,1899,87,95,725,615,377,1132,865,123,144,559,126,145,125,163,9382,8128,107,15,30,1102,315,45,270
2021,Broughton (Milton Keynes),E05009410,20564,4095,149,552,2114,721,559,2608,2075,219,314,1051,274,223,244,310,12168,9775,150,5,33,2205,642,219,423
2021,Campbell Park & Old Woughton,E05009411,13665,1982,114,145,717,367,639,1468,1137,157,174,510,181,108,97,124,9330,7594,128,7,39,1562,375,69,306
2021,Central Milton Keynes,E05009412,16481,3422,201,298,1385,451,1087,2524,2078,226,220,729,149,194,160,226,9108,6305,96,7,124,2576,698,148,550
2021,Danesborough & Walton,E05009413,14308,994,30,99,482,183,200,875,631,105,139,531,153,106,130,142,11750,10580,129,0,13,1028,158,34,124
2021,Loughton & Shenley,E05009414,14811,2641,83,199,1579,424,356,1256,902,214,140,730,212,123,167,228,9833,8493,135,23,26,1156,351,115,236
2021,Monkston,E05009415,13409,1553,63,182,725,353,230,1427,1080,134,213,628,192,136,153,147,9550,7809,98,2,9,1632,251,77,174
2021,Newport Pagnell North & Hanslope,E05009416,13299,419,40,65,156,75,83,327,231,53,43,382,133,46,91,112,12059,11468,111,0,4,476,112,21,91
2021,Newport Pagnell South,E05009417,11868,473,15,70,230,69,89,346,217,87,42,316,84,52,100,80,10650,9814,100,2,1,733,83,11,72
2021,Olney,E05009418,12439,190,1,18,101,22,48,140,105,22,13,221,60,41,51,69,11861,11332,164,0,0,365,27,5,22
2021,Shenley Brook End,E05009419,13979,2271,67,276,1300,330,298,1192,857,207,128,644,185,126,148,185,9650,8292,87,3,26,1242,222,63,159
2021,Stantonbury,E05009420,16077,1607,74,79,422,464,568,1691,1297,158,236,614,142,149,170,153,11820,10351,138,12,27,1292,345,63,282
2021,Stony Stratford,E05009421,16434,2506,110,154,1442,488,312,1148,865,117,166,737,188,156,202,191,11769,10492,141,19,22,1095,274,93,181
2021,Tattenhoe,E05009422,12955,2644,49,254,1832,265,244,1367,1073,131,163,633,146,140,175,172,8038,6978,59,4,8,989,273,71,202
2021,Wolverton,E05009423,16197,1907,96,68,284,1151,308,1284,993,127,164,702,185,133,185,199,12038,10697,126,9,20,1186,266,54,212
2021,Woughton & Fishermead,E05009424,18594,1988,262,118,423,417,768,4261,3583,180,498,759,143,215,189,212,11063,8963,113,20,67,1900,523,94,429
2021,Abbots Langley & Bedmond,E05009425,6463,296,8,13,176,39,60,84,28,43,13,193,73,21,46,53,5841,5412,177,7,3,242,49,2,47
2021,Carpenders Park,E05009426,6950,1570,10,53,1207,75,225,174,102,60,12,199,55,14,56,74,4823,4038,148,5,4,628,184,42,142
2021,Chorleywood North & Sarratt,E05009427,6964,1508,19,52,1192,92,153,120,78,30,12,231,114,31,22,64,4991,4493,142,7,0,349,114,6,108
2021,Chorleywood South & Maple Cross,E05009428,7938,571,9,48,341,69,104,80,44,23,13,326,168,27,47,84,6850,6268,126,4,2,450,111,16,95
2021,Dickinsons,E05009429,6467,898,20,76,624,97,81,114,65,38,11,257,129,15,54,59,5111,4557,114,1,2,437,87,11,76
2021,Durrants,E05009430,7061,740,46,40,522,68,64,84,35,31,18,215,93,29,56,37,5932,5471,170,0,10,281,90,23,67
2021,Gade Valley,E05009431,6935,377,23,26,193,58,77,204,126,50,28,279,87,35,83,74,5979,5456,173,3,7,340,96,27,69
2021,Leavesden,E05009432,8557,1317,12,71,932,128,174,389,240,112,37,365,117,50,109,89,6346,5663,133,25,7,518,140,31,109
2021,Moor Park & Eastbury,E05009433,6144,3074,25,79,2410,275,285,141,77,54,10,211,107,16,18,70,2523,2048,92,0,3,380,195,44,151
2021,Oxhey Hall & Hayling,E05009434,7561,1142,11,29,726,122,254,244,113,95,36,266,86,25,58,97,5766,4773,191,22,12,768,143,25,118
2021,Penn & Mill End,E05009435,7200,720,20,69,480,48,103,97,53,37,7,302,114,30,92,66,5995,5343,166,0,3,483,86,19,67
2021,Rickmansworth Town,E05009436,7657,857,9,109,586,51,102,112,72,32,8,270,127,23,33,87,6304,5404,197,5,17,681,114,13,101
2021,South Oxhey,E05009437,7879,1201,17,47,777,58,302,387,200,139,48,278,75,30,94,79,5854,4780,149,9,16,900,159,37,122
2021,Arrow,E05009438,3653,12,0,2,1,0,9,1,1,0,0,32,12,2,9,9,3601,3520,14,0,1,66,7,3,4
2021,Aylestone Hill,E05009439,3472,91,1,20,45,2,23,29,15,5,9,41,18,5,10,8,3293,3037,12,4,4,236,18,0,18
2021,Backbury,E05009440,3200,50,2,6,25,1,16,10,9,1,0,47,15,8,12,12,3084,2996,9,4,4,71,9,1,8
2021,Belmont Rural,E05009441,3660,48,1,12,17,0,18,9,4,4,1,32,10,5,8,9,3550,3156,16,6,19,353,21,1,20
2021,Birch (Herefordshire),E05009442,3071,14,0,5,2,0,7,15,5,7,3,26,16,4,1,5,3012,2895,19,3,0,95,4,0,4
2021,Bircher,E05009443,3820,26,0,11,7,0,8,2,2,0,0,21,8,3,3,7,3770,3654,22,3,0,91,1,0,1
2021,Bishops Frome & Cradley,E05009444,3072,22,1,6,7,1,7,4,3,0,1,29,10,1,7,11,3007,2907,16,3,1,80,10,0,10
2021,Bobblestock,E05009445,3386,26,0,9,5,0,12,13,10,1,2,36,12,10,6,8,3294,2974,7,1,3,309,17,1,16
2021,Bromyard Bringsty,E05009446,3468,31,1,4,16,1,9,2,1,1,0,38,12,3,12,11,3378,3219,16,23,4,116,19,4,15
2021,Bromyard West,E05009447,3278,29,1,2,18,0,8,10,5,2,3,35,12,4,9,10,3200,3029,10,13,2,146,4,0,4
2021,Castle (Herefordshire),E05009448,3149,26,0,3,9,0,14,3,0,2,1,31,13,1,14,3,3084,3011,3,1,0,69,5,0,5
2021,Central (Herefordshire),E05009449,3416,204,11,26,86,20,61,33,23,4,6,57,11,15,15,16,3049,2651,17,4,13,364,73,27,46
2021,College (Herefordshire),E05009450,3733,200,13,14,123,17,33,39,32,4,3,46,21,9,8,8,3412,3180,14,4,3,211,36,6,30
2021,Dinedor Hill,E05009452,3584,32,0,11,2,1,18,3,1,2,0,35,13,7,7,8,3507,3297,22,15,0,173,7,4,3
2021,Eign Hill,E05009453,3583,93,0,13,37,6,37,18,11,6,1,39,16,4,7,12,3403,3230,14,2,1,156,30,10,20
2021,Golden Valley North,E05009454,3043,14,0,2,3,0,9,2,1,1,0,26,10,4,2,10,2992,2921,10,4,4,53,9,2,7
2021,Golden Valley South,E05009455,3287,11,0,3,4,1,3,6,2,4,0,41,13,6,15,7,3225,3156,18,1,0,50,4,0,4
2021,Greyfriars (Herefordshire),E05009456,3872,62,4,14,10,4,30,21,10,11,0,68,21,9,13,25,3681,3296,19,2,8,356,40,9,31
2021,Hagley (Herefordshire),E05009457,4302,54,0,2,31,6,15,8,5,2,1,48,16,7,11,14,4179,4020,17,6,3,133,13,2,11
2021,Hampton (Herefordshire),E05009458,3485,17,0,3,5,2,7,3,1,2,0,30,10,9,3,8,3429,3340,19,0,0,70,6,1,5
2021,Hinton & Hunderton,E05009459,4384,50,0,4,27,12,7,9,5,2,2,69,18,13,19,19,4225,3672,12,31,7,503,31,6,25
2021,Holmer,E05009460,4229,104,0,21,57,4,22,39,33,1,5,58,21,8,15,14,3986,3822,16,3,4,141,42,24,18
2021,Hope End,E05009461,3568,30,0,13,7,0,10,5,5,0,0,26,13,0,2,11,3489,3301,25,28,4,131,18,0,18
2021,Kerne Bridge,E05009462,3092,19,0,6,6,0,7,1,0,1,0,25,11,2,3,9,3027,2899,10,7,0,111,20,1,19
2021,Kings Acre,E05009463,3244,19,1,1,7,2,8,10,3,6,1,19,8,4,4,3,3182,2931,14,0,1,236,14,13,1
2021,Kington (Herefordshire),E05009464,3222,36,0,7,10,1,18,7,3,4,0,27,7,7,6,7,3140,2953,9,13,1,164,12,0,12
2021,Ledbury North,E05009465,2878,26,1,3,7,0,15,3,2,0,1,25,8,5,2,10,2810,2593,13,0,5,199,14,0,14
2021,Ledbury South,E05009466,3544,26,0,9,6,7,4,14,11,1,2,36,10,2,14,10,3437,3239,12,14,2,170,31,4,27
2021,Ledbury West,E05009467,3572,31,0,7,8,0,16,5,0,4,1,34,18,0,12,4,3486,3218,7,25,5,231,16,5,11
2021,Leominster East,E05009468,4261,53,3,10,21,6,13,13,6,7,0,48,16,4,12,16,4122,3795,14,4,1,308,25,0,25
2021,Leominster North & Rural,E05009469,3921,12,0,1,2,0,9,12,6,6,0,30,7,3,8,12,3857,3662,6,11,0,178,10,6,4
2021,Leominster South,E05009470,3206,25,0,4,5,0,16,2,1,1,0,36,19,3,5,9,3123,2971,14,0,1,137,20,0,20
2021,Leominster West,E05009471,2765,6,2,0,1,0,3,5,4,1,0,23,6,8,4,5,2724,2571,16,4,0,133,7,0,7
2021,Llangarron,E05009472,3356,28,0,8,3,3,14,5,4,1,0,46,24,4,3,15,3264,3129,17,6,0,112,13,2,11
2021,Mortimer,E05009473,3318,22,0,0,9,1,12,1,0,1,0,25,3,0,12,10,3252,3166,26,1,0,59,18,1,17
2021,Newton Farm,E05009474,4525,34,7,4,10,8,5,27,14,3,10,85,25,21,22,17,4341,3677,13,8,6,637,38,11,27
2021,Old Gore,E05009475,3107,33,0,17,2,1,13,2,0,2,0,20,8,0,8,4,3037,2946,15,2,1,73,15,2,13
2021,Penyard,E05009476,3527,16,0,3,4,1,8,4,2,2,0,32,10,3,10,9,3467,3376,5,1,1,84,8,0,8
2021,Red Hill,E05009478,4005,26,1,2,5,1,17,13,7,1,5,56,19,6,13,18,3865,3553,7,17,0,288,45,14,31
2021,Ross East,E05009479,3878,31,0,8,5,5,13,11,4,6,1,35,8,6,10,11,3772,3454,13,5,0,300,29,1,28
2021,Ross North,E05009480,3648,21,0,0,7,2,12,9,1,8,0,40,10,8,17,5,3551,3295,8,17,0,231,27,11,16
2021,Ross West,E05009481,3465,34,0,9,7,0,18,4,2,1,1,32,13,4,6,9,3372,3216,12,3,0,141,23,5,18
2021,Saxon Gate,E05009482,4040,126,0,10,14,4,98,49,41,1,7,61,18,10,11,22,3755,3478,17,11,3,246,49,1,48
2021,Three Crosses,E05009485,3557,13,0,2,7,0,4,7,1,4,2,24,10,2,5,7,3495,3352,22,23,4,94,18,2,16
2021,Tupsley,E05009486,3074,73,1,10,41,2,19,7,6,1,0,34,20,1,12,1,2943,2872,6,2,0,63,17,11,6
2021,Weobley,E05009487,3697,16,0,6,3,0,7,7,3,3,1,35,17,3,7,8,3625,3529,6,27,2,61,14,1,13
2021,Whitecross,E05009488,3752,29,0,1,13,6,9,13,3,6,4,42,12,5,8,17,3660,3384,17,0,3,256,8,4,4
2021,Widemarsh,E05009489,3180,100,3,3,40,2,52,15,13,1,1,33,11,7,6,9,2983,2442,9,14,25,493,49,6,43
2021,Wormside,E05009490,3678,26,0,1,14,1,10,9,4,5,0,42,12,6,8,16,3587,3448,11,20,6,102,14,6,8
2021,Bassenhally,E05009491,5530,66,1,11,25,4,25,56,32,8,16,71,16,11,24,20,5304,5078,24,13,1,188,33,14,19
2021,"Benwick, Coates & Eastrea",E05009492,4685,59,0,7,36,1,15,32,17,9,6,97,24,10,20,43,4485,4320,30,17,0,118,12,3,9
2021,Birch (Fenland),E05009493,2541,21,0,2,5,0,14,13,7,4,2,36,10,5,8,13,2461,2291,6,12,1,151,10,3,7
2021,Clarkson,E05009494,2772,35,4,4,16,1,10,62,49,11,2,39,3,17,8,11,2576,1681,6,16,15,858,60,0,60
2021,Doddington & Wimblington,E05009495,4902,48,0,8,27,1,12,4,1,3,0,60,17,6,17,20,4771,4583,28,21,0,139,19,1,18
2021,Elm & Christchurch,E05009496,4920,31,1,6,10,1,13,14,6,6,2,30,7,6,13,4,4820,4523,21,114,15,147,25,2,23
2021,Kirkgate,E05009497,2610,45,0,5,21,5,14,18,14,2,2,20,3,2,11,4,2508,2055,8,3,12,430,19,2,17
2021,Lattersey,E05009498,2733,20,0,3,5,3,9,26,14,1,11,29,3,4,21,1,2644,2546,9,1,0,88,14,0,14
2021,Manea,E05009499,2808,20,0,8,2,0,10,8,1,4,3,22,2,1,9,10,2751,2677,4,0,2,68,7,0,7
2021,March East,E05009500,7662,102,12,16,27,2,45,39,20,10,9,101,29,22,23,27,7365,6834,24,31,1,475,55,4,51
2021,March North,E05009501,7815,135,14,27,24,26,44,182,93,58,31,169,39,28,71,31,7274,6803,59,24,1,387,55,7,48
2021,March West,E05009502,7487,82,0,19,13,10,40,43,30,10,3,102,24,17,42,19,7239,6849,34,14,4,338,21,0,21
2021,Medworth,E05009503,3139,91,21,31,21,4,14,15,2,10,3,69,22,8,17,22,2901,1959,13,27,3,899,63,0,63
2021,Octavia Hill,E05009504,5707,85,7,26,22,3,27,50,15,19,16,81,22,7,22,30,5418,4034,23,23,25,1313,73,2,71
2021,Parson Drove & Wisbech St Mary,E05009505,5439,31,0,5,12,6,8,22,4,15,3,64,24,5,20,15,5302,4977,15,119,15,176,20,0,20
2021,Peckover,E05009506,2474,52,0,16,21,3,12,19,15,1,3,27,10,1,10,6,2355,2014,10,24,11,296,21,0,21
2021,Roman Bank,E05009507,6808,50,3,7,22,3,15,26,14,5,7,74,30,5,18,21,6630,6242,29,43,15,301,28,0,28
2021,St Andrews (Fenland),E05009508,2961,41,2,13,8,0,18,22,13,6,3,44,10,9,8,17,2826,2720,21,1,7,77,28,2,26
2021,Slade Lode,E05009509,2989,39,0,7,12,1,19,28,26,1,1,58,23,12,13,10,2845,2530,7,27,14,267,19,0,19
2021,Staithe,E05009510,2400,20,0,5,5,0,10,10,4,5,1,24,4,8,8,4,2320,1893,8,6,0,413,26,1,25
2021,Stonald,E05009511,2895,57,0,7,24,11,15,35,20,11,4,52,13,8,12,19,2741,2643,10,2,0,86,10,1,9
2021,The Mills,E05009512,2787,32,1,3,10,0,18,26,19,6,1,36,13,6,3,14,2679,2480,9,16,3,171,14,2,12
2021,Waterlees Village,E05009513,5701,29,6,1,9,1,12,43,28,9,6,70,21,14,11,24,5474,3878,30,19,20,1527,85,3,82
2021,Wenneye,E05009514,2703,45,0,6,13,0,26,18,8,9,1,35,14,5,7,9,2593,2418,9,19,2,145,12,3,9
2021,Abbey (Swale),E05009544,5274,73,5,14,16,7,31,34,17,15,2,113,27,20,27,39,5039,4731,34,16,7,251,15,0,15
2021,"Bobbing, Iwade and Lower Halstow",E05009545,6442,88,1,2,53,4,28,113,92,11,10,111,42,16,23,30,6108,5853,33,61,2,159,22,1,21
2021,Borden and Grove Park,E05009546,6437,112,21,11,52,1,27,91,50,21,20,96,28,20,26,22,6103,5825,39,46,7,186,35,11,24
2021,Boughton and Courtenay,E05009547,5798,56,0,11,24,1,20,17,12,4,1,73,21,3,22,27,5625,5359,38,24,13,191,27,3,24
2021,Chalkwell (Swale),E05009548,3683,154,28,14,70,7,35,285,234,23,28,110,37,24,29,20,3105,2794,26,8,8,269,29,1,28
2021,East Downs,E05009549,2762,20,1,2,5,1,11,7,3,4,0,49,17,7,8,17,2679,2559,19,25,2,74,7,2,5
2021,"Hartlip, Newington and Upchurch",E05009550,6604,130,7,17,69,12,25,115,93,11,11,120,44,6,29,41,6225,5994,35,80,2,114,14,2,12
2021,Homewood,E05009551,6251,101,31,17,21,9,23,68,42,21,5,117,31,28,31,27,5934,5627,48,22,4,233,31,4,27
2021,Kemsley,E05009552,6794,139,5,18,64,1,51,541,423,26,92,133,31,30,40,32,5945,5471,20,19,5,430,36,1,35
2021,Milton Regis,E05009553,6019,96,10,24,31,9,22,165,119,34,12,120,32,18,46,24,5592,5176,35,59,11,311,46,9,37
2021,Minster Cliffs,E05009554,7865,92,9,4,52,3,24,66,57,8,1,73,27,6,20,20,7603,7406,48,26,3,120,31,11,20
2021,Murston,E05009555,6943,89,10,15,27,14,23,371,291,31,49,180,41,37,59,43,6266,5438,50,64,46,668,37,1,36
2021,Priory (Swale),E05009556,2903,24,0,4,8,3,9,28,24,1,3,37,10,10,11,6,2803,2701,17,15,2,68,11,0,11
2021,Queenborough and Halfway,E05009557,8259,118,42,9,20,1,46,105,66,20,19,93,33,8,31,21,7902,7690,39,10,6,157,41,12,29
2021,Roman (Swale),E05009558,6937,168,40,25,40,4,59,128,95,12,21,123,34,27,25,37,6433,5822,27,24,6,554,85,7,78
2021,St Ann's (Swale),E05009559,5498,55,0,25,8,0,22,34,20,9,5,92,30,10,27,25,5287,5043,38,11,5,190,30,3,27
2021,Sheerness,E05009560,13251,220,75,31,29,20,65,108,66,22,20,276,70,46,78,82,12551,11764,51,76,0,660,96,31,65
2021,Sheppey Central,E05009561,9169,99,25,10,37,2,25,186,156,14,16,124,40,9,42,33,8724,8446,43,35,6,194,36,1,35
2021,Sheppey East,E05009562,8355,126,29,10,27,24,36,309,142,85,82,250,39,22,113,76,7629,7059,82,192,28,268,41,9,32
2021,Teynham and Lynsted,E05009563,6759,61,4,13,19,13,12,184,146,15,23,99,27,12,42,18,6395,5993,32,22,4,344,20,5,15
2021,The Meads,E05009564,4028,92,14,22,37,1,18,299,243,20,36,106,19,27,27,33,3509,3283,11,58,0,157,22,4,18
2021,Watling (Swale),E05009565,6766,65,22,10,8,1,24,61,35,23,3,116,37,17,26,36,6457,6158,32,26,6,235,67,1,66
2021,West Downs,E05009566,2908,16,0,1,9,0,6,44,24,6,14,41,12,9,14,6,2802,2717,30,6,3,46,5,2,3
2021,Woodstock (Swale),E05009567,5986,125,28,23,49,8,17,129,90,18,21,90,29,5,16,40,5631,5478,26,3,1,123,11,5,6
2021,Aylesford North and Walderslade,E05009568,6323,181,15,14,94,25,33,84,64,9,11,122,45,8,34,35,5912,5699,44,27,2,140,24,0,24
2021,Aylesford South,E05009569,5351,115,7,12,57,14,25,100,77,16,7,108,32,20,36,20,4985,4747,29,41,5,163,43,7,36
2021,Borough Green and Long Mill,E05009570,7752,210,61,30,57,16,46,59,34,14,11,169,67,14,36,52,7275,6883,55,15,7,315,39,2,37
2021,Burham and Wouldham,E05009571,4070,72,2,5,19,17,29,62,40,16,6,94,33,10,25,26,3824,3700,16,6,0,102,18,5,13
2021,Cage Green,E05009572,4502,112,21,18,41,0,32,10,2,5,3,82,35,11,15,21,4265,4098,30,3,1,133,33,4,29
2021,Castle (Tonbridge and Malling),E05009573,4943,233,15,62,110,11,35,47,30,15,2,128,60,18,26,24,4486,4078,47,0,0,361,49,18,31
2021,Ditton,E05009574,4959,90,4,13,42,2,29,16,10,6,0,66,27,15,14,10,4768,4577,31,28,0,132,19,7,12
2021,Downs and Mereworth,E05009575,4610,64,1,9,36,2,16,29,16,4,9,80,23,6,22,29,4414,4235,18,25,0,136,23,9,14
2021,Hadlow and East Peckham,E05009577,7212,108,1,22,28,16,41,34,26,6,2,116,42,12,27,35,6933,6708,49,32,7,137,21,4,17
2021,Higham (Tonbridge and Malling),E05009578,4789,86,14,18,31,0,23,33,20,9,4,107,37,17,24,29,4534,4307,24,12,12,179,29,6,23
2021,Hildenborough,E05009579,4979,111,3,39,39,0,30,28,18,4,6,98,40,13,21,24,4714,4453,38,6,1,216,28,2,26
2021,Judd,E05009580,5428,320,39,52,139,3,87,38,33,2,3,179,66,25,31,57,4829,4420,32,4,10,363,62,7,55
2021,Larkfield North,E05009582,4897,82,11,10,14,3,44,79,57,12,10,121,40,23,21,37,4601,4418,36,6,3,138,14,1,13
2021,Larkfield South,E05009583,4325,70,8,7,27,1,27,40,23,13,4,64,10,20,18,16,4123,3965,20,7,0,131,28,13,15
2021,Medway,E05009584,7442,564,61,99,210,40,154,79,57,13,9,212,70,27,35,80,6515,5908,62,9,4,532,72,7,65
2021,Snodland East and Ham Hill,E05009585,5105,32,2,7,14,0,9,44,20,16,8,81,18,14,27,22,4933,4705,16,32,3,177,15,9,6
2021,Snodland West and Holborough Lakes,E05009586,6725,161,14,35,68,6,38,124,77,29,18,157,37,32,49,39,6242,5951,37,28,2,224,41,9,32
2021,Trench,E05009587,4845,198,45,22,42,9,80,47,30,13,4,112,33,14,44,21,4476,4266,31,27,12,140,12,0,12
2021,Vauxhall (Tonbridge and Malling),E05009588,5260,321,17,64,153,5,82,45,35,7,3,131,51,14,20,46,4701,4348,21,5,2,325,62,18,44
2021,Wateringbury,E05009589,1976,27,1,1,12,5,8,14,7,3,4,25,11,2,3,9,1905,1813,13,7,0,72,5,0,5
2021,West Malling and Leybourne,E05009590,7249,159,11,33,66,19,30,40,15,14,11,162,77,16,25,44,6862,6583,47,58,0,174,26,4,22
2021,"Wrotham, Ightham and Stansted",E05009591,4519,88,9,9,39,6,25,26,10,16,0,117,44,19,26,28,4259,3997,51,23,2,186,29,3,26
2021,Bare,E05009592,6895,37,4,6,6,5,16,14,9,4,1,43,6,12,7,18,6770,6635,26,12,0,97,31,2,29
2021,Bolton & Slyne,E05009593,7243,52,1,11,6,20,14,18,13,3,2,55,23,8,14,10,7092,6983,37,3,0,69,26,3,23
2021,Bulk,E05009594,9506,691,21,292,160,93,125,185,154,18,13,323,99,34,77,113,8156,7380,53,21,5,697,151,65,86
2021,Carnforth & Millhead,E05009595,6043,62,19,15,14,1,13,26,17,5,4,59,23,4,17,15,5879,5736,20,6,14,103,17,3,14
2021,Castle (Lancaster),E05009596,5452,846,13,246,381,93,113,144,122,15,7,176,77,27,17,55,4167,3593,47,9,2,516,119,52,67
2021,Ellel,E05009597,4318,90,7,13,51,6,13,20,14,3,3,55,23,7,11,14,4143,4009,23,3,1,107,10,1,9
2021,Halton-with-Aughton,E05009598,2885,47,0,7,11,0,29,5,3,1,1,40,6,6,9,19,2774,2675,22,1,4,72,19,1,18
2021,Harbour,E05009599,7724,94,2,20,30,4,38,28,24,3,1,110,28,34,23,25,7427,6880,30,11,12,494,65,12,53
2021,Heysham Central,E05009600,4716,59,0,28,13,1,17,13,9,3,1,28,16,2,7,3,4600,4384,35,34,0,147,16,7,9
2021,Heysham North,E05009601,4801,47,3,5,4,7,28,17,12,5,0,41,15,6,15,5,4672,4345,29,14,0,284,24,10,14
2021,Heysham South,E05009602,6772,42,4,5,11,5,17,16,12,3,1,65,18,9,19,19,6623,6363,25,4,5,226,26,6,20
2021,John O'Gaunt,E05009603,7128,605,29,106,311,74,85,112,93,9,10,204,90,31,24,59,6093,5670,65,7,4,347,114,48,66
2021,Kellet,E05009604,2281,16,0,8,5,0,3,5,4,0,1,23,12,0,1,10,2232,2185,11,4,0,32,5,0,5
2021,Lower Lune Valley,E05009605,4532,44,1,8,11,14,10,7,7,0,0,29,13,7,8,1,4449,4361,14,10,1,63,3,1,2
2021,Marsh,E05009606,6161,261,25,90,95,19,32,107,93,10,4,127,47,31,25,24,5597,5186,50,16,3,342,69,45,24
2021,Overton (Lancaster),E05009607,2495,14,0,2,6,3,3,1,1,0,0,19,5,5,5,4,2452,2386,14,7,1,44,9,1,8
2021,Poulton,E05009608,5374,117,11,23,22,16,45,38,32,4,2,99,29,15,25,30,5081,4767,33,12,1,268,39,14,25
2021,Scotforth East,E05009609,4258,165,8,64,48,21,24,35,32,3,0,92,37,11,19,25,3905,3690,20,6,2,187,61,29,32
2021,Scotforth West,E05009610,7172,678,183,107,145,149,94,116,97,12,7,138,68,20,16,34,6092,5538,54,11,15,474,148,73,75
2021,Silverdale (Lancaster),E05009611,1901,7,0,0,4,0,3,6,4,2,0,9,2,0,1,6,1875,1840,11,0,0,24,4,0,4
2021,Skerton East,E05009612,6941,166,5,61,45,9,46,55,43,5,7,87,33,16,17,21,6563,6166,23,35,3,336,70,29,41
2021,Skerton West,E05009613,7149,98,0,21,26,11,40,38,34,1,3,97,26,22,21,28,6833,6405,30,35,0,363,83,14,69
2021,Torrisholme,E05009614,4423,50,0,22,11,1,16,6,3,3,0,41,12,3,12,14,4319,4250,25,2,0,42,7,1,6
2021,University & Scotforth Rural,E05009615,5108,779,15,415,186,56,107,157,146,10,1,188,92,18,22,56,3875,3268,38,0,13,556,109,41,68
2021,Upper Lune Valley,E05009616,2320,15,0,5,5,0,5,5,3,1,1,6,3,0,2,1,2284,2217,19,9,0,39,10,1,9
2021,Warton,E05009617,1997,10,0,0,5,1,4,4,3,1,0,8,6,0,0,2,1968,1930,13,3,0,22,7,3,4
2021,Westgate (Lancaster),E05009618,7343,53,3,12,17,0,21,38,35,2,1,50,15,10,16,9,7145,6708,35,38,4,360,57,12,45
2021,Forest (Blaby),E05009619,8090,1377,3,70,1183,44,77,168,117,27,24,303,90,26,102,85,6012,5675,41,5,7,284,230,14,216
2021,Winstanley (Blaby),E05009620,7280,1111,8,115,840,60,88,234,162,47,25,267,80,34,94,59,5498,4743,41,0,9,705,170,38,132
2021,Coastal (Boston),E05009621,3946,34,0,0,12,8,14,37,7,22,8,46,10,8,16,12,3811,3698,13,4,0,96,18,0,18
2021,Fenside,E05009622,5102,39,0,1,17,9,12,20,11,7,2,113,26,16,26,45,4853,2596,4,11,28,2214,77,3,74
2021,Fishtoft,E05009623,7155,269,7,15,135,69,43,66,60,1,5,98,28,17,20,33,6668,5707,14,1,0,946,54,19,35
2021,Five Village,E05009624,4075,13,0,1,2,2,8,9,6,1,2,33,8,9,11,5,4013,3812,14,3,0,184,7,0,7
2021,Kirton and Frampton,E05009625,7431,77,2,11,33,13,18,32,23,5,4,101,26,22,27,26,7178,6335,20,8,8,807,43,3,40
2021,Old Leake and Wrangle,E05009626,3616,17,0,2,13,0,2,9,5,2,2,35,9,6,10,10,3543,3311,9,4,3,216,12,0,12
2021,St Thomas' (Boston),E05009627,2534,31,0,6,13,0,12,13,10,1,2,31,9,6,7,9,2414,1968,4,0,6,436,45,10,35
2021,Skirbeck,E05009628,8271,129,12,11,52,33,21,53,46,5,2,147,33,21,53,40,7790,5076,22,51,53,2588,152,9,143
2021,Staniland,E05009629,4304,41,0,7,14,9,11,17,12,1,4,77,15,11,26,25,4116,2901,15,7,11,1182,53,2,51
2021,Station,E05009630,2709,77,31,6,11,11,18,30,29,0,1,55,10,7,22,16,2425,1142,5,8,27,1243,122,5,117
2021,Swineshead and Holland Fen,E05009631,4252,28,0,1,13,4,10,11,7,3,1,45,15,11,10,9,4165,3958,11,9,0,187,3,0,3
2021,Trinity (Boston),E05009632,5299,466,4,32,206,132,92,70,65,3,2,75,30,15,11,19,4515,3158,10,11,30,1306,173,61,112
2021,West (Boston),E05009633,2188,90,9,9,49,14,9,26,16,2,8,24,8,3,7,6,2047,1833,1,2,0,211,1,0,1
2021,Witham (Boston),E05009634,4618,84,0,11,19,9,45,41,32,1,8,74,22,12,16,24,4344,2888,7,20,23,1406,75,7,68
2021,Wyberton,E05009635,5013,50,1,1,16,4,28,35,30,4,1,66,13,14,22,17,4849,4156,12,1,5,675,13,0,13
2021,Bardney,E05009636,2756,16,0,2,9,0,5,2,2,0,0,33,16,5,4,8,2702,2668,3,4,0,27,3,1,2
2021,Caistor and Yarborough,E05009637,5575,44,2,5,20,0,17,23,13,9,1,37,10,7,13,7,5458,5351,40,0,0,67,13,2,11
2021,Cherry Willingham,E05009638,7935,157,0,31,66,24,36,31,17,5,9,108,37,28,24,19,7610,7407,31,8,1,163,29,8,21
2021,Dunholme and Welton,E05009639,8703,58,0,16,27,3,12,25,12,9,4,98,37,14,22,25,8499,8328,40,7,0,124,23,11,12
2021,Gainsborough East,E05009640,7475,54,0,9,15,14,16,25,8,9,8,85,11,17,42,15,7272,6999,10,48,6,209,39,4,35
2021,Gainsborough North,E05009641,7596,119,0,30,52,8,29,26,19,7,0,104,33,20,31,20,7326,7103,29,26,2,166,21,0,21
2021,Gainsborough South-West,E05009642,5465,112,6,23,36,11,36,40,23,12,5,86,26,12,31,17,5192,4921,16,39,3,213,35,8,27
2021,Hemswell,E05009643,2629,8,0,0,3,1,4,4,1,1,2,25,4,3,9,9,2582,2513,12,12,0,45,10,0,10
2021,Kelsey Wold,E05009644,2676,38,0,3,23,9,3,3,0,3,0,16,4,1,6,5,2613,2548,11,32,0,22,6,2,4
2021,Lea,E05009645,2117,10,0,1,4,0,5,6,3,3,0,15,5,0,6,4,2082,2039,5,0,0,38,4,3,1
2021,Market Rasen,E05009646,8486,61,7,7,17,4,26,11,4,5,2,88,35,11,18,24,8294,8134,29,5,0,126,32,2,30
2021,Nettleham,E05009647,4474,77,0,8,47,10,12,23,17,6,0,61,17,8,22,14,4296,4177,26,6,0,87,17,11,6
2021,Saxilby,E05009648,5737,88,0,13,41,8,26,21,14,7,0,68,28,8,14,18,5540,5412,29,1,4,94,20,7,13
2021,Scampton,E05009649,2805,14,0,2,3,1,8,20,15,4,1,52,7,7,23,15,2717,2660,11,1,0,45,2,0,2
2021,Scotter and Blyton,E05009650,7578,89,0,11,64,2,12,17,8,5,4,66,33,7,13,13,7380,7258,27,21,0,74,26,5,21
2021,Stow (West Lindsey),E05009651,2445,7,0,2,2,1,2,8,7,0,1,27,15,5,3,4,2395,2368,3,0,0,24,8,0,8
2021,Sudbrooke,E05009652,2714,131,3,3,95,16,14,20,10,8,2,44,14,7,13,10,2476,2423,10,0,0,43,43,22,21
2021,Torksey,E05009653,2854,17,0,3,7,5,2,13,7,2,4,39,14,6,14,5,2781,2713,16,0,0,52,4,0,4
2021,Waddingham and Spital,E05009654,2447,8,0,2,4,1,1,9,2,7,0,10,7,3,0,0,2418,2361,10,3,1,43,2,1,1
2021,Wold View,E05009655,2680,26,0,13,12,0,1,6,1,5,0,22,5,3,13,1,2621,2581,11,0,1,28,5,0,5
2021,Bestwood St Albans,E05009689,5464,204,14,10,91,54,35,269,133,98,38,265,31,29,166,39,4703,4496,34,8,5,160,23,2,21
2021,Calverton,E05009690,7577,28,0,3,8,3,14,42,18,23,1,122,22,7,79,14,7369,7238,29,2,0,100,16,3,13
2021,Carlton (Gedling),E05009691,5630,547,18,25,50,376,78,171,64,83,24,221,61,10,115,35,4602,4308,49,1,3,241,89,15,74
2021,Carlton Hill,E05009692,9107,474,9,53,104,206,102,316,110,170,36,439,87,37,221,94,7726,7124,85,7,8,502,152,14,138
2021,Cavendish,E05009693,5180,129,1,9,39,54,26,148,52,75,21,211,32,10,138,31,4651,4437,32,0,10,172,41,7,34
2021,Colwick,E05009694,2772,158,4,5,76,43,30,50,19,24,7,129,31,8,65,25,2406,2237,21,0,7,141,29,3,26
2021,Coppice,E05009695,5959,197,10,43,61,50,33,175,72,76,27,174,37,16,95,26,5371,5166,29,2,0,174,42,18,24
2021,Daybrook,E05009696,6029,256,0,28,116,51,61,185,87,77,21,248,46,25,131,46,5288,4967,46,1,0,274,52,16,36
2021,Dumbles,E05009697,2881,43,0,2,23,9,9,6,1,5,0,67,30,2,17,18,2744,2682,24,3,0,35,21,2,19
2021,Ernehale,E05009698,6218,170,0,24,60,33,53,126,45,55,26,224,35,25,120,44,5634,5441,33,0,5,155,64,22,42
2021,Gedling,E05009699,6331,157,4,26,56,46,25,108,38,53,17,203,35,18,113,37,5836,5639,38,0,0,159,27,5,22
2021,Netherfield (Gedling),E05009700,5589,129,5,20,35,44,25,131,52,54,25,249,44,29,124,52,5028,4722,43,1,0,262,52,8,44
2021,Newstead Abbey,E05009701,8603,271,0,29,175,36,31,90,36,45,9,206,61,20,91,34,7978,7786,49,1,0,142,58,2,56
2021,Phoenix,E05009702,5471,124,0,16,57,41,10,120,44,51,25,219,25,17,129,48,4962,4737,35,0,4,186,46,22,24
2021,Plains,E05009703,8362,596,13,99,306,110,68,189,66,108,15,271,56,30,124,61,7200,6912,82,0,0,206,106,14,92
2021,Porchester,E05009704,7677,328,16,26,148,101,37,205,51,116,38,307,82,21,129,75,6794,6436,90,1,6,261,43,6,37
2021,Redhill (Gedling),E05009705,6609,240,4,22,138,44,32,139,60,52,27,226,48,20,118,40,5937,5748,43,0,2,144,67,10,57
2021,Trent Valley,E05009706,5681,97,0,10,43,21,23,68,32,25,11,138,38,13,63,24,5349,5223,36,0,0,90,29,5,24
2021,Woodthorpe,E05009707,6125,381,7,22,165,129,58,140,49,74,17,208,57,14,105,32,5344,5068,89,1,5,181,52,11,41
2021,Abbey (Rushcliffe),E05009708,5284,449,9,43,229,114,54,40,20,14,6,216,86,19,60,51,4535,4289,51,0,0,195,44,11,33
2021,Bingham East,E05009709,5117,102,0,40,37,11,14,8,4,4,0,73,23,2,25,23,4904,4792,21,1,0,90,30,6,24
2021,Bingham West,E05009710,4993,99,1,9,53,15,21,41,32,8,1,121,38,11,46,26,4717,4575,33,1,0,108,15,2,13
2021,Bunny,E05009711,2458,106,0,9,64,20,13,7,2,4,1,49,24,0,10,15,2289,2224,9,0,0,56,7,1,6
2021,Compton Acres,E05009712,5552,1137,36,101,638,248,114,102,58,36,8,182,74,24,36,48,3950,3665,44,0,4,237,181,95,86
2021,Cotgrave,E05009713,8206,120,0,24,74,6,16,68,31,21,16,185,41,22,84,38,7802,7609,31,0,4,158,31,10,21
2021,Cranmer,E05009714,3359,59,5,8,27,15,4,54,23,19,12,61,28,10,12,11,3179,3087,35,14,0,43,6,0,6
2021,Cropwell,E05009715,2451,25,1,4,8,5,7,8,4,4,0,52,19,8,21,4,2365,2324,13,1,0,27,1,0,1
2021,East Bridgford,E05009716,2870,23,0,5,11,2,5,16,7,7,2,68,32,2,24,10,2751,2676,12,7,0,56,12,5,7
2021,Edwalton,E05009717,5771,858,22,74,493,205,64,99,55,31,13,278,110,14,97,57,4390,4104,54,2,12,218,146,78,68
2021,Gamston North,E05009718,2742,263,4,23,155,63,18,49,36,10,3,83,41,12,21,9,2299,2178,21,0,1,99,48,15,33
2021,Gamston South,E05009719,2568,368,7,47,227,62,25,34,15,19,0,114,48,8,39,19,2014,1890,34,1,0,89,38,15,23
2021,Gotham,E05009720,2451,12,0,2,7,0,3,9,6,3,0,36,11,0,15,10,2391,2336,13,0,0,42,3,0,3
2021,Keyworth & Wolds,E05009721,8143,201,1,37,88,35,40,23,10,11,2,150,35,11,65,39,7728,7494,54,2,1,177,41,15,26
2021,Lady Bay,E05009722,5273,269,9,41,97,70,52,48,15,28,5,182,77,13,52,40,4716,4401,77,1,0,237,58,15,43
2021,Leake,E05009723,9246,146,0,47,68,6,25,26,17,9,0,166,53,15,61,37,8883,8627,44,0,3,209,25,7,18
2021,Lutterell,E05009724,5981,861,10,79,404,284,84,127,59,51,17,237,80,23,76,58,4652,4302,53,1,6,290,104,35,69
2021,Musters,E05009725,4680,521,7,59,235,174,46,53,30,20,3,181,79,20,44,38,3845,3597,40,0,3,205,80,10,70
2021,Nevile & Langar,E05009726,2921,59,0,5,21,28,5,17,9,6,2,39,15,7,10,7,2804,2753,8,10,1,32,2,0,2
2021,Radcliffe on Trent,E05009727,8144,148,0,28,73,10,37,48,17,23,8,156,47,7,53,49,7753,7512,69,1,1,170,39,6,33
2021,Ruddington,E05009728,7676,293,6,37,172,39,39,58,27,16,15,271,92,32,100,47,6991,6813,29,1,1,147,63,14,49
2021,Sutton Bonington,E05009729,2337,157,0,68,71,3,15,36,31,1,4,57,28,2,13,14,2070,1961,18,0,3,88,17,11,6
2021,Thoroton,E05009730,2490,12,0,4,5,1,2,8,1,7,0,40,19,2,16,3,2424,2388,15,0,0,21,6,1,5
2021,Tollerton,E05009731,2486,95,0,8,45,29,13,6,2,4,0,54,31,2,13,8,2316,2256,19,0,0,41,15,3,12
2021,Trent Bridge,E05009732,5885,390,13,92,171,51,63,115,66,41,8,256,94,25,84,53,5056,4627,93,1,2,333,68,14,54
2021,Benson & Crowmarsh,E05009733,8521,130,2,19,36,10,63,52,18,20,14,161,59,14,49,39,8094,7697,56,6,8,327,84,14,70
2021,Berinsfield,E05009734,4137,147,14,8,84,11,30,40,20,10,10,110,28,20,31,31,3798,3490,34,11,9,254,42,0,42
2021,Chalgrove,E05009735,3318,25,0,2,6,8,9,14,10,3,1,47,12,3,19,13,3217,3084,33,0,6,94,15,1,14
2021,Chinnor,E05009736,9313,158,6,13,84,16,39,38,15,16,7,188,68,14,52,54,8896,8484,69,0,14,329,33,3,30
2021,Didcot West,E05009740,8495,595,23,82,228,74,188,216,152,32,32,228,69,32,58,69,7331,6481,39,7,5,799,125,32,93
2021,Garsington & Horspath,E05009742,3596,99,0,7,30,32,30,43,15,24,4,83,31,14,24,14,3333,3100,43,8,5,177,38,8,30
2021,Goring (South Oxfordshire),E05009743,3954,54,0,12,22,5,15,10,5,2,3,79,36,8,9,26,3787,3556,31,1,0,199,24,1,23
2021,Thame,E05009749,13269,267,27,52,93,9,86,87,41,30,16,316,126,26,84,80,12525,11826,98,18,17,566,74,12,62
2021,Watlington (South Oxfordshire),E05009751,4047,76,1,4,14,1,56,6,5,1,0,66,26,11,14,15,3882,3645,41,11,4,181,17,1,16
2021,Abingdon Abbey Northcourt,E05009754,6408,321,22,72,94,29,104,132,78,28,26,231,85,36,49,61,5666,4833,70,0,16,747,58,18,40
2021,Abingdon Caldecott,E05009755,7576,267,19,63,55,38,92,150,93,28,29,212,74,36,43,59,6820,6063,52,16,30,659,127,25,102
2021,Abingdon Fitzharris,E05009757,6506,305,5,139,63,26,72,99,54,34,11,156,45,26,44,41,5896,5297,36,0,9,554,50,15,35
2021,Ridgeway (Vale of White Horse),E05009769,3138,31,0,4,8,2,17,16,14,1,1,42,15,6,9,12,3034,2875,20,17,0,122,15,0,15
2021,Stanford,E05009770,3834,45,0,6,11,18,10,29,18,9,2,43,12,7,10,14,3701,3548,31,0,0,122,16,2,14
2021,Steventon & the Hanneys,E05009771,4203,75,0,21,33,3,18,59,34,8,17,74,36,10,15,13,3976,3803,14,0,1,158,19,2,17
2021,Aldwick East,E05009800,5175,53,6,10,20,0,17,14,3,4,7,57,19,5,17,16,5018,4729,30,0,2,257,33,2,31
2021,Aldwick West,E05009801,6280,51,12,15,18,0,6,24,17,5,2,55,24,12,5,14,6124,5878,37,2,0,207,26,4,22
2021,Angmering & Findon,E05009802,10847,123,16,31,27,10,39,31,20,8,3,196,85,23,45,43,10455,10076,89,11,1,278,42,15,27
2021,Arundel & Walberton,E05009803,8350,85,1,9,45,1,29,22,12,8,2,122,38,10,29,45,8083,7657,83,31,2,310,38,2,36
2021,Barnham,E05009804,9211,131,17,22,39,2,51,36,24,6,6,140,57,21,37,25,8866,8480,58,18,2,308,38,1,37
2021,Beach,E05009805,4702,58,10,11,22,1,14,19,10,6,3,76,21,11,25,19,4533,4284,37,4,3,205,16,2,14
2021,Bersted,E05009806,10235,245,72,34,54,3,82,63,45,12,6,151,58,26,34,33,9695,8715,38,6,3,933,81,13,68
2021,Brookfield (Arun),E05009807,6329,90,13,7,26,20,24,32,16,9,7,99,31,24,15,29,6100,5787,21,8,7,277,8,0,8
2021,Courtwick with Toddington,E05009808,11785,256,46,32,49,11,118,87,65,13,9,219,55,49,53,62,11165,10211,32,19,26,877,58,9,49
2021,East Preston,E05009809,7773,99,20,25,23,4,27,35,23,8,4,100,29,18,29,24,7522,7288,45,1,5,183,17,1,16
2021,Felpham East,E05009810,6033,38,5,10,14,0,9,17,4,12,1,84,28,10,19,27,5871,5689,23,0,0,159,23,2,21
2021,Felpham West,E05009811,6259,85,25,26,13,0,21,21,15,4,2,85,34,13,18,20,6044,5733,46,4,0,261,24,2,22
2021,Ferring,E05009812,4853,43,1,9,8,6,19,18,14,2,2,48,8,11,10,19,4707,4540,44,1,3,119,37,2,35
2021,Hotham,E05009813,6116,150,38,22,34,3,53,29,20,3,6,88,27,19,11,31,5806,4746,45,9,23,983,43,6,37
2021,Marine (Arun),E05009814,7156,168,54,21,37,12,44,70,45,19,6,148,53,31,17,47,6634,5105,39,10,32,1448,136,24,112
2021,Middleton-on-Sea,E05009815,4914,35,0,8,12,1,14,13,7,1,5,49,14,8,11,16,4806,4607,45,25,2,127,11,1,10
2021,Orchard,E05009816,6772,161,49,30,37,6,39,28,13,10,5,118,39,23,35,21,6369,5264,19,15,23,1048,96,4,92
2021,Pagham,E05009817,6434,35,11,9,6,0,9,14,5,5,4,54,11,11,17,15,6313,6038,47,4,1,223,18,6,12
2021,Pevensey,E05009818,5574,106,42,13,29,6,16,29,18,8,3,74,16,6,23,29,5335,4616,20,0,8,691,30,1,29
2021,River (Arun),E05009819,9480,345,37,52,118,4,134,76,48,15,13,230,58,45,49,78,8769,7809,76,16,9,859,60,8,52
2021,Rustington East,E05009820,5363,48,15,4,5,2,22,49,30,13,6,71,9,15,17,30,5177,4941,48,0,1,187,18,6,12
2021,Rustington West,E05009821,8343,68,4,20,20,2,22,37,16,15,6,107,30,16,22,39,8105,7818,45,2,3,237,26,3,23
2021,Yapton,E05009822,6909,163,31,14,74,14,30,94,28,39,27,120,43,12,43,22,6499,6165,53,28,0,253,33,4,29
2021,Alvechurch South,E05009823,3082,107,3,13,60,21,10,13,0,10,3,85,31,7,40,7,2870,2761,52,21,0,36,7,1,6
2021,Alvechurch Village,E05009824,2899,32,0,3,21,5,3,13,5,8,0,77,26,3,42,6,2774,2696,30,1,2,45,3,1,2
2021,Aston Fields,E05009825,3515,73,1,9,49,1,13,31,12,15,4,92,21,10,44,17,3307,3212,31,0,0,64,12,1,11
2021,Avoncroft,E05009826,3397,47,0,5,24,12,6,21,9,8,4,60,15,3,25,17,3258,3211,22,1,0,24,11,2,9
2021,Barnt Green & Hopwood,E05009827,2987,139,1,13,102,9,14,18,3,11,4,75,31,2,25,17,2733,2633,40,0,0,60,22,3,19
2021,Belbroughton & Romsley,E05009828,6627,121,1,9,84,16,11,29,10,17,2,129,41,4,57,27,6314,6176,39,4,0,95,34,8,26
2021,Bromsgrove Central,E05009829,3433,198,1,89,33,8,67,42,27,7,8,58,32,2,14,10,3116,2946,38,0,0,132,19,7,12
2021,Catshill North,E05009830,2804,67,2,7,40,7,11,25,4,18,3,49,21,3,14,11,2647,2606,14,0,1,26,16,1,15
2021,Catshill South,E05009831,3158,40,1,5,29,0,5,20,10,7,3,44,7,1,29,7,3036,2974,21,1,1,39,18,7,11
2021,Charford,E05009832,3418,36,6,5,9,7,9,24,11,9,4,79,22,4,41,12,3267,3181,20,0,0,66,12,1,11
2021,Cofton,E05009833,3292,192,2,35,120,7,28,65,20,34,11,123,46,4,45,28,2902,2789,43,0,0,70,10,4,6
2021,Drakes Cross,E05009834,2789,86,3,4,42,24,13,38,15,23,0,85,19,6,45,15,2557,2467,50,9,0,31,23,16,7
2021,Hagley East,E05009835,3495,255,9,10,171,41,24,30,11,14,5,127,46,10,39,32,3037,2956,15,0,0,66,46,6,40
2021,Hagley West,E05009836,3819,197,1,14,138,31,13,9,2,6,1,86,39,0,34,13,3509,3433,28,5,0,43,18,1,17
2021,Hill Top,E05009837,1991,29,0,13,13,0,3,6,0,5,1,41,27,0,7,7,1907,1875,4,1,0,27,8,4,4
2021,Hollywood,E05009838,3165,87,1,13,38,15,20,16,6,7,3,108,37,6,42,23,2938,2822,77,5,3,31,16,0,16
2021,Lickey Hills,E05009839,3019,158,0,7,126,11,14,30,11,12,7,81,34,0,28,19,2718,2644,30,0,0,44,32,0,32
2021,Lowes Hill,E05009840,3036,99,1,16,66,1,15,16,4,10,2,85,21,4,41,19,2818,2758,19,0,0,41,18,1,17
2021,Marlbrook,E05009841,2900,117,0,8,87,18,4,25,7,15,3,45,15,1,23,6,2703,2625,24,0,0,54,10,3,7
2021,Norton (Bromsgrove),E05009842,3720,120,0,13,88,9,10,42,18,17,7,109,38,9,41,21,3424,3337,19,1,0,67,25,12,13
2021,Perryfields,E05009843,1700,29,2,2,15,6,4,9,1,7,1,46,21,0,10,15,1606,1564,17,0,0,25,10,2,8
2021,Rock Hill,E05009844,3552,94,8,11,34,33,8,18,5,11,2,78,20,11,32,15,3345,3249,28,3,0,65,17,5,12
2021,Rubery North,E05009845,3092,31,0,1,18,4,8,39,15,11,13,72,21,3,39,9,2943,2888,27,0,0,28,7,1,6
2021,Rubery South,E05009846,3327,66,5,16,27,2,16,26,10,14,2,73,12,9,39,13,3148,3037,64,2,0,45,14,0,14
2021,Sanders Park,E05009847,3271,96,2,14,51,14,15,18,7,6,5,71,23,7,33,8,3072,2992,22,0,0,58,14,4,10
2021,Sidemoor,E05009848,4350,78,2,4,33,21,18,29,12,14,3,81,15,15,36,15,4150,4040,31,0,0,79,12,5,7
2021,Slideslow,E05009849,3477,185,4,36,109,28,8,21,12,6,3,99,39,7,21,32,3140,3055,16,0,0,69,32,9,23
2021,Tardebigge,E05009850,3545,120,1,13,46,26,34,37,10,23,4,89,20,1,52,16,3281,3161,30,13,2,75,18,7,11
2021,Wythall East,E05009851,3122,149,3,15,95,20,16,11,9,0,2,81,26,7,30,18,2859,2748,71,15,0,25,22,2,20
2021,Wythall West,E05009852,3204,117,1,7,87,14,8,47,15,27,5,85,18,3,48,16,2927,2839,62,3,0,23,28,8,20
2021,Acklam,E05009853,5897,728,3,23,82,547,73,20,14,3,3,101,47,19,17,18,4944,4859,20,1,4,60,104,52,52
2021,Ayresome,E05009854,6309,744,14,28,90,550,62,78,68,3,7,137,44,36,28,29,5185,5054,10,4,6,111,165,61,104
2021,Berwick Hills & Pallister,E05009855,9068,167,9,18,42,47,51,144,119,3,22,158,50,48,36,24,8529,8413,10,2,10,94,70,21,49
2021,Brambles & Thorntree,E05009856,9315,92,8,8,27,23,26,160,117,14,29,201,46,70,50,35,8828,8650,32,8,6,132,34,3,31
2021,Central (Middlesbrough),E05009857,11488,4195,235,218,798,2390,554,1051,957,37,57,288,113,54,39,82,5133,4500,44,39,76,474,821,392,429
2021,Coulby Newham,E05009858,8341,120,0,38,22,26,34,32,21,5,6,119,38,30,29,22,8031,7940,30,0,1,60,39,20,19
2021,Hemlington,E05009859,6566,55,0,4,11,28,12,37,29,4,4,72,25,19,12,16,6374,6289,14,8,1,62,28,12,16
2021,Kader,E05009860,4806,552,6,14,115,387,30,19,12,5,2,63,40,8,8,7,4083,3991,27,0,0,65,89,20,69
2021,Ladgate,E05009861,5515,264,1,8,76,125,54,69,48,3,18,117,55,16,21,25,5019,4928,6,4,0,81,46,18,28
2021,Linthorpe,E05009862,6709,1723,26,12,82,1398,205,44,40,3,1,213,110,39,20,44,4449,4308,31,1,9,100,280,141,139
2021,Longlands & Beechwood,E05009863,11232,1064,51,90,241,500,182,279,244,14,21,305,81,63,66,95,9411,8934,37,3,3,434,173,60,113
2021,Marton East,E05009864,6074,297,9,21,95,122,50,71,66,5,0,114,34,33,12,35,5517,5398,23,1,1,94,75,36,39
2021,Marton West,E05009865,5337,133,0,11,56,48,18,25,16,3,6,63,24,10,9,20,5078,5040,14,0,1,23,38,23,15
2021,Newport (Middlesbrough),E05009866,10775,2112,127,73,650,1005,257,1208,1103,22,83,286,88,65,71,62,6439,5395,36,43,149,816,730,198,532
2021,North Ormesby,E05009867,3262,361,10,39,106,111,95,211,182,17,12,99,34,28,15,22,2424,2133,5,31,43,212,167,45,122
2021,Nunthorpe,E05009868,5343,270,12,8,107,127,16,18,13,3,2,65,31,10,11,13,4952,4897,17,0,0,38,38,28,10
2021,Park (Middlesbrough),E05009869,9590,1861,73,28,85,1420,255,219,181,11,27,327,137,59,64,67,6689,6439,36,4,8,202,494,294,200
2021,Park End & Beckfield,E05009870,8329,81,3,8,21,24,25,89,82,0,7,139,41,36,35,27,7996,7893,14,9,0,80,24,4,20
2021,Stainton & Thornton,E05009871,3663,81,0,1,49,20,11,15,9,3,3,33,20,3,6,4,3527,3487,15,1,2,22,7,3,4
2021,Trimdon,E05009872,6306,193,5,23,50,95,20,24,18,3,3,99,52,9,20,18,5939,5873,14,0,2,50,51,25,26
2021,Alford,E05009873,4927,24,3,5,6,2,8,13,5,6,2,66,13,15,25,13,4815,4730,13,0,0,72,9,2,7
2021,Binbrook,E05009874,2442,12,0,5,2,0,5,4,2,1,1,13,5,0,5,3,2411,2375,17,0,0,19,2,1,1
2021,Burgh le Marsh,E05009875,2605,9,0,0,1,0,8,9,6,3,0,31,9,6,10,6,2552,2518,4,3,7,20,4,1,3
2021,Chapel St Leonards,E05009876,4738,38,0,17,12,3,6,6,3,2,1,50,28,4,12,6,4643,4583,15,4,1,40,1,0,1
2021,Coningsby & Mareham,E05009877,9495,52,0,13,16,5,18,25,8,15,2,134,39,19,38,38,9264,9073,30,15,4,142,20,2,18
2021,Croft (East Lindsey),E05009878,2415,10,0,1,5,0,4,6,4,1,1,26,6,8,6,6,2373,2355,3,5,0,10,0,0,0
2021,Friskney,E05009879,2297,11,0,5,4,2,0,3,0,3,0,17,8,1,4,4,2264,2220,1,4,0,39,2,1,1
2021,Fulstow,E05009880,2817,21,0,2,14,2,3,5,2,2,1,32,12,3,8,9,2757,2723,7,1,2,24,2,1,1
2021,Grimoldby,E05009881,2312,12,1,1,2,4,4,1,1,0,0,15,6,1,4,4,2280,2258,4,1,0,17,4,3,1
2021,Hagworthingham,E05009882,2284,9,0,3,1,0,5,5,4,1,0,19,3,4,8,4,2248,2201,7,0,0,40,3,0,3
2021,Halton Holegate,E05009883,2644,11,1,2,6,0,2,2,2,0,0,24,10,1,10,3,2604,2559,9,1,2,33,3,1,2
2021,Holton-le-Clay & North Thoresby,E05009884,5061,54,0,22,13,1,18,13,9,3,1,42,20,6,7,9,4936,4891,9,0,0,36,16,8,8
2021,Horncastle,E05009885,7745,72,26,8,12,0,26,10,5,4,1,64,24,6,22,12,7588,7440,39,5,0,104,11,1,10
2021,Ingoldmells,E05009886,2266,18,0,1,3,8,6,6,3,2,1,12,6,0,1,5,2227,2128,6,16,0,77,3,1,2
2021,Legbourne,E05009887,2170,8,0,2,1,0,5,2,1,1,0,19,7,2,8,2,2136,2104,10,1,0,21,5,3,2
2021,Mablethorpe,E05009888,8214,58,1,29,12,1,15,18,2,14,2,52,12,5,30,5,8074,7965,39,2,1,67,12,2,10
2021,Marshchapel & Somercotes,E05009889,4494,26,0,3,6,7,10,10,4,3,3,41,10,9,14,8,4407,4357,23,1,0,26,10,0,10
2021,North Holme,E05009890,2617,40,12,2,6,5,15,10,10,0,0,39,14,0,19,6,2528,2493,4,4,1,26,0,0,0
2021,Priory & St James',E05009891,4892,51,6,12,14,1,18,13,6,5,2,63,20,8,18,17,4742,4607,17,1,1,116,23,7,16
2021,Roughton (East Lindsey),E05009892,2367,3,0,0,1,0,2,6,1,3,2,21,4,0,11,6,2335,2300,12,0,0,23,2,0,2
2021,St Clement's (East Lindsey),E05009893,5574,48,8,7,2,12,19,2,1,1,0,76,16,1,42,17,5437,5182,16,6,2,231,11,0,11
2021,St Margaret's (East Lindsey),E05009894,2889,12,4,1,7,0,0,3,0,3,0,30,9,5,12,4,2839,2775,2,5,2,55,5,0,5
2021,St Mary's (East Lindsey),E05009895,2335,18,0,4,4,4,6,1,0,1,0,22,8,3,7,4,2292,2249,14,2,1,26,2,0,2
2021,St Michael's (East Lindsey),E05009896,2171,5,0,3,1,0,1,3,3,0,0,24,9,3,7,5,2139,2112,4,5,0,18,0,0,0
2021,Scarbrough & Seacroft,E05009897,9653,142,6,39,32,26,39,39,30,6,3,141,36,13,58,34,9298,8833,35,20,12,398,33,6,27
2021,Sibsey & Stickney,E05009898,5099,51,0,4,30,4,13,13,8,2,3,55,18,6,17,14,4967,4867,11,6,1,82,13,3,10
2021,Spilsby,E05009899,3220,24,0,10,7,0,7,3,0,3,0,26,7,2,8,9,3157,3083,10,1,7,56,10,1,9
2021,Sutton on Sea,E05009900,4455,22,0,4,2,2,14,6,2,3,1,22,1,3,9,9,4391,4337,23,0,0,31,14,2,12
2021,Tetford & Donington,E05009901,2471,11,0,0,4,0,7,4,3,1,0,21,5,4,11,1,2434,2409,5,0,0,20,1,0,1
2021,Tetney,E05009902,2520,9,0,2,0,1,6,6,5,1,0,34,18,0,8,8,2466,2397,4,0,0,65,5,1,4
2021,Trinity (East Lindsey),E05009903,2478,18,1,2,4,6,5,4,2,2,0,31,5,2,16,8,2417,2378,8,4,1,26,8,0,8
2021,Wainfleet,E05009904,2729,15,0,3,6,4,2,1,0,1,0,30,10,2,16,2,2679,2627,12,1,0,39,4,0,4
2021,Willoughby with Sloothby,E05009905,2419,13,0,3,3,4,3,2,0,1,1,21,5,2,9,5,2380,2338,12,3,0,27,3,0,3
2021,Winthorpe,E05009906,5898,108,21,29,17,7,34,14,11,3,0,66,18,6,29,13,5687,5426,19,7,3,232,23,2,21
2021,Withern & Theddlethorpe,E05009907,2546,15,0,2,7,1,5,4,1,1,2,22,8,0,10,4,2503,2478,7,2,1,15,2,0,2
2021,Woodhall Spa,E05009908,4443,53,11,17,9,1,15,18,3,9,6,53,19,2,26,6,4302,4197,15,1,1,88,17,4,13
2021,Wragby,E05009909,2590,27,10,6,10,0,1,0,0,0,0,34,5,12,9,8,2526,2470,8,0,0,48,3,0,3
2021,Ashdon,E05009910,2154,27,0,3,0,4,20,2,1,1,0,31,13,3,6,9,2080,1983,18,0,0,79,14,2,12
2021,Broad Oak & the Hallingburys,E05009911,4172,65,4,14,24,5,18,15,11,4,0,99,52,11,8,28,3965,3806,36,6,2,115,28,0,28
2021,Clavering,E05009912,2322,14,0,2,6,1,5,12,6,4,2,34,15,11,5,3,2254,2163,28,0,0,63,8,0,8
2021,Debden & Wimbish,E05009913,2265,79,7,8,9,1,54,36,23,10,3,31,8,2,11,10,2100,2015,17,2,0,66,19,0,19
2021,Elsenham & Henham,E05009914,4945,60,2,6,24,13,15,39,17,10,12,117,27,19,43,28,4704,4376,63,9,13,243,25,0,25
2021,Felsted & Stebbing,E05009915,4632,84,7,23,28,5,21,32,17,9,6,68,27,5,15,21,4432,4241,23,8,4,156,16,3,13
2021,Flitch Green & Little Dunmow,E05009916,2898,38,1,7,11,7,12,42,33,4,5,76,33,6,15,22,2727,2578,20,9,3,117,15,0,15
2021,Great Dunmow North,E05009917,5103,99,8,11,35,5,40,41,25,12,4,129,44,18,39,28,4808,4616,39,8,2,143,26,3,23
2021,Great Dunmow South & Barnston,E05009918,6444,85,6,16,21,3,39,40,20,10,10,118,47,9,32,30,6163,5804,55,7,6,291,38,4,34
2021,Hatfield Heath,E05009919,2326,44,0,0,34,0,10,18,10,6,2,32,9,0,10,13,2201,2109,16,6,2,68,31,8,23
2021,High Easter & the Rodings,E05009920,2495,31,7,1,5,0,18,15,4,10,1,53,20,4,9,20,2383,2306,16,5,1,55,13,0,13
2021,"Littlebury, Chesterford & Wenden Lofts",E05009921,4498,72,0,28,23,6,15,12,4,4,4,94,45,8,16,25,4302,4064,42,0,1,195,18,3,15
2021,Newport (Uttlesford),E05009922,4132,43,5,5,19,3,11,22,8,13,1,76,27,11,19,19,3968,3773,56,5,0,134,23,5,18
2021,Saffron Walden Audley,E05009923,4260,110,3,21,48,7,31,32,16,14,2,97,34,20,18,25,3990,3689,52,3,4,242,31,10,21
2021,Saffron Walden Castle,E05009924,4764,117,11,21,37,1,47,50,31,9,10,123,51,23,24,25,4424,4078,38,5,5,298,50,2,48
2021,Saffron Walden Shire,E05009925,7588,202,20,36,63,7,76,61,27,18,16,163,60,23,36,44,7102,6464,82,2,16,538,60,1,59
2021,Stansted North,E05009926,4627,109,22,16,29,7,35,35,9,14,12,111,42,16,28,25,4345,4047,52,6,1,239,27,2,25
2021,Stansted South & Birchanger,E05009927,4958,143,27,22,28,21,45,57,37,16,4,176,74,20,44,38,4519,4136,42,6,5,330,63,20,43
2021,Stort Valley,E05009928,2077,18,4,1,6,4,3,7,3,2,2,36,14,9,9,4,2014,1932,12,0,0,70,2,0,2
2021,Takeley,E05009929,7200,213,29,21,85,24,54,116,62,29,25,213,48,31,72,62,6589,6100,73,17,14,385,69,10,59
2021,Thaxted & the Eastons,E05009930,5285,62,2,14,35,2,9,22,11,7,4,110,30,13,29,38,5076,4895,39,4,1,137,15,3,12
2021,The Sampfords,E05009931,2196,12,5,0,4,0,3,1,0,1,0,26,8,2,9,7,2152,2070,25,1,0,56,5,0,5
2021,Bourne,E05009932,6622,68,2,30,5,7,24,9,6,2,1,64,20,13,20,11,6475,6383,15,3,6,68,6,1,5
2021,Breck,E05009933,4567,65,0,23,19,15,8,12,7,4,1,57,9,24,8,16,4416,4304,25,1,1,85,17,12,5
2021,Brock with Catterall,E05009934,4981,53,1,7,18,0,27,30,17,6,7,43,17,11,6,9,4839,4730,27,7,2,73,16,1,15
2021,Calder (Wyre),E05009935,2427,24,0,10,5,0,9,9,7,1,1,13,4,6,1,2,2376,2327,19,0,2,28,5,4,1
2021,Carleton,E05009936,4429,40,0,15,12,1,12,7,6,1,0,51,30,12,3,6,4324,4282,14,1,0,27,7,3,4
2021,Cleveleys Park,E05009937,4524,28,10,4,1,2,11,19,7,11,1,36,13,2,16,5,4436,4380,17,4,0,35,5,1,4
2021,Garstang,E05009938,6618,73,0,18,12,7,36,11,8,2,1,45,23,8,6,8,6479,6363,35,16,4,61,10,2,8
2021,Great Eccleston,E05009939,4362,31,0,6,10,4,11,2,1,1,0,37,11,7,14,5,4291,4248,10,2,0,31,1,0,1
2021,Hambleton & Stalmine,E05009940,4643,19,0,1,4,1,13,12,8,3,1,29,12,3,3,11,4568,4518,17,1,0,32,15,1,14
2021,Hardhorn with High Cross,E05009941,6047,115,4,27,34,16,34,19,11,3,5,76,32,15,16,13,5827,5746,20,2,1,58,10,4,6
2021,Jubilee (Wyre),E05009942,4588,67,17,16,4,9,21,11,7,4,0,56,28,4,10,14,4441,4348,26,3,0,64,13,1,12
2021,Marsh Mill,E05009943,6217,46,0,17,9,0,20,15,6,5,4,58,24,9,14,11,6091,5996,39,1,0,55,7,1,6
2021,Mount,E05009944,5143,69,0,22,26,2,19,11,4,5,2,49,12,6,20,11,4997,4839,22,6,0,130,17,12,5
2021,Park (Wyre),E05009945,4980,25,1,7,1,0,16,12,8,2,2,55,18,2,17,18,4858,4744,10,6,0,98,30,6,24
2021,Pharos,E05009946,5170,54,0,8,5,0,41,27,19,8,0,91,18,15,35,23,4933,4731,21,3,3,175,65,41,24
2021,Pheasant's Wood,E05009947,1852,26,0,7,5,9,5,0,0,0,0,19,3,4,11,1,1806,1774,10,0,0,22,1,1,0
2021,Pilling,E05009948,2628,3,0,3,0,0,0,2,1,1,0,22,9,2,5,6,2600,2581,10,0,0,9,1,0,1
2021,Preesall,E05009949,5662,37,0,15,3,3,16,7,5,2,0,44,12,11,6,15,5559,5491,28,4,0,36,15,1,14
2021,Rossall,E05009950,6120,77,3,29,9,5,31,22,18,1,3,65,14,12,30,9,5941,5813,23,4,1,100,15,2,13
2021,Stanah,E05009951,4583,19,0,5,4,0,10,10,7,2,1,33,8,3,15,7,4517,4474,15,3,0,25,4,2,2
2021,Tithebarn,E05009952,4286,56,0,13,13,4,26,11,3,2,6,61,21,11,19,10,4152,4075,15,4,1,57,6,1,5
2021,Victoria & Norcross,E05009953,4363,56,3,34,7,1,11,8,8,0,0,42,5,12,11,14,4252,4182,27,3,1,39,5,0,5
2021,Warren,E05009954,4815,42,4,4,5,19,10,3,0,3,0,68,10,8,12,38,4689,4630,18,0,9,32,13,1,12
2021,Wyresdale,E05009955,2334,29,0,13,10,1,5,2,2,0,0,20,15,4,1,0,2276,2213,23,0,0,40,7,4,3
2021,Ash and New Ash Green,E05009956,6069,70,1,21,22,1,25,74,49,15,10,102,48,10,24,20,5792,5532,59,30,8,163,31,4,27
2021,Eynsford,E05009958,1861,27,0,5,10,8,4,7,5,2,0,39,21,2,9,7,1780,1706,15,8,0,51,8,3,5
2021,Hartley and Hodsoll Street,E05009959,5929,195,0,11,134,20,30,60,49,9,2,83,38,3,24,18,5553,5352,50,21,0,130,38,4,34
2021,Hextable,E05009960,4099,84,7,17,34,7,19,61,38,8,15,86,38,7,15,26,3848,3670,32,10,1,135,20,2,18
2021,Leigh and Chiddingstone Causeway,E05009961,2502,39,0,6,14,9,10,5,2,2,1,60,30,20,2,8,2396,2278,15,5,0,98,2,0,2
2021,Otford and Shoreham,E05009962,4720,62,0,19,21,11,11,22,16,5,1,69,27,9,10,23,4544,4276,43,14,0,211,23,2,21
2021,"Penshurst, Fordcombe and Chiddingstone",E05009963,2473,17,0,1,8,1,7,13,8,4,1,69,42,4,7,16,2370,2258,15,4,2,91,4,1,3
2021,Swanley Christchurch and Swanley Village,E05009964,6359,371,21,51,167,32,100,308,229,51,28,167,54,26,40,47,5397,5027,39,29,2,300,116,11,105
2021,Westerham and Crockham Hill,E05009965,4504,55,0,4,15,16,20,28,15,11,2,90,44,8,24,14,4307,4040,59,30,6,172,24,1,23
2021,Admaston & Bratton,E05009966,2919,148,6,11,112,5,14,23,12,7,4,68,21,8,33,6,2657,2600,15,3,0,39,23,0,23
2021,Apley Castle,E05009967,3091,427,28,25,223,107,44,39,22,13,4,89,41,7,27,14,2471,2386,12,0,0,73,65,14,51
2021,Arleston,E05009968,3716,768,4,15,32,675,42,141,88,29,24,137,48,21,50,18,2623,2289,7,3,20,304,47,23,24
2021,Brookside,E05009969,6511,158,19,13,64,38,24,581,472,27,82,159,28,33,79,19,5576,5207,27,6,0,336,37,7,30
2021,Church Aston & Lilleshall,E05009970,3174,67,0,8,43,1,15,11,5,6,0,40,15,1,17,7,3031,2978,15,0,0,38,25,0,25
2021,College (Telford and Wrekin),E05009971,3607,777,9,46,83,605,34,173,145,21,7,108,27,27,31,23,2480,2220,11,3,13,233,69,16,53
2021,Dawley & Aqueduct,E05009972,9128,177,0,18,115,14,30,139,103,21,15,184,58,34,78,14,8592,8295,33,4,3,257,36,9,27
2021,Donnington (Telford and Wrekin),E05009973,6843,144,0,7,83,31,23,333,270,31,32,211,35,51,102,23,6099,5491,24,18,16,550,56,15,41
2021,Dothill,E05009974,2849,125,8,11,37,57,12,41,21,15,5,42,11,1,22,8,2631,2502,6,0,0,123,10,1,9
2021,Edgmond & Ercall Magna,E05009975,6872,137,0,64,40,22,11,33,12,15,6,84,33,6,29,16,6601,6454,49,0,1,97,17,1,16
2021,Ercall,E05009976,3541,189,13,9,41,97,29,71,42,25,4,93,37,4,44,8,3160,3057,13,0,0,90,28,1,27
2021,Hadley & Leegomery,E05009977,11349,1570,31,49,393,962,135,566,436,87,43,384,113,48,181,42,8582,7459,34,20,14,1055,247,38,209
2021,Haygate,E05009978,3757,290,7,18,98,92,75,137,98,18,21,156,39,24,53,40,3127,2801,19,9,2,296,47,11,36
2021,Horsehay & Lightmoor,E05009979,8555,316,1,45,193,29,48,227,146,49,32,269,83,21,130,35,7692,7426,24,7,0,235,51,12,39
2021,Ironbridge Gorge,E05009980,3092,33,0,1,15,8,9,10,6,4,0,34,17,5,4,8,3007,2933,24,3,0,47,8,3,5
2021,Ketley & Overdale,E05009981,12186,669,18,62,435,76,78,291,215,44,32,368,88,55,147,78,10751,10041,37,25,9,639,107,10,97
2021,Madeley & Sutton Hill,E05009982,10674,261,6,19,152,45,39,279,217,26,36,258,43,37,125,53,9829,9294,56,16,5,458,47,2,45
2021,Malinslee & Dawley Bank,E05009983,7081,259,3,13,110,93,40,319,258,25,36,210,57,62,70,21,6259,5837,11,14,3,394,34,1,33
2021,Muxton,E05009984,7106,367,2,45,238,38,44,129,93,20,16,199,75,4,81,39,6360,6035,35,10,9,271,51,10,41
2021,Newport North & West,E05009985,7171,210,5,61,80,13,51,54,36,14,4,140,60,7,46,27,6723,6518,47,2,0,156,44,8,36
2021,Newport South & East,E05009986,5884,95,0,4,58,16,17,34,26,7,1,61,26,2,18,15,5675,5512,32,1,6,124,19,3,16
2021,Oakengates & Ketley Bank,E05009987,9960,335,12,20,176,72,55,241,179,43,19,321,71,56,131,63,8976,8135,30,6,21,784,87,16,71
2021,Park (Telford and Wrekin),E05009988,2502,120,1,3,43,44,29,29,14,2,13,64,19,0,32,13,2279,2194,5,0,0,80,10,3,7
2021,Priorslee,E05009989,7240,888,8,135,606,53,86,150,100,29,21,200,62,19,82,37,5877,5662,27,2,5,181,125,24,101
2021,St Georges (Telford and Wrekin),E05009990,6370,110,0,13,62,12,23,99,59,29,11,137,26,14,64,33,6008,5807,23,2,4,172,16,0,16
2021,Shawbirch,E05009991,2919,127,10,9,46,52,10,35,18,9,8,61,21,4,23,13,2682,2597,14,0,0,71,14,0,14
2021,The Nedge,E05009992,10060,624,9,42,486,47,40,652,532,47,73,289,63,55,128,43,8388,7620,28,14,23,703,107,5,102
2021,Woodside (Telford and Wrekin),E05009993,7597,111,0,6,55,23,27,332,232,37,63,251,31,46,144,30,6856,6464,24,6,10,352,47,1,46
2021,Wrockwardine,E05009994,3425,118,0,10,82,18,8,53,33,9,11,64,23,5,34,2,3178,3068,19,27,1,63,12,2,10
2021,Wrockwardine Wood & Trench,E05009995,6344,446,5,33,360,25,23,131,77,36,18,150,43,15,76,16,5463,5054,19,2,19,369,154,4,150
2021,Broadmead,E05010015,4201,195,10,27,58,5,95,41,19,18,4,108,37,13,34,24,3840,3599,21,0,4,216,17,3,14
2021,Cheriton,E05010016,13519,1763,31,57,75,44,1556,75,43,22,10,261,77,40,69,75,11049,10660,58,5,11,315,371,30,341
2021,East Folkestone,E05010017,11552,371,49,47,48,42,185,93,49,22,22,263,79,44,76,64,10701,10091,62,21,22,505,124,18,106
2021,Folkestone Central,E05010018,10311,426,43,40,89,70,184,202,137,40,25,360,123,57,90,90,9101,7850,128,16,59,1048,222,24,198
2021,Folkestone Harbour,E05010019,6636,135,22,16,23,10,64,54,28,19,7,201,49,29,55,68,6154,5676,55,13,18,392,92,16,76
2021,Hythe,E05010020,11111,193,2,21,48,8,114,60,31,18,11,178,65,28,38,47,10625,10097,141,1,5,381,55,6,49
2021,Hythe Rural,E05010021,6213,113,18,18,17,8,52,28,13,11,4,73,16,7,24,26,5978,5839,33,6,0,100,21,0,21
2021,New Romney,E05010022,7254,72,5,23,17,7,20,26,7,18,1,60,22,7,21,10,7084,6894,39,14,1,136,12,2,10
2021,North Downs East,E05010023,11653,265,7,39,50,14,155,46,25,16,5,203,75,24,60,44,11087,10710,51,7,8,311,52,7,45
2021,North Downs West,E05010024,6270,59,0,15,22,1,21,15,7,3,5,85,26,17,17,25,6093,5903,34,1,4,151,18,3,15
2021,Romney Marsh,E05010025,7107,58,3,19,7,0,29,9,4,5,0,77,30,8,15,24,6946,6813,57,8,0,68,17,2,15
2021,Sandgate & West Folkestone,E05010026,6060,584,0,31,27,1,525,27,18,9,0,152,55,20,32,45,5226,4917,43,5,4,257,71,6,65
2021,Walland & Denge Marsh,E05010027,7869,39,7,5,9,6,12,4,1,3,0,86,23,7,23,33,7727,7539,43,47,1,97,13,2,11
2021,Balderton South,E05010064,5619,86,7,9,38,3,29,29,14,9,6,85,24,5,43,13,5410,5165,28,10,2,205,9,3,6
2021,Bilsthorpe,E05010066,3488,17,0,4,10,0,3,12,3,4,5,42,10,5,17,10,3414,3338,12,10,0,54,3,0,3
2021,Boughton,E05010067,3393,12,2,5,4,0,1,3,2,1,0,41,14,8,13,6,3331,3248,5,5,0,73,6,1,5
2021,Bridge (Newark and Sherwood),E05010068,7344,170,35,23,52,15,45,54,28,17,9,125,42,25,43,15,6918,5610,35,32,25,1216,77,26,51
2021,Collingham,E05010070,5626,32,0,4,17,5,6,10,1,9,0,57,19,17,14,7,5522,5410,40,0,1,71,5,0,5
2021,Devon,E05010071,9695,114,10,18,39,16,31,66,43,15,8,137,25,11,70,31,9308,8228,67,80,15,918,70,6,64
2021,Dover Beck,E05010072,2912,32,1,4,21,2,4,8,6,1,1,37,9,3,12,13,2820,2764,11,0,0,45,15,2,13
2021,Edwinstowe & Clipstone,E05010073,11767,96,2,34,33,5,22,122,77,13,32,157,40,23,61,33,11370,11091,34,11,0,234,22,2,20
2021,Farnsfield,E05010075,3215,52,0,15,19,10,8,6,5,1,0,28,8,1,13,6,3124,3054,14,2,0,54,5,1,4
2021,Lowdham,E05010076,3516,110,19,8,26,46,11,109,33,37,39,140,33,9,78,20,3138,2989,30,34,0,85,19,2,17
2021,Muskham,E05010077,2946,14,1,1,5,3,4,7,3,1,3,22,6,2,3,11,2894,2841,11,0,3,39,9,8,1
2021,Ollerton,E05010078,9370,80,2,12,38,10,18,34,17,10,7,87,36,4,34,13,9131,8848,21,50,10,202,38,7,31
2021,Rainworth North & Rufford,E05010079,6456,49,0,20,14,5,10,28,16,8,4,78,23,7,25,23,6285,6136,19,10,0,120,16,4,12
2021,Rainworth South & Blidworth,E05010080,6206,30,0,5,12,0,13,47,34,6,7,95,20,14,41,20,6028,5851,18,4,1,154,6,1,5
2021,Southwell,E05010081,8911,106,0,46,25,19,16,40,20,17,3,171,66,23,44,38,8548,8331,47,2,0,168,46,21,25
2021,Sutton-on-Trent,E05010082,3195,22,0,7,11,0,4,6,5,1,0,28,6,5,9,8,3134,3047,18,0,1,68,5,1,4
2021,Trent,E05010083,2915,37,0,1,23,0,13,7,3,4,0,64,28,2,21,13,2800,2732,22,2,0,44,7,1,6
2021,Appleby,E05010090,2470,15,0,1,12,2,0,9,0,9,0,20,5,3,12,0,2423,2375,12,0,0,36,3,0,3
2021,Ashby Castle,E05010091,3171,72,1,18,47,3,3,2,0,2,0,51,27,5,8,11,3040,2965,9,3,0,63,6,0,6
2021,Ashby Holywell,E05010092,3228,37,0,6,20,4,7,26,16,3,7,36,13,0,17,6,3113,3002,12,4,0,95,16,1,15
2021,Ashby Ivanhoe,E05010093,3362,34,0,12,15,2,5,29,17,9,3,48,15,1,20,12,3246,3150,19,0,4,73,5,0,5
2021,Ashby Money Hill,E05010094,3210,72,0,11,28,2,31,24,14,7,3,50,19,10,11,10,3051,2945,15,6,0,85,13,0,13
2021,Ashby Willesley,E05010095,2147,30,0,7,13,1,9,5,3,2,0,37,13,2,16,6,2075,2003,19,3,2,48,0,0,0
2021,Ashby Woulds,E05010096,2723,29,0,0,23,1,5,14,6,8,0,47,20,8,10,9,2624,2546,18,2,0,58,9,1,8
2021,Bardon,E05010097,2820,112,0,4,73,9,26,61,51,7,3,50,26,3,14,7,2572,2400,8,1,0,163,25,1,24
2021,Blackfordby,E05010098,3115,32,0,4,23,1,4,10,7,3,0,43,12,5,19,7,3029,2978,7,5,0,39,1,1,0
2021,Broom Leys,E05010099,2119,14,0,5,5,0,4,5,0,5,0,25,12,1,9,3,2068,2015,11,0,0,42,7,0,7
2021,Castle Donington Castle,E05010100,2513,73,2,6,10,1,54,23,18,5,0,43,13,3,14,13,2341,2238,19,3,0,81,33,12,21
2021,Castle Donington Central,E05010101,2309,39,0,7,18,0,14,2,0,2,0,36,8,4,15,9,2219,2135,25,4,2,53,13,1,12
2021,Castle Donington Park,E05010102,2523,25,0,2,6,1,16,11,2,6,3,37,11,5,15,6,2437,2338,18,0,7,74,13,1,12
2021,Castle Rock,E05010103,2657,47,3,4,35,1,4,32,26,5,1,29,7,6,6,10,2530,2412,5,0,0,113,19,7,12
2021,Coalville East,E05010104,2635,93,0,9,43,4,37,23,18,1,4,43,20,6,10,7,2451,2377,7,0,4,63,25,5,20
2021,Coalville West,E05010105,2993,73,0,12,19,1,41,28,21,5,2,67,26,8,23,10,2800,2475,5,6,17,297,25,0,25
2021,Daleacre Hill,E05010106,2557,33,0,17,15,0,1,7,3,0,4,45,17,5,12,11,2436,2276,25,17,3,115,36,6,30
2021,Ellistown & Battleflat,E05010107,2722,58,1,17,28,0,12,20,16,4,0,38,16,4,13,5,2590,2512,13,3,0,62,16,4,12
2021,Greenhill (North West Leicestershire),E05010108,3434,66,1,4,34,10,17,33,21,6,6,62,16,7,18,21,3263,3089,7,2,3,162,10,1,9
2021,Hermitage (North West Leicestershire),E05010109,2606,24,0,6,15,0,3,5,3,0,2,18,7,6,3,2,2545,2460,11,0,4,70,14,0,14
2021,Holly Hayes,E05010110,2587,21,0,1,12,1,7,4,1,3,0,33,9,9,5,10,2522,2466,10,1,0,45,7,2,5
2021,Hugglescote St John's,E05010111,2695,50,2,12,28,4,4,48,36,7,5,45,14,4,10,17,2542,2423,13,0,0,106,10,0,10
2021,Hugglescote St Mary's,E05010112,2953,36,2,6,13,0,15,28,25,3,0,47,7,9,26,5,2833,2759,5,0,1,68,9,0,9
2021,Ibstock East,E05010113,2533,14,0,1,2,0,11,3,2,1,0,42,17,5,15,5,2471,2407,9,0,0,55,3,0,3
2021,Ibstock West,E05010114,3018,12,0,2,8,0,2,19,11,7,1,45,13,5,19,8,2937,2858,13,6,0,60,5,0,5
2021,Kegworth,E05010115,2548,37,0,8,21,0,8,12,6,5,1,51,20,5,12,14,2437,2306,20,0,3,108,11,4,7
2021,Long Whatton & Diseworth,E05010116,2569,15,0,7,6,0,2,9,7,1,1,21,13,3,4,1,2517,2466,11,0,2,38,7,1,6
2021,Measham North,E05010117,2850,35,0,11,13,3,8,28,9,7,12,73,21,5,31,16,2695,2575,7,0,0,113,19,0,19
2021,Measham South,E05010118,2520,33,0,4,18,1,10,11,8,1,2,23,8,6,5,4,2444,2279,9,4,0,152,9,4,5
2021,Oakthorpe & Donisthorpe,E05010119,2884,9,0,2,7,0,0,6,3,3,0,52,23,3,26,0,2811,2765,10,5,0,31,6,0,6
2021,Ravenstone & Packington,E05010120,3182,35,0,0,29,1,5,8,3,1,4,41,22,2,13,4,3077,2969,15,11,2,80,21,1,20
2021,Sence Valley,E05010121,3099,56,0,3,49,0,4,15,6,3,6,38,12,3,13,10,2984,2905,8,4,0,67,6,0,6
2021,Snibston North,E05010122,3595,78,1,11,34,5,27,36,30,4,2,53,14,8,19,12,3402,3100,7,18,1,276,26,5,21
2021,Snibston South,E05010123,1774,45,0,3,21,1,20,8,5,1,2,40,19,3,8,10,1671,1529,2,0,3,137,10,0,10
2021,Thornborough,E05010124,2019,7,0,0,2,0,5,7,5,1,1,12,5,4,3,0,1983,1927,9,2,0,45,10,0,10
2021,Thringstone,E05010125,2894,35,0,6,17,5,7,12,10,2,0,39,16,3,16,4,2788,2688,11,4,5,80,20,0,20
2021,Valley (North West Leicestershire),E05010126,2895,25,0,4,14,0,7,12,9,3,0,58,25,3,16,14,2788,2715,14,11,0,48,12,5,7
2021,Worthington & Breedon,E05010127,2761,20,0,3,10,4,3,1,0,1,0,42,18,2,10,12,2693,2602,15,2,0,74,5,2,3
2021,Allington & Strete,E05010128,3046,13,0,2,4,0,7,4,1,2,1,24,11,2,5,6,3000,2926,16,0,0,58,5,1,4
2021,Bickleigh & Cornwood,E05010129,2837,14,0,0,2,3,9,4,0,4,0,13,6,2,2,3,2801,2739,14,3,0,45,5,3,2
2021,Blackawton & Stoke Fleming,E05010130,2561,14,0,4,3,0,7,3,1,2,0,26,14,1,3,8,2511,2420,8,0,0,83,7,0,7
2021,Charterlands,E05010131,3156,27,1,14,8,0,4,4,4,0,0,47,11,10,10,16,3074,2983,18,2,3,68,4,0,4
2021,Dartington & Staverton,E05010132,2953,25,0,8,3,0,14,5,3,2,0,61,23,6,7,25,2849,2679,15,2,3,150,13,7,6
2021,Dartmouth & East Dart,E05010133,7858,69,5,26,14,5,19,29,15,12,2,65,17,7,17,24,7576,7339,34,0,4,199,119,80,39
2021,Ermington & Ugborough,E05010134,2857,14,0,4,6,0,4,2,1,1,0,21,20,0,0,1,2805,2698,24,16,1,66,15,7,8
2021,Ivybridge East,E05010135,6054,21,1,2,7,1,10,5,3,0,2,72,29,12,10,21,5935,5801,29,3,0,102,21,8,13
2021,Ivybridge West,E05010136,6436,30,1,12,8,0,9,10,6,4,0,46,18,1,17,10,6332,6193,26,5,4,104,18,6,12
2021,Kingsbridge,E05010137,5688,53,14,13,10,3,13,13,4,8,1,34,12,5,11,6,5564,5352,19,0,7,186,24,1,23
2021,Loddiswell & Aveton Gifford,E05010138,2893,6,0,2,1,0,3,2,2,0,0,15,10,1,1,3,2867,2788,14,16,0,49,3,1,2
2021,Marldon & Littlehempston,E05010139,2975,30,1,9,12,4,4,2,2,0,0,40,16,2,6,16,2895,2818,17,0,0,60,8,2,6
2021,Newton & Yealmpton,E05010140,6230,37,0,6,4,5,22,5,2,3,0,64,34,6,7,17,6109,5959,21,0,1,128,15,0,15
2021,Salcombe & Thurlestone,E05010141,4967,11,0,0,4,1,6,5,0,4,1,48,25,0,8,15,4889,4743,33,3,5,105,14,3,11
2021,South Brent,E05010142,5433,16,2,6,0,1,7,9,5,1,3,67,14,7,22,24,5321,5117,26,9,2,167,20,7,13
2021,Stokenham,E05010143,2645,9,0,1,2,1,5,6,3,2,1,25,16,0,7,2,2600,2551,9,0,0,40,5,0,5
2021,Totnes,E05010144,9032,114,5,33,36,1,39,23,12,8,3,246,89,34,44,79,8590,8053,81,14,5,437,59,10,49
2021,Wembury & Brixton,E05010145,5457,18,0,2,5,3,8,13,6,5,2,61,17,6,22,16,5362,5243,16,5,4,94,3,0,3
2021,West Dart,E05010146,2558,17,0,2,3,0,12,3,0,2,1,41,17,3,7,14,2485,2337,25,2,6,115,12,7,5
2021,Woolwell,E05010147,2993,76,4,12,41,6,13,2,1,1,0,32,14,5,4,9,2857,2739,11,0,5,102,26,6,20
2021,Aveland,E05010148,2532,12,0,2,6,0,4,4,2,1,1,28,8,5,9,6,2482,2436,12,0,0,34,6,1,5
2021,Belmont (South Kesteven),E05010149,4766,90,1,11,31,2,45,47,26,10,11,64,20,6,12,26,4558,4333,17,1,1,206,7,1,6
2021,Belvoir,E05010150,4839,48,0,6,23,6,13,6,1,5,0,35,12,9,7,7,4728,4618,22,1,0,87,22,0,22
2021,Bourne Austerby,E05010151,8041,226,0,29,113,24,60,101,69,18,14,107,32,24,38,13,7573,7113,22,12,2,424,34,9,25
2021,Bourne East,E05010152,4769,76,0,23,19,0,34,33,17,10,6,58,16,6,11,25,4589,4365,22,0,2,200,13,0,13
2021,Bourne West,E05010153,5183,50,0,17,16,4,13,31,22,6,3,70,17,18,19,16,5016,4811,19,3,1,182,16,0,16
2021,Casewick,E05010154,5717,36,0,8,10,1,17,18,7,10,1,64,28,14,8,14,5591,5470,28,5,0,88,8,1,7
2021,Castle (South Kesteven),E05010155,2231,16,1,2,6,3,4,4,0,4,0,17,6,2,5,4,2190,2141,10,2,0,37,4,1,3
2021,Deeping St James,E05010156,7256,106,2,29,36,15,24,30,20,9,1,111,26,25,36,24,6997,6842,24,3,0,128,12,1,11
2021,Dole Wood,E05010157,2445,26,0,2,19,1,4,14,10,1,3,19,9,4,3,3,2376,2304,12,0,0,60,10,1,9
2021,Glen (South Kesteven),E05010158,2368,13,0,4,6,0,3,11,6,4,1,21,9,1,4,7,2320,2259,21,0,1,39,3,0,3
2021,Grantham Arnoldfield,E05010159,5670,243,3,40,99,40,61,63,35,22,6,76,25,7,24,20,5225,4983,11,2,0,229,63,19,44
2021,Grantham Barrowby Gate,E05010160,4805,131,0,37,53,14,27,27,19,4,4,62,18,9,16,19,4558,4287,17,0,3,251,27,5,22
2021,Grantham Earlesfield,E05010161,6724,159,0,17,40,7,95,52,32,10,10,154,37,31,51,35,6297,5219,17,5,2,1054,62,8,54
2021,Grantham Harrowby,E05010162,4790,52,0,10,9,4,29,49,43,3,3,71,18,18,18,17,4611,4280,13,16,0,302,7,0,7
2021,Grantham St Vincent's,E05010163,7555,233,6,72,43,23,89,47,23,13,11,112,44,18,24,26,7080,6167,37,10,24,842,83,18,65
2021,Grantham St Wulfram's,E05010164,5381,309,10,57,109,28,105,51,36,12,3,79,24,11,22,22,4870,4330,36,4,5,495,72,15,57
2021,Grantham Springfield,E05010165,5573,132,11,19,40,9,53,70,54,10,6,125,26,24,29,46,5215,4576,19,27,11,582,31,0,31
2021,Isaac Newton,E05010166,4844,25,0,5,9,2,9,16,10,4,2,49,21,1,15,12,4727,4590,32,3,1,101,27,7,20
2021,Lincrest,E05010167,2541,12,0,3,4,0,5,6,6,0,0,20,6,4,3,7,2499,2411,14,1,0,73,4,1,3
2021,Loveden Heath,E05010168,2570,19,2,6,5,0,6,3,2,1,0,14,5,3,1,5,2531,2471,18,0,0,42,3,0,3
2021,Market & West Deeping,E05010169,7105,93,0,20,27,11,35,28,13,15,0,109,26,11,43,29,6862,6666,36,1,1,158,13,1,12
2021,Morton (South Kesteven),E05010170,2515,18,0,1,9,4,4,4,2,1,1,16,8,6,2,0,2474,2407,9,0,0,58,3,0,3
2021,Peascliffe & Ridgeway,E05010171,4846,33,1,4,10,8,10,16,7,7,2,56,15,10,17,14,4730,4627,21,3,1,78,11,1,10
2021,Stamford All Saints,E05010172,4883,82,15,22,23,8,14,15,7,6,2,63,30,9,11,13,4703,4456,39,1,1,206,20,7,13
2021,Stamford St George's,E05010173,5235,51,7,5,12,2,25,37,22,11,4,88,21,7,26,34,5038,4697,34,4,1,302,21,0,21
2021,Stamford St John's,E05010174,5769,92,6,15,41,4,26,33,22,10,1,87,33,10,26,18,5534,5303,28,3,0,200,23,0,23
2021,Stamford St Mary's,E05010175,4859,86,1,23,25,5,32,39,29,9,1,102,26,11,33,32,4612,4303,53,0,4,252,20,0,20
2021,Toller (South Kesteven),E05010176,2641,11,0,3,1,5,2,13,6,4,3,24,3,5,7,9,2588,2522,13,0,0,53,5,0,5
2021,Viking (South Kesteven),E05010177,4955,43,0,11,22,4,6,11,4,5,2,50,20,6,12,12,4849,4754,24,2,6,63,2,0,2
2021,Alcester Town,E05010178,3858,79,1,14,33,5,26,15,10,3,2,69,30,8,18,13,3684,3575,21,1,0,87,11,1,10
2021,Alcester & Rural,E05010179,3627,45,1,6,29,1,8,7,2,4,1,36,12,3,13,8,3521,3365,37,0,0,119,18,0,18
2021,Avenue (Stratford-on-Avon),E05010180,3772,166,5,18,74,19,50,29,15,9,5,107,49,9,22,27,3361,2803,32,11,7,508,109,34,75
2021,Bidford East,E05010181,4364,41,0,2,20,9,10,1,0,1,0,57,14,8,20,15,4249,4031,25,27,12,154,16,4,12
2021,Bidford West & Salford,E05010182,4208,47,0,13,27,0,7,4,1,2,1,55,25,3,17,10,4081,3922,38,3,2,116,21,0,21
2021,Bishop's Itchington,E05010183,4285,67,0,6,33,7,21,17,0,8,9,72,25,15,20,12,4114,3902,39,0,1,172,15,0,15
2021,Bishopton,E05010184,3246,113,1,28,48,5,31,14,11,3,0,94,47,13,17,17,2992,2672,26,4,0,290,33,7,26
2021,Brailes & Compton,E05010185,3373,21,0,1,14,1,5,4,0,1,3,41,17,4,5,15,3298,3184,29,1,3,81,9,2,7
2021,Bridgetown,E05010186,4799,205,0,53,77,15,60,31,22,7,2,120,50,12,23,35,4398,3911,76,0,5,406,45,5,40
2021,Clopton,E05010187,2663,114,4,29,45,9,27,24,18,6,0,61,30,9,15,7,2440,2082,22,1,6,329,24,7,17
2021,Ettington,E05010188,3578,59,0,4,38,2,15,4,1,2,1,36,21,0,7,8,3460,3342,34,1,0,83,19,5,14
2021,Guildhall (Stratford-on-Avon),E05010189,3200,73,1,13,39,8,12,21,8,10,3,75,24,7,19,25,3004,2674,45,1,2,282,27,2,25
2021,Harbury,E05010190,4001,98,3,10,47,18,20,15,7,7,1,77,30,11,24,12,3800,3635,22,0,4,139,11,2,9
2021,Hathaway,E05010191,3529,106,0,22,42,20,22,12,5,7,0,67,23,13,11,20,3313,2924,43,1,5,340,31,1,30
2021,Henley-in-Arden,E05010192,3923,59,3,5,32,2,17,10,5,5,0,38,19,4,10,5,3800,3645,48,6,0,101,16,2,14
2021,Kineton,E05010193,3543,74,0,15,38,2,19,18,7,9,2,56,26,5,12,13,3385,3252,22,0,1,110,10,2,8
2021,Kinwarton,E05010194,2884,19,0,5,4,3,7,3,2,1,0,34,16,1,7,10,2823,2717,21,0,1,84,5,2,3
2021,Long Itchington & Stockton,E05010195,4524,80,1,12,40,9,18,20,13,7,0,70,36,6,15,13,4344,4193,52,1,0,98,10,3,7
2021,Napton & Fenny Compton,E05010196,3521,21,1,2,11,1,6,8,5,3,0,38,14,3,12,9,3443,3332,23,5,1,82,11,1,10
2021,Quinton (Stratford-on-Avon),E05010197,3742,55,0,4,28,12,11,14,9,5,0,97,33,8,30,26,3562,3367,18,1,2,174,14,0,14
2021,Red Horse,E05010198,3315,16,0,6,8,0,2,7,3,1,3,46,19,4,11,12,3237,3125,17,0,1,94,9,0,9
2021,Shipston North,E05010199,3998,30,0,9,13,3,5,5,2,3,0,34,15,2,7,10,3923,3773,22,20,0,108,6,0,6
2021,Shipston South,E05010200,4167,41,3,5,11,6,16,5,4,1,0,50,19,2,9,20,4052,3901,24,0,0,127,19,0,19
2021,Shottery,E05010201,2698,63,0,11,31,2,19,7,4,3,0,51,19,1,9,22,2556,2391,23,0,0,142,21,14,7
2021,Snitterfield,E05010202,3630,48,0,5,28,4,11,9,9,0,0,51,22,6,13,10,3508,3377,41,1,0,89,14,1,13
2021,Southam North,E05010203,3915,70,0,8,33,3,26,16,9,2,5,64,27,10,12,15,3760,3591,22,0,0,147,5,0,5
2021,Southam South,E05010204,4195,109,1,22,69,6,11,33,22,6,5,79,40,10,20,9,3958,3764,36,3,0,155,16,0,16
2021,Studley with Mappleborough Green,E05010205,3906,89,1,8,54,7,19,20,11,9,0,59,24,5,25,5,3719,3615,34,2,2,66,19,2,17
2021,Studley with Sambourne,E05010206,3920,42,0,8,17,7,10,12,5,7,0,73,17,0,42,14,3782,3650,37,4,0,91,11,1,10
2021,Tanworth-in-Arden,E05010207,3221,170,6,10,90,48,16,4,1,3,0,57,23,12,13,9,2962,2834,72,0,1,55,28,1,27
2021,Tiddington,E05010208,3540,56,1,12,24,1,18,21,3,14,4,79,29,14,20,16,3372,3193,31,6,0,142,12,0,12
2021,Welcombe,E05010209,3045,104,1,28,41,3,31,11,3,4,4,80,30,8,20,22,2836,2430,31,2,19,354,14,5,9
2021,Welford-on-Avon,E05010210,4600,59,4,11,28,6,10,9,7,2,0,78,28,5,18,27,4427,4184,25,16,7,195,27,3,24
2021,Wellesbourne East,E05010211,3735,23,0,3,14,1,5,8,5,2,1,57,21,6,11,19,3618,3497,24,6,3,88,29,12,17
2021,Wellesbourne West,E05010212,4595,75,0,12,52,1,10,30,10,15,5,83,28,11,23,21,4387,4114,37,1,10,225,20,5,15
2021,Wotton Wawen,E05010213,3594,26,2,5,4,1,14,13,2,10,1,46,13,10,17,6,3502,3363,35,20,0,84,7,2,5
2021,Bamber Bridge East,E05010214,4943,88,0,16,34,14,24,32,15,16,1,109,26,18,47,18,4697,4506,31,0,5,155,17,7,10
2021,Bamber Bridge West,E05010215,4274,76,2,18,32,7,17,16,9,7,0,63,13,8,31,11,4089,3884,44,1,3,157,30,12,18
2021,Broad Oak,E05010216,3995,165,5,17,112,21,10,25,14,10,1,77,28,10,23,16,3719,3637,24,0,4,54,9,4,5
2021,Broadfield (South Ribble),E05010217,4970,63,7,2,19,13,22,23,5,12,6,69,19,3,34,13,4802,4657,15,1,1,128,13,4,9
2021,Buckshaw & Worden,E05010218,4731,100,8,20,21,35,16,8,3,3,2,89,39,6,26,18,4519,4424,18,0,1,76,15,1,14
2021,Charnock,E05010219,3953,177,0,22,105,44,6,47,25,13,9,99,35,15,33,16,3614,3515,24,1,0,74,16,10,6
2021,Coupe Green & Gregson Lane,E05010220,4237,42,0,5,17,5,15,31,21,9,1,45,20,5,14,6,4113,4061,21,0,0,31,6,2,4
2021,Earnshaw Bridge,E05010221,4814,41,1,4,18,8,10,16,6,6,4,85,10,16,35,24,4655,4532,17,0,4,102,17,1,16
2021,Farington East,E05010222,4548,95,2,19,29,31,14,19,17,0,2,64,21,12,22,9,4357,4239,22,0,0,96,13,1,12
2021,Farington West,E05010223,4188,41,0,4,24,8,5,23,17,5,1,72,15,5,35,17,4050,3981,16,0,0,53,2,0,2
2021,Hoole,E05010224,4254,20,0,5,10,1,4,3,1,1,1,42,15,3,16,8,4182,4112,16,0,6,48,7,0,7
2021,Howick & Priory,E05010225,7228,255,12,30,158,27,28,33,15,13,5,125,51,19,41,14,6783,6644,62,4,0,73,32,16,16
2021,Leyland Central,E05010226,4936,98,0,18,47,15,18,23,13,10,0,100,31,17,31,21,4706,4562,34,1,4,105,9,2,7
2021,Longton & Hutton West,E05010227,5776,56,0,12,33,4,7,17,6,8,3,61,28,3,20,10,5629,5535,40,0,0,54,13,0,13
2021,Lostock Hall,E05010228,6138,69,0,16,22,16,15,12,3,7,2,82,29,5,39,9,5947,5795,34,0,3,115,28,5,23
2021,Middleforth,E05010229,7384,226,10,35,125,35,21,51,22,20,9,183,52,16,87,28,6894,6629,40,0,4,221,30,8,22
2021,Moss Side (South Ribble),E05010230,3893,34,0,2,14,3,15,22,11,8,3,49,19,12,14,4,3782,3694,14,0,0,74,6,1,5
2021,New Longton & Hutton East,E05010231,4704,61,10,1,31,11,8,19,5,10,4,79,34,8,30,7,4530,4430,48,1,0,51,15,5,10
2021,St Ambrose,E05010232,4206,69,0,20,10,27,12,12,7,5,0,75,14,13,41,7,4040,3945,19,2,5,69,10,3,7
2021,Samlesbury & Walton,E05010233,4137,166,2,9,95,42,18,18,4,13,1,77,37,9,24,7,3872,3789,15,2,4,62,4,1,3
2021,Seven Stars,E05010234,4322,55,0,13,24,9,9,42,24,15,3,89,14,16,50,9,4122,3968,15,0,0,139,14,6,8
2021,Walton-le-Dale East,E05010235,4744,174,1,21,113,20,19,21,9,9,3,85,42,12,21,10,4432,4298,30,1,5,98,32,2,30
2021,Walton-le-Dale West,E05010236,4657,136,0,18,71,26,21,24,14,7,3,88,37,8,35,8,4386,4251,20,11,7,97,23,5,18
2021,All Saints & Wayland,E05010237,7635,95,11,11,20,20,33,152,54,52,46,171,31,27,63,50,7191,6845,56,44,4,242,26,4,22
2021,Ashill,E05010238,2700,8,0,1,1,0,6,5,4,0,1,16,3,0,5,8,2664,2586,8,1,1,68,7,0,7
2021,Bedingfeld,E05010239,3225,11,0,1,4,2,4,18,5,5,8,34,10,0,9,15,3153,3004,23,1,0,125,9,0,9
2021,Attleborough Burgh & Haverscroft,E05010240,5094,60,2,16,29,8,5,30,19,10,1,79,12,17,17,33,4903,4565,27,0,5,306,22,1,21
2021,Attleborough Queens & Besthorpe,E05010241,7974,136,23,34,47,11,21,39,24,10,5,115,35,19,27,34,7643,7255,22,0,5,361,41,0,41
2021,Dereham Neatherd,E05010242,7439,123,16,26,35,4,42,32,16,12,4,91,27,21,25,18,7176,6842,39,6,3,286,17,0,17
2021,Dereham Toftwood,E05010243,5901,28,0,2,5,3,18,19,15,1,3,68,18,9,20,21,5750,5476,31,3,0,240,36,0,36
2021,Dereham Withburga,E05010244,5923,70,7,17,24,0,22,41,22,11,8,101,26,27,23,25,5698,5418,34,3,0,243,13,0,13
2021,Forest (Breckland),E05010245,3148,26,0,1,14,5,6,22,8,6,8,55,16,5,17,17,3024,2794,16,6,1,207,21,1,20
2021,Guiltcross,E05010246,3387,12,0,2,2,1,7,8,4,4,0,27,12,2,9,4,3331,3230,10,3,1,87,9,0,9
2021,Harling & Heathlands,E05010247,3174,9,0,1,3,0,5,16,7,3,6,19,4,5,8,2,3125,3023,11,7,1,83,5,2,3
2021,Hermitage (Breckland),E05010248,2833,10,1,0,1,0,8,5,0,3,2,28,13,1,7,7,2787,2715,19,2,0,51,3,0,3
2021,Launditch,E05010249,2604,7,0,3,0,1,3,5,2,1,2,18,11,0,1,6,2570,2507,9,4,0,50,4,1,3
2021,Lincoln,E05010250,5470,54,1,2,12,0,39,40,18,5,17,41,15,7,6,13,5322,5176,26,2,3,115,13,2,11
2021,Mattishall,E05010251,5590,23,0,4,7,0,12,4,1,2,1,47,26,9,5,7,5507,5411,12,6,0,78,9,2,7
2021,Nar Valley,E05010252,2874,26,8,5,12,0,1,5,0,3,2,25,6,4,7,8,2812,2731,18,1,1,61,6,0,6
2021,Necton,E05010253,2669,7,0,2,0,0,5,6,0,6,0,28,11,4,5,8,2618,2566,7,0,1,44,10,0,10
2021,Saham Toney,E05010254,5500,32,0,1,1,1,29,27,14,3,10,47,20,1,4,22,5369,4965,21,12,8,363,25,0,25
2021,Shipdham-with-Scarning,E05010255,5763,22,1,4,4,1,12,23,8,12,3,58,17,12,13,16,5639,5421,9,6,12,191,21,0,21
2021,Swaffham,E05010256,8570,111,8,21,31,1,50,28,16,7,5,98,31,27,25,15,8274,7835,48,19,5,367,59,3,56
2021,The Buckenhams & Banham,E05010257,3262,25,0,2,4,0,19,9,3,3,3,35,17,6,3,9,3189,3105,7,4,1,72,4,0,4
2021,Thetford Boudica,E05010258,4955,41,0,13,6,12,10,20,10,7,3,74,10,17,19,28,4732,3853,28,7,6,838,88,3,85
2021,Thetford Burrell,E05010259,6215,79,12,15,2,20,30,49,20,9,20,194,29,65,40,60,5823,4548,33,22,9,1211,70,2,68
2021,Thetford Castle,E05010260,6193,120,8,37,24,3,48,63,36,13,14,162,33,41,35,53,5742,4421,21,0,21,1279,106,10,96
2021,Thetford Priory,E05010261,7902,97,17,13,20,4,43,101,51,26,24,275,22,95,91,67,7307,5461,38,27,16,1765,122,1,121
2021,Upper Wensum,E05010262,6529,32,0,2,10,3,17,8,2,6,0,51,10,16,15,10,6424,6290,21,11,0,102,14,0,14
2021,Watton,E05010263,8969,78,9,15,24,6,24,46,27,11,8,103,20,20,22,41,8693,7477,60,8,42,1106,49,0,49
2021,Backwell,E05010276,4812,70,0,18,35,0,17,19,13,4,2,82,44,12,11,15,4624,4400,47,7,8,162,17,0,17
2021,Banwell & Winscombe,E05010277,8220,75,2,38,16,0,19,21,14,6,1,100,20,16,29,35,8006,7787,40,17,4,158,18,4,14
2021,Blagdon & Churchill,E05010278,4294,28,0,6,12,3,7,18,10,5,3,89,37,12,19,21,4137,3994,20,4,0,119,22,6,16
2021,Clevedon East,E05010279,4619,53,6,6,15,0,26,23,13,8,2,108,29,12,38,29,4421,4204,23,0,0,194,14,3,11
2021,Clevedon South,E05010280,4199,70,31,5,20,1,13,5,2,1,2,54,13,5,27,9,4060,3865,18,0,0,177,10,1,9
2021,Clevedon Walton,E05010281,4517,29,3,8,6,2,10,24,21,3,0,45,25,7,4,9,4403,4183,58,0,3,159,16,1,15
2021,Clevedon West,E05010282,3863,43,6,8,12,0,17,17,9,8,0,56,14,7,12,23,3733,3600,19,0,8,106,14,0,14
2021,Clevedon Yeo,E05010283,4211,57,19,5,21,2,10,14,7,2,5,50,11,4,15,20,4081,3897,15,1,0,168,9,2,7
2021,Congresbury & Puxton,E05010284,4135,32,0,6,12,1,13,12,8,3,1,57,22,6,16,13,4012,3814,26,63,8,101,22,5,17
2021,Gordano Valley,E05010285,4167,50,4,3,27,3,13,13,9,3,1,76,32,6,14,24,4016,3877,38,0,0,101,12,2,10
2021,Hutton & Locking,E05010286,7775,106,14,22,57,0,13,25,11,6,8,72,25,15,18,14,7541,7224,53,6,14,244,31,8,23
2021,Long Ashton,E05010287,8945,179,3,68,67,15,26,40,24,11,5,241,96,27,42,76,8432,8036,58,0,0,338,53,20,33
2021,Nailsea Golden Valley,E05010288,4262,55,2,30,7,0,16,16,3,7,6,67,32,1,13,21,4118,3968,23,0,4,123,6,0,6
2021,Nailsea West End,E05010289,3249,32,5,1,11,8,7,11,9,1,1,55,18,4,22,11,3139,3005,24,0,1,109,12,5,7
2021,Nailsea Yeo,E05010290,3971,56,3,9,21,0,23,23,11,10,2,58,13,8,20,17,3813,3699,24,0,1,89,21,5,16
2021,Nailsea Youngwood,E05010291,4059,38,1,18,9,1,9,13,3,5,5,61,20,5,20,16,3926,3791,12,0,1,122,21,3,18
2021,Pill,E05010292,4389,31,1,6,8,4,12,18,12,3,3,91,31,12,31,17,4233,4023,31,2,0,177,16,1,15
2021,Portishead East,E05010293,8253,183,10,51,58,17,47,47,24,16,7,215,82,22,55,56,7753,7249,46,0,11,447,55,12,43
2021,Portishead North,E05010294,4800,100,5,24,26,11,34,12,3,7,2,97,30,4,20,43,4551,4292,48,1,4,206,40,8,32
2021,Portishead South,E05010295,4141,34,10,9,4,0,11,16,14,1,1,58,31,3,7,17,4019,3864,25,0,0,130,14,1,13
2021,Portishead West,E05010296,9161,92,16,18,28,1,29,28,17,9,2,126,47,22,29,28,8860,8489,53,0,2,316,55,15,40
2021,Weston-super-Mare South,E05010297,9526,252,63,40,82,3,64,87,72,5,10,250,57,56,93,44,8888,8136,48,19,7,678,49,19,30
2021,Weston-super-Mare Central,E05010298,9090,340,80,51,77,15,117,139,87,39,13,210,47,42,56,65,8236,6924,49,11,34,1218,165,34,131
2021,Weston-super-Mare Hillside,E05010299,8489,168,12,32,37,11,76,76,52,15,9,180,55,20,47,58,7973,7184,39,5,18,727,92,21,71
2021,Weston-super-Mare Kewstoke,E05010300,8525,64,1,21,19,3,20,25,14,2,9,94,25,14,32,23,8300,8001,43,9,1,246,42,10,32
2021,Weston-super-Mare Mid Worle,E05010301,3905,43,18,4,5,1,15,30,19,3,8,48,6,11,19,12,3772,3617,22,0,5,128,12,5,7
2021,Weston-super-Mare Milton,E05010302,9640,225,57,43,64,11,50,46,31,6,9,125,40,21,37,27,9178,8609,37,6,3,523,66,13,53
2021,Weston-super-Mare North Worle,E05010303,8460,121,15,42,31,6,27,38,20,12,6,120,37,12,41,30,8139,7864,25,0,3,247,42,6,36
2021,Weston-super-Mare South Worle,E05010304,9002,125,9,27,54,0,35,60,42,9,9,134,46,24,33,31,8606,8069,47,5,15,470,77,6,71
2021,Weston-super-Mare Uphill,E05010305,8173,226,9,29,135,16,37,42,32,7,3,116,42,11,36,27,7733,7294,50,7,2,380,56,17,39
2021,Weston-super-Mare Winterstoke,E05010306,9459,172,22,43,37,11,59,89,72,10,7,163,58,39,39,27,8971,7870,26,24,0,1051,64,4,60
2021,Wick St Lawrence & St Georges,E05010307,4877,29,0,12,2,5,10,32,19,7,6,92,13,13,47,19,4714,4556,19,0,4,135,10,2,8
2021,Winford,E05010308,4443,34,0,8,15,0,11,20,13,7,0,78,30,9,17,22,4309,4183,26,0,2,98,2,0,2
2021,Wrington,E05010309,4170,35,0,7,16,0,12,12,8,3,1,34,19,4,6,5,4076,3920,32,0,7,117,13,1,12
2021,Yatton,E05010310,8944,77,6,10,20,0,41,31,15,10,6,137,40,15,46,36,8662,8428,42,1,4,187,37,8,29
2021,Acomb,E05010311,9114,118,5,42,20,13,38,40,30,5,5,124,44,22,32,26,8790,8464,56,6,7,257,42,8,34
2021,Bishopthorpe,E05010312,4137,46,1,16,17,1,11,6,2,2,2,53,27,4,5,17,4027,3927,22,1,0,77,5,1,4
2021,Clifton (York),E05010313,9418,451,76,86,155,14,120,97,69,14,14,191,67,25,37,62,8555,7795,59,26,21,654,124,33,91
2021,Copmanthorpe,E05010314,4147,31,1,19,5,0,6,10,5,4,1,39,13,4,10,12,4053,3951,23,0,0,79,14,0,14
2021,Dringhouses & Woodthorpe,E05010315,11495,218,30,53,65,14,56,62,49,7,6,153,64,29,19,41,11022,10552,69,3,4,394,40,10,30
2021,Fishergate,E05010316,9557,1325,15,720,164,77,349,108,84,16,8,278,126,34,29,89,7634,6790,67,26,19,732,212,74,138
2021,Fulford & Heslington,E05010317,4174,295,8,74,62,21,130,48,38,3,7,135,66,22,16,31,3618,3369,38,3,0,208,78,24,54
2021,Guildhall (York),E05010318,14552,1185,34,634,224,63,230,173,132,29,12,401,160,43,76,122,12460,11001,139,47,50,1223,333,125,208
2021,Haxby & Wigginton,E05010319,11775,116,4,35,36,6,35,38,26,7,5,96,33,13,20,30,11476,11244,56,7,3,166,49,14,35
2021,Heworth,E05010320,13434,502,56,101,154,54,137,89,68,17,4,259,111,22,62,64,12444,11487,98,27,24,808,140,32,108
2021,Heworth Without,E05010321,4077,53,4,16,19,2,12,3,2,0,1,61,21,3,7,30,3912,3813,22,0,0,77,48,22,26
2021,Holgate,E05010322,11961,238,5,52,93,15,73,58,43,11,4,250,91,56,42,61,11334,10573,89,17,11,644,81,16,65
2021,Hull Road,E05010323,14859,1306,63,548,288,109,298,245,169,42,34,504,245,60,74,125,12509,11458,95,36,26,894,295,119,176
2021,Huntington & New Earswick,E05010324,12417,228,31,43,70,27,57,27,17,8,2,132,50,31,21,30,11943,11543,59,32,17,292,87,35,52
2021,Micklegate,E05010325,12405,462,28,151,148,28,107,90,65,15,10,303,112,35,54,102,11421,10380,145,18,19,859,129,31,98
2021,Osbaldwick & Derwent,E05010326,8402,189,1,56,64,30,38,30,23,6,1,139,66,11,20,42,7984,7543,41,56,0,344,60,31,29
2021,Rawcliffe & Clifton Without,E05010327,12335,429,13,147,149,41,79,82,70,6,6,186,86,27,27,46,11525,10898,64,34,2,527,113,29,84
2021,Rural West York,E05010328,8113,109,12,24,38,3,32,15,10,2,3,86,45,12,10,19,7882,7647,60,3,0,172,21,2,19
2021,Strensall,E05010329,8326,139,18,33,35,15,38,28,17,4,7,107,51,7,17,32,8025,7841,39,12,0,133,27,7,20
2021,Westfield (York),E05010330,13976,160,9,35,37,6,73,77,56,14,7,205,72,34,47,52,13486,12712,55,10,14,695,48,9,39
2021,Wheldrake,E05010331,4159,31,0,4,9,6,12,5,3,1,1,43,26,4,7,6,4072,3975,24,4,5,64,8,1,7
2021,Bocking Blackwater,E05010365,10302,266,6,65,107,32,56,238,152,56,30,203,65,19,49,70,9526,8972,75,5,2,472,69,5,64
2021,Bocking North,E05010366,5223,55,6,6,13,10,20,50,29,16,5,106,33,13,39,21,5001,4779,47,18,4,153,11,0,11
2021,Bocking South,E05010367,6756,141,12,20,43,15,51,135,96,24,15,149,22,31,57,39,6277,5850,54,4,3,366,54,6,48
2021,Braintree Central & Beckers Green,E05010368,9582,292,32,56,68,25,111,231,143,50,38,279,71,62,80,66,8695,7696,63,18,17,901,85,9,76
2021,Braintree South,E05010369,6562,206,42,21,53,28,62,112,68,27,17,152,49,16,41,46,6044,5590,33,13,9,399,48,12,36
2021,Braintree West,E05010370,6165,89,5,12,22,11,39,71,47,16,8,122,42,12,36,32,5851,5513,63,9,5,261,32,1,31
2021,Bumpstead,E05010371,2880,18,0,2,7,1,8,10,6,2,2,47,23,2,14,8,2802,2713,17,0,0,72,3,0,3
2021,Coggeshall,E05010372,5878,18,0,0,8,1,9,12,5,6,1,62,17,12,17,16,5773,5594,56,9,0,114,13,0,13
2021,Great Notley & Black Notley,E05010374,10104,181,7,22,96,17,39,127,90,20,17,201,72,34,40,55,9566,9212,88,0,2,264,29,5,24
2021,Hedingham,E05010378,6014,59,4,10,11,5,29,31,14,13,4,74,33,9,5,27,5819,5663,35,1,0,120,31,3,28
2021,Kelvedon & Feering,E05010379,5748,51,1,7,8,7,28,19,4,8,7,115,43,20,31,21,5548,5383,46,4,0,115,15,3,12
2021,Rayne,E05010380,2885,48,1,5,29,5,8,18,16,2,0,48,13,9,9,17,2766,2683,22,2,0,59,5,0,5
2021,Stour Valley North,E05010382,2923,14,0,4,6,0,4,7,3,3,1,32,7,6,3,16,2865,2768,15,15,0,67,5,0,5
2021,Stour Valley South,E05010383,3014,7,2,0,1,0,4,11,3,7,1,28,7,3,7,11,2962,2889,30,6,3,34,6,1,5
2021,The Colnes,E05010384,6003,63,12,11,13,5,22,10,3,7,0,64,24,6,16,18,5835,5686,45,0,0,104,31,8,23
2021,Three Fields,E05010385,5750,35,0,5,16,0,14,22,17,2,3,63,16,5,18,24,5598,5471,39,0,0,88,32,3,29
2021,Witham South,E05010388,6386,169,5,12,73,16,63,165,120,31,14,180,50,22,50,58,5800,5510,45,2,0,243,72,9,63
2021,Witham West,E05010389,6800,150,5,24,28,1,92,104,64,27,13,176,49,26,61,40,6327,6039,40,3,1,244,43,9,34
2021,Yeldham,E05010390,2859,14,1,2,5,0,6,18,10,3,5,47,12,6,11,18,2761,2692,15,2,0,52,19,1,18
2021,Beltinge,E05010392,7017,87,1,15,32,2,37,37,27,7,3,105,45,12,24,24,6758,6588,46,5,5,114,30,4,26
2021,Blean Forest,E05010393,10128,1053,47,253,381,106,266,1034,874,117,43,416,143,83,74,116,7361,6507,80,8,9,757,264,83,181
2021,Chestfield,E05010395,7137,112,0,27,61,7,17,23,19,3,1,111,40,15,14,42,6848,6600,62,6,0,180,43,4,39
2021,Gorrell,E05010396,10625,129,26,29,40,0,34,65,42,19,4,288,92,36,57,103,10065,9519,122,32,1,391,78,16,62
2021,Greenhill (Canterbury),E05010397,4199,72,5,6,35,12,14,11,2,5,4,59,14,10,22,13,4047,3972,25,3,0,47,10,3,7
2021,Herne & Broomfield,E05010398,8985,116,5,25,46,4,36,40,20,16,4,105,33,16,28,28,8691,8481,42,7,0,161,33,3,30
2021,Heron,E05010399,13272,317,31,90,81,6,109,69,52,7,10,231,69,41,52,69,12548,12015,121,20,18,374,107,12,95
2021,Northgate (Canterbury),E05010402,7047,588,49,101,162,40,236,509,385,87,37,301,76,47,74,104,5412,4578,40,49,28,717,237,70,167
2021,Seasalter,E05010404,7811,91,6,27,34,7,17,34,16,12,6,104,34,7,33,30,7558,7312,69,22,3,152,24,4,20
2021,St Stephen's (Canterbury),E05010405,10006,766,68,178,198,106,216,522,395,93,34,513,151,91,116,155,7935,6862,93,32,20,928,270,90,180
2021,Swalecliffe,E05010407,3961,69,6,1,55,2,5,12,6,6,0,48,11,10,13,14,3819,3692,38,18,4,67,13,5,8
2021,Tankerton,E05010408,3525,38,2,10,4,1,21,8,5,3,0,66,36,5,18,7,3388,3202,57,2,1,126,25,1,24
2021,West Bay,E05010409,4084,48,0,7,22,3,16,9,3,6,0,70,20,4,29,17,3932,3836,45,6,5,40,25,1,24
2021,Westgate (Canterbury),E05010410,9191,643,32,157,178,34,242,289,209,52,28,378,114,57,77,130,7547,6116,97,23,23,1288,334,108,226
2021,Wincheap,E05010411,9426,473,25,98,175,24,151,271,215,32,24,340,112,55,86,87,8110,6912,86,53,37,1022,232,61,171
2021,Bank Top & Lascelles,E05010412,7103,155,17,34,58,6,40,65,37,15,13,82,21,18,28,15,6745,6286,25,79,16,339,56,11,45
2021,Brinkburn & Faverdale,E05010413,6829,158,8,22,91,10,27,33,25,5,3,99,28,13,33,25,6496,6379,14,3,0,100,43,14,29
2021,Cockerton,E05010414,6327,90,16,8,33,8,25,13,6,3,4,73,25,12,14,22,6121,5939,20,6,0,156,30,18,12
2021,College (Darlington),E05010415,4285,191,21,12,116,13,29,34,24,6,4,57,22,3,15,17,3989,3842,30,9,1,107,14,8,6
2021,Eastbourne,E05010416,6353,112,12,4,28,15,53,81,53,7,21,72,29,7,17,19,6003,5480,10,89,20,404,85,34,51
2021,Harrowgate Hill,E05010417,6472,100,12,15,53,9,11,20,7,7,6,67,20,6,22,19,6274,6163,12,5,2,92,11,3,8
2021,Haughton & Springfield,E05010418,6304,79,7,16,42,0,14,26,11,9,6,75,28,5,24,18,6086,5926,20,14,0,126,38,10,28
2021,Heighington & Coniscliffe,E05010419,4754,42,1,4,20,1,16,5,1,3,1,43,18,0,20,5,4662,4604,15,7,0,36,2,0,2
2021,Hummersknott,E05010420,3702,103,5,3,63,0,32,16,10,4,2,44,17,13,5,9,3505,3437,13,3,0,52,34,14,20
2021,Hurworth,E05010421,3687,26,2,3,11,1,9,17,3,9,5,44,15,10,10,9,3591,3501,19,30,2,39,9,1,8
2021,Mowden,E05010422,3821,114,1,21,61,13,18,21,15,6,0,44,15,3,13,13,3611,3568,9,0,0,34,31,12,19
2021,North Road,E05010423,6212,115,7,11,45,18,34,26,14,9,3,100,23,24,27,26,5898,5638,18,17,2,223,73,12,61
2021,Northgate (Darlington),E05010424,4141,647,448,19,74,25,81,66,47,13,6,77,32,12,14,19,3181,2821,11,9,27,313,170,82,88
2021,Park East,E05010425,7591,216,20,33,86,14,63,67,45,12,10,162,43,18,53,48,7017,6433,17,18,16,533,129,60,69
2021,Park West,E05010426,4261,87,14,13,37,10,13,19,14,1,4,76,38,9,11,18,4055,3934,20,13,4,84,24,5,19
2021,Pierremont,E05010427,5844,329,125,11,130,21,42,62,54,5,3,93,32,17,23,21,5313,5033,22,22,6,230,47,18,29
2021,Red Hall & Lingfield,E05010428,4670,80,12,12,25,7,24,39,30,6,3,69,25,6,16,22,4448,4224,21,35,0,168,34,11,23
2021,Sadberge & Middleton St George,E05010429,6757,106,4,31,37,13,21,23,15,5,3,74,37,8,8,21,6533,6412,23,5,1,92,21,4,17
2021,Stephenson,E05010430,4836,161,26,8,65,0,62,57,39,7,11,77,25,7,27,18,4478,4071,12,64,7,324,63,9,54
2021,Whinfield,E05010431,3836,50,1,30,9,5,5,6,2,3,1,47,24,5,5,13,3718,3629,11,4,0,74,15,1,14
2021,Abbey (Leicester),E05010458,22106,6691,79,128,5239,369,876,2055,1580,253,222,968,202,149,392,225,11221,9067,151,28,30,1945,1171,214,957
2021,Aylestone,E05010459,11941,1148,60,64,673,152,199,603,398,133,72,558,152,58,251,97,9419,8493,121,1,24,780,213,33,180
2021,Beaumont Leys,E05010460,18812,4289,73,98,3303,312,503,2810,2228,235,347,876,171,135,392,178,10220,8625,83,26,29,1457,617,101,516
2021,Belgrave (Leicester),E05010461,20570,17573,83,30,16492,370,598,634,493,87,54,338,122,33,109,74,1439,1058,31,10,21,319,586,56,530
2021,Braunstone Park & Rowley Fields,E05010462,21023,2863,53,87,2034,265,424,1763,1295,239,229,941,189,113,415,224,14734,11842,115,54,96,2627,722,102,620
2021,Castle (Leicester),E05010463,23677,5229,206,944,2773,668,638,2750,2098,504,148,1185,362,163,362,298,13430,10419,189,24,67,2731,1083,504,579
2021,Evington,E05010464,17272,11072,423,51,8727,1139,732,875,595,195,85,615,177,66,193,179,3763,3225,74,7,19,438,947,231,716
2021,Eyres Monsell,E05010465,12008,836,109,18,424,128,157,1000,743,146,111,504,107,64,257,76,9491,8507,82,40,6,856,177,41,136
2021,Fosse,E05010466,14371,2119,111,110,1308,266,324,1649,1283,219,147,689,138,138,250,163,9385,6085,77,16,132,3075,529,70,459
2021,Humberstone & Hamilton,E05010467,21144,10964,197,79,8633,1067,988,1118,805,177,136,959,300,101,281,277,7074,6172,73,10,1,818,1029,298,731
2021,Knighton,E05010468,16825,5113,244,123,3662,715,369,702,446,208,48,744,311,58,192,183,9459,8397,195,9,2,856,807,134,673
2021,North Evington,E05010469,23918,19221,386,12,16999,1221,603,973,689,194,90,614,152,43,249,170,2180,1685,49,8,57,381,930,139,791
2021,Rushey Mead,E05010470,17387,14301,116,20,12930,327,908,243,128,89,26,244,114,11,57,62,1946,1589,35,23,10,289,653,24,629
2021,Saffron,E05010471,13887,1978,132,105,1113,300,328,2114,1545,401,168,839,133,130,416,160,8435,7036,66,16,25,1292,521,106,415
2021,Spinney Hills,E05010472,13039,11223,800,10,8633,1309,471,396,265,106,25,247,107,15,25,100,527,297,16,8,24,182,646,169,477
2021,Stoneygate,E05010473,21097,14149,2705,184,8801,1643,816,1472,1031,315,126,678,232,81,130,235,3524,2404,59,27,92,942,1274,447,827
2021,Thurncourt,E05010474,12063,5449,368,10,3991,707,373,447,251,140,56,478,117,33,212,116,5285,4917,73,8,20,267,404,96,308
2021,Troon,E05010475,14797,8612,131,37,7106,602,736,906,620,181,105,448,139,43,127,139,4104,3308,59,19,10,708,727,100,627
2021,Westcotes,E05010476,15786,3195,124,252,2110,304,405,1779,1445,219,115,722,166,154,248,154,9287,5756,76,78,139,3238,803,242,561
2021,Western,E05010477,21082,2341,114,76,1396,240,515,2040,1515,260,265,961,200,148,422,191,15047,13077,138,35,26,1771,693,133,560
2021,Wycliffe,E05010478,15782,11617,546,44,10075,571,381,2432,2081,163,188,299,67,43,48,141,690,439,29,11,6,205,744,163,581
2021,Barlaston,E05010479,2815,25,0,10,6,5,4,12,2,9,1,36,7,1,22,6,2738,2693,13,0,0,32,4,1,3
2021,Baswich,E05010480,6120,307,12,60,164,32,39,55,43,8,4,124,53,15,38,18,5562,5405,25,0,1,131,72,26,46
2021,Common,E05010481,4528,147,0,14,72,29,32,81,34,28,19,102,29,6,53,14,4158,3768,32,7,7,344,40,5,35
2021,Coton,E05010482,8782,775,21,35,234,64,421,260,111,93,56,233,51,36,100,46,7365,6832,39,9,5,480,149,38,111
2021,Doxey & Castletown,E05010483,4232,148,17,16,70,13,32,82,43,31,8,133,22,16,67,28,3841,3652,12,18,5,154,28,9,19
2021,Eccleshall,E05010484,7044,81,0,20,32,11,18,32,9,18,5,110,38,14,41,17,6795,6653,41,2,6,93,26,6,20
2021,Forebridge,E05010485,3650,126,2,28,47,24,25,73,44,22,7,109,25,7,44,33,3296,3030,25,4,7,230,46,14,32
2021,Fulford,E05010486,5975,61,3,3,29,12,14,22,16,5,1,73,17,10,29,17,5810,5721,27,9,8,45,9,0,9
2021,Gnosall & Woodseaves,E05010487,6805,46,0,1,21,2,22,20,8,9,3,74,29,1,28,16,6642,6524,36,4,0,78,23,7,16
2021,Haywood & Hixon,E05010488,6780,43,1,13,18,3,8,26,3,23,0,77,14,11,33,19,6620,6535,36,0,1,48,14,1,13
2021,Highfields & Western Downs,E05010489,6887,121,0,19,52,14,36,135,57,50,28,163,29,12,98,24,6437,6012,40,2,5,378,31,3,28
2021,Holmcroft,E05010490,6693,178,8,23,81,27,39,66,27,29,10,137,27,12,72,26,6268,5996,23,3,1,245,44,7,37
2021,Littleworth,E05010491,5653,357,11,24,202,47,73,82,47,31,4,76,25,4,34,13,5081,4835,39,1,10,196,57,16,41
2021,Manor (Stafford),E05010492,7202,160,13,12,69,39,27,83,27,43,13,202,39,16,106,41,6727,6459,33,5,3,227,30,8,22
2021,Milford (Stafford),E05010493,2920,72,0,10,31,22,9,23,18,3,2,45,15,3,21,6,2766,2708,18,0,0,40,14,0,14
2021,Milwich,E05010494,6990,249,1,11,58,37,142,45,18,17,10,136,60,8,38,30,6538,6323,38,34,0,143,22,1,21
2021,Penkside,E05010495,3567,119,14,14,51,17,23,84,38,30,16,96,16,8,52,20,3216,3037,23,2,0,154,52,19,33
2021,Rowley (Stafford),E05010496,3146,199,8,24,137,7,23,44,30,10,4,63,18,6,30,9,2812,2690,22,0,0,100,28,3,25
2021,St Michael's & Stonefield,E05010497,10229,141,8,24,58,13,38,33,21,9,3,154,39,7,66,42,9859,9628,50,4,3,174,42,11,31
2021,Seighford & Church Eaton,E05010498,6858,213,5,35,108,19,46,59,39,10,10,71,20,8,29,14,6478,6297,36,5,0,140,37,8,29
2021,Swynnerton & Oulton,E05010499,6505,172,2,15,90,32,33,44,26,13,5,108,31,18,33,26,6159,6056,40,2,4,57,22,8,14
2021,Walton (Stafford),E05010500,7048,118,3,28,47,8,32,27,18,6,3,113,24,21,49,19,6754,6602,25,1,1,125,36,15,21
2021,Weeping Cross & Wildwood,E05010501,6447,315,17,37,180,40,41,50,35,13,2,118,43,7,28,40,5887,5748,29,0,0,110,77,16,61
2021,Aggborough & Spennells,E05010502,8762,217,44,42,47,27,57,55,25,20,10,176,50,13,85,28,8285,7938,24,24,10,289,29,2,27
2021,Areley Kings & Riverside,E05010503,8257,60,11,7,20,2,20,19,5,8,6,101,29,4,45,23,8061,7825,45,55,8,128,16,1,15
2021,Bewdley & Rock,E05010504,8659,41,8,4,13,1,15,15,3,11,1,130,43,10,47,30,8461,8305,60,1,0,95,12,1,11
2021,Blakebrook & Habberley South,E05010505,9483,169,21,15,46,8,79,56,28,17,11,152,46,17,53,36,9033,8541,35,21,9,427,73,17,56
2021,Broadwaters,E05010506,9272,549,403,34,39,28,45,40,14,22,4,169,56,9,74,30,8472,8023,27,34,1,387,42,9,33
2021,Foley Park & Hoobrook,E05010507,10614,165,33,39,43,4,46,69,31,26,12,184,62,15,75,32,10153,9662,48,102,6,335,43,7,36
2021,Franche & Habberley North,E05010508,9784,78,9,27,23,2,17,38,16,20,2,114,32,14,51,17,9515,9296,26,33,6,154,39,3,36
2021,Lickhill,E05010509,2459,20,3,2,2,12,1,2,0,2,0,20,10,0,4,6,2413,2386,5,8,0,14,4,0,4
2021,Mitton,E05010510,9942,73,7,14,38,1,13,19,7,9,3,100,36,5,37,22,9721,9377,63,135,8,138,29,4,25
2021,Offmore & Comberton,E05010511,9488,182,48,38,36,16,44,47,17,20,10,135,36,17,54,28,9078,8637,65,14,1,361,46,14,32
2021,Wribbenhall & Arley,E05010512,5305,42,2,7,20,4,9,8,2,5,1,59,22,2,25,10,5187,5085,34,6,0,62,9,0,9
2021,Wyre Forest Rural,E05010513,9584,342,158,17,108,35,24,28,13,8,7,128,45,8,53,22,9044,8888,43,17,0,96,42,6,36
2021,Attenborough & Chilwell East,E05010514,7122,257,0,62,79,68,48,86,41,27,18,174,57,21,58,38,6558,6258,66,0,7,227,47,24,23
2021,"Awsworth, Cossall & Trowell",E05010515,5015,80,0,11,30,13,26,23,10,6,7,70,19,4,32,15,4825,4737,19,0,0,69,17,10,7
2021,Beeston Central,E05010516,6185,722,16,254,209,97,146,234,174,51,9,255,77,31,81,66,4765,4087,45,3,10,620,209,66,143
2021,Beeston North,E05010517,6365,949,23,177,200,324,225,265,173,69,23,267,83,42,91,51,4642,4138,49,0,17,438,242,85,157
2021,Beeston Rylands,E05010518,4778,219,0,63,82,35,39,104,58,35,11,124,31,13,53,27,4260,3896,37,1,4,322,71,37,34
2021,Beeston West,E05010519,5549,414,7,97,131,104,75,66,36,26,4,184,75,8,52,49,4750,4222,64,0,5,459,135,76,59
2021,Bramcote,E05010520,7246,888,12,125,522,151,78,122,71,36,15,179,74,9,54,42,5919,5603,61,0,0,255,138,44,94
2021,Brinsley,E05010521,2285,18,1,1,11,3,2,3,1,2,0,14,2,0,11,1,2246,2218,10,0,2,16,4,0,4
2021,Chilwell West,E05010522,7590,365,9,129,84,20,123,161,106,31,24,269,65,26,125,53,6720,6341,31,1,1,346,75,31,44
2021,Eastwood Hall,E05010523,2610,18,0,8,4,1,5,14,9,3,2,30,13,6,9,2,2546,2507,12,0,0,27,2,0,2
2021,Eastwood Hilltop,E05010524,4852,57,4,4,23,5,21,20,6,8,6,83,23,10,38,12,4672,4566,20,0,2,84,20,5,15
2021,Eastwood St Mary's,E05010525,4876,66,1,16,19,13,17,67,34,19,14,122,20,18,59,25,4595,4453,10,4,0,128,26,9,17
2021,Greasley,E05010526,6548,79,2,25,43,1,8,45,28,14,3,92,21,2,51,18,6313,6212,36,0,3,62,19,5,14
2021,Kimberley,E05010527,6670,74,1,19,13,13,28,68,32,24,12,122,24,5,73,20,6384,6239,33,1,0,111,22,3,19
2021,Nuthall East & Strelley,E05010528,5204,873,14,68,448,260,83,195,117,57,21,154,32,15,86,21,3812,3630,30,1,1,150,170,24,146
2021,Stapleford North,E05010529,4766,101,0,21,48,22,10,74,49,15,10,140,29,19,60,32,4415,4219,19,0,3,174,36,8,28
2021,Stapleford South East,E05010530,5185,196,4,31,88,30,43,76,30,30,16,145,37,18,68,22,4728,4531,19,13,1,164,40,5,35
2021,Stapleford South West,E05010531,5504,161,13,24,57,28,39,94,59,24,11,147,29,20,82,16,5018,4807,32,2,3,174,84,32,52
2021,Toton & Chilwell Meadows,E05010532,8064,496,1,142,241,32,80,104,72,27,5,169,66,9,62,32,7198,6892,28,0,3,275,97,31,66
2021,Watnall & Nuthall West,E05010533,4512,113,2,12,56,12,31,41,20,17,4,72,22,6,37,7,4272,4164,33,0,1,74,14,0,14
2021,Bere Ferrers,E05010550,3670,13,0,2,5,0,6,2,2,0,0,32,13,3,10,6,3613,3546,15,1,0,51,10,0,10
2021,Bridestowe,E05010551,3271,8,0,2,3,1,2,5,2,2,1,31,11,8,4,8,3225,3156,20,0,2,47,2,0,2
2021,Buckland Monachorum,E05010552,3799,26,2,7,3,0,14,13,11,1,1,54,10,2,21,21,3693,3601,24,0,0,68,13,5,8
2021,Burrator,E05010553,3626,15,0,4,4,0,7,7,1,5,1,37,16,4,7,10,3564,3490,27,0,1,46,3,0,3
2021,Chagford,E05010554,1538,6,0,1,2,0,3,2,0,1,1,39,15,0,11,13,1487,1404,10,5,5,63,4,0,4
2021,Dartmoor,E05010555,2369,12,0,3,1,1,7,16,5,4,7,34,6,6,2,20,2300,2225,10,10,3,52,7,1,6
2021,Drewsteignton,E05010556,1759,3,0,1,2,0,0,2,0,1,1,28,9,1,2,16,1720,1635,15,5,0,65,6,3,3
2021,Exbourne,E05010557,4151,19,1,4,5,0,9,13,10,2,1,41,22,1,3,15,4065,3978,17,0,1,69,13,2,11
2021,Hatherleigh,E05010558,3228,21,0,11,6,0,4,8,5,2,1,41,10,6,9,16,3153,3074,11,2,0,66,5,0,5
2021,Mary Tavy,E05010559,1601,4,0,0,2,2,0,0,0,0,0,5,3,0,1,1,1589,1559,3,2,0,25,3,0,3
2021,Milton Ford,E05010560,1923,7,0,2,3,0,2,1,0,1,0,9,5,0,1,3,1906,1864,11,1,0,30,0,0,0
2021,Okehampton North,E05010561,5738,43,4,8,5,4,22,8,5,0,3,44,21,6,3,14,5613,5374,13,3,2,221,30,10,20
2021,Okehampton South,E05010562,3997,33,6,7,3,0,17,13,9,1,3,65,23,4,5,33,3857,3664,10,9,9,165,29,10,19
2021,South Tawton,E05010563,1929,5,0,1,1,0,3,11,6,1,4,13,6,2,2,3,1896,1855,4,0,0,37,4,0,4
2021,Tamarside,E05010564,1828,20,1,1,1,1,16,1,1,0,0,18,9,1,1,7,1787,1751,8,0,2,26,2,1,1
2021,Tavistock North,E05010565,5486,55,0,29,9,0,17,15,6,4,5,68,19,9,20,20,5335,5149,30,1,7,148,13,3,10
2021,Tavistock South East,E05010566,3893,19,0,5,7,0,7,1,0,1,0,25,10,3,6,6,3843,3736,29,0,1,77,5,3,2
2021,Tavistock South West,E05010567,3293,23,4,9,4,0,6,6,5,1,0,40,14,9,4,13,3209,3138,14,0,1,56,15,5,10
2021,Awsworth Road,E05010604,5148,51,1,21,14,0,15,47,25,17,5,73,20,8,31,14,4958,4840,14,1,0,103,19,1,18
2021,Breaston,E05010605,4366,58,0,3,33,1,21,13,1,11,1,67,24,2,23,18,4218,4148,24,0,2,44,10,1,9
2021,Cotmanhay,E05010606,5081,32,0,4,20,1,7,36,18,12,6,97,16,15,49,17,4895,4732,15,5,0,143,21,8,13
2021,Derby Road East,E05010607,5469,146,10,25,65,16,30,99,29,58,12,146,41,20,64,21,5050,4782,25,0,11,232,28,2,26
2021,Derby Road West,E05010608,6913,275,2,39,170,19,45,94,58,31,5,182,47,19,78,38,6313,6055,49,5,10,194,49,3,46
2021,Draycott & Risley,E05010609,4110,74,0,13,41,10,10,10,0,4,6,69,10,5,35,19,3946,3852,30,1,0,63,11,2,9
2021,Hallam Fields,E05010610,5054,55,0,17,21,4,13,24,8,14,2,77,19,6,36,16,4881,4730,19,0,1,131,17,1,16
2021,Kirk Hallam & Stanton-by-Dale,E05010611,6408,27,0,0,13,0,14,29,15,10,4,66,13,11,37,5,6281,6136,20,4,8,113,5,0,5
2021,Larklands,E05010612,8637,119,1,28,68,0,22,42,17,17,8,102,29,13,35,25,8325,8043,26,1,4,251,49,4,45
2021,Little Eaton & Stanley,E05010613,4357,56,0,22,25,2,7,18,7,8,3,59,24,5,23,7,4214,4142,20,0,1,51,10,0,10
2021,Little Hallam,E05010614,4708,71,5,16,22,3,25,14,8,4,2,82,25,10,40,7,4510,4385,32,0,3,90,31,4,27
2021,Long Eaton Central,E05010615,7285,131,4,22,76,8,21,118,31,71,16,195,40,15,122,18,6812,6428,31,5,7,341,29,2,27
2021,Nottingham Road,E05010616,4946,120,3,12,59,34,12,47,28,17,2,114,26,2,70,16,4652,4459,30,1,1,161,13,3,10
2021,Ockbrook & Borrowash,E05010617,7168,85,0,18,38,8,21,51,20,24,7,139,33,14,66,26,6862,6716,48,0,0,98,31,3,28
2021,Sandiacre,E05010618,8219,123,1,12,68,13,29,75,25,35,15,174,51,13,83,27,7804,7578,31,5,7,183,43,18,25
2021,Sawley,E05010619,6465,63,9,5,32,6,11,37,5,24,8,140,31,15,75,19,6203,6024,36,4,3,136,22,1,21
2021,Shipley View,E05010620,4795,32,0,14,9,1,8,32,12,15,5,50,12,9,20,9,4676,4588,18,0,1,69,5,3,2
2021,West Hallam & Dale Abbey,E05010621,6208,29,0,3,13,1,12,16,8,6,2,46,18,1,15,12,6102,5993,30,1,0,78,15,1,14
2021,Wilsthorpe,E05010622,7567,242,8,45,137,22,30,69,32,27,10,172,42,15,79,36,7062,6769,33,2,2,256,22,5,17
2021,Barms,E05010623,1705,11,0,3,1,1,6,4,2,2,0,18,3,1,10,4,1661,1621,11,0,0,29,11,3,8
2021,Blackbrook (High Peak),E05010624,4592,21,0,10,4,1,6,27,22,4,1,66,24,11,19,12,4473,4381,35,0,0,57,5,1,4
2021,Burbage,E05010625,2076,11,0,1,1,0,9,1,1,0,0,15,7,0,3,5,2046,2004,7,1,0,34,3,1,2
2021,Buxton Central,E05010626,3600,61,0,18,6,5,32,19,11,2,6,60,16,9,14,21,3435,3210,45,3,1,176,25,1,24
2021,Chapel East,E05010627,2179,20,0,9,4,2,5,4,1,2,1,25,19,0,1,5,2128,2081,14,0,2,31,2,0,2
2021,Chapel West,E05010628,4962,47,0,30,8,3,6,2,0,2,0,32,12,4,3,13,4866,4753,38,0,1,74,15,1,14
2021,Corbar,E05010629,4034,38,0,10,11,2,15,18,10,3,5,46,10,2,19,15,3927,3806,29,2,1,89,5,1,4
2021,Cote Heath,E05010630,4106,29,0,7,10,0,12,6,3,3,0,33,17,4,1,11,4025,3960,10,0,1,54,13,0,13
2021,Dinting,E05010631,2411,31,0,11,9,1,10,4,4,0,0,27,10,2,10,5,2346,2286,14,1,0,45,3,0,3
2021,Gamesley,E05010632,2406,6,0,2,2,0,2,4,2,2,0,38,2,9,10,17,2351,2307,19,1,0,24,7,0,7
2021,Hadfield North,E05010633,2343,14,0,8,5,0,1,4,3,0,1,45,8,6,23,8,2273,2221,11,0,0,41,7,1,6
2021,Hadfield South,E05010634,4201,49,1,11,17,8,12,7,5,1,1,60,21,10,17,12,4081,4032,14,0,0,35,4,1,3
2021,Hayfield,E05010635,1992,9,0,2,2,0,5,6,2,0,4,27,10,4,6,7,1946,1901,17,0,0,28,4,0,4
2021,Hope Valley,E05010636,3558,15,0,3,2,2,8,4,1,3,0,43,21,8,5,9,3486,3395,30,0,1,60,10,0,10
2021,Howard Town,E05010637,4681,45,0,18,3,5,19,21,11,7,3,102,18,25,39,20,4498,4324,34,0,4,136,15,1,14
2021,Limestone Peak,E05010638,2197,9,1,0,3,0,5,3,0,3,0,18,8,1,7,2,2162,2137,12,0,0,13,5,0,5
2021,New Mills East,E05010639,4029,39,2,5,8,4,20,10,3,5,2,58,25,6,16,11,3915,3805,12,6,0,92,7,2,5
2021,New Mills West,E05010640,4186,25,1,5,2,8,9,10,6,4,0,67,23,9,14,21,4068,3909,42,0,0,117,16,3,13
2021,Old Glossop,E05010641,4522,44,0,13,9,9,13,10,3,6,1,65,27,0,28,10,4392,4271,49,0,0,72,11,3,8
2021,Padfield,E05010642,2222,9,0,4,0,1,4,5,2,3,0,46,8,5,20,13,2155,2089,27,0,0,39,7,2,5
2021,St John's (High Peak),E05010643,1871,9,0,2,2,0,5,13,4,6,3,22,6,5,6,5,1823,1784,16,0,0,23,4,1,3
2021,Sett,E05010644,1865,10,1,3,2,1,3,0,0,0,0,27,10,7,6,4,1823,1762,14,0,1,46,5,0,5
2021,Simmondley,E05010645,4157,35,0,10,7,11,7,7,6,0,1,50,21,8,13,8,4062,3961,28,0,0,73,3,1,2
2021,Stone Bench,E05010646,4475,36,1,9,7,2,17,5,3,2,0,51,14,7,17,13,4378,4219,16,2,0,141,5,0,5
2021,Temple,E05010647,1730,14,0,9,2,1,2,1,0,1,0,10,5,0,5,0,1703,1629,15,4,0,55,2,1,1
2021,Tintwistle,E05010648,2221,16,0,3,6,3,4,7,5,2,0,41,10,4,9,18,2147,2104,10,0,0,33,10,2,8
2021,Whaley Bridge,E05010649,6316,28,0,12,9,2,5,13,3,5,5,56,14,9,12,21,6205,6055,51,2,0,97,14,3,11
2021,Whitfield (High Peak),E05010650,2300,18,0,5,3,3,7,7,4,2,1,32,5,6,12,9,2240,2177,18,0,0,45,3,1,2
2021,Alrewas & Fradley,E05010651,6717,128,1,13,76,21,17,40,6,26,8,146,32,17,67,30,6381,6166,35,0,6,174,22,5,17
2021,Armitage with Handsacre,E05010652,8018,85,1,5,48,8,23,39,1,33,5,105,36,8,40,21,7775,7596,39,3,1,136,14,4,10
2021,Boley Park,E05010653,3852,85,9,13,49,7,7,13,3,7,3,58,20,2,20,16,3679,3555,40,1,0,83,17,4,13
2021,Boney Hay & Central,E05010654,6346,75,0,17,44,5,9,12,4,7,1,69,21,14,26,8,6182,6107,27,1,0,47,8,0,8
2021,Bourne Vale,E05010655,3006,97,12,7,39,33,6,109,44,52,13,114,20,10,60,24,2653,2552,38,7,4,52,33,6,27
2021,Chadsmead,E05010656,4620,59,15,13,17,6,8,22,5,10,7,94,26,8,43,17,4427,4174,25,2,0,226,18,7,11
2021,Chase Terrace,E05010657,4667,43,0,23,14,2,4,12,2,8,2,34,8,1,18,7,4565,4498,22,0,3,42,13,3,10
2021,Chasetown,E05010658,4962,55,1,15,33,2,4,8,2,4,2,116,24,3,68,21,4770,4666,12,1,0,91,13,0,13
2021,Colton & the Ridwares,E05010659,2293,25,0,3,21,0,1,2,1,1,0,34,7,0,17,10,2229,2206,9,0,0,14,3,0,3
2021,Curborough,E05010660,4274,65,5,12,27,1,20,15,3,9,3,77,16,2,42,17,4100,3955,23,3,0,119,17,0,17
2021,Fazeley,E05010661,4615,65,3,2,54,2,4,28,5,12,11,86,21,12,41,12,4421,4275,28,0,4,114,15,1,14
2021,Hammerwich with Wall,E05010662,4198,71,5,3,51,3,9,18,11,5,2,52,14,5,20,13,4053,4004,18,1,1,29,4,0,4
2021,Highfield (Lichfield),E05010663,4515,46,0,0,35,8,3,8,1,6,1,64,24,2,20,18,4387,4305,38,0,0,44,10,1,9
2021,Leomansley,E05010664,7274,171,24,39,81,2,25,56,27,26,3,191,64,18,78,31,6835,6601,42,3,2,187,21,5,16
2021,Little Aston & Stonnall,E05010665,4906,808,0,38,629,75,66,35,19,14,2,127,63,11,34,19,3814,3659,46,0,0,109,122,1,121
2021,Longdon (Lichfield),E05010666,2023,11,0,5,5,1,0,8,5,3,0,8,1,1,3,3,1987,1959,7,0,0,21,9,0,9
2021,Mease Valley,E05010667,2018,9,0,0,6,1,2,17,1,16,0,24,9,2,6,7,1963,1922,11,0,4,26,5,0,5
2021,St John's (Lichfield),E05010668,5924,159,55,19,63,5,17,44,11,32,1,150,70,5,50,25,5540,5373,45,1,0,121,31,3,28
2021,Shenstone,E05010669,2189,34,0,1,27,3,3,4,1,3,0,35,15,3,6,11,2111,2049,22,0,0,40,5,1,4
2021,Stowe,E05010670,6636,162,28,45,37,14,38,25,10,12,3,129,37,15,35,42,6294,5922,57,1,8,306,26,5,21
2021,Summerfield & All Saints,E05010671,6236,43,0,14,21,1,7,26,11,14,1,108,36,7,41,24,6056,5930,25,1,1,99,3,0,3
2021,Whittington & Streethay,E05010672,7146,205,6,29,101,31,38,57,28,14,15,162,44,21,60,37,6699,6478,53,5,8,155,23,4,19
2021,Abbey Hill,E05010673,3521,35,0,8,12,9,6,54,29,12,13,45,2,2,25,16,3375,3220,10,0,0,145,12,0,12
2021,Annesley & Kirkby Woodhouse,E05010674,7459,72,1,20,27,10,14,58,31,15,12,129,28,15,58,28,7175,7005,15,0,2,153,25,3,22
2021,Ashfields,E05010675,3984,74,4,18,31,4,17,32,11,15,6,62,17,1,25,19,3800,3692,3,0,1,104,16,0,16
2021,Carsic,E05010676,3793,79,0,6,33,19,21,39,22,13,4,64,18,13,21,12,3605,3455,3,1,2,144,6,0,6
2021,Sutton Central & New Cross,E05010677,7815,188,7,37,96,10,38,105,64,21,20,130,29,21,54,26,7339,6725,15,6,16,577,53,4,49
2021,Hucknall Central,E05010678,7469,153,3,35,87,9,19,170,113,42,15,198,28,31,106,33,6886,6681,29,6,2,168,62,25,37
2021,Hucknall North,E05010679,10581,182,2,34,81,21,44,200,110,51,39,193,57,25,80,31,9956,9685,30,0,4,237,50,6,44
2021,Hucknall South,E05010680,7676,168,6,26,55,31,50,223,149,55,19,241,41,28,136,36,6999,6727,29,4,0,239,45,21,24
2021,Hucknall West,E05010681,10704,180,6,26,100,17,31,173,115,36,22,201,46,26,93,36,10103,9859,47,6,3,188,47,12,35
2021,Huthwaite & Brierley,E05010682,7569,118,1,9,56,16,36,61,43,4,14,79,23,17,27,12,7279,6929,18,1,5,326,32,0,32
2021,Jacksdale & Westwood,E05010683,3289,28,0,15,3,5,5,15,6,6,3,44,5,5,23,11,3198,3147,8,0,0,43,4,1,3
2021,Kingsway (Ashfield),E05010684,2609,32,0,5,4,7,16,23,12,7,4,18,3,0,12,3,2517,2490,3,1,0,23,19,1,18
2021,Kirkby Cross & Portland,E05010685,4579,37,4,5,14,2,12,88,53,20,15,70,15,9,25,21,4370,4211,4,21,0,134,14,3,11
2021,Larwood,E05010686,3833,75,0,18,28,1,28,41,26,10,5,64,11,4,43,6,3639,3547,6,1,0,85,14,0,14
2021,Leamington,E05010687,4118,58,3,3,21,10,21,25,18,5,2,60,6,6,32,16,3949,3713,8,0,2,226,26,5,21
2021,Sutton St Mary's,E05010688,3635,51,1,1,27,3,19,26,12,9,5,54,11,9,22,12,3496,3392,4,1,2,97,8,0,8
2021,Selston,E05010689,6337,22,2,3,8,1,8,13,10,2,1,71,15,8,36,12,6206,6085,26,3,0,92,25,0,25
2021,Skegby,E05010690,6716,103,1,21,46,3,32,30,21,7,2,62,17,8,26,11,6504,6277,14,3,3,207,17,4,13
2021,Stanton Hill & Teversal,E05010691,3350,68,3,16,24,9,16,28,17,10,1,40,8,3,21,8,3195,3075,5,0,5,110,19,11,8
2021,Greenwood & Summit,E05010692,7287,107,5,20,46,10,26,103,56,33,14,122,37,22,46,17,6926,6662,11,12,2,239,29,3,26
2021,Sutton Junction & Harlow Wood,E05010693,3615,75,0,15,44,9,7,36,22,11,3,39,12,2,14,11,3458,3336,15,0,1,106,7,1,6
2021,The Dales,E05010694,3287,46,5,11,18,6,6,28,16,9,3,50,16,8,21,5,3150,3070,6,0,1,73,13,0,13
2021,Underwood,E05010695,3077,16,1,0,12,0,3,8,3,3,2,27,3,2,13,9,3022,2987,5,1,0,29,4,0,4
2021,Abbey (Cotswold),E05010696,2452,39,2,5,13,0,19,15,12,3,0,27,12,4,4,7,2368,2251,20,0,1,96,3,0,3
2021,Blockley,E05010697,2570,9,0,2,2,0,5,11,7,3,1,25,12,3,4,6,2522,2426,11,0,0,85,3,0,3
2021,Bourton Vale,E05010698,2766,34,0,4,9,3,18,16,15,0,1,47,10,7,13,17,2655,2504,32,6,3,110,14,0,14
2021,Bourton Village,E05010699,3289,44,0,12,6,4,22,5,5,0,0,49,20,4,4,21,3182,2930,22,0,3,227,9,4,5
2021,Campden & Vale,E05010700,6126,41,0,11,10,2,18,11,4,6,1,63,33,2,11,17,5992,5764,29,8,5,186,19,2,17
2021,Chedworth & Churn Valley,E05010701,2508,21,0,17,1,0,3,13,5,8,0,43,17,1,7,18,2423,2293,21,0,5,104,8,0,8
2021,Chesterton,E05010702,2432,26,1,6,12,0,7,18,17,1,0,31,10,7,6,8,2350,2271,6,4,0,69,7,0,7
2021,Coln Valley,E05010703,2275,19,0,7,8,2,2,1,1,0,0,26,11,3,2,10,2223,2124,28,2,0,69,6,1,5
2021,Ermin,E05010704,2617,21,0,3,4,2,12,13,3,3,7,44,18,1,10,15,2531,2408,21,0,0,102,8,0,8
2021,Fairford North,E05010705,2425,35,10,3,9,0,13,4,3,0,1,38,8,4,11,15,2343,2257,8,2,0,76,5,2,3
2021,Fosseridge,E05010706,2634,43,0,4,15,8,16,6,1,5,0,59,19,11,11,18,2518,2396,22,2,2,96,8,0,8
2021,Four Acres,E05010707,1821,33,7,2,13,4,7,0,0,0,0,48,27,2,4,15,1731,1648,12,0,1,70,9,0,9
2021,Grumbolds Ash with Avening,E05010708,2626,29,0,12,4,0,13,9,4,2,3,59,20,8,13,18,2524,2386,11,0,2,125,5,1,4
2021,Kemble,E05010709,2638,18,0,8,6,0,4,5,3,0,2,32,9,7,2,14,2575,2464,25,2,1,83,8,1,7
2021,"Lechlade, Kempsford & Fairford South",E05010710,6146,77,0,13,38,5,21,24,12,9,3,103,37,11,23,32,5920,5698,52,2,1,167,22,1,21
2021,Moreton East,E05010711,3427,30,0,9,16,0,5,12,8,3,1,42,13,6,9,14,3334,3199,25,3,5,102,9,0,9
2021,Moreton West,E05010712,2324,24,3,5,4,0,12,7,5,0,2,31,15,3,7,6,2252,2146,6,0,0,100,10,0,10
2021,New Mills,E05010713,2848,49,7,9,11,4,18,14,9,4,1,44,17,4,10,13,2726,2625,20,0,0,81,15,3,12
2021,Northleach,E05010714,2917,21,1,3,15,0,2,19,17,1,1,22,6,2,3,11,2854,2731,25,2,1,95,1,0,1
2021,St Michael's (Cotswold),E05010715,2392,85,4,13,51,0,17,26,19,5,2,35,7,5,8,15,2234,2100,27,0,6,101,12,0,12
2021,Sandywell,E05010716,2568,31,0,7,10,5,9,5,5,0,0,42,18,9,9,6,2486,2352,25,0,2,107,4,1,3
2021,Siddington & Cerney Rural,E05010717,2885,123,5,4,9,2,103,14,5,3,6,60,22,4,9,25,2642,2563,19,6,0,54,46,3,43
2021,South Cerney Village,E05010718,2784,33,0,7,8,3,15,15,13,2,0,43,21,3,8,11,2684,2612,7,1,0,64,9,4,5
2021,Stow (Cotswold),E05010719,2480,21,0,9,2,0,10,4,1,3,0,27,7,1,12,7,2422,2310,24,4,1,83,6,0,6
2021,Stratton (Cotswold),E05010720,2556,18,0,6,9,0,3,7,1,0,6,35,16,2,7,10,2489,2420,11,0,0,58,7,1,6
2021,Tetbury East & Rural,E05010721,2692,32,9,3,3,0,17,9,8,1,0,73,18,11,26,18,2568,2434,15,2,4,113,10,1,9
2021,Tetbury Town,E05010722,2384,19,0,1,6,1,11,8,6,0,2,33,10,7,6,10,2319,2228,7,11,0,73,5,1,4
2021,Tetbury with Upton,E05010723,2240,21,2,4,3,2,10,7,6,1,0,26,9,2,5,10,2180,2076,24,3,1,76,6,0,6
2021,The Ampneys & Hampton,E05010724,2698,19,0,11,2,1,5,8,4,1,3,32,9,11,9,3,2635,2523,22,0,0,90,4,0,4
2021,The Beeches,E05010725,2728,50,0,22,18,2,8,41,27,9,5,54,10,9,17,18,2564,2465,24,0,1,74,19,2,17
2021,The Rissingtons,E05010726,2598,26,0,5,8,0,13,17,11,3,3,46,18,6,12,10,2505,2335,10,2,6,152,4,0,4
2021,Watermoor,E05010727,2975,95,4,7,58,1,25,36,25,1,10,64,15,16,10,23,2753,2607,22,8,3,113,27,6,21
2021,Adwick le Street & Carcroft,E05010728,16515,200,4,36,98,18,44,172,96,34,42,199,41,46,81,31,15885,15122,34,36,2,691,59,6,53
2021,Armthorpe,E05010729,14158,218,11,42,49,62,54,83,49,26,8,234,70,39,94,31,13550,12480,54,16,12,988,73,13,60
2021,Balby South,E05010730,9395,307,1,44,85,99,78,219,144,48,27,183,46,27,66,44,8518,7748,28,24,26,692,168,11,157
2021,Bentley,E05010731,18196,330,8,55,73,53,141,188,108,61,19,267,54,23,156,34,17308,16013,64,114,20,1097,103,6,97
2021,Bessacarr,E05010732,14962,1175,20,124,517,329,185,188,127,31,30,281,82,48,90,61,13019,12075,72,16,12,844,299,65,234
2021,Conisbrough,E05010733,16318,111,2,21,26,15,47,65,38,16,11,132,26,29,50,27,15966,15666,42,13,6,239,44,1,43
2021,Edenthorpe & Kirk Sandall,E05010734,10152,142,8,45,33,23,33,52,32,13,7,99,27,13,33,26,9827,9570,40,8,3,206,32,1,31
2021,Edlington & Warmsworth,E05010735,12075,123,4,26,20,39,34,127,78,25,24,131,21,18,68,24,11608,10759,38,10,10,791,86,5,81
2021,Finningley,E05010736,17740,649,8,92,320,163,66,161,116,24,21,365,105,43,153,64,16424,15856,78,34,4,452,141,16,125
2021,Hatfield,E05010737,17147,442,17,35,61,257,72,141,65,37,39,210,41,32,102,35,16268,15803,34,114,21,296,86,48,38
2021,Hexthorpe & Balby North,E05010738,12242,511,2,56,142,124,187,464,334,58,72,394,67,68,130,129,10398,8028,57,70,186,2057,475,29,446
2021,Mexborough,E05010739,15555,98,1,7,30,14,46,111,76,22,13,153,28,21,64,40,15133,14458,27,22,10,616,60,14,46
2021,Norton & Askern,E05010740,15238,101,3,20,39,7,32,59,35,20,4,150,34,23,70,23,14901,14529,39,39,0,294,27,2,25
2021,Roman Ridge,E05010741,10792,130,1,42,26,17,44,40,14,19,7,132,28,23,68,13,10453,10200,32,12,7,202,37,1,36
2021,Rossington & Bawtry,E05010742,17866,203,14,51,66,19,53,118,80,20,18,180,54,34,69,23,17308,16642,61,73,9,523,57,11,46
2021,Sprotbrough,E05010743,10777,96,0,35,36,8,17,32,19,11,2,117,56,13,32,16,10509,10367,20,15,2,105,23,3,20
2021,Stainforth & Barnby Dun,E05010744,9638,75,0,20,12,7,36,64,40,14,10,87,13,7,50,17,9379,9040,25,65,7,242,33,1,32
2021,Thorne & Moorends,E05010745,18097,126,0,11,48,6,61,65,42,17,6,141,61,15,46,19,17658,16507,41,67,43,1000,107,11,96
2021,Tickhill & Wadsworth,E05010746,11182,185,0,36,50,63,36,119,77,33,9,153,37,22,65,29,10678,10320,52,7,3,296,47,17,30
2021,Town (Doncaster),E05010747,22264,2651,69,149,396,1493,544,946,702,113,131,606,170,110,192,134,16865,12453,108,71,277,3956,1196,116,1080
2021,Wheatley Hills & Intake,E05010748,17783,1211,16,86,149,335,625,322,248,30,44,380,127,62,128,63,15305,13245,55,30,29,1946,565,47,518
2021,Blunsdon and Highworth,E05010755,11447,273,17,26,110,16,104,84,43,20,21,199,78,33,48,40,10831,10465,62,5,13,286,60,8,52
2021,Haydon Wick,E05010756,12046,610,40,49,267,39,215,215,138,40,37,282,91,46,92,53,10851,10198,59,2,28,564,88,5,83
2021,Penhill and Upper Stratton,E05010757,12723,371,21,20,181,37,112,180,122,27,31,364,70,51,156,87,11695,11018,81,14,6,576,113,13,100
2021,Admirals and Cawston,E05010758,9847,872,28,95,553,59,137,268,172,49,47,299,95,47,98,59,8325,7623,68,7,9,618,83,12,71
2021,Dunsmore,E05010759,8587,479,13,60,346,22,38,131,83,31,17,208,82,23,53,50,7673,7326,70,4,6,267,96,7,89
2021,Wolston and the Lawfords,E05010760,8350,254,6,18,141,33,56,124,74,30,20,180,56,21,68,35,7742,7176,76,9,5,476,50,15,35
2021,Chadlington and Churchill,E05010781,1951,18,0,1,4,3,10,5,1,3,1,29,14,5,3,7,1896,1788,10,8,0,90,3,1,2
2021,Charlbury and Finstock,E05010782,3828,44,0,12,14,1,17,14,7,4,3,81,39,8,11,23,3676,3459,26,3,0,188,13,2,11
2021,"Hailey, Minster Lovell and Leafield",E05010783,4122,45,0,3,23,0,19,6,2,4,0,39,27,0,0,12,4023,3870,29,13,0,111,9,1,8
2021,Abbey (Lincoln),E05010784,11304,638,32,105,213,97,191,317,247,39,31,305,113,55,55,82,9766,7973,84,39,31,1639,278,86,192
2021,Birchwood (Lincoln),E05010785,8930,152,3,31,47,7,64,72,59,7,6,107,30,19,29,29,8510,7880,45,8,5,572,89,20,69
2021,Boultham,E05010786,11258,697,66,269,133,79,150,275,205,47,23,240,62,52,70,56,9845,8865,122,2,14,842,201,64,137
2021,Carholme,E05010787,11228,407,31,103,93,33,147,216,165,33,18,329,126,56,62,85,10187,9397,73,10,15,692,89,30,59
2021,Castle (Lincoln),E05010788,7727,133,24,19,29,3,58,76,56,16,4,150,38,35,38,39,7301,6829,42,6,6,418,67,13,54
2021,Glebe,E05010789,8719,184,9,43,64,12,56,63,42,16,5,145,35,28,46,36,8246,7434,60,4,6,742,81,10,71
2021,Hartsholme,E05010790,8206,106,11,26,46,4,19,47,25,16,6,121,39,14,24,44,7903,7541,44,1,0,317,29,7,22
2021,Minster,E05010791,8252,209,11,36,59,7,96,101,82,11,8,146,37,30,35,44,7713,7298,36,8,1,370,83,17,66
2021,Moorland,E05010792,8050,173,20,34,24,15,80,47,28,13,6,137,38,28,32,39,7641,7095,48,15,0,483,52,12,40
2021,Park (Lincoln),E05010793,12003,515,111,91,45,34,234,212,153,35,24,287,115,35,56,81,10719,8073,58,48,79,2461,270,52,218
2021,Witham (Lincoln),E05010794,8136,135,4,30,35,11,55,44,34,6,4,99,21,19,25,34,7832,7506,40,2,1,283,26,6,20
2021,Byfleet and West Byfleet,E05010795,11846,721,27,93,183,215,203,123,77,30,16,393,166,33,88,106,10407,9353,117,0,35,902,202,53,149
2021,Canalside,E05010796,10517,4083,205,75,418,2765,620,290,209,54,27,392,130,68,82,112,5357,3879,65,7,42,1364,395,89,306
2021,Goldsworth Park,E05010797,9557,1404,128,115,253,670,238,181,126,26,29,304,105,69,42,88,7457,6360,69,5,42,981,211,74,137
2021,Heathlands,E05010798,9748,796,41,61,331,238,125,132,113,13,6,317,148,44,42,83,8426,7434,123,24,11,834,77,25,52
2021,Hoe Valley,E05010799,10058,1197,71,92,334,491,209,277,189,33,55,395,162,57,66,110,7956,6784,61,24,32,1055,233,106,127
2021,Horsell,E05010800,10252,717,28,109,241,251,88,111,76,24,11,343,145,38,63,97,8928,7932,138,1,17,840,153,41,112
2021,Knaphill,E05010801,11118,992,26,108,312,351,195,229,169,39,21,395,161,62,63,109,9281,8327,66,18,7,863,221,56,165
2021,Mount Hermon,E05010802,10868,1774,59,178,720,526,291,302,225,47,30,493,189,61,76,167,7955,6019,166,1,80,1689,344,120,224
2021,Pyrford,E05010803,10226,2117,49,73,200,1528,267,67,44,15,8,240,124,15,21,80,7581,6604,126,6,27,818,221,56,165
2021,St John's (Woking),E05010804,9765,940,51,88,364,290,147,167,105,40,22,346,140,35,62,109,8186,7219,122,5,9,831,126,24,102
2021,Barnack,E05010805,3508,48,0,3,18,9,18,18,11,5,2,48,6,12,16,14,3386,3248,33,1,0,104,8,2,6
2021,Bretton,E05010806,10475,955,47,36,493,214,165,602,437,81,84,393,90,100,117,86,8303,6328,64,12,26,1873,222,30,192
2021,Central (Peterborough),E05010807,14112,5657,88,61,850,3738,920,613,472,101,40,535,187,103,91,154,6646,3428,59,57,153,2949,661,110,551
2021,Dogsthorpe,E05010808,11084,1783,29,42,323,1061,328,542,398,67,77,462,119,130,110,103,7865,5642,50,30,16,2127,432,71,361
2021,East (Peterborough),E05010809,12094,2413,36,77,586,1136,578,586,391,122,73,551,134,169,120,128,7968,4878,66,78,126,2820,576,56,520
2021,"Eye, Thorney and Newborough",E05010810,10168,274,3,21,139,55,56,137,89,38,10,265,74,40,86,65,9412,8879,55,53,2,423,80,15,65
2021,Fletton and Stanground,E05010811,10996,609,13,46,251,158,141,445,293,77,75,344,72,65,100,107,9400,7589,57,1,47,1706,198,30,168
2021,Fletton and Woodston,E05010812,11612,1194,16,107,630,236,205,556,389,90,77,442,122,95,102,123,9127,7220,87,5,50,1765,293,56,237
2021,Glinton and Castor,E05010813,6544,156,0,2,99,29,26,44,29,9,6,114,48,8,35,23,6212,6011,36,5,0,160,18,0,18
2021,Gunthorpe,E05010814,9405,444,8,33,173,155,75,279,194,58,27,268,69,38,106,55,8325,7407,70,15,18,815,89,18,71
2021,Hampton Vale,E05010815,8379,838,16,105,386,204,127,610,459,79,72,505,128,121,138,118,6296,5039,48,15,23,1171,130,29,101
2021,Hargate and Hempsted,E05010816,9799,862,8,81,433,215,125,639,472,83,84,467,118,86,114,149,7583,6041,49,7,35,1451,248,43,205
2021,North (Peterborough),E05010817,11785,4212,22,14,232,3447,497,444,328,59,57,354,101,78,59,116,6113,3413,46,85,157,2412,662,62,600
2021,Orton Longueville,E05010818,11157,378,5,34,152,67,120,668,508,77,83,462,93,145,137,87,9454,7454,69,10,51,1870,195,64,131
2021,Orton Waterville,E05010819,9806,417,8,29,249,49,82,334,245,51,38,279,88,64,69,58,8653,7560,76,3,19,995,123,11,112
2021,Park (Peterborough),E05010820,11505,4466,71,44,358,3457,536,312,228,44,40,353,124,60,76,93,5733,3252,48,40,69,2324,641,65,576
2021,Paston and Walton,E05010821,11087,725,10,60,231,315,109,364,219,97,48,405,103,71,98,133,9328,7438,58,63,39,1730,265,70,195
2021,Ravensthorpe,E05010822,12417,3437,35,24,764,1865,749,556,349,131,76,430,108,86,123,113,7354,5379,44,34,57,1840,640,95,545
2021,Stanground South,E05010823,10659,686,11,61,278,164,172,546,398,62,86,363,76,60,136,91,8890,7167,61,3,41,1618,174,28,146
2021,Werrington (Peterborough),E05010824,9890,340,0,62,144,84,50,199,132,47,20,270,72,46,84,68,8997,8233,58,33,8,665,84,14,70
2021,West (Peterborough),E05010825,5641,868,17,39,367,304,141,191,131,37,23,223,70,33,50,70,4220,3549,31,0,2,638,139,25,114
2021,Wittering,E05010826,3551,34,0,5,11,11,7,73,53,7,13,78,19,15,22,22,3321,3198,14,2,0,107,45,5,40
2021,Berechurch,E05010827,11237,384,39,47,48,24,226,514,373,71,70,314,66,67,105,76,9877,9256,48,1,18,554,148,26,122
2021,Castle (Colchester),E05010828,11312,884,141,157,288,60,238,418,309,74,35,420,126,66,97,131,9270,7757,119,5,42,1347,320,92,228
2021,Greenstead,E05010829,14671,1173,104,401,224,107,337,1139,897,147,95,537,122,121,154,140,11444,9921,88,26,45,1364,378,101,277
2021,Highwoods,E05010830,10508,677,40,122,249,46,220,416,317,57,42,333,92,66,88,87,8881,8129,65,23,15,649,201,97,104
2021,Lexden and Braiswick,E05010831,9607,394,10,74,185,28,97,120,84,16,20,205,108,21,23,53,8790,8429,54,0,0,307,98,21,77
2021,Marks Tey and Layer,E05010832,11148,282,11,85,101,14,71,230,177,25,28,260,95,37,62,66,10294,9971,65,18,11,229,82,22,60
2021,Mersea and Pyefleet,E05010833,9860,74,3,9,25,2,35,30,15,14,1,119,31,16,35,37,9613,9385,60,7,1,160,24,5,19
2021,Mile End (Colchester),E05010834,14234,1622,51,105,750,178,538,704,530,87,87,585,170,109,162,144,11048,9886,72,14,32,1044,275,88,187
2021,New Town and Christ Church,E05010835,14666,960,74,192,217,51,426,579,439,79,61,630,207,120,130,173,12116,10586,94,12,17,1407,381,50,331
2021,Old Heath and The Hythe,E05010836,12764,599,72,146,111,67,203,719,544,89,86,422,101,91,128,102,10839,9985,73,4,23,754,185,54,131
2021,Prettygate,E05010837,10445,510,25,83,189,12,201,170,124,16,30,251,90,35,43,83,9375,8990,51,0,0,334,139,26,113
2021,Rural North,E05010838,10811,179,2,35,64,33,45,75,45,18,12,191,69,27,41,54,10317,10034,63,1,0,219,49,6,43
2021,St Anne's and St John's,E05010839,10791,502,97,70,143,23,169,330,223,52,55,268,72,52,71,73,9566,8956,58,12,13,527,125,22,103
2021,Shrub End,E05010840,12439,748,27,87,135,30,469,580,368,102,110,469,124,74,131,140,10479,9837,66,8,11,557,163,22,141
2021,Stanway,E05010841,9610,389,31,50,172,24,112,251,181,35,35,200,46,18,73,63,8707,8327,46,23,10,301,63,12,51
2021,Tiptree,E05010842,9629,76,6,18,14,6,32,52,30,14,8,123,36,23,37,27,9341,9030,60,21,0,230,37,5,32
2021,Wivenhoe,E05010843,8985,453,34,150,113,37,119,342,252,67,23,274,106,34,47,87,7740,7009,108,0,4,619,176,81,95
2021,Downhall and Rawreth,E05010844,6593,122,0,37,58,13,14,56,28,11,17,115,45,9,37,24,6279,6132,50,13,3,81,21,1,20
2021,Foulness and The Wakerings,E05010845,7133,77,12,13,25,5,22,68,50,9,9,110,43,23,31,13,6858,6748,29,1,0,80,20,4,16
2021,Hawkwell East,E05010846,5916,84,23,18,14,3,26,56,27,12,17,96,39,18,24,15,5672,5566,27,7,2,70,8,0,8
2021,Hawkwell West,E05010847,6518,82,3,25,28,1,25,35,17,12,6,117,51,22,27,17,6259,6163,20,4,0,72,25,3,22
2021,Hockley,E05010848,6509,106,3,15,39,16,33,32,24,7,1,124,36,16,47,25,6212,6061,42,6,0,103,35,8,27
2021,Hockley and Ashingdon,E05010849,6250,63,5,7,12,9,30,19,11,5,3,73,18,9,17,29,6082,5955,38,4,0,85,13,1,12
2021,Hullbridge,E05010850,6594,45,0,15,17,3,10,35,21,8,6,59,26,11,15,7,6443,6335,41,5,0,62,12,0,12
2021,Lodge,E05010851,6650,114,7,18,56,11,22,29,15,12,2,108,39,9,27,33,6382,6253,38,12,2,77,17,4,13
2021,Roche North and Rural,E05010852,6679,53,7,16,12,2,16,41,26,9,6,114,31,17,40,26,6445,6273,37,19,17,99,26,2,24
2021,Roche South,E05010853,6572,138,1,29,56,15,37,114,92,10,12,125,39,18,39,29,6164,5980,33,30,2,119,31,5,26
2021,Sweyne Park and Grange,E05010854,6759,99,6,19,42,4,28,55,29,19,7,163,59,14,48,42,6413,6250,46,1,4,112,29,1,28
2021,Trinity (Rochford),E05010855,6952,92,6,23,48,2,13,55,37,15,3,96,24,15,42,15,6688,6559,33,1,1,94,21,3,18
2021,Wheatley (Rochford),E05010856,6537,109,3,35,27,12,32,40,27,9,4,130,43,17,36,34,6222,6064,30,2,0,126,36,4,32
2021,Beauchief and Greenhill,E05010857,19443,702,99,62,79,276,186,864,601,160,103,695,150,125,281,139,16944,16266,75,11,5,587,238,75,163
2021,Beighton,E05010858,17578,306,11,77,86,56,76,153,86,51,16,332,83,17,164,68,16711,16398,57,1,0,255,76,17,59
2021,Birley,E05010859,16681,170,15,25,22,46,62,213,100,87,26,369,54,24,224,67,15877,15570,49,1,10,247,52,20,32
2021,Broomhill and Sharrow Vale,E05010860,21925,1807,114,283,567,436,407,1170,926,154,90,988,358,142,243,245,17084,15583,234,5,20,1242,876,456,420
2021,Burngreave,E05010861,27286,8393,121,65,386,6907,914,4355,3294,625,436,1213,209,178,427,399,9748,6914,90,76,1333,1335,3577,2116,1461
2021,City (Sheffield),E05010862,21484,5328,171,2993,1050,474,640,1375,1138,170,67,827,237,137,225,228,12636,10709,90,8,72,1757,1318,737,581
2021,Crookes and Crosspool,E05010863,17193,1069,36,295,289,228,221,210,134,57,19,603,247,58,141,157,14918,14025,176,11,3,703,393,228,165
2021,Darnall,E05010864,22280,9653,2302,70,221,6521,539,1568,1246,176,146,758,251,87,174,246,8721,7073,44,51,510,1043,1580,641,939
2021,Dore and Totley,E05010865,18784,905,52,180,275,283,115,253,122,89,42,563,221,59,169,114,16837,16317,131,20,4,365,226,119,107
2021,East Ecclesfield,E05010866,18019,273,4,56,112,57,44,159,63,55,41,299,76,23,134,66,17217,16868,75,11,0,263,71,18,53
2021,Ecclesall,E05010867,20560,1775,54,209,359,966,187,271,153,95,23,706,296,71,163,176,17490,16624,224,3,8,631,318,95,223
2021,Firth Park,E05010868,22355,2828,70,79,322,1887,470,1933,1469,241,223,1102,239,123,457,283,15155,14213,46,15,58,823,1337,856,481
2021,Fulwood,E05010869,17824,1446,39,329,602,255,221,257,195,49,13,624,296,68,109,151,15139,14297,128,5,9,700,358,161,197
2021,Gleadless Valley,E05010870,20757,1239,98,129,116,679,217,1385,975,272,138,1089,208,204,442,235,16690,15659,111,25,23,872,354,139,215
2021,Graves Park,E05010871,17052,671,61,74,92,352,92,232,85,114,33,513,140,55,191,127,15475,14886,104,0,2,483,161,55,106
2021,Hillsborough,E05010872,19153,394,13,89,57,102,133,443,289,118,36,603,139,47,262,155,17420,16545,121,6,26,722,293,130,163
2021,Manor Castle,E05010873,22704,2078,139,370,234,830,505,2346,1597,483,266,1347,232,215,635,265,15979,14501,61,11,61,1345,954,471,483
2021,Mosborough,E05010874,17263,286,13,61,75,61,76,188,87,64,37,374,86,44,165,79,16320,16001,60,2,0,257,95,21,74
2021,Nether Edge and Sharrow,E05010875,23831,5954,396,438,506,4088,526,1450,1015,299,136,977,379,114,231,253,14593,13071,214,5,74,1229,857,312,545
2021,Park and Arbourthorne,E05010876,18765,1265,71,299,197,417,281,1518,1142,257,119,962,144,153,511,154,14397,13441,75,9,12,860,623,237,386
2021,Richmond (Sheffield),E05010877,18792,537,101,77,69,212,78,533,255,165,113,551,109,52,286,104,17039,16516,61,8,35,419,132,59,73
2021,Shiregreen and Brightside,E05010878,20611,2104,45,63,233,1458,305,1503,1048,283,172,923,182,100,471,170,15444,14534,51,7,117,735,637,312,325
2021,Southey,E05010879,20638,615,17,79,92,194,233,770,589,104,77,718,135,76,400,107,18166,17436,47,8,17,658,369,155,214
2021,Stannington,E05010880,18604,249,16,41,80,52,60,267,165,68,34,385,105,47,156,77,17563,17178,62,2,0,321,140,63,77
2021,Stocksbridge and Upper Don,E05010881,18469,135,3,41,25,30,36,134,82,34,18,256,86,21,109,40,17886,17588,87,4,3,204,58,18,40
2021,Walkley,E05010882,22700,2325,41,819,483,297,685,1313,1012,216,85,1045,308,112,348,277,15862,14329,155,7,45,1326,2155,1347,808
2021,West Ecclesfield,E05010883,17324,200,5,30,62,72,31,162,100,31,31,276,88,30,112,46,16599,16267,69,0,2,261,87,29,58
2021,Woodhouse (Sheffield),E05010884,18433,843,149,57,104,434,99,485,269,132,84,604,154,46,295,109,16304,15889,54,28,8,325,197,70,127
2021,Ashley,E05010885,20004,1416,79,167,234,724,212,2787,1785,751,251,1287,307,165,474,341,13960,11685,239,17,51,1968,554,136,418
2021,Avonmouth and Lawrence Weston,E05010886,22166,612,45,89,193,83,202,609,393,132,84,696,136,121,297,142,19950,17266,130,20,27,2507,299,55,244
2021,Bedminster,E05010887,12916,344,10,62,118,64,90,192,123,50,19,388,124,41,134,89,11886,10676,156,11,31,1012,106,16,90
2021,Bishopston and Ashley Down,E05010888,13305,493,37,106,153,96,101,334,197,94,43,609,237,73,165,134,11687,10447,194,12,23,1011,182,57,125
2021,Bishopsworth,E05010889,12274,226,20,52,53,35,66,157,103,31,23,327,41,49,170,67,11496,10862,55,13,26,540,68,23,45
2021,Brislington East,E05010890,12145,427,42,82,99,114,90,407,234,109,64,518,112,56,228,122,10656,9592,68,10,25,961,137,28,109
2021,Brislington West,E05010891,11880,406,38,65,104,122,77,297,139,128,30,527,111,79,232,105,10545,9551,100,6,21,867,105,20,85
2021,Central (Bristol),E05010892,18391,2874,97,1395,713,167,502,1515,1231,159,125,1051,360,141,245,305,12077,9424,175,15,56,2407,874,411,463
2021,Clifton (Bristol),E05010893,13022,756,30,297,203,29,197,275,189,72,14,578,219,67,107,185,11185,9677,182,6,20,1300,228,73,155
2021,Clifton Down,E05010894,11428,737,10,256,232,51,188,177,118,47,12,558,219,70,89,180,9728,8377,176,5,44,1126,228,60,168
2021,Cotham,E05010895,11524,548,21,150,194,52,131,181,104,53,24,603,251,72,106,174,10002,8773,175,8,18,1028,190,53,137
2021,Easton (Bristol),E05010896,14168,1631,167,76,339,856,193,1533,769,586,178,860,188,111,308,253,9675,7919,155,11,81,1509,469,109,360
2021,Eastville,E05010897,14863,2113,228,104,447,1093,241,1657,922,539,196,936,195,121,373,247,9640,8171,118,5,43,1303,517,117,400
2021,Filwood,E05010898,14299,613,28,66,99,121,299,724,495,143,86,541,101,67,268,105,12232,11014,67,7,25,1119,189,47,142
2021,Frome Vale,E05010899,14053,1593,220,162,320,679,212,969,520,312,137,718,180,71,300,167,10461,9327,98,4,26,1006,312,54,258
2021,Hartcliffe and Withywood,E05010900,19058,380,10,56,102,70,142,446,299,77,70,617,83,66,339,129,17495,16375,102,22,18,978,120,31,89
2021,Henbury and Brentry,E05010901,13208,823,97,73,385,106,162,690,441,150,99,579,92,71,260,156,10874,9470,60,6,18,1320,242,67,175
2021,Hengrove and Whitchurch Park,E05010902,18711,487,36,59,160,138,94,317,176,101,40,426,84,54,226,62,17334,16434,110,5,19,766,147,48,99
2021,Hillfields,E05010903,13153,1764,255,51,463,794,201,1085,605,341,139,686,118,84,320,164,9289,8161,58,4,24,1042,329,48,281
2021,Horfield,E05010904,13839,1055,150,123,451,109,222,727,407,237,83,654,181,75,218,180,11136,9726,115,6,32,1257,267,68,199
2021,Hotwells and Harbourside,E05010905,6034,786,8,390,214,64,110,207,145,44,18,279,96,36,64,83,4534,3676,79,0,15,764,228,107,121
2021,Knowle (Bristol),E05010906,14045,726,38,67,130,389,102,358,214,95,49,580,133,63,258,126,12224,11192,124,9,14,885,157,48,109
2021,Lawrence Hill,E05010907,19604,2483,357,258,364,1105,399,6525,5043,905,577,1215,189,203,528,295,8417,6296,176,19,73,1853,964,289,675
2021,Lockleaze,E05010908,13394,1629,221,145,426,648,189,1653,983,504,166,737,141,78,345,173,9078,7905,81,12,15,1065,297,92,205
2021,Redland,E05010909,13259,505,3,165,149,73,115,223,144,58,21,642,303,81,110,148,11714,10403,251,6,15,1039,175,32,143
2021,St George Central,E05010910,12986,907,82,80,284,319,142,892,481,308,103,629,130,82,281,136,10317,9064,70,0,32,1151,241,44,197
2021,St George Troopers Hill,E05010911,6460,219,31,27,68,42,51,216,122,81,13,254,52,33,121,48,5713,5268,36,0,6,403,58,20,38
2021,St George West,E05010912,6893,316,23,20,132,85,56,371,185,144,42,432,89,42,176,125,5640,4759,96,3,39,743,134,37,97
2021,Southmead,E05010913,13192,1312,114,92,565,140,401,948,684,176,88,585,117,83,257,128,10071,8618,86,4,22,1341,276,103,173
2021,Southville,E05010914,12880,408,5,88,159,78,78,355,234,88,33,525,147,67,145,166,11416,9870,168,10,36,1332,176,31,145
2021,Stockwood,E05010915,11881,313,15,74,96,76,52,193,129,57,7,283,49,31,153,50,11016,10501,54,3,11,447,76,14,62
2021,Stoke Bishop,E05010916,13067,782,31,203,237,122,189,190,138,33,19,496,237,41,104,114,11413,10465,130,1,10,807,186,44,142
2021,Westbury-on-Trym and Henleaze,E05010917,20422,898,28,280,284,124,182,199,102,73,24,668,347,46,109,166,18372,16999,250,5,9,1109,285,80,205
2021,Windmill Hill,E05010918,13955,687,40,88,132,291,136,480,297,125,58,629,188,79,205,157,11921,10511,156,12,45,1197,238,83,155
2021,Banbury Cross and Neithrop,E05010921,10257,984,27,64,181,499,213,253,176,51,26,298,95,50,66,87,8525,6598,105,17,46,1759,197,29,168
2021,Banbury Grimsbury and Hightown,E05010922,10422,1515,18,62,322,924,189,214,140,42,32,307,111,68,45,83,8127,6150,60,25,32,1860,259,39,220
2021,Banbury Hardwick,E05010923,10406,503,15,43,163,200,82,264,173,63,28,326,89,60,91,86,9211,7984,47,8,20,1152,102,21,81
2021,Banbury Ruscote,E05010924,11598,1119,14,46,157,789,113,326,240,39,47,390,105,84,111,90,9629,8200,64,12,44,1309,134,22,112
2021,Bicester East,E05010925,8761,464,15,127,114,55,153,156,84,45,27,233,55,32,82,64,7769,6719,52,2,35,961,139,21,118
2021,Bicester North and Caversfield,E05010926,9332,441,15,92,177,70,87,134,91,22,21,293,89,46,76,82,8310,7136,70,2,24,1078,154,14,140
2021,Bicester West,E05010928,8846,413,13,81,129,45,145,152,76,56,20,285,101,23,101,60,7891,7134,60,4,24,669,105,29,76
2021,"Cropredy, Sibfords and Wroxton",E05010929,8448,89,0,21,35,13,20,64,31,23,10,82,31,8,20,23,8191,7814,82,7,8,280,22,8,14
2021,Deddington,E05010930,9602,97,6,18,35,5,33,47,28,14,5,140,58,16,32,34,9283,8799,75,11,6,392,35,9,26
2021,Kidlington East,E05010932,9751,931,52,183,385,89,222,170,109,42,19,356,109,53,101,93,8049,6962,83,21,32,951,245,64,181
2021,Kidlington West,E05010933,9255,580,20,148,233,72,107,142,83,35,24,279,91,48,58,82,8103,7151,95,8,20,829,151,40,111
2021,Launton and Otmoor,E05010934,8960,216,16,16,77,69,38,134,63,57,14,228,61,24,80,63,8326,7790,101,24,2,409,56,12,44
2021,Cherryfield,E05010935,10776,109,0,21,44,11,33,82,72,0,10,165,31,40,51,43,10362,10055,37,5,13,252,58,9,49
2021,Halewood North,E05010936,10355,207,0,109,55,21,22,68,37,18,13,263,51,79,64,69,9789,9529,66,0,10,184,28,11,17
2021,Halewood South,E05010937,10404,167,2,69,41,8,47,79,54,9,16,243,55,73,72,43,9852,9557,79,5,2,209,63,37,26
2021,Northwood (Knowsley),E05010938,11868,81,0,19,19,8,35,95,73,12,10,194,32,42,62,58,11408,10827,53,1,7,520,90,35,55
2021,Page Moss,E05010939,11578,244,5,54,58,18,109,156,136,4,16,191,31,51,50,59,10867,10411,56,4,4,392,120,48,72
2021,Prescot North,E05010940,10587,246,2,50,128,17,49,90,74,12,4,154,25,47,45,37,10059,9798,75,0,5,181,38,9,29
2021,Prescot South,E05010941,10122,536,0,61,300,9,166,93,85,1,7,133,31,18,54,30,9309,9113,76,0,8,112,51,16,35
2021,Roby,E05010942,9582,136,0,49,42,15,30,24,17,5,2,178,45,40,40,53,9204,9022,80,0,3,99,40,14,26
2021,Shevington,E05010943,11429,77,1,25,22,9,20,109,81,13,15,199,50,49,58,42,10996,10646,44,1,20,285,48,13,35
2021,St Gabriels,E05010944,9516,72,1,32,8,8,23,63,47,7,9,137,48,34,21,34,9196,9034,53,2,0,107,48,8,40
2021,St Michaels (Knowsley),E05010945,9365,190,4,66,60,7,53,60,46,7,7,148,30,44,45,29,8912,8668,39,3,11,191,55,26,29
2021,Stockbridge,E05010946,10715,151,4,32,44,22,49,182,133,17,32,206,50,43,58,55,10116,9439,41,1,15,620,60,17,43
2021,Swanside,E05010947,9377,115,11,23,51,9,21,69,53,6,10,166,39,35,44,48,8973,8803,87,1,0,82,54,17,37
2021,Whiston and Cronton,E05010948,9085,125,0,12,53,11,49,50,28,14,8,150,37,32,41,40,8723,8562,38,1,5,117,37,18,19
2021,Whitefield,E05010949,9761,50,2,8,8,14,18,41,29,1,11,132,21,29,39,43,9473,9237,29,1,11,195,65,12,53
2021,Abbeydale,E05010950,7151,216,13,21,118,23,41,169,24,117,28,219,59,17,123,20,6507,6258,38,1,0,210,40,3,37
2021,Abbeymead,E05010951,6091,171,0,33,93,14,31,69,22,31,16,141,43,5,70,23,5697,5483,33,5,6,170,13,7,6
2021,Barnwood,E05010952,6736,309,13,51,157,17,71,124,61,39,24,199,44,21,97,37,6054,5769,37,1,4,243,50,2,48
2021,Barton and Tredworth,E05010953,12001,3486,554,25,2012,479,416,1009,448,402,159,631,107,84,290,150,6314,4571,55,31,131,1526,561,179,382
2021,Coney Hill,E05010954,3404,149,16,4,51,32,46,172,57,82,33,223,26,23,149,25,2823,2569,19,2,1,232,37,16,21
2021,Elmbridge,E05010955,6466,475,15,11,350,31,68,111,42,54,15,173,29,17,100,27,5665,5447,53,8,3,154,42,4,38
2021,Grange (Gloucester),E05010956,7096,134,1,22,62,26,23,159,66,67,26,233,30,28,129,46,6539,6241,28,2,0,268,31,5,26
2021,Hucclecote,E05010957,6207,104,0,14,56,13,21,67,25,38,4,130,32,5,69,24,5886,5700,57,3,0,126,20,10,10
2021,Kingsholm and Wotton,E05010958,7096,650,27,35,339,65,184,282,191,57,34,221,65,29,84,43,5865,5276,72,12,10,495,78,17,61
2021,Kingsway (Gloucester),E05010959,7043,268,14,41,121,29,63,333,198,83,52,386,43,55,220,68,5977,5366,15,14,4,578,79,4,75
2021,Longlevens,E05010960,9529,376,5,17,235,52,67,100,42,44,14,204,71,16,94,23,8786,8527,84,3,0,172,63,16,47
2021,"Matson, Robinswood and White City",E05010961,9964,354,9,35,184,49,77,612,264,244,104,534,51,70,321,92,8400,7771,50,9,12,558,64,8,56
2021,Moreland,E05010962,10605,677,93,42,214,177,151,515,201,238,76,508,81,61,260,106,8736,7644,64,26,81,921,169,22,147
2021,Podsmead,E05010963,3466,166,5,8,120,9,24,239,80,115,44,203,28,20,128,27,2842,2646,34,7,1,154,16,2,14
2021,Quedgeley Fieldcourt,E05010964,7493,135,13,12,54,19,37,170,95,53,22,236,46,30,121,39,6899,6376,25,10,2,486,53,6,47
2021,Quedgeley Severn Vale,E05010965,6187,89,0,16,30,18,25,83,31,39,13,165,31,24,88,22,5826,5526,30,8,0,262,24,11,13
2021,Tuffley,E05010966,6170,142,0,17,64,21,40,209,66,104,39,253,26,30,159,38,5534,5282,38,13,2,199,32,1,31
2021,Westgate (Gloucester),E05010967,9693,640,23,93,221,85,218,394,235,102,57,348,56,33,189,70,8111,6864,72,69,37,1069,200,21,179
2021,Berkeley Vale,E05010969,7263,42,0,13,18,0,11,18,13,5,0,71,21,9,19,22,7119,6937,24,2,0,156,13,2,11
2021,Cam East,E05010972,4443,10,1,2,2,1,4,7,2,2,3,42,14,3,19,6,4371,4269,25,0,0,77,13,1,12
2021,Cam West,E05010973,4074,20,5,7,5,0,3,18,10,7,1,41,17,0,7,17,3991,3887,15,5,0,84,4,1,3
2021,Coaley and Uley,E05010975,2437,16,0,1,8,0,7,8,8,0,0,26,9,2,7,8,2372,2282,19,1,0,70,15,2,13
2021,Dursley,E05010976,7460,76,4,22,24,3,23,27,14,10,3,137,55,19,28,35,7197,6801,66,7,16,307,23,1,22
2021,Painswick and Upton,E05010981,7625,110,6,23,40,15,26,56,28,21,7,176,51,28,55,42,7248,6896,47,9,12,284,35,0,35
2021,"Randwick, Whiteshill and Ruscombe",E05010982,2014,26,0,3,8,7,8,5,0,3,2,42,24,4,9,5,1936,1854,12,0,0,70,5,0,5
2021,Stroud Central,E05010986,2129,53,8,7,17,2,19,12,5,5,2,69,17,9,17,26,1963,1779,14,0,10,160,32,4,28
2021,Stroud Farmhill and Paganhill,E05010987,2480,20,1,4,7,0,8,7,2,5,0,61,21,6,22,12,2365,2247,13,3,0,102,27,8,19
2021,Stroud Slade,E05010988,2397,22,0,4,8,0,10,24,7,10,7,81,24,10,25,22,2256,2109,12,20,1,114,14,0,14
2021,Stroud Uplands,E05010990,2073,39,0,7,2,2,28,12,5,5,2,40,18,6,4,12,1981,1885,16,1,0,79,1,0,1
2021,Stroud Valley,E05010991,2229,30,12,4,8,0,6,10,4,3,3,52,20,15,7,10,2111,1921,19,3,0,168,26,6,20
2021,The Stanleys,E05010992,4692,27,1,1,11,1,13,15,9,6,0,58,19,10,9,20,4582,4462,33,5,0,82,10,4,6
2021,Alresford and Itchen Valley,E05010995,8687,92,6,10,37,1,38,31,23,2,6,102,51,10,12,29,8437,8084,54,12,4,283,25,4,21
2021,Badger Farm and Oliver's Battery,E05010996,8271,329,14,54,124,28,109,29,18,6,5,193,89,10,20,74,7626,7082,86,14,2,442,94,12,82
2021,Bishop's Waltham,E05010997,7980,65,8,11,19,5,22,13,8,5,0,64,28,13,14,9,7825,7582,47,28,4,164,13,2,11
2021,Central Meon Valley,E05010998,9647,69,5,19,19,9,17,20,13,5,2,113,40,23,23,27,9429,9061,62,88,3,215,16,2,14
2021,Colden Common and Twyford,E05010999,5995,118,0,20,57,17,24,19,12,2,5,112,71,10,16,15,5736,5470,37,13,9,207,10,2,8
2021,Denmead,E05011000,8988,122,0,33,37,13,39,46,35,4,7,105,45,19,8,33,8685,8381,36,6,0,262,30,7,23
2021,St Barnabas,E05011001,9108,520,22,58,97,15,328,57,32,16,9,219,88,28,24,79,8206,7711,72,10,6,407,106,20,86
2021,St Bartholomew (Winchester),E05011002,9300,552,42,144,102,19,245,108,72,30,6,249,97,32,34,86,8278,7486,67,7,4,714,113,24,89
2021,St Luke (Winchester),E05011003,6205,315,70,48,74,16,107,60,41,14,5,185,59,31,50,45,5603,5235,40,15,3,310,42,18,24
2021,St Michael (Winchester),E05011004,8991,501,38,162,108,26,167,75,48,12,15,296,164,18,34,80,8014,7195,92,5,13,709,105,44,61
2021,St Paul (Winchester),E05011005,9993,428,24,111,122,22,149,97,58,27,12,293,127,30,49,87,9070,8323,111,13,7,616,105,23,82
2021,Southwick and Wickham,E05011006,6985,110,7,11,41,5,46,57,30,21,6,123,27,26,25,45,6676,6383,37,48,0,208,19,2,17
2021,The Worthys,E05011007,7030,290,30,30,75,12,143,97,66,23,8,174,77,23,43,31,6409,5986,48,11,10,354,60,2,58
2021,Upper Meon Valley,E05011008,5583,44,0,8,26,2,8,12,7,2,3,90,30,9,11,40,5423,5149,35,33,5,201,14,1,13
2021,Whiteley and Shedfield,E05011009,6705,222,6,62,128,9,17,34,23,10,1,106,50,20,21,15,6295,5911,27,58,9,290,48,13,35
2021,Wonston and Micheldever,E05011010,7985,147,0,14,37,9,87,34,14,16,4,167,68,14,29,56,7602,7267,52,15,7,261,35,6,29
2021,Alphington,E05011011,8265,85,6,13,25,7,34,24,13,4,7,138,46,24,24,44,7960,7554,51,0,5,350,58,24,34
2021,Duryard and St James,E05011012,15150,1199,62,560,303,52,222,168,138,21,9,532,244,64,66,158,13005,11688,179,18,24,1096,246,108,138
2021,Exwick,E05011013,9769,209,11,63,44,3,88,55,41,8,6,187,49,31,45,62,9223,8574,36,0,14,599,95,38,57
2021,Heavitree,E05011014,9248,461,43,99,116,17,186,88,79,7,2,253,107,30,37,79,8315,7727,70,11,4,503,131,59,72
2021,Mincinglake and Whipton,E05011015,8793,354,52,37,72,12,181,96,76,3,17,145,41,36,22,46,8067,7442,40,17,10,558,131,68,63
2021,Newtown and St Leonard's,E05011016,10850,910,54,403,186,33,234,144,114,21,9,417,182,52,53,130,9122,7974,97,2,27,1022,257,106,151
2021,Pennsylvania,E05011017,10532,631,71,193,106,33,228,115,86,20,9,351,144,54,56,97,9258,8291,94,4,17,852,177,80,97
2021,Pinhoe,E05011018,9588,356,37,44,148,11,116,53,33,6,14,212,77,32,53,50,8875,8409,46,8,7,405,92,31,61
2021,Priory (Exeter),E05011019,8716,492,20,45,153,26,248,58,49,6,3,173,64,33,19,57,7893,7277,31,13,18,554,100,34,66
2021,St David's (Exeter),E05011020,10531,875,55,391,197,47,185,189,147,22,20,348,121,43,50,134,8814,7582,73,8,32,1119,305,171,134
2021,St Loyes,E05011021,9386,308,18,71,98,22,99,48,42,5,1,175,88,24,15,48,8761,8137,46,7,11,560,94,29,65
2021,St Thomas (Exeter),E05011022,9844,212,32,51,34,5,90,50,34,11,5,214,81,31,41,61,9275,8464,55,11,7,738,93,29,64
2021,Topsham,E05011023,10040,286,51,50,106,8,71,49,40,3,6,165,61,31,24,49,9464,8975,58,1,3,427,76,26,50
2021,Appleton (Warrington),E05011024,10576,357,17,70,214,23,33,52,35,7,10,180,85,12,34,49,9906,9627,76,4,4,195,81,27,54
2021,Bewsey and Whitecross,E05011025,12130,1071,30,114,333,307,287,247,195,34,18,242,64,76,42,60,10156,8356,51,32,40,1677,414,94,320
2021,Birchwood (Warrington),E05011026,10612,268,4,76,73,48,67,81,55,21,5,212,54,49,63,46,9965,9364,77,0,2,522,86,10,76
2021,Burtonwood and Winwick,E05011027,6213,110,6,8,37,37,22,18,14,2,2,76,30,7,19,20,5997,5843,39,3,1,111,12,4,8
2021,Chapelford and Old Hall,E05011028,12011,1149,8,175,565,310,91,114,93,10,11,222,118,28,23,53,10420,9931,65,7,2,415,106,31,75
2021,"Culcheth, Glazebury and Croft",E05011029,11791,179,8,22,60,36,53,85,47,23,15,210,65,34,50,61,11277,10980,82,16,8,191,40,10,30
2021,Fairfield and Howley,E05011030,11853,561,17,78,196,167,103,159,102,26,31,172,46,49,39,38,10762,9241,60,7,30,1424,199,21,178
2021,Grappenhall,E05011031,6930,187,10,43,79,33,22,23,6,12,5,123,44,23,35,21,6573,6400,59,3,0,111,24,0,24
2021,Great Sankey North and Whittle Hall,E05011032,10232,396,1,72,156,106,61,53,49,2,2,147,68,23,24,32,9574,9359,43,0,0,172,62,10,52
2021,Great Sankey South,E05011033,11305,465,24,85,68,182,106,105,77,15,13,153,61,25,34,33,10474,9907,54,1,9,503,108,30,78
2021,Latchford East,E05011034,8981,245,18,26,68,25,108,85,63,11,11,146,42,28,49,27,8395,7690,47,9,12,637,110,33,77
2021,Latchford West,E05011035,7537,192,0,36,53,57,46,46,31,13,2,125,46,17,30,32,7102,6553,50,2,7,490,72,21,51
2021,Lymm North and Thelwall,E05011036,11654,153,5,32,48,24,44,42,26,7,9,173,74,23,35,41,11259,10927,88,0,2,242,27,4,23
2021,Lymm South,E05011037,6379,134,2,35,60,15,22,17,8,6,3,159,66,20,44,29,6035,5840,63,0,6,126,34,2,32
2021,Orford,E05011038,11956,235,4,51,35,68,77,142,80,35,27,193,47,40,65,41,11240,10060,57,21,20,1082,146,27,119
2021,Penketh and Cuerdley,E05011039,9874,157,0,29,42,63,23,22,14,5,3,98,39,15,32,12,9573,9382,90,0,5,96,24,10,14
2021,Poplars and Hulme,E05011040,12415,205,1,81,32,48,43,94,53,13,28,212,69,42,55,46,11835,10903,69,6,7,850,69,11,58
2021,Poulton North,E05011041,9705,134,7,53,26,26,22,60,42,9,9,114,45,23,24,22,9362,8954,83,4,1,320,35,8,27
2021,Poulton South,E05011042,6440,58,0,20,14,14,10,20,14,4,2,73,27,12,19,15,6258,6132,33,0,0,93,31,7,24
2021,Rixton and Woolston,E05011043,9210,201,13,79,34,61,14,34,18,10,6,77,20,11,24,22,8861,8679,66,1,0,115,37,12,25
2021,Stockton Heath,E05011044,6710,108,8,34,26,19,21,22,16,2,4,93,41,11,25,16,6475,6265,70,0,7,133,12,2,10
2021,Westbrook (Warrington),E05011045,6440,386,13,106,128,93,46,50,35,7,8,126,53,24,19,30,5805,5548,45,0,1,211,73,18,55
2021,Callowland,E05011046,8703,1766,55,62,495,719,435,725,479,168,78,445,102,61,115,167,5364,3500,192,12,66,1594,403,69,334
2021,Central (Watford),E05011047,10474,2480,75,141,974,670,620,712,477,165,70,515,107,107,135,166,6273,3608,202,8,52,2403,494,131,363
2021,Holywell (Watford),E05011048,9885,3320,54,57,1049,1461,699,791,469,205,117,498,123,80,175,120,4869,3445,114,23,31,1256,407,87,320
2021,Leggatts,E05011049,8395,2238,44,52,606,1047,489,518,269,166,83,409,130,46,144,89,4929,3877,175,2,26,849,301,72,229
2021,Meriden (Watford),E05011050,8070,1282,28,50,655,258,291,535,297,161,77,382,75,49,152,106,5630,4647,158,19,3,803,241,73,168
2021,Nascot,E05011051,9073,2595,46,183,1493,420,453,424,261,107,56,375,144,41,71,119,5405,4182,218,0,36,969,274,38,236
2021,Oxhey,E05011052,7178,1217,19,77,556,360,205,218,126,76,16,326,132,40,50,104,5247,4354,195,0,22,676,170,26,144
2021,Park (Watford),E05011053,8636,2905,44,161,1474,811,415,366,234,94,38,422,178,52,75,117,4650,3760,151,0,30,709,293,61,232
2021,Stanborough,E05011054,7584,1135,27,71,525,226,286,576,313,198,65,342,87,52,110,93,5359,4447,210,1,10,691,172,22,150
2021,Tudor (Watford),E05011055,7112,1484,21,45,747,386,285,345,186,111,48,346,108,41,100,97,4699,3832,199,3,17,648,238,65,173
2021,Vicarage,E05011056,9160,3508,63,67,824,1621,933,775,548,141,86,433,124,81,70,158,3976,2255,149,0,41,1531,468,87,381
2021,Woodside (Watford),E05011057,7972,1106,18,56,556,216,260,500,294,139,67,352,97,42,105,108,5828,4911,187,14,9,707,186,31,155
2021,Brookmans Park and Little Heath,E05011058,6899,374,18,80,212,16,48,120,100,13,7,250,91,15,41,103,5926,5130,130,61,8,597,229,14,215
2021,Haldens,E05011059,6582,337,34,38,160,30,75,224,160,37,27,250,59,35,85,71,5700,5167,82,5,28,418,71,16,55
2021,Handside,E05011060,6933,397,20,58,186,43,90,151,86,48,17,255,84,30,50,91,6039,5486,119,11,6,417,91,27,64
2021,Hatfield Central,E05011061,8315,1031,122,109,487,118,195,708,568,84,56,368,102,96,92,78,5965,4509,115,23,43,1275,243,46,197
2021,Hatfield East,E05011062,8107,824,43,85,397,129,170,897,721,79,97,327,85,55,86,101,5829,4389,78,21,33,1308,230,54,176
2021,Hatfield South West,E05011063,11395,2083,95,237,1097,278,376,1348,1058,197,93,525,113,160,126,126,6987,5167,76,35,49,1660,452,154,298
2021,Hatfield Villages,E05011064,10626,1876,71,236,987,205,377,1428,1176,162,90,538,133,89,160,156,6454,5091,117,8,27,1211,330,62,268
2021,Hollybush,E05011065,7057,485,26,44,213,61,141,438,330,44,64,328,90,62,112,64,5671,4991,107,5,10,558,135,31,104
2021,Howlands,E05011066,7393,492,30,32,243,32,155,249,179,42,28,331,87,59,98,87,6219,5576,110,15,9,509,102,35,67
2021,Northaw and Cuffley,E05011067,6090,301,14,29,180,30,48,225,137,73,15,207,78,13,43,73,5120,4421,102,3,5,589,237,6,231
2021,Panshanger,E05011068,6051,430,32,63,200,38,97,231,167,37,27,239,69,42,67,61,5079,4582,58,1,4,434,72,12,60
2021,Peartree (Welwyn Hatfield),E05011069,7958,466,14,84,213,30,125,470,287,94,89,351,65,63,121,102,6521,5673,107,46,6,689,150,26,124
2021,Sherrards,E05011070,5968,281,0,68,110,13,90,130,90,29,11,273,102,33,75,63,5227,4748,82,0,4,393,57,7,50
2021,Welham Green and Hatfield South,E05011071,7668,640,70,74,241,102,153,457,357,57,43,303,70,52,86,95,6100,5009,89,27,23,952,168,29,139
2021,Welwyn East,E05011072,6640,341,6,56,147,52,80,152,88,49,15,213,66,40,52,55,5865,5402,90,3,9,361,69,12,57
2021,Welwyn West,E05011073,6155,237,3,32,137,23,42,79,48,24,7,177,59,22,43,53,5595,5212,106,1,0,276,67,5,62
2021,Claygate,E05011074,7268,324,10,77,129,22,86,14,8,5,1,244,119,22,39,64,6582,6025,84,17,8,448,104,29,75
2021,Cobham and Downside,E05011075,8746,459,30,52,142,40,195,98,63,21,14,306,116,43,56,91,7731,6657,109,21,11,933,152,56,96
2021,Esher,E05011076,9100,586,26,88,199,71,202,71,50,16,5,316,127,31,45,113,7913,6776,142,21,13,961,214,59,155
2021,Hersham Village,E05011077,8622,460,18,77,187,71,107,123,80,23,20,395,143,55,58,139,7508,6613,126,6,14,749,136,37,99
2021,Hinchley Wood and Weston Green,E05011078,8743,803,15,135,388,56,209,46,25,13,8,368,201,35,40,92,7378,6561,192,0,5,620,148,39,109
2021,Long Ditton,E05011079,7236,613,7,94,267,66,179,98,62,23,13,350,158,29,59,104,6015,5220,144,0,5,646,160,61,99
2021,Molesey East,E05011080,8567,411,79,83,112,41,96,107,70,26,11,328,129,38,49,112,7485,6431,153,1,2,898,236,65,171
2021,Molesey West,E05011081,9176,694,170,72,229,55,168,108,77,30,1,367,136,51,77,103,7802,6874,88,10,9,821,205,92,113
2021,Oatlands and Burwood Park,E05011082,8287,576,22,85,285,63,121,114,74,23,17,361,166,56,45,94,7083,5990,152,2,6,933,153,55,98
2021,Oxshott and Stoke D'Abernon,E05011083,9743,647,23,112,271,46,195,154,108,23,23,432,182,54,46,150,8303,6730,191,7,24,1351,207,79,128
2021,Thames Ditton,E05011084,9400,501,20,118,210,35,118,73,42,26,5,376,174,24,63,115,8328,7405,174,1,12,736,122,16,106
2021,Walton Central,E05011085,8483,516,52,96,189,48,131,118,57,36,25,349,106,52,49,142,7336,6268,169,4,15,880,164,55,109
2021,Walton North,E05011086,8989,585,76,52,172,93,192,224,160,35,29,422,121,78,86,137,7583,6577,99,31,17,859,175,58,117
2021,Walton South,E05011087,9067,714,45,120,300,95,154,136,80,41,15,348,140,33,62,113,7689,6553,135,15,10,976,180,65,115
2021,Weybridge Riverside,E05011088,8293,459,23,48,164,46,178,107,80,17,10,318,159,43,27,89,7210,5980,197,6,8,1019,199,57,142
2021,Weybridge St George's Hill,E05011089,9038,709,14,107,298,72,218,135,96,29,10,406,191,45,49,121,7558,6206,171,8,20,1153,230,61,169
2021,Borough & Bankside,E05011095,9010,1507,126,604,370,85,322,1181,783,249,149,581,165,87,146,183,5293,3175,212,2,54,1850,448,115,333
2021,Camberwell Green,E05011096,15504,1203,203,239,157,77,527,5454,3586,1150,718,1173,206,212,384,371,6232,4192,296,1,47,1696,1442,108,1334
2021,Champion Hill,E05011097,9219,847,78,139,167,62,401,2637,1596,708,333,642,129,107,191,215,4600,3441,188,1,21,949,493,59,434
2021,Chaucer,E05011098,14732,2728,848,401,571,201,707,3469,2485,554,430,997,214,152,244,387,6430,3742,286,0,84,2318,1108,239,869
2021,Dulwich Hill,E05011099,9594,470,49,94,110,81,136,1188,494,519,175,741,237,83,164,257,6812,5395,248,3,16,1150,383,42,341
2021,Dulwich Village,E05011100,10254,626,34,183,237,39,133,563,294,209,60,705,292,105,130,178,8140,6682,273,1,9,1175,220,36,184
2021,Dulwich Wood,E05011101,10585,1016,156,241,321,74,224,2185,1213,659,313,871,212,140,248,271,5991,4561,211,12,14,1193,522,90,432
2021,Faraday,E05011102,12464,1102,342,261,118,59,322,4621,3025,843,753,955,177,160,305,313,4505,2911,164,4,64,1362,1281,120,1161
2021,Goose Green,E05011103,13609,844,165,157,239,40,243,1717,612,793,312,1056,343,115,224,374,9636,7703,415,4,14,1500,356,47,309
2021,London Bridge & West Bermondsey,E05011104,15096,1811,170,511,539,102,489,2777,1856,521,400,1139,278,226,231,404,8503,5222,376,0,112,2793,866,234,632
2021,Newington (Southwark),E05011105,13443,1180,367,277,145,120,271,4658,3226,822,610,936,116,176,300,344,5745,3808,273,5,80,1579,924,150,774
2021,North Bermondsey,E05011106,15284,1530,199,404,489,67,371,2409,1678,381,350,944,213,144,237,350,9596,6112,336,4,256,2888,805,197,608
2021,North Walworth,E05011107,15844,2227,399,968,268,100,492,4094,2686,819,589,1047,225,170,279,373,7263,4432,305,7,109,2410,1213,230,983
2021,Nunhead & Queen's Road,E05011108,15556,1080,319,207,173,55,326,5506,3024,1733,749,1179,170,180,446,383,7074,5511,266,8,29,1260,717,85,632
2021,Old Kent Road,E05011109,19037,1703,322,349,238,117,677,7229,4762,1537,930,1352,145,247,480,480,6616,4431,239,61,94,1791,2137,344,1793
2021,Peckham,E05011110,14787,1480,311,477,136,118,438,6914,4404,1570,940,1076,105,217,398,356,4183,2785,173,7,38,1180,1134,147,987
2021,Peckham Rye,E05011111,10162,447,66,82,109,49,141,2246,1043,795,408,872,233,121,270,248,6243,5081,241,1,13,907,354,36,318
2021,Rotherhithe,E05011112,15626,2111,189,909,430,95,488,2903,2026,477,400,1054,195,219,254,386,8736,5193,251,8,123,3161,822,170,652
2021,Rye Lane,E05011113,14471,903,157,162,181,116,287,4131,2091,1488,552,1099,242,141,363,353,7572,5888,282,6,17,1379,766,71,695
2021,St George's (Southwark),E05011114,8454,1412,391,491,252,60,218,1662,1141,292,229,592,131,99,168,194,4199,2599,158,0,32,1410,589,162,427
2021,St Giles,E05011115,15945,1293,240,301,203,120,429,4664,2804,1205,655,1240,227,159,393,461,7611,5628,304,5,41,1633,1137,123,1014
2021,South Bermondsey,E05011116,15942,1382,289,331,256,63,443,3885,2718,597,570,1044,138,176,382,348,8496,5636,275,7,143,2435,1135,202,933
2021,Surrey Docks,E05011117,13007,1632,124,616,436,105,351,1203,773,236,194,848,261,132,156,299,8744,5125,252,10,168,3189,580,118,462
2021,Acocks Green,E05011118,24489,8621,871,150,1731,5203,666,1313,534,619,160,1269,403,62,525,279,12276,10300,667,28,19,1262,1010,285,725
2021,Allens Cross,E05011119,11120,951,39,181,195,169,367,841,466,265,110,612,106,48,316,142,8381,7778,167,7,12,417,335,124,211
2021,Alum Rock,E05011120,28018,21065,1974,50,345,16836,1860,2871,2246,435,190,591,234,50,156,151,1798,1180,78,81,102,357,1693,354,1339
2021,Aston (Birmingham),E05011121,24442,17073,6242,91,2415,7666,659,3943,2194,1360,389,569,176,66,206,121,1860,1117,96,10,33,604,997,246,751
2021,Balsall Heath West,E05011122,12153,5128,435,163,460,3541,529,1983,1060,722,201,608,115,61,253,179,2006,1512,94,4,10,386,2428,1835,593
2021,Bartley Green,E05011123,22670,1806,124,193,426,487,576,2259,1100,808,351,1588,251,147,892,298,16410,15502,236,1,14,657,607,233,374
2021,Billesley,E05011124,21172,5975,380,129,1156,3782,528,1093,505,464,124,1099,286,63,488,262,12117,10967,594,1,23,532,888,406,482
2021,Birchfield (Birmingham),E05011125,12469,6511,1472,59,1159,3288,533,3501,1592,1521,388,515,86,55,226,148,1358,808,91,2,42,415,584,84,500
2021,Bordesley & Highgate,E05011126,15054,5955,994,813,537,2981,630,3624,2621,748,255,849,188,146,278,237,3061,2047,134,11,32,837,1565,842,723
2021,Bordesley Green,E05011127,12984,7952,2005,15,178,5232,522,2372,1862,369,141,450,115,62,114,159,1151,801,75,15,16,244,1059,518,541
2021,Bournbrook & Selly Park,E05011128,22377,4162,371,1001,1237,1018,535,1386,818,419,149,1253,415,102,446,290,14880,13206,383,11,18,1262,696,258,438
2021,Bournville & Cotteridge,E05011129,19176,1526,136,315,458,292,325,1088,507,427,154,1127,296,77,548,206,15039,13873,392,4,13,757,396,150,246
2021,Brandwood & King's Heath,E05011130,18792,3785,226,224,1027,1975,333,993,320,528,145,1088,336,81,430,241,12406,11034,582,2,16,772,520,203,317
2021,Bromford & Hodge Hill,E05011131,22383,11100,765,80,261,8895,1099,2160,1358,582,220,948,243,59,498,148,7319,6573,210,5,45,486,856,207,649
2021,Castle Vale,E05011132,9932,261,29,11,34,138,49,804,245,420,139,857,98,43,622,94,7905,7509,152,0,0,244,105,16,89
2021,Druids Heath & Monyhull,E05011133,11643,1113,71,83,240,572,147,1014,462,415,137,741,115,75,426,125,8448,7914,278,3,0,253,327,156,171
2021,Edgbaston,E05011134,18728,5647,185,883,2695,1132,752,1817,1086,552,179,993,341,124,275,253,8942,7284,216,5,48,1389,1329,628,701
2021,Erdington,E05011135,21549,2801,250,178,626,1401,346,2809,1234,1183,392,1303,243,139,677,244,14190,11836,716,17,13,1608,446,166,280
2021,Frankley Great Park,E05011136,12660,533,39,105,116,156,117,1047,484,378,185,849,152,46,533,118,10050,9610,170,1,6,263,181,76,105
2021,Garretts Green,E05011137,11499,2898,367,39,228,1886,378,1051,628,327,96,609,189,33,302,85,6598,6023,164,3,16,392,343,139,204
2021,Glebe Farm & Tile Cross,E05011138,24529,7541,638,65,354,5608,876,2043,968,754,321,1479,330,79,800,270,12666,11565,257,29,37,778,800,214,586
2021,Gravelly Hill,E05011139,10499,3046,224,52,267,2189,314,1867,637,994,236,607,123,51,304,129,4559,3519,198,7,47,788,420,152,268
2021,Hall Green North,E05011140,24553,14606,1097,74,2508,9908,1019,933,426,387,120,845,304,62,276,203,6882,5624,567,1,31,659,1287,422,865
2021,Hall Green South,E05011141,10988,4137,194,69,1275,2285,314,208,79,108,21,427,160,20,109,138,5843,5055,546,1,8,233,373,117,256
2021,Handsworth,E05011142,11818,7450,1200,46,2734,2962,508,2159,925,969,265,404,105,28,161,110,1034,597,26,9,26,376,771,104,667
2021,Handsworth Wood,E05011143,20399,11074,1045,89,6565,2533,842,3289,1060,1859,370,762,179,84,279,220,3725,2592,103,6,52,972,1549,123,1426
2021,Harborne,E05011144,23002,4170,167,665,1810,930,598,2127,1222,664,241,1470,406,250,460,354,14013,12026,524,9,29,1425,1222,501,721
2021,Heartlands,E05011145,13393,8722,921,26,177,6772,826,1362,1013,243,106,464,153,45,116,150,1739,1370,59,32,52,226,1106,343,763
2021,Highter's Heath,E05011146,10743,1195,111,43,305,607,129,496,209,238,49,517,123,22,286,86,8346,7923,209,1,7,206,189,97,92
2021,Holyhead,E05011147,11313,6244,1323,35,3073,1280,533,2193,715,1177,301,462,88,37,181,156,1598,700,53,34,43,768,816,90,726
2021,King's Norton North,E05011148,11642,597,26,52,197,191,131,807,379,333,95,747,191,74,370,112,9250,8734,217,3,11,285,241,42,199
2021,King's Norton South,E05011149,11580,798,61,69,187,341,140,1119,544,371,204,898,131,93,505,169,8491,8005,164,14,11,297,274,94,180
2021,Kingstanding,E05011150,21157,2537,422,159,638,865,453,2343,950,1062,331,969,184,74,564,147,14891,13563,314,13,13,988,417,70,347
2021,Ladywood,E05011151,25738,5268,205,1470,1664,941,988,5801,3580,1632,589,1721,282,230,713,496,10780,6892,292,19,197,3380,2168,1011,1157
2021,Longbridge & West Heath,E05011152,21650,896,44,144,212,205,291,1587,859,495,233,984,163,79,591,151,17877,17063,312,4,1,497,306,75,231
2021,Lozells,E05011153,12120,8415,4050,67,481,3339,478,2095,1158,689,248,401,105,33,163,100,755,449,52,4,20,230,454,122,332
2021,Moseley,E05011154,21840,7572,317,142,1389,5175,549,1425,611,612,202,1141,353,75,390,323,10400,8888,488,6,21,997,1302,631,671
2021,Nechells,E05011155,16146,4071,832,487,734,1556,462,5877,4320,1049,508,1002,260,105,405,232,4107,3303,173,1,19,611,1089,416,673
2021,Newtown (Birmingham),E05011156,16290,4222,1581,222,918,1010,491,7468,5305,1538,625,801,143,152,293,213,2868,2179,79,11,28,571,931,278,653
2021,North Edgbaston,E05011157,22565,9168,397,237,2707,4817,1010,4076,2475,1255,346,1041,241,112,367,321,6557,4405,209,23,61,1859,1723,434,1289
2021,Northfield (Birmingham),E05011158,10403,528,10,111,173,102,132,482,215,193,74,501,85,35,296,85,8692,8165,252,3,4,268,200,42,158
2021,Oscott,E05011159,20562,2183,290,127,971,525,270,1750,420,1048,282,1002,187,51,568,196,15275,14253,303,6,16,697,352,35,317
2021,Perry Barr,E05011160,20605,6883,1213,126,2621,2394,529,3047,883,1741,423,1017,228,67,460,262,8862,7674,337,1,22,828,796,142,654
2021,Perry Common,E05011161,12045,1788,299,116,444,725,204,1728,689,788,251,793,101,59,466,167,7447,6557,193,6,18,673,289,117,172
2021,Pype Hayes,E05011162,11062,1540,102,215,294,720,209,1199,396,612,191,653,120,40,374,119,7380,6612,223,0,17,528,290,71,219
2021,Quinton (Birmingham),E05011163,21377,4152,217,245,2251,825,614,2078,943,863,272,1242,265,125,626,226,12829,11430,384,3,36,976,1076,258,818
2021,Rubery & Rednal,E05011164,10320,297,26,48,96,65,62,616,285,261,70,597,117,37,372,71,8708,8414,114,0,0,180,102,37,65
2021,Shard End,E05011165,12325,847,76,18,54,556,143,878,308,413,157,915,142,38,603,132,9528,8948,158,1,8,413,157,44,113
2021,Sheldon,E05011166,19939,3201,627,63,540,1682,289,799,359,342,98,798,209,44,414,131,14790,13717,420,4,14,635,351,119,232
2021,Small Heath,E05011167,21969,16330,3833,19,301,11149,1028,2259,1845,305,109,492,141,55,110,186,1297,884,117,15,21,260,1591,668,923
2021,Soho & Jewellery Quarter,E05011168,25478,8281,871,344,3359,2820,887,6005,2886,2496,623,1463,263,163,589,448,8134,5747,237,47,85,2018,1595,335,1260
2021,South Yardley,E05011169,10781,2722,432,18,445,1570,257,489,214,211,64,488,128,17,221,122,6738,5995,248,1,12,482,344,112,232
2021,Sparkbrook & Balsall Heath East,E05011170,27328,18052,3167,66,948,12889,982,2557,1706,624,227,983,328,81,319,255,2600,1842,150,16,78,514,3136,2238,898
2021,Sparkhill,E05011171,21461,16803,1061,37,1168,13609,928,1110,660,355,95,465,172,42,96,155,1701,1052,144,12,25,468,1382,582,800
2021,Stirchley,E05011172,10120,1393,271,71,290,625,136,609,262,265,82,573,125,29,282,137,7293,6536,244,18,2,493,252,81,171
2021,Stockland Green,E05011173,23591,5372,621,189,810,3296,456,4385,1824,2024,537,1409,239,125,737,308,11561,8963,334,24,62,2178,864,322,542
2021,Sutton Four Oaks,E05011174,9330,1391,18,101,996,186,90,170,49,85,36,217,93,10,79,35,7396,7046,128,2,2,218,156,25,131
2021,Sutton Mere Green,E05011175,10143,1132,44,130,643,179,136,198,79,92,27,362,129,13,148,72,8218,7922,115,6,0,175,233,54,179
2021,Sutton Reddicap,E05011176,10037,737,36,61,325,204,111,454,175,206,73,519,102,17,327,73,8211,7734,132,1,1,343,116,34,82
2021,Sutton Roughley,E05011177,11967,1294,39,153,770,224,108,279,102,147,30,333,98,24,154,57,9857,9486,153,1,6,211,204,49,155
2021,Sutton Trinity,E05011178,9485,880,55,125,402,211,87,220,108,85,27,315,95,22,126,72,7920,7417,165,1,8,329,150,55,95
2021,Sutton Vesey,E05011179,20111,2338,120,164,1302,521,231,672,138,435,99,709,185,45,310,169,16026,14973,522,2,12,517,366,78,288
2021,Sutton Walmley & Minworth,E05011180,16313,1298,39,186,682,246,145,449,157,224,68,477,117,20,256,84,13831,13096,328,5,5,397,258,73,185
2021,Sutton Wylde Green,E05011181,9296,1245,80,90,591,379,105,237,62,147,28,327,117,18,103,89,7285,6817,249,0,6,213,202,45,157
2021,Tyseley & Hay Mills,E05011182,11689,5272,1060,16,437,3385,374,759,439,240,80,534,193,40,175,126,4345,3488,246,21,27,563,779,374,405
2021,Ward End,E05011183,13714,9297,540,27,151,7770,809,1278,830,269,179,428,127,27,165,109,1925,1462,43,24,79,317,786,162,624
2021,Weoley & Selly Oak,E05011184,23509,3260,213,568,959,685,835,2122,1119,680,323,1430,320,110,693,307,15588,14017,280,20,42,1229,1109,431,678
2021,Yardley East,E05011185,11049,3397,359,44,402,2317,275,600,285,241,74,444,113,28,236,67,6286,5840,214,2,1,229,322,84,238
2021,Yardley West & Stechford,E05011186,13592,6856,679,30,372,5073,702,1072,616,351,105,654,180,51,265,158,4306,3799,199,3,26,279,704,274,430
2021,Bishopstoke,E05011187,10684,154,7,36,75,1,35,23,9,11,3,153,68,15,25,45,10290,9967,43,10,4,266,64,11,53
2021,Botley,E05011188,7142,131,17,28,45,11,30,85,63,15,7,128,44,29,28,27,6766,6518,36,25,1,186,32,13,19
2021,Bursledon & Hound North,E05011189,10175,265,24,61,97,30,53,122,101,9,12,204,77,33,48,46,9540,9045,50,26,10,409,44,8,36
2021,Chandler's Ford,E05011190,10512,456,15,69,235,34,103,94,74,7,13,224,88,36,47,53,9638,9122,61,2,6,447,100,29,71
2021,Eastleigh Central,E05011191,11031,931,124,118,462,57,170,194,146,15,33,318,92,70,77,79,9433,8737,38,19,21,618,155,15,140
2021,Eastleigh North,E05011192,9609,423,18,66,236,28,75,105,68,24,13,238,78,51,59,50,8786,8375,33,11,5,362,57,5,52
2021,Eastleigh South,E05011193,11613,595,69,58,268,48,152,227,175,24,28,325,120,57,72,76,10324,9671,53,26,10,564,142,24,118
2021,Fair Oak & Horton Heath,E05011194,11265,233,15,49,108,14,47,48,35,3,10,129,53,17,21,38,10835,10525,49,22,0,239,20,3,17
2021,Hamble & Netley,E05011195,10274,119,1,21,49,4,44,57,43,12,2,162,55,23,54,30,9914,9404,76,25,18,391,22,6,16
2021,Hedge End North,E05011196,10462,429,28,94,221,9,77,103,61,17,25,208,88,29,33,58,9660,9234,32,7,8,379,62,8,54
2021,Hedge End South,E05011197,11051,251,14,45,125,15,52,67,47,13,7,195,74,33,48,40,10488,10189,43,14,1,241,50,3,47
2021,Hiltingbury,E05011198,10612,890,20,148,552,72,98,83,71,8,4,253,144,22,21,66,9249,8811,55,2,4,377,137,50,87
2021,West End North,E05011199,5861,139,2,34,66,12,25,40,24,10,6,120,39,15,20,46,5529,5290,27,6,2,204,33,4,29
2021,West End South,E05011200,6163,250,20,40,94,38,58,52,32,11,9,161,56,39,25,41,5634,5355,38,4,7,230,66,18,48
2021,Ashdown,E05011201,5549,117,13,16,30,10,48,46,26,13,7,129,39,25,25,40,5187,4998,26,3,0,160,70,18,52
2021,Baird,E05011202,5497,84,4,18,16,6,40,84,54,20,10,132,33,22,48,29,5144,4926,26,10,8,174,53,7,46
2021,Braybrooke,E05011203,5436,83,14,9,20,6,34,82,47,25,10,197,50,27,70,50,4995,4580,70,6,8,331,79,17,62
2021,Castle (Hastings),E05011204,6877,289,63,44,72,7,103,143,82,48,13,286,76,44,80,86,6016,5166,88,16,45,701,143,31,112
2021,Central St Leonards,E05011205,6939,325,27,49,88,4,157,239,184,31,24,284,70,50,76,88,5832,4818,94,19,37,864,259,49,210
2021,Conquest,E05011206,5085,257,37,24,96,16,84,50,35,11,4,101,36,10,24,31,4590,4421,25,1,5,138,87,30,57
2021,Gensing,E05011207,6739,291,23,22,75,21,150,154,75,56,23,247,74,43,65,65,5885,5141,91,12,17,624,162,51,111
2021,Hollington,E05011208,5799,152,15,35,27,3,72,71,45,13,13,184,39,34,62,49,5344,5142,26,10,1,165,48,12,36
2021,Maze Hill,E05011209,5455,118,24,19,34,10,31,87,55,13,19,156,41,20,43,52,5014,4674,63,4,13,260,80,16,64
2021,Old Hastings,E05011210,5272,68,3,11,19,1,34,22,15,7,0,145,44,19,40,42,5007,4708,84,1,5,209,30,6,24
2021,Ore,E05011211,5659,93,9,17,16,11,40,31,17,7,7,119,39,13,29,38,5381,5160,23,8,5,185,35,20,15
2021,St Helens (Hastings),E05011212,4786,111,39,28,9,0,35,17,6,9,2,73,22,7,23,21,4562,4411,32,4,2,113,23,7,16
2021,Silverhill,E05011213,5779,162,39,20,34,12,57,56,34,15,7,150,45,20,30,55,5323,5085,36,2,3,197,88,17,71
2021,Tressell,E05011214,5297,91,7,20,13,5,46,42,23,7,12,142,36,30,34,42,4968,4669,43,11,12,233,54,14,40
2021,West St Leonards,E05011215,4931,126,17,13,18,7,71,72,41,16,15,126,31,15,40,40,4527,4318,20,2,5,182,80,29,51
2021,Wishing Tree,E05011216,5902,172,9,23,28,7,105,66,42,14,10,172,51,28,68,25,5417,5201,34,14,0,168,75,6,69
2021,Barnehurst,E05011217,11670,821,66,123,379,67,186,1092,820,136,136,394,107,66,114,107,9153,8398,96,28,18,613,210,6,204
2021,Belvedere,E05011218,17693,2230,109,235,1244,73,569,3530,2725,330,475,835,187,182,233,233,10515,8392,117,137,36,1833,583,40,543
2021,Bexleyheath,E05011219,15621,1666,107,333,837,59,330,884,641,146,97,475,149,88,111,127,12220,11000,183,12,24,1001,376,36,340
2021,Blackfen & Lamorbey,E05011220,16723,1041,133,200,402,38,268,551,355,137,59,500,158,62,138,142,14281,13261,220,6,10,784,350,32,318
2021,Blendon & Penhill,E05011221,15631,1082,116,168,489,107,202,556,391,114,51,406,128,59,105,114,13374,12650,178,9,6,531,213,16,197
2021,Crayford,E05011222,16280,1124,179,176,339,66,364,1581,1227,177,177,531,104,117,179,131,12707,11457,166,65,17,1002,337,43,294
2021,Crook Log,E05011223,15259,2342,117,402,1303,95,425,735,533,111,91,537,187,51,133,166,11273,10224,211,7,22,809,372,20,352
2021,East Wickham,E05011224,15912,2569,103,436,1057,119,854,1093,802,185,106,462,131,54,145,132,11209,9903,156,10,23,1117,579,37,542
2021,Erith,E05011225,13104,1354,90,153,628,138,345,3458,2723,298,437,643,95,141,242,165,7298,6025,96,80,21,1076,351,41,310
2021,Falconwood & Welling,E05011226,16576,2422,167,491,946,100,718,1195,897,195,103,602,175,102,139,186,11823,10417,199,19,24,1164,534,48,486
2021,Longlands,E05011227,10076,639,65,148,232,28,166,299,209,60,30,341,94,34,108,105,8656,7992,173,4,11,476,141,17,124
2021,Northumberland Heath,E05011228,11144,1043,90,79,583,52,239,1338,1029,128,181,384,96,87,118,83,8059,7413,102,52,1,491,320,26,294
2021,St Mary's & St James (Bexley),E05011229,10748,734,48,152,351,30,153,468,320,103,45,333,101,36,100,96,9052,8433,143,16,15,445,161,12,149
2021,Sidcup,E05011230,15420,1080,94,225,477,61,223,855,565,179,111,600,177,101,174,148,12631,11578,164,27,18,844,254,20,234
2021,Slade Green & Northend,E05011231,12747,928,120,112,298,83,315,4012,3252,280,480,507,81,166,142,118,6985,6029,63,82,17,794,315,41,274
2021,Thamesmead East,E05011232,15925,1369,125,399,254,112,479,7237,5904,461,872,732,75,280,198,179,6122,4804,71,37,30,1180,465,65,400
2021,West Heath (Bexley),E05011233,15938,1994,63,158,1104,156,513,1187,866,190,131,459,134,99,110,116,11799,10863,188,30,6,712,499,25,474
2021,Aldborough,E05011234,15462,8284,1528,136,3110,1636,1874,1047,553,355,139,470,122,71,111,166,4591,2670,96,0,59,1766,1070,138,932
2021,Barkingside,E05011235,15327,9084,2378,188,3375,1840,1303,681,332,279,70,534,134,61,163,176,4029,2385,68,0,41,1535,999,88,911
2021,Bridge (Redbridge),E05011236,13390,2536,496,241,911,568,320,1055,477,426,152,866,190,103,276,297,8454,6428,241,8,33,1744,479,68,411
2021,Chadwell,E05011237,16527,7749,2557,78,2297,2024,793,2527,1439,794,294,797,163,120,210,304,4653,3163,117,4,18,1351,801,112,689
2021,Churchfields,E05011238,15710,3164,534,281,1181,735,433,1482,776,527,179,1005,266,150,221,368,9290,7211,259,3,35,1782,769,139,630
2021,Clayhall,E05011239,14423,9643,2120,160,3570,2451,1342,624,267,261,96,385,133,42,61,149,2803,1741,48,0,53,961,968,78,890
2021,Clementswood,E05011240,13505,9464,1715,29,2604,4293,823,1172,692,362,118,325,78,43,95,109,1682,672,42,12,73,883,862,99,763
2021,Cranbrook (Redbridge),E05011241,13236,8626,1842,74,3031,3047,632,762,354,317,91,367,126,31,57,153,2739,1382,85,5,56,1211,742,118,624
2021,Fairlop,E05011242,14715,4822,939,205,1880,1025,773,1158,653,376,129,626,145,73,234,174,7416,4973,80,5,103,2255,693,78,615
2021,Fullwell,E05011243,15408,6658,1054,143,2407,2006,1048,1543,771,579,193,615,156,59,157,243,5572,3937,110,12,57,1456,1020,197,823
2021,Goodmayes,E05011244,15260,9128,2118,69,3242,3126,573,1382,809,431,142,557,168,76,124,189,3228,1673,128,27,47,1353,965,115,850
2021,Hainault,E05011245,15704,3541,712,205,1109,1055,460,1700,1013,502,185,806,173,123,278,232,9041,6364,96,30,77,2474,616,57,559
2021,Ilford Town,E05011246,12327,7714,2048,63,3583,1637,383,1508,1092,284,132,406,78,99,88,141,2022,896,34,7,36,1049,677,133,544
2021,Loxford,E05011247,15123,8732,2041,63,1871,3772,985,2131,1323,561,247,554,93,80,206,175,2806,1025,75,22,47,1637,900,166,734
2021,Mayfield,E05011248,16286,10920,2076,60,3201,4700,883,1163,653,373,137,468,184,55,72,157,2823,1620,110,16,64,1013,912,98,814
2021,Monkhams,E05011249,9481,1863,216,158,915,339,235,415,239,118,58,498,236,37,99,126,6384,5164,211,2,26,981,321,33,288
2021,Newbury,E05011250,14460,9138,1923,84,2969,2392,1770,1121,580,424,117,408,127,56,109,116,2702,1351,81,7,68,1195,1091,76,1015
2021,Seven Kings,E05011251,15046,9047,2328,67,3461,2442,749,1313,714,413,186,487,148,86,94,159,3276,1529,114,11,70,1552,923,138,785
2021,South Woodford,E05011252,12832,3331,446,261,1302,979,343,631,280,252,99,718,255,97,126,240,7688,5657,295,0,46,1690,464,101,363
2021,Valentines,E05011253,15210,9532,2220,112,3698,2852,650,1429,906,376,147,418,134,64,86,134,3128,1468,101,2,32,1525,703,106,597
2021,Wanstead Park,E05011254,8063,1602,336,54,559,520,133,557,287,202,68,601,186,99,118,198,5041,4010,242,10,24,755,262,80,182
2021,Wanstead Village,E05011255,12764,2259,268,188,907,565,331,696,359,245,92,815,278,90,168,279,8610,6524,461,3,40,1582,384,45,339
2021,Alconbury,E05011256,3587,53,6,11,15,3,18,12,6,3,3,86,33,13,15,25,3421,3265,28,2,1,125,15,3,12
2021,Brampton (Huntingdonshire),E05011257,9127,539,14,49,180,74,222,257,193,32,32,303,98,51,59,95,7925,7208,76,10,2,629,103,25,78
2021,Buckden,E05011258,3391,32,1,9,16,0,6,26,16,4,6,64,25,6,5,28,3252,3137,24,4,0,87,17,1,16
2021,Fenstanton,E05011259,4064,52,0,8,22,0,22,27,21,2,4,85,31,5,18,31,3882,3659,26,3,2,192,18,0,18
2021,Godmanchester & Hemingford Abbots,E05011260,9896,196,11,37,77,14,57,178,132,23,23,260,97,33,57,73,9196,8456,86,9,5,640,66,10,56
2021,Great Paxton,E05011261,3102,43,1,10,17,11,4,12,4,7,1,46,21,4,10,11,2995,2855,19,2,1,118,6,1,5
2021,Great Staughton,E05011262,4376,94,12,8,28,21,25,86,38,24,24,91,23,13,25,30,4086,3875,51,15,6,139,19,1,18
2021,Hemingford Grey & Houghton,E05011263,6540,133,8,10,37,23,55,53,40,6,7,129,26,20,37,46,6192,5861,54,4,3,270,33,5,28
2021,Holywell-cum-Needingworth,E05011264,6797,70,4,11,25,1,29,25,11,12,2,88,31,21,14,22,6601,6344,42,10,0,205,13,0,13
2021,Huntingdon East,E05011265,6939,287,18,23,62,89,95,141,96,22,23,167,47,17,54,49,6281,5472,61,8,12,728,63,5,58
2021,Huntingdon North,E05011266,12701,1017,64,51,314,304,284,515,425,46,44,404,81,82,132,109,10609,8155,67,39,18,2330,156,27,129
2021,Kimbolton,E05011267,3417,40,1,12,18,2,7,26,16,7,3,66,30,6,12,18,3271,3128,18,0,0,125,14,2,12
2021,Ramsey,E05011268,10542,166,16,32,45,9,64,102,59,28,15,136,52,15,35,34,10096,9625,38,30,5,398,42,6,36
2021,St Ives East,E05011269,6629,407,90,29,78,137,73,99,70,21,8,159,55,23,43,38,5904,5366,31,5,11,491,60,8,52
2021,St Ives South,E05011270,7786,646,82,50,117,319,78,82,58,15,9,164,49,27,29,59,6818,6198,75,13,2,530,76,8,68
2021,St Ives West,E05011271,2967,141,30,5,24,69,13,28,14,4,10,68,30,5,9,24,2715,2569,11,0,4,131,15,1,14
2021,St Neots East,E05011272,4142,211,9,58,96,8,40,103,55,29,19,179,57,32,42,48,3615,3153,37,38,3,384,34,6,28
2021,St Neots Eatons,E05011273,10976,198,10,28,76,24,60,68,38,20,10,196,56,40,58,42,10435,9733,124,5,9,564,79,9,70
2021,St Neots Eynesbury,E05011274,11651,269,11,59,95,18,86,155,92,38,25,271,58,53,75,85,10848,10048,61,15,9,715,108,25,83
2021,St Neots Priory Park & Little Paxton,E05011275,10673,258,20,48,68,27,95,92,65,15,12,206,75,40,46,45,10067,9509,73,15,9,461,50,7,43
2021,Sawtry,E05011276,6595,76,0,21,31,4,20,64,39,17,8,128,44,21,21,42,6297,6005,33,12,3,244,30,2,28
2021,Somersham,E05011277,3676,46,0,11,18,11,6,27,14,11,2,57,14,7,14,22,3536,3379,21,11,7,118,10,1,9
2021,"Stilton, Folksworth & Washingley",E05011278,6475,113,4,10,54,20,25,40,30,4,6,98,37,4,28,29,6187,5885,46,5,1,250,37,3,34
2021,The Stukeleys,E05011279,5951,360,6,40,156,33,125,214,119,40,55,225,57,41,40,87,5057,4221,70,5,5,756,95,7,88
2021,Warboys,E05011280,7639,89,1,19,23,11,35,71,38,13,20,117,37,13,39,28,7338,7040,37,6,3,252,24,2,22
2021,Yaxley,E05011281,11199,223,1,39,92,32,59,139,79,37,23,257,57,40,88,72,10492,9939,48,8,8,489,88,4,84
2021,Balsham,E05011282,3591,47,4,8,18,5,12,13,10,3,0,59,27,3,12,17,3453,3283,30,1,0,139,19,2,17
2021,Bar Hill,E05011283,3900,184,31,56,42,9,46,60,45,4,11,98,29,19,22,28,3492,2902,30,4,2,554,66,3,63
2021,Barrington,E05011284,3418,43,1,8,15,2,17,11,9,1,1,70,26,7,21,16,3279,3105,18,7,2,147,15,2,13
2021,Bassingbourn,E05011285,4114,79,3,5,23,5,43,43,21,18,4,51,21,3,17,10,3924,3729,32,4,5,154,17,1,16
2021,Caldecote,E05011286,3490,182,4,51,66,29,32,41,22,6,13,84,39,8,11,26,3160,2900,28,12,0,220,23,4,19
2021,Cottenham,E05011289,6782,197,0,32,74,12,79,52,38,6,8,173,81,32,18,42,6320,5768,44,34,10,464,40,9,31
2021,Fen Ditton & Fulbourn,E05011291,10644,1292,48,192,701,79,272,170,126,28,16,307,129,45,36,97,8668,7319,161,6,25,1157,207,73,134
2021,Foxton,E05011292,3433,49,0,4,23,5,17,20,12,6,2,93,31,8,24,30,3265,3074,16,0,2,173,6,0,6
2021,Gamlingay,E05011293,3747,38,0,9,8,3,18,12,3,4,5,60,21,3,21,15,3631,3527,13,13,0,78,6,0,6
2021,Girton,E05011294,5301,348,19,99,116,47,67,61,43,6,12,171,65,27,14,65,4616,3981,75,1,11,548,105,22,83
2021,Hardwick,E05011295,3228,139,2,37,65,11,24,27,15,9,3,107,52,12,16,27,2921,2636,21,6,3,255,34,5,29
2021,Harston & Comberton,E05011296,10575,871,38,259,354,62,158,128,87,23,18,348,173,63,38,74,9099,8025,112,27,9,926,129,27,102
2021,Histon & Impington,E05011297,11427,771,53,167,303,98,150,210,144,38,28,414,156,43,78,137,9895,8355,139,33,31,1337,137,36,101
2021,Linton (South Cambridgeshire),E05011298,7230,151,8,41,63,8,31,43,32,7,4,117,47,16,13,41,6884,6457,50,6,8,363,35,3,32
2021,Melbourn,E05011300,8279,145,6,38,56,9,36,50,36,13,1,171,59,25,31,56,7844,7352,68,62,3,359,69,8,61
2021,Milton & Waterbeach,E05011301,10926,733,30,174,352,30,147,161,123,19,19,342,135,38,61,108,9510,8043,88,143,17,1219,180,32,148
2021,Shelford,E05011304,7307,432,7,112,176,37,100,70,62,4,4,303,118,44,29,112,6396,5646,93,4,3,650,106,14,92
2021,Swavesey,E05011305,3781,112,5,22,42,19,24,24,17,5,2,97,51,9,17,20,3512,3236,17,18,6,235,36,1,35
2021,The Mordens,E05011306,3350,25,0,6,16,1,2,9,7,2,0,50,21,1,17,11,3249,3103,33,4,0,109,17,7,10
2021,Whittlesford,E05011307,3103,95,6,24,43,1,21,37,26,10,1,76,40,10,13,13,2880,2650,30,0,2,198,15,1,14
2021,"Adderbury, Bloxham and Bodicote",E05011348,10003,170,2,40,58,27,43,67,34,16,17,219,65,46,48,60,9498,9058,60,20,2,358,49,7,42
2021,Banbury Calthorpe and Easington,E05011349,11655,680,18,58,317,173,114,191,130,35,26,358,120,76,75,87,10323,9442,90,11,12,768,103,14,89
2021,Ancoats & Beswick,E05011350,14827,1851,59,879,350,290,273,1443,1064,194,185,799,206,142,250,201,10015,8367,229,25,26,1368,719,434,285
2021,Ardwick,E05011351,21042,7027,786,1706,1392,2198,945,4056,2926,636,494,1202,276,259,378,289,6925,5194,290,16,33,1392,1832,916,916
2021,Baguley,E05011352,16064,1151,28,126,484,347,166,1293,826,357,110,747,98,155,353,141,12442,11276,170,21,20,955,431,173,258
2021,Brooklands (Manchester),E05011353,15236,1221,37,194,459,326,205,624,393,146,85,659,79,92,342,146,12295,11356,160,8,4,767,437,231,206
2021,Burnage,E05011354,18506,6030,697,148,439,4405,341,895,427,321,147,1029,200,155,435,239,9652,8483,582,9,8,570,900,559,341
2021,Charlestown,E05011355,17471,1439,51,337,185,630,236,3264,2679,215,370,776,118,241,293,124,11673,10624,184,6,25,834,319,112,207
2021,Cheetham,E05011356,21474,10329,131,376,670,7890,1262,2478,1938,277,263,1068,265,253,276,274,5734,4117,158,77,54,1328,1865,1006,859
2021,Chorlton,E05011357,12846,1479,46,76,249,988,120,334,107,173,54,571,202,80,135,154,10275,9044,450,5,10,766,187,86,101
2021,Chorlton Park,E05011358,17593,3438,104,153,341,2567,273,1028,503,391,134,1211,276,144,445,346,11095,9722,487,11,14,861,821,529,292
2021,Clayton & Openshaw,E05011359,20024,2135,73,614,152,949,347,5188,4189,375,624,1219,161,379,459,220,10524,9015,213,47,44,1205,958,490,468
2021,Crumpsall,E05011360,18196,8815,116,106,662,6991,940,1293,986,200,107,651,180,110,182,179,5908,4433,191,17,27,1240,1529,662,867
2021,Deansgate,E05011361,13696,3127,41,1946,501,297,342,349,241,83,25,611,176,80,127,228,8610,6719,222,4,65,1600,999,688,311
2021,Didsbury East,E05011362,14708,2323,227,243,434,1239,180,265,136,98,31,684,271,86,120,207,10886,9460,568,12,18,828,550,335,215
2021,Didsbury West,E05011363,15086,1336,77,199,458,348,254,297,157,97,43,747,282,95,136,234,12167,10509,489,14,30,1125,539,278,261
2021,Fallowfield,E05011364,14870,2871,252,156,742,1362,359,1453,977,278,198,1022,266,155,334,267,8401,7153,391,8,22,827,1123,708,415
2021,Gorton & Abbey Hey,E05011365,20987,3061,270,351,274,1791,375,4281,3329,462,490,1198,176,323,455,244,11488,9786,248,36,29,1389,959,364,595
2021,Harpurhey,E05011366,19992,2559,50,483,209,1265,552,5181,4347,255,579,1101,132,394,378,197,10329,8647,216,34,9,1423,822,345,477
2021,Higher Blackley,E05011367,15568,1464,48,128,156,919,213,1903,1546,118,239,621,120,162,217,122,11177,10023,227,22,16,889,403,170,233
2021,Hulme,E05011368,19486,2407,98,714,495,591,509,3133,2042,798,293,1392,261,249,531,351,11235,9162,363,14,43,1653,1319,749,570
2021,Levenshulme,E05011369,19648,8864,920,75,360,7173,336,1444,873,408,163,874,253,146,253,222,7382,6093,498,13,22,756,1084,510,574
2021,Longsight,E05011370,20872,11266,2333,118,305,8126,384,3115,2069,544,502,884,211,182,319,172,4804,3857,204,31,25,687,803,336,467
2021,Miles Platting & Newton Heath,E05011371,19273,1630,66,628,174,459,303,3541,2882,218,441,1045,117,279,469,180,12521,11254,267,40,20,940,536,232,304
2021,Moss Side (Manchester),E05011372,21273,4992,580,249,951,2450,762,7181,5058,1489,634,1345,228,304,447,366,5146,3874,198,8,37,1029,2609,1538,1071
2021,Moston,E05011373,18816,1551,57,579,180,546,189,3430,2841,192,397,872,86,319,310,157,12565,11542,218,15,18,772,398,149,249
2021,Northenden,E05011374,15066,1072,54,110,345,401,162,897,589,175,133,760,109,145,366,140,11838,10678,176,18,24,942,499,254,245
2021,Old Moat,E05011375,15364,2353,279,109,489,1142,334,891,524,274,93,1004,210,164,376,254,10045,8677,430,18,22,898,1071,562,509
2021,Piccadilly,E05011376,11662,1891,21,1110,385,140,235,459,313,107,39,629,205,92,179,153,8118,6097,210,8,64,1739,565,295,270
2021,Rusholme,E05011377,17438,7740,1746,248,913,4234,599,1294,933,263,98,797,278,122,158,239,6554,5140,272,21,33,1088,1053,607,446
2021,Sharston,E05011378,17446,1514,72,99,639,547,157,1124,747,212,165,818,116,180,357,165,13547,12257,181,6,10,1093,443,234,209
2021,Whalley Range,E05011379,16558,4725,105,174,490,3671,285,2434,1373,836,225,1017,196,229,300,292,6875,5452,286,15,26,1096,1507,938,569
2021,Withington,E05011380,15438,2423,221,157,525,1266,254,538,319,135,84,946,291,120,280,255,10828,9355,503,12,30,928,703,394,309
2021,Woodhouse Park,E05011381,15413,1030,31,48,451,329,171,795,530,143,122,716,99,155,326,136,12567,11202,160,8,53,1144,305,152,153
2021,Ardsley & Robin Hood,E05011384,23427,687,23,154,306,142,62,267,177,64,26,397,134,50,154,59,21971,21420,105,25,2,419,105,23,82
2021,Armley,E05011385,26727,2542,35,135,432,1569,371,2203,1723,268,212,1060,258,246,371,185,20272,17240,180,52,135,2665,650,236,414
2021,Bramley & Stanningley,E05011387,24017,499,2,66,166,175,90,753,582,75,96,647,126,95,286,140,21880,20732,127,6,32,983,238,81,157
2021,Burmantofts & Richmond Hill,E05011388,28525,2637,116,192,476,724,1129,6531,5351,482,698,1558,234,441,602,281,16332,13877,182,70,129,2074,1467,363,1104
2021,Calverley & Farsley,E05011389,24596,3407,47,84,1385,1708,183,248,177,44,27,583,210,75,189,109,19862,19229,149,6,6,472,496,79,417
2021,Chapel Allerton,E05011390,24966,4360,708,173,962,1811,706,4243,1560,2061,622,1695,357,183,825,330,13720,11747,330,57,105,1481,948,244,704
2021,Cross Gates & Whinmoor,E05011391,24841,1156,29,89,488,385,165,502,353,98,51,729,186,143,305,95,22302,21489,219,9,24,561,152,42,110
2021,Gipton & Harehills,E05011394,30880,11799,2074,183,928,6998,1616,5364,3902,831,631,1358,260,234,609,255,10666,7315,204,197,494,2456,1693,231,1462
2021,Guiseley & Rawdon,E05011395,24628,508,8,97,197,109,97,140,68,50,22,498,185,45,147,121,23372,22729,161,14,4,464,110,32,78
2021,Harewood (Leeds),E05011396,18524,647,8,59,361,159,60,96,49,33,14,362,160,38,90,74,17248,16689,198,0,0,361,171,22,149
2021,Headingley & Hyde Park,E05011397,31177,3103,79,371,936,1170,547,1364,938,309,117,1675,582,208,465,420,24197,21958,442,8,52,1737,838,277,561
2021,Hunslet & Riverside,E05011399,26472,5623,1295,383,1094,2371,480,3861,3183,253,425,1061,264,290,296,211,14864,12008,199,64,104,2489,1063,345,718
2021,Killingbeck & Seacroft,E05011400,26678,1985,74,183,585,765,378,1801,1260,266,275,1178,167,193,605,213,21368,19817,260,16,19,1256,346,105,241
2021,Kippax & Methley,E05011401,22559,182,3,48,78,32,21,166,118,24,24,302,81,27,123,71,21864,21470,101,11,6,276,45,12,33
2021,Kirkstall,E05011402,22234,2174,38,178,433,1059,466,1001,691,219,91,1093,285,179,393,236,17110,15653,255,10,36,1156,856,368,488
2021,Little London & Woodhouse,E05011403,31070,6789,125,2665,1392,1301,1306,3751,2886,506,359,1561,480,221,452,408,16647,13903,242,15,81,2406,2322,1178,1144
2021,Middleton Park,E05011404,29605,893,24,199,292,192,186,2491,2042,122,327,866,171,194,364,137,25033,22670,123,59,59,2122,322,94,228
2021,Moortown,E05011405,23798,4647,69,333,1901,1864,480,916,420,384,112,1101,355,129,363,254,16387,14844,383,10,6,1144,747,162,585
2021,Morley North,E05011406,23304,924,20,151,528,121,104,237,158,50,29,429,118,59,161,91,21585,20907,123,25,5,525,129,29,100
2021,Morley South,E05011407,23992,1086,9,184,622,149,122,369,254,72,43,542,162,66,207,107,21792,20861,125,11,18,777,203,58,145
2021,Pudsey,E05011409,25393,1279,48,178,471,474,108,212,142,45,25,494,170,64,178,82,23195,22380,143,7,11,654,213,54,159
2021,Rothwell,E05011410,20570,354,7,57,182,38,70,167,112,35,20,405,108,45,185,67,19537,18936,161,21,7,412,107,26,81
2021,Roundhay,E05011411,23805,5421,313,259,1316,2894,639,966,362,448,156,1192,387,134,376,295,15497,14083,372,9,67,966,729,184,545
2021,Weetwood,E05011413,21876,1994,37,219,570,642,526,482,285,132,65,876,299,91,289,197,17614,16352,260,7,23,972,910,427,483
2021,Wetherby,E05011414,21614,283,1,36,92,114,40,147,68,66,13,317,116,20,123,58,20813,20256,185,19,12,341,54,18,36
2021,Audley,E05011415,8326,79,1,17,22,11,28,22,15,4,3,78,21,11,27,19,8126,8001,16,6,2,101,21,10,11
2021,Bradwell (Newcastle-under-Lyme),E05011416,8269,190,19,44,48,26,53,49,23,12,14,114,31,10,54,19,7879,7737,26,2,2,112,37,1,36
2021,Clayton,E05011417,2855,142,15,16,41,21,49,9,7,2,0,47,16,7,18,6,2629,2536,13,0,2,78,28,10,18
2021,Crackley & Red Street,E05011418,5961,257,32,33,99,44,49,55,44,4,7,86,34,15,22,15,5544,5325,9,2,5,203,19,4,15
2021,Cross Heath,E05011419,5492,367,12,37,195,34,89,101,62,24,15,116,37,17,32,30,4846,4581,11,2,6,246,62,7,55
2021,Holditch & Chesterton,E05011420,5735,94,4,13,31,11,35,59,43,10,6,66,13,8,30,15,5498,5209,9,2,6,272,18,1,17
2021,Keele,E05011421,2883,445,11,63,171,121,79,169,135,16,18,129,45,14,28,42,2076,1876,36,0,0,164,64,18,46
2021,Kidsgrove & Ravenscliffe,E05011422,9000,105,0,31,8,39,27,35,16,15,4,110,36,21,39,14,8725,8591,13,12,2,107,25,1,24
2021,Knutton,E05011423,2928,60,2,4,12,10,32,25,16,7,2,53,20,4,22,7,2768,2588,6,8,1,165,22,3,19
2021,Loggerheads,E05011424,4262,50,0,6,26,10,8,19,14,5,0,53,15,9,21,8,4129,4061,24,0,1,43,11,2,9
2021,Madeley & Betley,E05011425,5450,41,1,7,10,2,21,27,17,2,8,95,29,15,31,20,5276,5191,24,0,0,61,11,3,8
2021,Maer & Whitmore,E05011426,2675,103,1,19,44,16,23,17,12,4,1,31,4,2,13,12,2513,2472,18,0,1,22,11,2,9
2021,May Bank,E05011427,8582,238,21,20,83,79,35,46,29,14,3,176,56,24,63,33,8064,7837,12,5,12,198,58,15,43
2021,Newchapel & Mow Cop,E05011428,5729,40,4,8,7,11,10,11,3,7,1,58,16,7,30,5,5616,5577,13,0,0,26,4,2,2
2021,Silverdale (Newcastle-under-Lyme),E05011429,5740,131,16,24,35,33,23,67,47,14,6,89,32,13,31,13,5419,5235,13,2,1,168,34,1,33
2021,Talke & Butt Lane,E05011430,8736,88,4,16,21,18,29,40,28,9,3,101,21,9,56,15,8489,8323,12,1,1,152,18,0,18
2021,Thistleberry,E05011431,5649,486,18,66,188,117,97,100,79,12,9,122,49,15,25,33,4864,4642,17,11,5,189,77,12,65
2021,Town (Newcastle-under-Lyme),E05011432,5600,593,78,85,151,123,156,236,197,28,11,161,68,16,33,44,4445,4109,26,4,7,299,165,58,107
2021,Westbury Park & Northwood,E05011433,4902,366,5,44,210,31,76,64,47,12,5,49,21,6,11,11,4380,4245,13,1,0,121,43,15,28
2021,Westlands,E05011434,8362,613,16,65,251,146,135,76,60,9,7,146,59,15,43,29,7428,7185,35,9,4,195,99,28,71
2021,Wolstanton,E05011435,6145,146,8,17,54,42,25,56,37,10,9,113,51,15,31,16,5808,5628,16,3,3,158,22,1,21
2021,Arthur's Hill,E05011436,13278,3610,814,626,631,919,620,1080,1007,24,49,449,159,55,66,169,7090,5898,87,22,140,943,1049,464,585
2021,Benwell & Scotswood,E05011437,13004,1481,489,94,228,382,288,452,364,19,69,264,112,51,38,63,10482,9811,36,48,29,558,325,102,223
2021,Blakelaw,E05011438,11467,1018,150,168,190,202,308,620,497,8,115,180,61,57,17,45,9120,8433,32,8,22,625,529,297,232
2021,Byker,E05011439,12035,536,26,91,152,83,184,1308,1168,15,125,450,83,146,48,173,9432,8487,45,8,45,847,309,118,191
2021,Callerton & Throckley,E05011440,10510,347,14,39,164,84,46,92,76,3,13,137,53,18,32,34,9838,9636,36,3,1,162,96,60,36
2021,Castle (Newcastle upon Tyne),E05011441,14200,1176,97,259,519,164,137,197,169,8,20,345,155,64,33,93,12087,11732,60,6,7,282,395,268,127
2021,Chapel,E05011442,9327,195,28,32,80,26,29,10,9,0,1,43,26,4,6,7,9067,8971,34,0,6,56,12,4,8
2021,Dene & South Gosforth,E05011443,9651,976,82,135,326,304,129,152,125,14,13,251,125,35,16,75,8052,7524,98,1,10,419,220,122,98
2021,Denton & Westerhope,E05011444,12385,331,34,67,76,66,88,303,232,9,62,207,59,90,24,34,11491,11248,37,11,1,194,53,18,35
2021,Elswick,E05011445,16126,5675,3191,165,418,1195,706,1569,1378,26,165,461,152,100,70,139,7008,5075,52,141,424,1316,1413,421,992
2021,Fawdon & West Gosforth,E05011446,9908,771,89,160,248,142,132,219,188,11,20,213,72,59,16,66,8477,8060,50,1,15,351,228,93,135
2021,Gosforth (Newcastle upon Tyne),E05011447,10542,879,55,124,317,269,114,84,67,8,9,244,138,18,27,61,9147,8573,146,5,3,420,188,101,87
2021,Heaton (Newcastle upon Tyne),E05011448,10594,1034,136,95,397,247,159,141,114,12,15,313,120,62,46,85,8939,8170,161,7,13,588,167,85,82
2021,Kenton (Newcastle upon Tyne),E05011449,11527,730,118,159,158,128,167,412,376,6,30,261,134,60,22,45,9791,9202,51,2,45,491,333,185,148
2021,Kingston Park South & Newbiggin Hall,E05011450,10749,415,24,132,75,74,110,217,189,5,23,135,47,43,19,26,9748,9508,26,3,2,209,234,164,70
2021,Lemington,E05011451,10205,192,18,15,56,47,56,93,70,3,20,102,33,26,14,29,9777,9631,33,3,4,106,41,12,29
2021,Manor Park (Newcastle upon Tyne),E05011452,9442,1183,199,232,388,254,110,118,83,14,21,197,81,47,20,49,7769,7365,62,5,10,327,175,61,114
2021,Monument,E05011453,13617,2862,76,1644,496,179,467,694,609,49,36,448,166,66,71,145,8851,7259,149,0,38,1405,762,487,275
2021,North Jesmond,E05011454,10579,598,12,127,280,87,92,79,59,15,5,316,153,29,46,88,9457,8846,176,6,28,401,129,38,91
2021,Ouseburn (Newcastle upon Tyne),E05011455,12642,1230,51,330,392,134,323,470,411,29,30,438,123,61,91,163,10092,9029,148,3,29,883,412,157,255
2021,Parklands,E05011456,11760,1120,231,153,434,187,115,134,118,10,6,290,127,46,33,84,10009,9559,98,1,4,347,207,110,97
2021,South Jesmond,E05011457,9786,499,19,147,168,61,104,99,79,15,5,328,133,43,54,98,8665,7897,164,1,13,590,195,94,101
2021,Walker,E05011458,11824,411,54,62,50,49,196,505,419,23,63,209,39,67,32,71,10347,9848,15,9,20,455,352,215,137
2021,Walkergate,E05011459,12407,393,15,65,88,64,161,231,183,3,45,169,55,51,23,40,11347,11044,30,12,5,256,267,53,214
2021,West Fenham,E05011460,10874,1713,310,151,361,697,194,205,178,5,22,194,91,37,19,47,8400,8030,28,3,32,307,362,155,207
2021,Wingrove,E05011461,11666,4744,911,105,613,2709,406,439,390,5,44,271,99,46,29,97,5513,4731,41,19,82,640,699,290,409
2021,Addiscombe East,E05011462,11459,1637,87,107,720,354,369,2279,941,1031,307,986,223,112,302,349,6158,4730,243,4,26,1155,399,84,315
2021,Addiscombe West,E05011463,16210,3201,139,250,1610,554,648,3301,1529,1351,421,1393,284,174,545,390,7617,5094,202,7,56,2258,698,125,573
2021,Bensham Manor,E05011464,16937,4451,163,108,1665,1504,1011,6058,2372,2873,813,1253,165,225,426,437,4377,2339,105,12,78,1843,798,91,707
2021,Broad Green,E05011465,20224,6609,270,169,2680,1417,2073,5761,2862,2057,842,1410,192,245,528,445,5309,3157,200,25,150,1777,1135,164,971
2021,Coulsdon Town,E05011466,15416,2412,87,229,1235,370,491,1598,691,715,192,997,270,130,282,315,10049,8877,244,5,10,913,360,64,296
2021,Crystal Palace & Upper Norwood,E05011467,16352,1322,94,138,445,296,349,3410,1492,1463,455,1430,290,191,488,461,9570,7169,341,8,58,1994,620,71,549
2021,Fairfield (Croydon),E05011468,15351,2922,132,293,1463,429,605,3514,1911,1215,388,1347,227,271,429,420,6742,3709,151,10,93,2779,826,143,683
2021,Kenley,E05011469,10985,1398,56,97,751,252,242,1012,485,371,156,733,228,87,224,194,7575,6726,193,8,10,638,267,39,228
2021,New Addington North,E05011470,10935,708,49,24,163,165,307,3704,2239,921,544,759,68,123,392,176,5460,4915,63,23,6,453,304,49,255
2021,New Addington South,E05011471,11323,657,30,35,248,143,201,2469,1541,596,332,674,96,110,277,191,7309,6635,78,7,2,587,214,27,187
2021,Norbury & Pollards Hill,E05011472,12148,3119,260,96,1155,1071,537,3055,1114,1491,450,915,143,183,269,320,4378,2418,132,0,52,1776,681,74,607
2021,Norbury Park,E05011473,10827,3269,293,136,1268,1119,453,2376,888,1201,287,757,124,122,237,274,3930,2444,185,3,41,1257,495,87,408
2021,Old Coulsdon,E05011474,10112,765,31,84,382,87,181,758,302,343,113,675,209,72,219,175,7780,7155,176,4,8,437,134,14,120
2021,Park Hill & Whitgift,E05011475,5788,2158,47,84,1495,239,293,702,404,222,76,293,107,38,65,83,2348,1707,47,0,30,564,287,61,226
2021,Purley & Woodcote,E05011476,15183,3056,92,199,1528,587,650,1781,779,725,277,1146,337,148,324,337,8649,7210,235,4,32,1168,551,91,460
2021,Purley Oaks & Riddlesdown,E05011477,9719,1878,87,126,876,340,449,1242,520,507,215,668,210,74,196,188,5694,4774,156,2,17,745,237,39,198
2021,Sanderstead,E05011478,15774,2191,78,188,1179,340,406,1036,487,376,173,994,353,123,262,256,11248,10241,233,3,10,761,305,52,253
2021,Selhurst,E05011479,13186,2448,143,114,1031,571,589,4704,2029,1967,708,1179,114,185,458,422,4150,2685,118,5,88,1254,705,116,589
2021,Selsdon & Addington Village,E05011480,9930,1630,49,106,804,321,350,1427,681,526,220,598,177,65,160,196,6000,5306,120,1,3,570,275,31,244
2021,Selsdon Vale & Forestdale,E05011481,10013,1005,55,60,477,169,244,957,542,305,110,592,147,94,219,132,7263,6634,95,2,8,524,196,24,172
2021,Shirley North,E05011482,15403,2199,150,183,955,346,565,2715,1123,1230,362,1127,235,120,459,313,8869,7697,220,9,23,920,493,62,431
2021,Shirley South (Croydon),E05011483,10625,1411,112,73,618,262,346,2173,1115,723,335,681,131,111,246,193,5989,5245,147,1,6,590,371,34,337
2021,South Croydon,E05011484,18063,2725,118,243,1214,436,714,3073,1495,1149,429,1479,344,221,451,463,10143,7532,291,12,64,2244,643,79,564
2021,South Norwood,E05011485,16446,1486,113,137,423,341,472,5923,2605,2443,875,1561,221,260,640,440,6828,4679,185,7,59,1898,648,76,572
2021,Thornton Heath,E05011486,18000,2115,138,111,572,679,615,7234,3048,3292,894,1533,197,280,537,519,6156,3831,209,10,68,2038,962,141,821
2021,Waddon,E05011487,18686,3311,221,318,1255,572,945,4637,2278,1698,661,1592,245,189,613,545,8333,5912,195,10,56,2160,813,142,671
2021,West Thornton,E05011488,18765,6870,297,114,2892,1959,1608,5770,2310,2738,722,1200,158,253,384,405,3867,2145,101,19,34,1568,1058,205,853
2021,Woodside (Croydon),E05011489,16869,1539,161,132,455,422,369,5763,2436,2573,754,1775,250,248,745,532,7204,5303,267,17,36,1581,588,74,514
2021,Audley & Queen's Park,E05011508,10902,7887,174,29,3293,4279,112,121,93,12,16,255,150,16,22,67,2447,2124,29,7,10,277,192,94,98
2021,Bastwell & Daisyfield,E05011509,9015,7716,298,13,2884,4373,148,31,24,2,5,150,83,13,5,49,933,780,8,1,11,133,185,69,116
2021,Billinge & Beardwood,E05011510,9484,6320,105,20,3265,2787,143,49,40,8,1,179,96,10,10,63,2721,2561,39,0,9,112,215,112,103
2021,Blackburn Central,E05011511,9279,4347,140,34,1824,2149,200,341,281,20,40,214,116,10,29,59,4105,3390,36,8,21,650,272,90,182
2021,Blackburn South & Lower Darwen,E05011512,7887,316,30,26,99,138,23,36,22,12,2,97,49,5,18,25,7414,7222,26,2,0,164,24,8,16
2021,Blackburn South East,E05011513,10283,1301,52,39,570,560,80,105,54,40,11,194,91,30,22,51,8563,7710,34,16,15,788,120,74,46
2021,Darwen East,E05011514,9956,961,28,60,130,702,41,72,49,11,12,166,74,16,41,35,8698,8329,47,7,6,309,59,17,42
2021,Darwen South,E05011515,8200,220,2,30,51,124,13,13,10,1,2,95,41,14,23,17,7843,7682,31,1,0,129,29,14,15
2021,Darwen West,E05011516,8334,215,10,18,45,118,24,47,27,6,14,114,45,18,25,26,7916,7731,43,5,3,134,42,3,39
2021,Ewood,E05011517,9585,786,16,23,217,478,52,136,109,11,16,153,50,17,53,33,8402,7925,38,23,13,403,108,37,71
2021,Little Harwood & Whitebirk,E05011518,9313,5862,192,25,3182,2335,128,83,57,15,11,221,139,12,10,60,2937,2573,21,0,3,340,210,70,140
2021,Livesey with Pleasington,E05011519,8077,218,2,7,133,63,13,17,13,2,2,79,32,14,16,17,7741,7610,65,0,1,65,22,11,11
2021,Mill Hill & Moorgate,E05011520,8346,346,19,14,92,207,14,69,58,3,8,113,48,12,29,24,7740,7331,58,16,12,323,78,27,51
2021,Roe Lee,E05011521,9250,4262,106,20,1831,2242,63,46,37,5,4,220,131,20,16,53,4608,4415,33,3,10,147,114,39,75
2021,Shear Brow & Corporation Park,E05011522,9360,8048,113,15,5010,2760,150,67,59,4,4,122,79,7,2,34,927,798,10,1,6,112,196,59,137
2021,Wensley Fold,E05011523,9501,6268,188,20,1724,4165,171,160,123,12,25,156,78,8,29,41,2638,2193,29,1,21,394,279,112,167
2021,West Pennine,E05011524,7946,102,0,2,39,46,15,3,1,2,0,65,28,8,18,11,7759,7626,43,9,0,81,17,1,16
2021,Avenue (Kingston upon Hull),E05011525,12701,823,318,88,122,150,145,319,258,12,49,355,93,104,62,96,10834,9407,59,32,22,1314,370,68,302
2021,Beverley & Newland,E05011526,15637,546,55,150,59,102,180,544,510,13,21,370,134,54,64,118,13727,11047,28,50,74,2528,450,141,309
2021,Boothferry,E05011527,11840,181,34,20,41,32,54,53,43,5,5,134,42,27,37,28,11365,11011,19,5,5,325,107,14,93
2021,Bricknell,E05011528,8494,303,49,55,66,88,45,92,77,12,3,124,32,33,27,32,7882,7627,14,0,6,235,93,38,55
2021,Central (Kingston upon Hull),E05011529,10859,1074,396,104,70,163,341,497,423,13,61,359,121,89,45,104,8168,5803,23,96,31,2215,761,228,533
2021,Derringham,E05011530,11768,128,6,21,35,8,58,50,37,5,8,121,23,37,29,32,11381,11134,28,1,1,217,88,20,68
2021,Drypool,E05011531,12053,510,38,128,111,136,97,177,147,14,16,204,79,39,35,51,10943,9992,22,80,9,840,219,73,146
2021,Holderness,E05011532,11997,141,36,21,36,17,31,33,26,4,3,95,33,14,24,24,11692,11365,20,2,8,297,36,7,29
2021,Ings,E05011533,9313,77,11,23,7,4,32,33,29,3,1,117,25,18,44,30,9067,8909,10,0,6,142,19,3,16
2021,Kingswood (Kingston upon Hull),E05011534,9902,209,14,38,69,34,54,146,130,4,12,155,49,37,34,35,9313,8974,12,4,4,319,79,20,59
2021,Longhill & Bilton Grange,E05011535,12854,60,9,11,19,9,12,90,61,6,23,129,26,40,22,41,12524,12025,19,21,0,459,51,10,41
2021,Marfleet,E05011536,13732,92,14,6,21,11,40,158,119,9,30,164,36,37,39,52,13218,12397,14,8,9,790,100,33,67
2021,Newington & Gipsyville,E05011537,17025,658,41,154,140,61,262,414,346,22,46,374,95,89,70,120,15222,12811,16,32,34,2329,357,62,295
2021,North Carr,E05011538,14854,95,3,17,30,26,19,138,95,27,16,205,45,42,70,48,14350,13847,13,4,0,486,66,29,37
2021,Orchard Park,E05011539,16066,209,25,34,12,60,78,419,354,10,55,282,45,95,73,69,14815,12964,17,14,4,1816,341,112,229
2021,Pickering (Kingston upon Hull),E05011540,8425,117,19,20,20,18,40,85,62,8,15,112,42,15,29,26,8025,7712,12,4,3,294,86,47,39
2021,St Andrew's & Docklands,E05011541,16704,1145,81,93,119,193,659,973,865,20,88,442,101,132,64,145,13038,10062,23,34,25,2894,1106,357,749
2021,Southcoates,E05011542,15065,326,65,32,152,30,47,155,104,17,34,178,32,61,43,42,14322,13334,27,39,27,895,84,14,70
2021,Sutton (Kingston upon Hull),E05011543,13398,60,1,8,13,9,29,54,39,4,11,117,31,26,30,30,13136,12843,17,8,1,267,31,5,26
2021,University (Kingston upon Hull),E05011544,11801,688,68,198,112,133,177,578,530,15,33,323,56,116,62,89,9765,8792,48,12,20,893,447,141,306
2021,West Carr,E05011545,12526,79,0,14,7,7,51,57,44,5,8,149,31,37,44,37,12199,11903,14,4,0,278,42,18,24
2021,Horsforth,E05011547,24308,1052,15,289,402,175,171,245,153,60,32,734,291,62,211,170,21931,21030,196,8,20,677,346,108,238
2021,Otley & Yeadon,E05011549,22584,294,0,58,129,44,63,114,59,36,19,368,100,38,152,78,21752,21142,184,12,2,412,56,12,44
2021,Balderton North & Coddington,E05011552,6682,62,10,9,18,2,23,39,19,17,3,73,27,7,24,15,6493,6215,35,8,6,229,15,2,13
2021,Beacon (Newark and Sherwood),E05011553,9217,149,11,42,45,7,44,71,39,24,8,176,54,29,56,37,8726,7826,47,10,14,829,95,21,74
2021,Castle (Newark and Sherwood),E05011554,3309,49,5,17,5,1,21,38,22,14,2,69,17,10,18,24,3104,2674,28,53,17,332,49,7,42
2021,Farndon & Fernwood,E05011555,7164,88,2,13,43,15,15,68,41,15,12,126,26,10,51,39,6866,6540,26,20,7,273,16,5,11
2021,"Brasted, Chevening and Sundridge",E05011558,6625,214,15,60,73,20,46,43,31,9,3,193,95,8,24,66,6124,5628,62,19,0,415,51,8,43
2021,Seal and Weald,E05011559,4289,90,1,17,38,5,29,18,14,4,0,101,42,10,18,31,4047,3753,55,2,3,234,33,11,22
2021,Bottisham,E05011560,5846,186,10,33,62,10,71,40,30,6,4,118,47,15,14,42,5468,5082,40,6,17,323,34,4,30
2021,Burwell,E05011561,6407,102,0,17,50,6,29,21,14,1,6,97,43,14,6,34,6162,5894,46,5,4,213,25,1,24
2021,Downham Villages,E05011562,3023,37,2,4,18,1,12,12,7,2,3,35,15,6,4,10,2935,2840,3,6,0,86,4,1,3
2021,Ely East,E05011563,5850,167,15,36,49,9,58,70,42,13,15,168,49,25,26,68,5366,4622,67,8,19,650,79,20,59
2021,Ely North,E05011564,4848,153,9,24,79,2,39,51,32,7,12,164,69,26,16,53,4438,3875,39,9,5,510,42,2,40
2021,Ely West,E05011565,9871,261,23,69,72,25,72,108,67,20,21,292,84,39,65,104,9139,8215,89,4,7,824,71,16,55
2021,Fordham & Isleham,E05011566,6402,93,0,24,17,13,39,15,6,3,6,140,49,17,30,44,6111,5712,54,10,5,330,43,2,41
2021,Haddenham,E05011567,3437,32,0,8,9,1,14,8,5,1,2,52,16,10,13,13,3330,3156,30,22,12,110,15,2,13
2021,Littleport,E05011568,9906,192,19,41,48,13,71,85,64,13,8,219,57,38,51,73,9349,8468,41,24,17,799,61,6,55
2021,Soham North,E05011569,6995,71,0,15,24,5,27,91,62,17,12,129,34,32,24,39,6645,5892,35,22,8,688,59,18,41
2021,Soham South,E05011570,6247,100,8,16,26,4,46,57,31,9,17,129,29,32,30,38,5903,5238,35,12,4,614,58,0,58
2021,Stretham,E05011571,6641,118,17,20,36,19,26,30,19,8,3,125,51,10,22,42,6327,5864,44,118,9,292,41,8,33
2021,Sutton (East Cambridgeshire),E05011572,5638,68,5,16,20,9,18,42,30,9,3,86,40,10,9,27,5426,5195,23,12,5,191,16,2,14
2021,Woodditton,E05011573,6633,108,6,19,29,30,24,72,49,9,14,123,37,32,15,39,6305,5844,119,1,4,337,25,5,20
2021,Devonshire,E05011574,14439,776,143,101,187,33,312,377,249,85,43,568,129,128,154,157,12317,9806,130,13,52,2316,401,102,299
2021,Hampden Park,E05011575,10784,381,88,27,90,7,169,105,69,23,13,256,75,44,66,71,9931,9300,89,21,5,516,111,22,89
2021,Langney,E05011576,10629,194,27,20,44,3,100,149,103,19,27,245,77,34,63,71,9880,9365,67,9,9,430,161,56,105
2021,Meads,E05011577,10939,420,27,111,136,14,132,163,109,44,10,353,96,75,62,120,9765,8425,136,8,16,1180,238,57,181
2021,Old Town (Eastbourne),E05011578,11166,247,26,39,69,23,90,69,42,14,13,344,106,48,77,113,10359,9647,114,4,8,586,147,44,103
2021,Ratton,E05011579,9355,420,22,61,130,31,176,104,78,18,8,201,80,36,42,43,8505,8005,70,3,3,424,125,32,93
2021,St Anthony's,E05011580,11560,263,50,47,66,7,93,65,45,14,6,239,67,44,67,61,10872,10179,86,5,19,583,121,23,98
2021,Sovereign,E05011581,11879,349,47,83,62,16,141,136,96,12,28,251,73,63,43,72,10983,10160,119,9,11,684,160,46,114
2021,Upperton,E05011582,10933,500,36,62,124,39,239,139,93,29,17,342,109,36,84,113,9729,8578,148,6,14,983,223,66,157
2021,"Chailey, Barcombe & Hamsey",E05011583,5203,33,0,11,3,8,11,20,12,5,3,105,42,10,22,31,5018,4781,48,7,6,176,27,5,22
2021,Ditchling & Westmeston,E05011584,2554,21,0,2,12,1,6,16,7,4,5,67,18,16,11,22,2446,2286,60,4,0,96,4,0,4
2021,East Saltdean & Telscombe Cliffs,E05011585,7393,246,43,46,66,9,82,71,48,15,8,236,78,42,42,74,6764,6395,60,9,3,297,76,27,49
2021,Kingston,E05011586,1904,35,0,10,12,2,11,2,0,2,0,51,28,10,2,11,1785,1698,11,0,0,76,31,6,25
2021,Lewes Bridge,E05011587,4835,91,1,28,13,5,44,26,16,9,1,173,57,35,20,61,4505,4175,31,4,8,287,40,6,34
2021,Lewes Castle,E05011588,3962,72,13,20,12,4,23,16,8,5,3,117,41,20,9,47,3732,3489,38,1,1,203,25,1,24
2021,Lewes Priory,E05011589,7916,168,12,40,55,6,55,89,52,23,14,244,87,38,49,70,7350,6751,78,29,6,486,65,14,51
2021,Newhaven North,E05011590,4882,63,6,15,9,2,31,24,7,12,5,78,34,14,11,19,4687,4500,29,1,3,154,30,12,18
2021,Newhaven South,E05011591,7814,163,33,28,53,11,38,147,95,28,24,260,47,49,73,91,7170,6661,39,12,17,441,74,28,46
2021,Newick,E05011592,2446,5,0,3,0,0,2,6,2,1,3,32,11,2,10,9,2395,2320,11,2,1,61,8,3,5
2021,Ouse Valley & Ringmer,E05011593,6509,66,7,14,15,0,30,10,5,5,0,111,39,16,21,35,6298,6047,31,10,0,210,24,4,20
2021,Peacehaven East,E05011594,5384,177,10,51,40,7,69,55,34,14,7,155,31,29,44,51,4940,4603,34,0,15,288,57,19,38
2021,Peacehaven North,E05011595,5188,154,40,13,34,10,57,30,18,6,6,120,48,11,40,21,4825,4527,31,1,0,266,59,3,56
2021,Peacehaven West,E05011596,4874,145,8,18,38,9,72,59,36,17,6,135,43,24,41,27,4472,4119,39,4,4,306,63,26,37
2021,"Plumpton, Streat, East Chiltington & St John",E05011597,2223,9,1,1,4,0,3,18,6,10,2,34,10,7,1,16,2153,2027,40,1,0,85,9,1,8
2021,Seaford Central,E05011598,5024,148,29,35,29,1,54,24,12,10,2,114,34,17,31,32,4699,4417,54,2,0,226,39,15,24
2021,Seaford East,E05011599,4778,37,7,9,7,0,14,7,3,4,0,71,22,15,27,7,4649,4491,37,0,1,120,14,3,11
2021,Seaford North,E05011600,5209,67,9,6,27,2,23,32,27,1,4,120,42,12,30,36,4962,4756,52,10,0,144,28,4,24
2021,Seaford South,E05011601,4390,94,20,9,11,11,43,24,14,8,2,74,25,11,15,23,4175,3979,38,1,0,157,23,7,16
2021,Seaford West,E05011602,4472,53,7,10,21,9,6,10,7,1,2,80,26,17,12,25,4316,4166,37,2,0,111,13,2,11
2021,Wivelsfield,E05011603,2963,55,3,5,21,5,21,36,29,3,4,90,33,10,23,24,2765,2642,18,0,1,104,17,0,17
2021,Bexhill Central,E05011604,5608,205,27,35,38,3,102,70,37,26,7,155,35,29,41,50,5091,4739,63,6,12,271,87,34,53
2021,Bexhill Collington,E05011605,4181,61,5,6,22,2,26,21,9,11,1,74,28,10,15,21,4005,3836,73,0,1,95,20,10,10
2021,Bexhill Kewhurst,E05011606,4733,69,7,17,16,3,26,16,6,5,5,98,26,27,18,27,4532,4397,44,1,6,84,18,1,17
2021,Bexhill Old Town & Worsham,E05011607,4176,83,8,10,41,2,22,36,22,13,1,96,25,18,25,28,3934,3793,28,5,0,108,27,9,18
2021,Bexhill Pebsham & St Michaels,E05011608,5113,175,12,20,62,0,81,68,42,20,6,136,41,35,34,26,4707,4535,19,1,4,148,27,4,23
2021,Bexhill Sackville,E05011609,4903,172,10,7,85,0,70,61,35,18,8,92,37,23,10,22,4550,4292,62,1,4,191,28,5,23
2021,Bexhill Sidley,E05011610,6114,88,31,18,17,0,22,26,19,6,1,155,46,23,55,31,5806,5620,57,16,0,113,39,17,22
2021,Bexhill St Marks,E05011611,4969,46,3,9,18,0,16,21,14,5,2,70,26,12,16,16,4810,4657,36,3,0,114,22,0,22
2021,Bexhill St Stephens,E05011612,4776,61,7,7,14,0,33,39,35,2,2,90,22,7,38,23,4544,4376,49,13,1,105,42,13,29
2021,Brede & Udimore,E05011613,2194,21,0,1,4,2,14,3,1,2,0,24,12,0,2,10,2141,2077,14,3,0,47,5,3,2
2021,Burwash & the Weald,E05011614,4563,22,0,5,8,1,8,14,7,3,4,63,28,3,8,24,4448,4264,27,15,0,142,16,1,15
2021,Catsfield & Crowhurst,E05011615,2500,9,0,3,3,1,2,5,0,5,0,60,19,9,17,15,2416,2306,18,0,1,91,10,1,9
2021,Eastern Rother,E05011616,4752,36,0,15,10,0,11,19,9,9,1,63,9,8,24,22,4621,4469,33,7,7,105,13,4,9
2021,Hurst Green & Ticehurst,E05011617,5302,45,1,21,9,0,14,22,15,3,4,89,34,13,20,22,5136,4941,48,9,1,137,10,3,7
2021,"North Battle, Netherfield & Whatlington",E05011618,4602,68,4,18,26,3,17,22,18,4,0,64,27,11,10,16,4428,4254,22,22,1,129,20,4,16
2021,Northern Rother,E05011619,5007,24,1,7,4,1,11,19,12,4,3,58,20,3,21,14,4899,4741,32,7,0,119,7,3,4
2021,Robertsbridge,E05011620,2726,29,0,7,7,1,14,3,1,1,1,39,15,8,3,13,2648,2471,20,4,1,152,7,0,7
2021,Rye & Winchelsea,E05011621,4952,41,0,9,19,0,13,13,5,8,0,80,35,10,13,22,4787,4549,39,14,3,182,31,3,28
2021,Sedlescombe & Westfield,E05011622,5328,59,0,20,17,1,21,29,18,8,3,103,48,5,25,25,5122,4960,33,11,2,116,15,2,13
2021,South Battle & Telham,E05011623,2492,19,1,2,5,6,5,6,3,3,0,45,7,3,23,12,2418,2318,32,6,1,61,4,1,3
2021,Southern Rother,E05011624,4123,56,0,27,4,1,24,42,34,4,4,60,29,11,9,11,3947,3767,30,24,3,123,18,5,13
2021,Arlington,E05011625,2965,43,0,31,4,1,7,20,16,4,0,51,17,6,12,16,2833,2698,23,4,1,107,18,3,15
2021,Buxted,E05011626,3894,41,6,7,14,0,14,7,2,5,0,65,36,4,9,16,3768,3600,27,4,0,137,13,1,12
2021,"Chiddingly, East Hoathly & Waldron",E05011627,3311,24,0,8,10,0,6,22,12,7,3,45,19,6,12,8,3215,3087,28,7,0,93,5,1,4
2021,Crowborough Central,E05011628,4117,91,16,7,25,3,40,24,12,5,7,78,24,10,14,30,3897,3699,33,0,0,165,27,2,25
2021,Crowborough Jarvis Brook,E05011629,4306,75,11,24,27,1,12,39,32,7,0,68,19,15,20,14,4101,3928,23,6,0,144,23,12,11
2021,Crowborough North,E05011630,3283,90,11,18,17,1,43,11,7,4,0,59,21,8,7,23,3099,2982,28,3,0,86,24,0,24
2021,Crowborough South East,E05011631,3806,28,0,4,3,4,17,23,13,8,2,90,17,11,28,34,3643,3316,36,0,18,273,22,1,21
2021,Crowborough South West,E05011632,3235,60,23,8,9,0,20,4,2,2,0,40,21,5,9,5,3112,2968,28,8,3,105,19,4,15
2021,Crowborough St Johns,E05011633,2933,22,0,9,3,1,9,11,7,4,0,34,12,7,8,7,2844,2726,27,5,0,86,22,10,12
2021,Danehill & Fletching,E05011634,3885,34,1,4,13,8,8,10,6,4,0,91,39,11,9,32,3729,3562,24,11,2,130,21,2,19
2021,Forest Row,E05011635,4135,75,12,14,13,5,31,14,6,7,1,166,73,16,19,58,3854,3355,34,1,14,450,26,3,23
2021,Framfield & Cross-in-Hand,E05011636,3243,25,0,6,10,1,8,14,10,3,1,56,30,10,10,6,3135,3017,35,1,0,82,13,0,13
2021,Frant & Wadhurst,E05011637,6942,101,4,19,24,8,46,37,16,7,14,162,87,15,21,39,6615,6251,51,9,1,303,27,4,23
2021,Hadlow Down & Rotherfield,E05011638,3257,19,0,5,2,3,9,14,7,4,3,53,23,7,9,14,3166,3012,30,18,0,106,5,1,4
2021,Hailsham Central,E05011639,3545,40,11,3,18,2,6,17,5,5,7,46,8,8,9,21,3432,3299,25,3,0,105,10,2,8
2021,Hailsham East,E05011640,4783,98,11,11,33,0,43,28,19,7,2,86,30,18,14,24,4561,4335,13,78,13,122,10,1,9
2021,Hailsham North,E05011641,2915,29,0,11,12,0,6,2,1,1,0,37,14,6,7,10,2834,2759,15,4,0,56,13,9,4
2021,Hailsham North West,E05011642,3739,28,3,8,10,0,7,18,12,3,3,33,9,6,9,9,3649,3540,20,6,6,77,11,0,11
2021,Hailsham South,E05011643,3325,49,0,5,30,0,14,9,4,5,0,37,18,12,2,5,3220,3110,29,16,1,64,10,3,7
2021,Hailsham West,E05011644,4232,75,22,10,25,1,17,5,3,2,0,54,14,13,11,16,4082,3937,13,22,0,110,16,6,10
2021,Hartfield,E05011645,3283,44,0,9,16,3,16,6,5,1,0,46,31,3,5,7,3164,2942,25,3,6,188,23,6,17
2021,Heathfield North,E05011646,3914,58,17,20,3,1,17,8,2,4,2,60,33,6,10,11,3768,3610,22,2,4,130,20,4,16
2021,Heathfield South,E05011647,4166,47,0,14,9,0,24,19,14,2,3,65,16,11,12,26,4009,3870,17,5,2,115,26,8,18
2021,Hellingly,E05011648,5013,55,2,1,22,6,24,32,19,9,4,93,23,21,30,19,4820,4623,35,25,3,134,13,4,9
2021,Herstmonceux & Pevensey Levels,E05011649,6929,46,4,7,11,3,21,12,2,10,0,76,25,7,21,23,6761,6593,31,18,0,119,34,16,18
2021,Horam & Punnetts Town,E05011650,6905,39,1,12,6,0,20,8,4,4,0,89,23,13,23,30,6745,6550,42,4,1,148,24,9,15
2021,Lower Willingdon,E05011651,3314,31,0,9,17,0,5,2,0,2,0,37,16,4,3,14,3231,3137,20,0,5,69,13,1,12
2021,Maresfield,E05011652,3659,44,8,5,18,3,10,17,6,8,3,67,19,8,13,27,3514,3354,16,16,4,124,17,1,16
2021,Mayfield & Five Ashes,E05011653,3657,56,2,23,15,0,16,36,28,5,3,69,28,10,13,18,3491,3286,52,3,1,149,5,1,4
2021,Pevensey Bay,E05011654,2890,25,0,4,4,1,16,11,6,2,3,22,7,5,4,6,2813,2716,32,9,2,54,19,0,19
2021,Polegate Central,E05011655,5111,110,22,25,23,7,33,35,19,9,7,127,40,26,38,23,4805,4606,27,32,0,140,34,13,21
2021,Polegate North,E05011656,3867,70,12,12,29,2,15,18,9,8,1,66,28,6,14,18,3699,3551,25,4,2,117,14,1,13
2021,Polegate South & Willingdon Watermill,E05011657,3447,61,7,9,26,1,18,12,6,5,1,43,20,5,10,8,3313,3192,28,18,1,74,18,5,13
2021,South Downs,E05011658,2974,34,0,5,11,0,18,3,1,1,1,48,30,3,0,15,2872,2726,34,10,0,102,17,1,16
2021,Stone Cross,E05011659,3685,86,5,21,29,9,22,7,6,1,0,59,24,6,21,8,3508,3379,16,10,0,103,25,12,13
2021,Uckfield East,E05011660,3228,72,3,7,29,0,33,17,10,4,3,53,19,10,8,16,3066,2903,22,13,0,128,20,3,17
2021,Uckfield New Town,E05011661,5747,109,12,22,48,2,25,22,13,8,1,118,59,16,16,27,5482,5230,43,9,4,196,16,0,16
2021,Uckfield North,E05011662,3132,56,16,4,19,0,17,14,9,5,0,51,13,13,6,19,2994,2884,15,3,3,89,17,1,16
2021,Uckfield Ridgewood & Little Horsted,E05011663,3150,50,0,6,27,5,12,9,5,4,0,62,24,5,17,16,3011,2887,9,3,1,111,18,6,12
2021,Upper Willingdon,E05011664,3268,77,3,8,39,0,27,17,6,9,2,39,20,6,7,6,3112,3031,25,0,1,55,23,0,23
2021,Withyham,E05011665,2956,37,0,5,12,0,20,13,7,3,3,63,29,9,10,15,2837,2718,14,5,0,100,6,1,5
2021,Chichester Central,E05011666,2932,133,25,27,18,1,62,37,22,11,4,77,17,9,20,31,2653,2394,27,2,5,225,32,5,27
2021,Chichester East,E05011667,6570,449,72,40,122,6,209,61,46,10,5,145,43,17,35,50,5853,5344,40,10,5,454,62,21,41
2021,Chichester North,E05011668,6655,186,2,51,37,14,82,102,73,13,16,178,63,35,29,51,6119,5697,46,8,6,362,70,29,41
2021,Chichester South,E05011669,6877,298,40,58,116,2,82,45,31,9,5,131,46,20,25,40,6355,5857,64,5,4,425,48,18,30
2021,Chichester West,E05011670,6368,131,12,28,36,0,55,59,34,13,12,130,48,21,18,43,5990,5663,28,5,9,285,58,22,36
2021,Easebourne,E05011671,2942,24,0,6,6,2,10,10,5,5,0,35,13,3,11,8,2863,2730,15,3,1,114,10,1,9
2021,Fernhurst,E05011672,6792,74,3,13,24,5,29,21,13,7,1,127,71,9,28,19,6550,6152,57,3,0,338,20,1,19
2021,Fittleworth,E05011673,3359,37,1,13,9,1,13,8,7,1,0,40,22,2,12,4,3261,3134,27,0,0,100,13,1,12
2021,Goodwood,E05011674,3480,39,0,19,3,0,17,3,1,1,1,60,23,10,12,15,3353,3189,34,13,2,115,25,12,13
2021,Harbour Villages,E05011675,10902,125,1,18,59,7,40,28,17,8,3,150,55,23,32,40,10553,9971,88,58,8,428,46,9,37
2021,Harting,E05011676,3625,29,0,7,8,1,13,14,10,4,0,69,37,3,12,17,3494,3349,26,0,0,119,19,1,18
2021,Lavant,E05011677,3251,18,0,2,8,0,8,6,6,0,0,41,13,7,9,12,3178,3071,15,6,1,85,8,1,7
2021,Loxwood,E05011678,7172,36,1,3,18,1,13,19,9,10,0,116,43,25,25,23,6993,6715,55,12,0,211,8,0,8
2021,Midhurst,E05011679,7330,58,9,9,16,1,23,35,18,7,10,101,30,15,21,35,7115,6710,59,5,11,330,21,4,17
2021,North Mundham & Tangmere,E05011680,8131,157,3,41,50,8,55,45,36,7,2,155,49,24,31,51,7706,7011,40,39,12,604,68,12,56
2021,Petworth,E05011681,3549,40,0,9,13,1,17,9,7,2,0,46,14,7,13,12,3445,3279,22,7,4,133,9,1,8
2021,Selsey South,E05011682,6308,54,1,17,13,1,22,17,9,6,2,88,22,9,32,25,6126,5805,36,4,5,276,23,1,22
2021,Sidlesham with Selsey North,E05011683,5918,45,1,7,20,1,16,11,6,5,0,65,14,11,25,15,5777,5480,50,21,6,220,20,1,19
2021,Southbourne,E05011684,8113,128,0,11,17,4,96,216,84,86,46,141,47,18,26,50,7550,7282,43,24,5,196,78,7,71
2021,The Witterings,E05011685,10325,95,5,29,29,7,25,28,15,11,2,124,47,24,24,29,10057,9686,73,41,3,254,21,0,21
2021,Westbourne (Chichester),E05011686,3466,6,0,1,0,0,5,7,2,2,3,28,5,1,9,13,3416,3303,20,30,4,59,9,0,9
2021,Cholsey,E05011701,9277,127,5,19,42,1,60,38,17,13,8,176,68,24,31,53,8900,8446,71,7,1,375,36,1,35
2021,Didcot North East,E05011702,10463,500,17,99,249,44,91,183,124,32,27,272,104,24,65,79,9396,8185,47,2,14,1148,112,25,87
2021,Didcot South,E05011703,13233,681,48,135,312,65,121,261,200,36,25,289,108,45,75,61,11874,10646,104,2,18,1104,128,27,101
2021,Forest Hill & Holton,E05011704,3663,121,7,19,35,21,39,48,29,10,9,120,48,11,25,36,3327,2999,60,3,3,262,47,17,30
2021,Haseley Brook,E05011705,4373,71,0,14,32,2,23,22,14,6,2,123,47,21,15,40,4130,3865,31,7,1,226,27,1,26
2021,Kidmore End & Whitchurch,E05011707,3781,61,4,9,15,16,17,21,8,7,6,63,31,5,16,11,3620,3434,30,4,0,152,16,0,16
2021,Sandford & the Wittenhams,E05011708,3928,126,10,20,43,32,21,50,28,14,8,105,40,8,21,36,3616,3202,65,2,1,346,31,4,27
2021,Wallingford,E05011710,8454,161,21,20,56,4,60,57,38,13,6,161,61,15,46,39,8031,7498,63,5,8,457,44,10,34
2021,Wheatley (South Oxfordshire),E05011711,4267,130,1,18,50,11,50,36,15,14,7,109,37,23,37,12,3956,3655,50,1,2,248,36,11,25
2021,Woodcote & Rotherfield,E05011712,8999,239,14,38,59,24,104,151,99,27,25,187,72,24,24,67,8345,7692,70,6,1,576,77,10,67
2021,Blewbury & Harwell,E05011713,9238,516,14,61,266,66,109,129,90,22,17,248,100,30,49,69,8273,7620,83,2,3,565,72,15,57
2021,Cumnor,E05011714,6644,514,45,143,123,63,140,121,76,26,19,230,94,25,27,84,5630,4869,82,0,5,674,149,34,115
2021,Drayton,E05011715,3767,76,4,12,32,8,20,40,29,9,2,107,35,12,30,30,3523,3326,26,5,8,158,21,5,16
2021,Sutton Courtenay,E05011717,3410,70,5,15,33,5,12,36,23,10,3,102,37,8,33,24,3174,2871,34,4,0,265,28,12,16
2021,Thames (Vale of White Horse),E05011718,3454,42,1,8,9,7,17,32,21,6,5,57,21,5,12,19,3299,3099,33,0,0,167,24,6,18
2021,Wootton (Vale of White Horse),E05011719,3661,227,10,83,35,10,89,110,88,9,13,97,42,9,11,35,3182,2897,42,0,9,234,45,6,39
2021,Aylesford & East Stour,E05011743,6560,556,32,33,146,32,313,340,269,47,24,195,52,42,50,51,5331,4867,22,33,7,402,138,33,105
2021,Beaver,E05011744,7501,931,13,36,58,20,804,283,198,50,35,171,43,24,58,46,5848,5269,25,42,10,502,268,11,257
2021,Biddenden,E05011745,3045,40,1,12,13,1,13,9,3,4,2,43,21,6,8,8,2942,2805,30,31,1,75,11,4,7
2021,Bircholt,E05011746,2776,20,0,2,5,0,13,9,0,7,2,32,12,1,5,14,2711,2600,27,8,0,76,4,0,4
2021,Bockhanger,E05011747,2418,152,28,6,10,4,104,44,33,6,5,60,11,14,29,6,2133,2034,11,6,0,82,29,3,26
2021,Bybrook,E05011748,3359,198,8,25,34,12,119,92,58,16,18,69,24,2,27,16,2979,2808,11,11,2,147,21,1,20
2021,Charing,E05011749,2712,20,0,2,9,0,9,9,6,3,0,62,14,7,25,16,2611,2527,17,19,0,48,10,3,7
2021,Conningbrook & Little Burton Farm,E05011750,2106,197,3,20,79,18,77,85,62,12,11,52,13,12,16,11,1744,1618,13,3,2,108,28,10,18
2021,Downs North,E05011751,2581,36,3,0,17,3,13,26,13,5,8,56,17,7,8,24,2457,2330,13,22,2,90,6,2,4
2021,Downs West,E05011752,2680,73,0,9,34,16,14,10,9,1,0,34,19,5,3,7,2550,2450,29,7,0,64,13,1,12
2021,Furley,E05011753,6330,775,18,51,141,27,538,209,157,35,17,195,71,30,59,35,5013,4574,38,24,2,375,138,22,116
2021,Goat Lees,E05011754,2851,138,16,21,31,11,59,107,79,16,12,77,23,13,18,23,2493,2320,22,2,1,148,36,5,31
2021,Godinton,E05011755,2843,300,6,27,41,6,220,68,44,12,12,77,22,23,13,19,2321,2206,10,1,1,103,77,7,70
2021,Highfield (Ashford),E05011756,2444,306,6,6,207,15,72,41,30,9,2,31,15,3,4,9,2039,1961,6,2,3,67,27,0,27
2021,Isle of Oxney,E05011757,2725,18,0,2,9,0,7,5,2,3,0,24,10,3,8,3,2670,2589,12,8,1,60,8,0,8
2021,Kennington (Ashford),E05011758,2271,56,1,12,16,0,27,35,24,4,7,40,20,3,8,9,2119,2036,13,5,0,65,21,4,17
2021,Kingsnorth Village & Bridgefield,E05011759,2566,93,4,13,31,10,35,87,70,11,6,62,28,11,11,12,2303,2194,11,17,0,81,21,5,16
2021,"Mersham, Sevington South with Finberry",E05011760,2685,100,1,10,45,30,14,77,62,4,11,83,25,11,20,27,2391,2266,15,10,1,99,34,15,19
2021,Norman,E05011761,3058,250,30,3,26,7,184,95,55,21,19,79,20,16,23,20,2575,2304,10,30,0,231,59,8,51
2021,Park Farm North,E05011762,2483,161,16,22,47,9,67,94,79,7,8,56,22,7,9,18,2115,1982,23,0,0,110,57,1,56
2021,Park Farm South,E05011763,2698,167,3,28,53,12,71,88,62,14,12,72,27,11,19,15,2331,2170,18,0,0,143,40,3,37
2021,Repton (Ashford),E05011764,5030,485,10,37,84,32,322,314,258,36,20,156,31,23,47,55,3977,3637,17,13,3,307,98,9,89
2021,Rolvenden & Tenterden West,E05011765,2367,19,0,0,4,0,15,7,2,3,2,18,4,1,10,3,2314,2231,13,11,0,59,9,1,8
2021,Roman (Ashford),E05011766,3450,124,8,19,42,7,48,162,130,9,23,93,31,20,15,27,2994,2803,13,12,4,162,77,18,59
2021,Saxon Shore,E05011767,2648,47,0,1,25,16,5,14,10,3,1,38,13,7,11,7,2543,2453,17,14,2,57,6,1,5
2021,Singleton East,E05011768,2685,93,1,4,16,9,63,72,58,10,4,50,8,11,10,21,2431,2250,21,0,1,159,39,2,37
2021,Singleton West,E05011769,3042,116,0,14,45,16,41,153,120,18,15,75,27,9,24,15,2672,2476,17,5,2,172,26,2,24
2021,Stanhope,E05011770,3404,354,16,6,13,5,314,124,83,31,10,92,17,14,25,36,2696,2433,10,29,3,221,138,51,87
2021,Tenterden North,E05011771,2145,23,0,5,5,0,13,16,13,3,0,24,12,1,2,9,2079,1977,25,0,6,71,3,1,2
2021,Tenterden South,E05011772,2752,28,0,8,6,4,10,8,4,4,0,47,12,8,9,18,2650,2553,11,17,0,69,19,2,17
2021,Tenterden St Michael's,E05011773,2738,25,0,6,8,0,11,8,3,5,0,36,13,3,10,10,2657,2582,23,5,0,47,12,1,11
2021,Upper Weald,E05011774,2632,17,0,1,6,0,10,16,5,11,0,30,12,1,8,9,2566,2444,20,49,0,53,3,0,3
2021,Victoria (Ashford),E05011775,7171,944,56,77,116,36,659,327,238,67,22,210,54,32,69,55,5436,4809,43,29,8,547,254,46,208
2021,Washford,E05011776,2514,136,18,6,13,1,98,73,48,13,12,54,15,7,20,12,2220,2104,16,6,3,91,31,1,30
2021,Weald Central,E05011777,4341,37,1,4,11,0,21,39,19,12,8,45,12,9,15,9,4209,3972,33,120,4,80,11,1,10
2021,Weald North,E05011778,2503,13,0,1,2,1,9,11,9,1,1,40,16,4,14,6,2433,2325,14,25,0,69,6,0,6
2021,Weald South,E05011779,5401,60,2,9,22,0,27,40,29,10,1,82,35,8,20,19,5201,5020,33,42,4,102,18,3,15
2021,Willesborough,E05011780,6712,501,19,32,224,38,188,197,143,40,14,157,46,21,34,56,5784,5473,38,24,4,245,73,13,60
2021,Wye with Hinxhill,E05011781,2481,53,14,4,23,5,7,29,16,11,2,46,23,4,9,10,2342,2215,31,1,1,94,11,6,5
2021,Axminster,E05011782,8123,117,12,26,20,0,59,12,12,0,0,106,43,12,13,38,7867,7617,26,1,3,220,21,2,19
2021,Beer & Branscombe,E05011783,2351,15,1,2,2,0,10,5,4,0,1,16,9,4,1,2,2309,2244,8,0,0,57,6,1,5
2021,Broadclyst,E05011784,7083,98,3,24,26,6,39,28,21,6,1,111,36,28,19,28,6815,6564,28,10,7,206,31,5,26
2021,Budleigh & Raleigh,E05011785,7672,36,7,6,5,2,16,11,6,1,4,80,30,3,30,17,7538,7337,55,2,0,144,7,0,7
2021,Clyst Valley,E05011786,2437,29,0,12,8,0,9,6,1,2,3,30,12,1,6,11,2361,2218,16,60,0,67,11,3,8
2021,Coly Valley,E05011787,4709,23,0,9,6,0,8,6,2,4,0,38,13,3,6,16,4633,4522,23,10,0,78,9,0,9
2021,Cranbrook (East Devon),E05011788,6745,88,8,20,21,4,35,42,36,0,6,142,37,29,39,37,6433,6032,13,3,4,381,40,10,30
2021,Dunkeswell & Otterhead,E05011789,5776,21,1,6,5,0,9,14,7,7,0,52,21,4,19,8,5673,5483,22,9,0,159,16,3,13
2021,Exe Valley,E05011790,2466,10,0,2,2,0,6,3,3,0,0,45,26,3,7,9,2397,2315,16,0,0,66,11,0,11
2021,Exmouth Brixington,E05011791,7643,63,11,21,2,0,29,9,3,4,2,68,19,12,21,16,7492,7303,29,4,3,153,11,3,8
2021,Exmouth Halsdon,E05011792,7409,33,1,16,5,3,8,10,4,4,2,60,13,15,15,17,7295,7114,33,3,0,145,11,1,10
2021,Exmouth Littleham,E05011793,8069,72,4,27,16,1,24,18,7,8,3,68,25,5,22,16,7899,7646,45,1,3,204,12,2,10
2021,Exmouth Town,E05011794,7309,115,21,22,17,0,55,19,12,6,1,91,40,4,23,24,7044,6614,44,4,12,370,40,9,31
2021,Exmouth Withycombe Raleigh,E05011795,5073,19,0,1,4,1,13,6,5,1,0,53,18,14,9,12,4990,4867,17,0,2,104,5,2,3
2021,Feniton,E05011796,2720,11,1,5,4,0,1,6,1,0,5,15,10,2,0,3,2688,2626,14,2,0,46,0,0,0
2021,Honiton St Michael's,E05011797,6810,34,5,4,7,1,17,9,6,1,2,77,17,5,29,26,6670,6464,33,9,0,164,20,5,15
2021,Honiton St Paul's,E05011798,4855,84,43,8,8,4,21,18,15,2,1,64,23,11,18,12,4677,4532,14,3,0,128,12,0,12
2021,Newbridges,E05011799,2533,23,0,3,2,0,18,4,4,0,0,25,16,2,5,2,2475,2420,2,0,0,53,6,2,4
2021,Newton Poppleford & Harpford,E05011800,2302,14,0,0,8,0,6,4,2,2,0,25,3,2,7,13,2257,2199,16,1,0,41,2,1,1
2021,Ottery St Mary,E05011801,7981,62,2,12,18,4,26,14,11,1,2,117,51,19,16,31,7765,7522,40,6,0,197,23,7,16
2021,Seaton (East Devon),E05011802,7127,137,16,27,13,0,81,22,9,10,3,68,35,8,10,15,6874,6662,33,0,3,176,26,2,24
2021,Sidmouth Rural,E05011803,2103,10,0,3,4,0,3,2,0,1,1,25,10,2,4,9,2060,1978,24,1,0,57,6,0,6
2021,Sidmouth Sidford,E05011804,7864,85,24,15,16,0,30,12,4,7,1,84,27,15,10,32,7644,7393,47,0,2,202,39,20,19
2021,Sidmouth Town,E05011805,4414,93,6,14,28,0,45,12,5,6,1,55,23,0,15,17,4243,4035,13,1,12,182,11,2,9
2021,Tale Vale,E05011806,2477,12,4,2,1,0,5,4,2,2,0,23,9,0,4,10,2435,2398,6,1,1,29,3,0,3
2021,Trinity (East Devon),E05011807,2548,9,4,4,1,0,0,1,0,1,0,23,7,3,9,4,2509,2432,17,1,1,58,6,1,5
2021,West Hill & Aylesbeare,E05011808,2687,27,0,8,8,1,10,4,2,0,2,28,18,1,1,8,2615,2561,12,0,0,42,13,2,11
2021,Whimple & Rockbeare,E05011809,3011,11,0,0,3,0,8,4,0,3,1,25,9,1,7,8,2958,2883,9,7,0,59,13,2,11
2021,Woodbury & Lympstone,E05011810,6006,93,3,5,10,0,75,43,17,20,6,84,23,10,16,35,5755,5598,41,8,1,107,31,3,28
2021,Yarty,E05011811,2528,11,0,2,2,1,6,1,1,0,0,24,7,2,7,8,2486,2433,18,2,1,32,6,1,5
2021,Billingshurst,E05011812,10633,186,17,42,39,7,81,77,43,18,16,239,90,36,50,63,10100,9628,65,33,3,371,31,5,26
2021,"Bramber, Upper Beeding & Woodmancote",E05011813,5354,77,7,11,30,0,29,16,11,3,2,86,22,5,16,43,5147,4936,40,38,9,124,28,4,24
2021,Broadbridge Heath,E05011814,6355,255,15,35,94,31,80,56,46,9,1,208,81,25,31,71,5777,5348,49,0,9,371,59,9,50
2021,Colgate & Rusper,E05011815,6000,428,9,51,202,60,106,193,134,33,26,206,69,26,37,74,5113,4627,46,6,7,427,60,12,48
2021,"Cowfold, Shermanbury & West Grinstead",E05011816,5456,49,0,9,21,5,14,10,5,4,1,85,32,11,20,22,5291,5077,42,8,0,164,21,4,17
2021,Denne,E05011817,10390,540,30,79,213,49,169,131,86,32,13,302,103,50,55,94,9319,8306,120,4,18,871,98,24,74
2021,Forest (Horsham),E05011818,8923,423,33,56,191,60,83,84,60,19,5,284,121,23,59,81,8058,7416,69,4,11,558,74,10,64
2021,Henfield,E05011819,5969,110,8,7,24,7,64,26,11,9,6,92,21,7,26,38,5697,5449,40,17,0,191,44,13,31
2021,Holbrook East,E05011820,5920,266,44,30,103,41,48,39,21,12,6,128,57,25,21,25,5457,5065,54,3,5,330,30,3,27
2021,Holbrook West,E05011821,6336,190,15,19,75,15,66,52,36,14,2,151,65,31,15,40,5879,5505,43,5,4,322,64,28,36
2021,"Itchingfield, Slinfold & Warnham",E05011822,5765,91,5,37,22,3,24,35,22,10,3,74,32,15,6,21,5556,5297,35,21,0,203,9,5,4
2021,Nuthurst & Lower Beeding,E05011823,3063,36,5,4,7,13,7,8,5,3,0,41,17,3,11,10,2959,2778,43,4,4,130,19,4,15
2021,"Pulborough, Coldwaltham & Amberley",E05011824,7392,67,6,28,11,0,22,26,15,6,5,108,42,10,23,33,7160,6861,57,14,4,224,31,2,29
2021,Roffey North,E05011825,6196,199,11,21,82,30,55,43,14,17,12,119,38,24,19,38,5780,5441,54,5,3,277,55,14,41
2021,Roffey South,E05011826,6535,275,34,46,86,18,91,66,47,13,6,194,69,20,42,63,5946,5483,48,1,5,409,54,9,45
2021,Rudgwick,E05011827,2968,143,3,5,4,2,129,4,1,0,3,46,20,7,5,14,2762,2627,15,3,0,117,13,3,10
2021,Southwater North,E05011828,6553,151,8,49,38,10,46,297,241,22,34,196,72,32,34,58,5874,5591,55,2,5,221,35,10,25
2021,Southwater South & Shipley,E05011829,6624,129,1,36,45,17,30,35,29,5,1,101,40,9,18,34,6321,6072,27,6,4,212,38,10,28
2021,Steyning & Ashurst,E05011830,6101,55,6,11,17,1,20,33,21,10,2,92,34,6,15,37,5882,5638,36,18,0,190,39,2,37
2021,Storrington & Washington,E05011831,9374,94,8,18,25,4,39,37,21,10,6,120,36,7,30,47,9093,8717,79,16,6,275,30,10,20
2021,Trafalgar,E05011832,6177,167,1,30,62,29,45,29,21,5,3,142,62,10,23,47,5777,5338,72,6,4,357,62,28,34
2021,"West Chiltington, Thakeham & Ashington",E05011833,8708,56,3,15,28,0,10,17,9,3,5,115,37,16,17,45,8493,8149,73,19,0,252,27,1,26
2021,Bacton (North Norfolk),E05011834,2360,5,0,1,2,0,2,3,3,0,0,16,3,3,3,7,2326,2278,6,10,0,32,10,1,9
2021,Beeston Regis & The Runtons,E05011835,2482,7,0,1,4,1,1,4,0,3,1,27,5,7,2,13,2436,2397,9,0,0,30,8,1,7
2021,Briston,E05011836,2546,3,0,1,1,0,1,5,3,2,0,26,7,10,9,0,2506,2417,38,15,0,36,6,0,6
2021,Coastal (North Norfolk),E05011837,2290,15,0,2,3,1,9,2,1,1,0,26,11,5,4,6,2240,2167,14,2,0,57,7,1,6
2021,Cromer Town,E05011838,4992,54,7,15,11,0,21,17,8,3,6,55,23,13,3,16,4848,4649,24,2,3,170,18,0,18
2021,Erpingham,E05011839,2652,5,0,0,1,0,4,2,2,0,0,18,9,4,1,4,2626,2581,4,1,0,40,1,0,1
2021,Gresham,E05011840,2437,9,0,1,4,0,4,6,4,2,0,37,9,5,13,10,2379,2328,12,0,0,39,6,4,2
2021,Happisburgh,E05011841,2643,14,0,1,7,0,6,4,0,4,0,16,7,3,2,4,2603,2556,8,2,0,37,6,0,6
2021,Hickling,E05011842,2539,3,0,0,1,0,2,2,0,2,0,21,3,3,6,9,2502,2461,14,7,0,20,11,1,10
2021,Holt (North Norfolk),E05011843,4728,32,0,15,5,0,12,11,7,1,3,43,18,5,16,4,4632,4467,27,4,1,133,10,5,5
2021,Hoveton & Tunstead,E05011844,5108,30,0,10,5,2,13,3,1,2,0,44,18,4,8,14,5016,4888,34,4,1,89,15,0,15
2021,Lancaster North,E05011845,2411,25,0,8,3,1,13,5,1,4,0,22,4,6,9,3,2352,2266,11,0,4,71,7,1,6
2021,Lancaster South,E05011846,5601,39,2,10,5,0,22,9,7,1,1,36,14,7,7,8,5491,5254,17,1,1,218,26,0,26
2021,Mundesley,E05011847,2773,15,0,7,0,0,8,9,8,1,0,24,5,2,11,6,2721,2660,8,4,0,49,4,1,3
2021,North Walsham East,E05011848,4918,28,5,11,2,0,10,3,1,1,1,43,15,2,15,11,4839,4743,26,0,4,66,5,1,4
2021,North Walsham Market Cross,E05011849,2846,14,1,2,1,0,10,10,7,3,0,36,13,4,11,8,2778,2718,22,0,1,37,8,4,4
2021,North Walsham West,E05011850,5238,28,1,4,1,1,21,3,3,0,0,71,19,9,29,14,5120,4995,49,0,0,76,16,1,15
2021,Poppyland,E05011851,2580,5,1,0,2,0,2,0,0,0,0,20,7,1,9,3,2550,2490,8,1,0,51,5,0,5
2021,Priory (North Norfolk),E05011852,2264,12,0,1,2,1,8,0,0,0,0,19,10,4,4,1,2226,2169,6,4,0,47,7,1,6
2021,Roughton (North Norfolk),E05011853,2819,13,0,1,5,0,7,1,0,0,1,34,11,15,2,6,2771,2717,12,3,0,39,0,0,0
2021,St Benet's,E05011854,2348,19,0,5,6,0,8,2,1,1,0,19,11,0,4,4,2304,2267,5,0,0,32,4,2,2
2021,Sheringham North,E05011855,2465,21,0,7,4,0,10,4,2,2,0,16,8,3,4,1,2418,2366,8,0,4,40,6,0,6
2021,Sheringham South,E05011856,4894,33,6,13,2,0,12,6,3,3,0,42,11,6,14,11,4807,4678,26,2,1,100,6,0,6
2021,Stalham,E05011857,5766,24,1,2,6,0,15,10,5,5,0,63,16,14,12,21,5656,5558,11,2,4,81,13,0,13
2021,Stibbard,E05011858,2729,9,1,3,2,0,3,6,2,2,2,28,7,5,4,12,2682,2642,2,2,1,35,4,0,4
2021,Stody,E05011859,2443,12,0,4,3,0,5,1,1,0,0,28,13,0,7,8,2399,2336,11,0,0,52,3,0,3
2021,Suffield Park,E05011860,2551,10,0,9,0,0,1,5,3,2,0,24,5,7,8,4,2508,2421,15,1,1,70,4,1,3
2021,The Raynhams,E05011861,2736,17,0,2,6,0,9,7,2,3,2,44,6,5,17,16,2664,2600,11,0,1,52,4,1,3
2021,Trunch,E05011862,2575,9,0,3,3,1,2,0,0,0,0,6,4,0,0,2,2557,2520,7,0,1,29,3,0,3
2021,Walsingham,E05011863,2533,5,0,1,2,0,2,4,1,1,2,19,3,7,4,5,2499,2424,13,1,0,61,6,0,6
2021,Wells with Holkham,E05011864,2367,22,0,6,4,1,11,0,0,0,0,24,13,4,4,3,2316,2242,11,6,0,57,5,0,5
2021,Worstead,E05011865,3344,27,0,5,8,5,9,38,19,10,9,37,4,6,9,18,3234,3146,6,9,3,70,8,1,7
2021,"Beck Vale, Dickleburgh & Scole",E05011866,6533,25,0,8,12,0,5,21,13,7,1,53,22,3,12,16,6412,6284,13,3,2,110,22,8,14
2021,Bressingham & Burston,E05011867,3294,24,2,3,6,2,11,8,4,4,0,35,8,9,9,9,3225,3150,15,5,0,55,2,0,2
2021,Brooke,E05011868,3359,16,1,3,9,1,2,5,4,1,0,44,20,6,0,18,3290,3208,25,0,0,57,4,0,4
2021,Bunwell,E05011869,3040,16,0,1,11,1,3,2,0,2,0,19,8,0,4,7,2994,2940,7,0,3,44,9,1,8
2021,Central Wymondham,E05011870,5428,71,6,17,14,7,27,24,15,4,5,66,25,11,14,16,5240,5081,27,0,0,132,27,1,26
2021,Cringleford,E05011871,5391,572,14,120,282,34,122,108,85,13,10,184,60,26,27,71,4391,4058,21,22,5,285,136,67,69
2021,Diss & Roydon,E05011872,10919,191,31,42,61,3,54,82,53,24,5,136,46,32,27,31,10443,9638,35,6,11,753,67,2,65
2021,Easton (South Norfolk),E05011874,1961,13,4,4,3,0,2,17,12,3,2,32,16,5,3,8,1898,1827,4,8,0,59,1,0,1
2021,Forncett,E05011875,3469,29,0,2,16,1,10,13,9,2,2,36,19,2,7,8,3388,3304,21,2,0,61,3,0,3
2021,Hempnall,E05011877,3203,2,0,1,0,0,1,7,4,3,0,39,11,7,10,11,3151,3070,14,0,0,67,4,1,3
2021,Hethersett,E05011878,8787,222,21,46,92,23,40,106,78,17,11,184,66,36,32,50,8221,7889,34,13,10,275,54,7,47
2021,Hingham & Deopham,E05011879,3080,8,1,1,1,0,5,4,2,2,0,35,8,11,7,9,3026,2940,11,5,0,70,7,1,6
2021,Loddon & Chedgrave,E05011880,5946,66,5,26,15,0,20,20,12,5,3,76,29,6,14,27,5765,5605,32,7,5,116,19,2,17
2021,Mulbarton & Stoke Holy Cross,E05011881,9308,50,7,1,18,4,20,43,27,10,6,126,39,25,34,28,9069,8821,27,9,0,212,20,1,19
2021,New Costessey,E05011882,6032,115,10,25,41,0,39,36,25,3,8,74,30,17,11,16,5778,5591,16,2,5,164,29,5,24
2021,Newton Flotman,E05011883,3049,12,0,0,5,0,7,8,5,2,1,12,2,4,1,5,3014,2921,10,7,0,76,3,0,3
2021,North Wymondham,E05011884,6477,98,2,34,30,4,28,72,58,7,7,111,52,15,23,21,6182,5938,22,12,1,209,14,4,10
2021,Old Costessey,E05011885,10648,576,20,68,257,32,199,322,256,29,37,292,76,78,43,95,9344,8604,19,22,15,684,114,29,85
2021,"Poringland, Framinghams & Trowse",E05011886,8147,119,17,37,21,0,44,41,33,5,3,152,60,14,29,49,7802,7532,36,1,0,233,33,2,31
2021,Rockland,E05011887,3408,16,0,6,4,3,3,3,1,1,1,32,11,4,11,6,3336,3250,14,1,2,69,21,3,18
2021,South Wymondham,E05011888,6368,108,1,36,38,3,30,40,36,3,1,112,51,16,13,32,6094,5872,27,13,5,177,14,2,12
2021,Stratton (South Norfolk),E05011889,4441,30,0,9,5,7,9,18,9,5,4,35,12,6,9,8,4350,4221,3,0,1,125,8,2,6
2021,Thurlton,E05011890,3155,8,0,3,2,0,3,4,3,0,1,28,8,6,5,9,3107,3032,15,0,0,60,8,2,6
2021,Wicklewood,E05011891,3952,81,0,26,14,6,35,144,113,5,26,67,28,14,7,18,3642,3535,19,3,0,85,18,1,17
2021,Ambrook,E05011892,6396,35,3,3,11,1,17,45,22,12,11,76,25,2,21,28,6236,6106,23,1,1,105,4,0,4
2021,Ashburton & Buckfastleigh,E05011893,8848,51,2,26,8,1,14,11,6,3,2,153,46,26,31,50,8612,8273,43,21,0,275,21,1,20
2021,Bishopsteignton,E05011894,2636,8,0,0,4,0,4,5,3,0,2,23,9,5,4,5,2600,2529,18,0,0,53,0,0,0
2021,Bovey,E05011895,8000,38,0,9,7,3,19,28,22,2,4,72,27,7,16,22,7845,7656,42,4,6,137,17,0,17
2021,Bradley (Teignbridge),E05011896,7769,58,0,15,6,7,30,19,16,2,1,131,28,24,36,43,7548,7288,17,2,1,240,13,4,9
2021,Buckland & Milber,E05011897,8757,87,10,30,9,2,36,9,4,5,0,94,35,7,22,30,8538,8271,29,10,1,227,29,7,22
2021,Bushell,E05011898,5937,116,36,24,10,1,45,8,6,2,0,77,33,9,8,27,5706,5486,24,0,5,191,30,8,22
2021,Chudleigh,E05011899,5919,26,0,13,5,1,7,3,2,1,0,50,24,5,7,14,5828,5695,14,15,0,104,12,0,12
2021,College (Teignbridge),E05011900,5399,63,2,18,18,5,20,9,8,1,0,76,36,10,11,19,5244,5040,14,1,4,185,7,1,6
2021,Dawlish North East,E05011901,8876,60,1,17,13,0,29,4,2,2,0,76,27,11,8,30,8718,8482,50,10,1,175,18,2,16
2021,Dawlish South West,E05011902,6007,64,6,13,16,1,28,7,2,2,3,73,33,11,11,18,5841,5677,33,4,1,126,22,2,20
2021,Haytor,E05011903,2447,5,0,4,0,0,1,0,0,0,0,15,6,2,0,7,2420,2361,14,1,0,44,7,2,5
2021,Ipplepen,E05011904,2522,2,0,1,1,0,0,2,2,0,0,19,8,1,1,9,2494,2447,13,0,1,33,5,1,4
2021,Kenn Valley,E05011905,8343,73,5,18,27,4,19,11,8,2,1,120,42,15,24,39,8113,7892,29,10,3,179,26,2,24
2021,Kenton & Starcross,E05011906,2975,4,0,1,0,1,2,2,1,1,0,18,3,2,5,8,2948,2871,12,2,2,61,3,0,3
2021,Kerswell-with-Combe,E05011907,5585,38,0,8,14,0,16,9,6,2,1,57,16,6,17,18,5465,5355,18,3,0,89,16,4,12
2021,Kingsteignton East,E05011908,6678,43,9,6,9,0,19,3,2,1,0,70,31,9,13,17,6546,6405,26,23,1,91,16,5,11
2021,Kingsteignton West,E05011909,6041,26,2,12,4,0,8,7,3,4,0,60,16,10,13,21,5925,5836,13,12,2,62,23,3,20
2021,Moretonhampstead,E05011910,2880,13,0,1,5,0,7,2,1,1,0,35,24,3,2,6,2819,2688,9,3,3,116,11,6,5
2021,Shaldon & Stokeinteignhead,E05011911,2450,10,1,3,1,0,5,3,2,1,0,28,12,1,8,7,2400,2329,15,2,1,53,9,3,6
2021,Teign Valley,E05011912,5016,30,10,4,6,1,9,7,3,3,1,45,23,3,11,8,4929,4807,25,2,6,89,5,0,5
2021,Teignmouth Central,E05011913,5762,72,5,19,5,1,42,5,3,1,1,80,27,3,18,32,5583,5411,35,1,0,136,22,6,16
2021,Teignmouth East,E05011914,4527,40,4,7,5,0,24,14,11,2,1,39,12,10,8,9,4417,4272,34,2,0,109,17,5,12
2021,Teignmouth West,E05011915,5026,50,15,4,6,5,20,4,2,1,1,65,23,6,17,19,4891,4759,25,3,0,104,16,6,10
2021,Appledore,E05011916,3677,13,0,4,2,0,7,3,2,0,1,38,20,2,3,13,3610,3555,20,5,0,30,13,1,12
2021,Bideford East,E05011917,5732,16,5,2,2,0,7,12,9,1,2,53,16,7,12,18,5646,5530,19,14,1,82,5,0,5
2021,Bideford North,E05011918,5736,80,1,36,14,0,29,8,5,2,1,96,37,8,31,20,5528,5373,30,7,1,117,24,1,23
2021,Bideford South,E05011919,3847,29,0,10,7,0,12,2,1,1,0,34,12,2,13,7,3769,3666,10,3,2,88,13,6,7
2021,Bideford West,E05011920,2942,12,0,0,0,4,8,4,0,2,2,26,7,1,3,15,2889,2848,12,0,0,29,11,6,5
2021,Broadheath (Torridge),E05011921,4146,14,0,3,5,1,5,2,0,2,0,26,19,1,2,4,4089,4008,19,5,4,53,15,0,15
2021,Great Torrington,E05011922,5800,23,1,15,3,1,3,6,0,6,0,54,17,7,21,9,5706,5547,19,2,3,135,11,1,10
2021,Hartland,E05011923,6085,22,0,2,1,5,14,4,3,0,1,55,26,6,6,17,5990,5821,32,1,0,136,14,1,13
2021,Holsworthy,E05011924,3469,30,4,2,4,0,20,1,0,1,0,31,13,4,8,6,3404,3318,18,3,1,64,3,0,3
2021,Milton & Tamarside,E05011925,4095,18,0,5,3,0,10,3,2,1,0,23,6,2,5,10,4046,3976,15,6,1,48,5,1,4
2021,Monkleigh & Putford,E05011926,3837,11,0,0,4,0,7,4,0,2,2,26,10,3,4,9,3792,3739,16,0,0,37,4,0,4
2021,Northam,E05011927,4932,31,0,11,9,1,10,7,1,5,1,51,20,7,11,13,4837,4771,11,3,0,52,6,1,5
2021,Shebbear & Langtree,E05011928,3850,18,0,10,3,0,5,9,4,3,2,26,11,7,3,5,3795,3739,17,0,1,38,2,0,2
2021,Two Rivers & Three Moors,E05011929,4026,12,1,5,1,1,4,1,0,1,0,17,8,4,0,5,3993,3897,18,3,0,75,3,1,2
2021,Westward Ho!,E05011930,3747,20,0,1,7,0,12,7,4,3,0,46,17,3,19,7,3670,3562,24,0,2,82,4,0,4
2021,Winkleigh,E05011931,2190,8,0,3,1,1,3,1,0,1,0,25,10,1,5,9,2156,2102,7,3,1,43,0,0,0
2021,Alresford & Elmstead,E05011932,6984,83,7,14,34,3,25,62,28,15,19,92,29,18,32,13,6728,6542,52,8,6,120,19,2,17
2021,Ardleigh & Little Bromley,E05011933,3013,78,1,16,40,0,21,50,36,9,5,70,23,4,23,20,2778,2658,4,3,0,113,37,7,30
2021,Bluehouse,E05011934,5840,69,15,20,18,1,15,34,9,13,12,103,21,10,45,27,5603,5457,33,18,0,95,31,8,23
2021,Brightlingsea,E05011935,8681,72,1,18,20,0,33,25,15,8,2,110,48,16,32,14,8444,8238,51,2,1,152,30,6,24
2021,Burrsville,E05011936,5153,51,4,17,12,3,15,18,7,11,0,45,10,4,25,6,5007,4908,38,2,3,56,32,3,29
2021,Cann Hall (Tendring),E05011937,6144,64,2,20,17,4,21,48,34,6,8,89,19,10,40,20,5933,5789,30,2,0,112,10,0,10
2021,Coppins,E05011938,7290,157,3,54,45,11,44,48,26,15,7,154,33,31,51,39,6898,6602,117,11,0,168,33,1,32
2021,Dovercourt All Saints,E05011939,7094,52,8,15,9,0,20,14,2,10,2,95,27,21,26,21,6912,6751,42,1,0,118,21,1,20
2021,Dovercourt Bay,E05011940,3239,40,0,14,12,8,6,25,15,4,6,71,13,16,25,17,3083,2993,10,1,0,79,20,6,14
2021,Dovercourt Tollgate,E05011941,2743,27,0,9,6,0,12,27,20,4,3,44,6,11,14,13,2635,2593,10,0,0,32,10,0,10
2021,Dovercourt Vines & Parkeston,E05011942,3024,36,0,12,16,1,7,17,1,13,3,45,10,6,18,11,2918,2844,11,0,1,62,8,0,8
2021,Eastcliff (Tendring),E05011943,2887,21,0,7,5,0,9,12,3,9,0,30,7,4,10,9,2816,2748,36,0,0,32,8,0,8
2021,Frinton,E05011944,5518,73,14,17,17,1,24,25,13,12,0,72,24,14,19,15,5331,5192,61,0,4,74,17,3,14
2021,Harwich & Kingsway,E05011945,3665,52,2,17,1,3,29,45,25,17,3,92,18,20,37,17,3456,3262,20,7,3,164,20,0,20
2021,Homelands,E05011946,3489,36,2,5,6,5,18,7,0,7,0,53,16,5,18,14,3382,3239,76,0,0,67,11,0,11
2021,Kirby Cross,E05011947,3400,38,0,11,16,1,10,15,8,4,3,39,14,3,9,13,3299,3235,17,0,6,41,9,0,9
2021,Kirby-le-Soken & Hamford,E05011948,3389,29,0,10,1,0,18,18,5,11,2,40,15,12,8,5,3294,3226,30,0,0,38,8,1,7
2021,"Lawford, Manningtree & Mistley",E05011949,8618,42,1,9,12,0,20,23,7,14,2,136,43,14,42,37,8396,8178,41,2,2,173,21,7,14
2021,Little Clacton,E05011950,3065,15,2,4,6,0,3,9,5,3,1,31,2,4,13,12,3008,2965,15,1,0,27,2,1,1
2021,Pier,E05011951,2593,68,8,11,10,11,28,66,24,33,9,121,24,19,69,9,2327,2145,43,0,2,137,11,3,8
2021,St Bartholomew's (Tendring),E05011952,5825,56,5,12,17,4,18,23,7,14,2,33,12,5,5,11,5692,5589,53,0,0,50,21,2,19
2021,St James (Tendring),E05011953,7316,200,38,52,30,5,75,81,43,20,18,228,44,38,89,57,6762,6529,60,11,3,159,45,0,45
2021,St John's (Tendring),E05011954,6935,99,4,41,19,8,27,60,42,15,3,145,32,15,61,37,6608,6393,54,2,0,159,23,2,21
2021,St Osyth,E05011955,5173,33,1,13,7,0,12,16,6,10,0,61,9,10,29,13,5051,4931,31,5,3,81,12,3,9
2021,St Paul's (Tendring),E05011956,2678,63,3,31,14,0,15,30,14,12,4,56,18,10,18,10,2522,2419,47,0,0,56,7,1,6
2021,Stour Valley,E05011957,3037,38,0,6,14,5,13,8,5,0,3,36,10,5,7,14,2950,2878,25,0,0,47,5,1,4
2021,The Bentleys & Frating,E05011958,3434,35,0,14,6,2,13,5,2,3,0,38,10,5,9,14,3343,3280,8,5,0,50,13,6,7
2021,The Oakleys & Wix,E05011959,3045,11,0,2,5,0,4,20,6,9,5,37,11,9,7,10,2969,2907,15,1,2,44,8,0,8
2021,"Thorpe, Beaumont & Great Holland",E05011960,3430,15,0,4,4,1,6,18,10,6,2,28,10,1,11,6,3361,3305,21,1,0,34,8,1,7
2021,Walton (Tendring),E05011961,3298,76,2,14,19,9,32,27,19,7,1,65,13,11,29,12,3115,3010,28,5,0,72,15,0,15
2021,Weeley & Tendring,E05011962,2984,28,0,8,11,0,9,14,12,2,0,45,19,7,9,10,2887,2798,13,6,0,70,10,8,2
2021,West Clacton & Jaywick Sands,E05011963,5309,38,5,10,13,1,9,15,5,8,2,89,13,8,54,14,5152,5000,56,15,0,81,15,1,14
2021,Billesdon & Tilton,E05011964,2624,81,0,5,58,4,14,13,7,1,5,59,25,4,19,11,2468,2411,14,1,0,42,3,0,3
2021,Bosworth,E05011965,3410,24,0,1,20,0,3,13,7,5,1,53,16,3,17,17,3313,3233,17,5,4,54,7,1,6
2021,Broughton Astley-Primethorpe & Sutton,E05011966,4900,35,1,1,26,1,6,40,27,7,6,71,12,8,35,16,4744,4662,19,0,0,63,10,0,10
2021,Broughton Astley South & Leire,E05011967,5386,47,0,8,25,8,6,16,11,5,0,67,26,5,24,12,5242,5135,25,2,1,79,14,1,13
2021,Dunton,E05011968,2696,54,0,3,45,0,6,4,1,0,3,22,2,1,11,8,2614,2533,16,1,0,64,2,0,2
2021,Fleckney,E05011969,5844,133,2,5,95,15,16,29,11,15,3,125,35,14,47,29,5506,5337,35,0,0,134,51,0,51
2021,Glen (Harborough),E05011970,5882,1142,7,13,1008,58,56,38,28,8,2,157,71,4,48,34,4449,4282,29,4,0,134,96,15,81
2021,Kibworths,E05011971,8705,417,9,21,351,8,28,45,22,21,2,223,99,10,58,56,7932,7699,39,1,1,192,88,8,80
2021,Lubenham,E05011972,2993,76,5,7,38,15,11,71,22,35,14,84,23,20,19,22,2751,2609,24,9,0,109,11,0,11
2021,Lutterworth East,E05011973,5368,119,0,6,84,10,19,36,21,11,4,109,35,20,32,22,5079,4801,21,12,2,243,25,6,19
2021,Lutterworth West,E05011974,5463,105,0,14,71,14,6,41,29,8,4,71,27,2,19,23,5201,4833,22,135,0,211,45,0,45
2021,Market Harborough-Great Bowden & Arden,E05011975,5931,113,1,12,64,7,29,25,15,7,3,100,45,12,25,18,5666,5432,33,6,8,187,27,4,23
2021,Market Harborough-Little Bowden,E05011976,5695,158,3,21,100,4,30,29,16,10,3,112,60,9,24,19,5354,5113,43,2,3,193,42,9,33
2021,Market Harborough-Logan,E05011977,5583,163,16,28,91,1,27,84,66,12,6,108,39,8,29,32,5208,4944,49,5,0,210,20,5,15
2021,Market Harborough-Welland,E05011978,8856,202,3,35,122,1,41,29,12,11,6,185,80,21,33,51,8404,8027,56,5,1,315,36,2,34
2021,Misterton (Harborough),E05011979,2980,25,1,3,11,2,8,5,2,3,0,48,21,3,19,5,2882,2795,18,0,0,69,20,1,19
2021,Nevill,E05011980,2873,33,0,4,21,0,8,5,0,5,0,38,20,2,6,10,2787,2711,19,0,1,56,10,0,10
2021,Thurnby & Houghton,E05011981,9341,2330,20,40,1995,131,144,156,106,29,21,324,114,28,118,64,6265,6005,52,5,0,203,266,31,235
2021,Ullesthorpe,E05011982,3083,34,0,2,22,0,10,13,7,6,0,50,11,9,22,8,2984,2910,21,0,0,53,2,0,2
2021,Ault Hucknall,E05011983,6300,75,4,15,23,19,14,29,18,8,3,57,17,10,15,15,6117,5919,10,1,0,187,22,5,17
2021,Barlborough,E05011984,4121,109,0,19,64,11,15,20,13,2,5,48,12,10,11,15,3934,3844,18,0,10,62,10,3,7
2021,Blackwell,E05011985,4271,24,0,3,6,1,14,14,8,6,0,34,7,4,13,10,4191,4127,13,0,2,49,8,0,8
2021,Bolsover East,E05011986,4298,19,0,1,4,5,9,15,10,5,0,19,1,1,13,4,4228,4156,7,3,1,61,17,12,5
2021,Bolsover North & Shuttlewood,E05011987,3441,32,1,5,8,4,14,26,23,3,0,51,8,5,34,4,3319,3204,6,2,0,107,13,3,10
2021,Bolsover South,E05011988,4440,29,0,4,14,2,9,11,6,5,0,30,6,5,8,11,4363,4271,10,1,0,81,7,0,7
2021,Clowne East,E05011989,5517,39,0,16,8,1,14,16,6,6,4,30,9,8,8,5,5422,5350,10,2,1,59,10,5,5
2021,Clowne West,E05011990,2789,18,0,9,3,5,1,10,4,1,5,30,11,3,15,1,2723,2697,12,0,0,14,8,6,2
2021,Elmton-with-Creswell,E05011991,6611,28,0,4,19,2,3,27,19,5,3,62,13,5,20,24,6488,6267,17,0,3,201,6,0,6
2021,Langwith,E05011992,4786,20,0,1,12,0,7,18,6,11,1,49,13,4,24,8,4680,4345,15,7,1,312,19,1,18
2021,Pinxton,E05011993,4245,56,0,6,10,7,33,12,6,3,3,52,11,7,29,5,4104,3957,4,44,0,99,21,0,21
2021,Shirebrook North,E05011994,4897,30,0,11,11,3,5,32,18,8,6,26,5,4,8,9,4788,4265,16,1,8,498,21,3,18
2021,Shirebrook South,E05011995,4739,47,4,10,10,11,12,72,38,15,19,45,13,8,17,7,4533,3739,12,26,2,754,42,0,42
2021,South Normanton East,E05011996,4874,44,0,5,23,3,13,46,25,12,9,66,17,9,31,9,4713,4529,16,2,3,163,5,0,5
2021,South Normanton West,E05011997,6671,82,0,30,32,3,17,44,36,6,2,70,17,10,28,15,6454,6238,11,4,4,197,21,0,21
2021,Tibshelf,E05011998,4351,53,3,11,14,9,16,11,7,4,0,41,7,5,15,14,4243,4165,10,0,1,67,3,1,2
2021,Whitwell,E05011999,3924,19,0,3,6,1,9,18,4,12,2,34,20,2,3,9,3845,3779,12,2,0,52,8,2,6
2021,Alston & Hothersall,E05012000,2726,15,0,1,4,5,5,6,3,3,0,31,10,7,9,5,2661,2611,5,0,1,44,13,0,13
2021,Billington & Langho,E05012001,3424,89,11,6,47,20,5,1,0,0,1,45,26,0,15,4,3280,3210,25,2,4,39,9,2,7
2021,Bowland,E05012002,1474,7,0,1,1,1,4,3,1,2,0,6,2,0,1,3,1457,1437,7,0,0,13,1,0,1
2021,Brockhall & Dinckley,E05012003,1601,86,3,3,19,50,11,1,1,0,0,25,7,7,4,7,1478,1452,4,0,2,20,11,0,11
2021,Chatburn,E05012004,1327,13,0,6,5,0,2,0,0,0,0,10,2,0,4,4,1303,1293,6,0,0,4,1,1,0
2021,Chipping,E05012005,1413,0,0,0,0,0,0,2,0,1,1,5,1,3,1,0,1405,1359,15,0,0,31,1,0,1
2021,Clayton-le-Dale & Salesbury,E05012006,1628,47,4,0,29,13,1,1,0,1,0,26,9,3,6,8,1554,1520,18,0,0,16,0,0,0
2021,Derby & Thornley,E05012007,3212,23,1,6,11,3,2,9,6,0,3,43,20,8,4,11,3124,3067,15,0,0,42,13,2,11
2021,Dilworth,E05012008,2781,21,0,5,3,5,8,10,3,6,1,32,9,4,18,1,2712,2673,18,0,0,21,6,4,2
2021,"East Whalley, Read & Simonstone",E05012009,2652,42,0,7,16,17,2,3,2,1,0,27,12,5,4,6,2579,2525,22,0,0,32,1,1,0
2021,Edisford & Low Moor,E05012010,3591,56,0,0,20,33,3,5,3,2,0,48,20,8,7,13,3474,3392,13,0,0,69,8,6,2
2021,Gisburn & Rimington,E05012011,1437,13,1,0,1,5,6,1,1,0,0,10,4,1,0,5,1411,1394,5,0,0,12,2,1,1
2021,Hurst Green & Whitewell,E05012012,1663,42,0,24,7,5,6,28,24,3,1,36,12,14,1,9,1551,1480,21,1,1,48,6,0,6
2021,Littlemoor,E05012013,3213,114,0,15,14,81,4,6,1,1,4,51,28,9,5,9,3027,2916,8,0,3,100,15,3,12
2021,Mellor,E05012014,2748,86,0,5,54,22,5,3,2,0,1,24,15,2,0,7,2633,2571,16,0,0,46,2,0,2
2021,Primrose (Ribble Valley),E05012015,3771,65,0,13,8,36,8,8,7,1,0,41,19,8,4,10,3628,3513,18,1,0,96,29,10,19
2021,Ribchester,E05012016,1528,6,0,1,0,1,4,2,0,2,0,11,5,4,2,0,1508,1482,14,0,0,12,1,0,1
2021,Sabden,E05012017,1581,10,0,5,0,1,4,1,0,1,0,20,7,3,3,7,1546,1524,6,0,0,16,4,0,4
2021,St Mary's (Ribble Valley),E05012018,3019,37,0,5,3,24,5,9,4,4,1,32,12,8,4,8,2938,2861,17,0,1,59,3,0,3
2021,Salthill,E05012019,3549,137,0,8,23,85,21,4,3,1,0,38,22,4,3,9,3352,3205,14,0,4,129,18,7,11
2021,"Waddington, Bashall Eaves & Mitton",E05012020,1443,7,0,1,3,0,3,2,2,0,0,8,1,1,3,3,1425,1402,8,0,0,15,1,0,1
2021,West Bradford & Grindleton,E05012021,1657,11,0,0,0,9,2,3,2,1,0,12,3,1,4,4,1627,1614,6,0,0,7,4,2,2
2021,Whalley & Painter Wood,E05012022,2998,58,1,5,20,24,8,9,7,1,1,39,22,4,6,7,2889,2839,16,0,0,34,3,0,3
2021,Whalley Nethertown,E05012023,1513,20,0,6,4,5,5,3,3,0,0,29,17,3,2,7,1460,1422,1,1,0,36,1,0,1
2021,Wilpshire & Ramsgreave,E05012024,3365,224,1,4,84,128,7,6,3,3,0,51,21,14,5,11,3067,3004,38,2,0,23,17,11,6
2021,Wiswell & Barrow,E05012025,2246,35,1,11,8,9,6,1,0,1,0,31,17,1,10,3,2168,2148,4,0,0,16,11,0,11
2021,Bagshot,E05012026,7382,438,22,40,208,72,96,89,50,19,20,231,76,21,43,91,6514,5930,88,20,4,472,110,30,80
2021,Bisley & West End,E05012027,10339,663,7,81,310,118,147,201,126,44,31,293,138,24,66,65,9045,8457,74,24,12,478,137,62,75
2021,Frimley,E05012028,5135,795,71,62,260,47,355,93,68,16,9,149,54,20,30,45,3977,3603,57,0,4,313,121,38,83
2021,Frimley Green,E05012029,6847,459,9,28,190,42,190,104,73,19,12,172,68,17,44,43,5997,5566,54,24,6,347,115,14,101
2021,Heatherside,E05012030,7514,615,31,43,315,109,117,118,78,21,19,182,75,20,38,49,6494,6006,45,1,0,442,105,17,88
2021,Lightwater,E05012031,6534,324,5,51,170,40,58,42,24,10,8,147,68,3,30,46,5972,5617,65,5,3,282,49,10,39
2021,Mytchett & Deepcut,E05012032,7226,395,10,36,118,48,183,138,81,27,30,169,61,21,41,46,6440,6026,57,12,2,343,84,16,68
2021,Old Dean,E05012033,5487,658,85,26,194,65,288,96,67,19,10,161,50,29,35,47,4450,4005,75,17,4,349,122,21,101
2021,Parkside (Surrey Heath),E05012034,5192,656,24,64,265,98,205,82,61,12,9,167,72,12,19,64,4186,3839,51,1,0,295,101,31,70
2021,St Michaels (Surrey Heath),E05012035,6001,879,86,33,138,255,367,140,111,16,13,210,62,33,46,69,4604,3934,49,18,17,586,168,35,133
2021,St Pauls (Surrey Heath),E05012036,4907,501,15,56,309,37,84,79,50,25,4,143,72,14,17,40,4063,3819,47,0,2,195,121,26,95
2021,Town (Surrey Heath),E05012037,5249,525,55,22,160,67,221,128,87,28,13,140,54,15,20,51,4328,3748,69,2,14,495,128,20,108
2021,Watchetts,E05012038,5561,954,46,30,240,249,389,99,69,24,6,139,59,16,26,38,4202,3852,43,8,7,292,167,22,145
2021,Windlesham & Chobham,E05012039,7092,196,11,21,61,41,62,21,7,12,2,157,52,18,22,65,6636,6074,64,72,20,406,82,15,67
2021,Ashover,E05012040,1959,13,0,1,4,0,8,8,1,3,4,23,2,4,11,6,1914,1881,6,0,1,26,1,1,0
2021,Barlow & Holmesfield,E05012041,1974,17,0,7,4,1,5,2,0,2,0,19,9,0,7,3,1934,1908,5,1,0,20,2,0,2
2021,Brampton & Walton,E05012042,3327,34,1,7,18,2,6,6,4,2,0,24,13,1,5,5,3259,3199,11,0,0,49,4,0,4
2021,Clay Cross North,E05012043,6587,56,0,23,13,2,18,15,6,9,0,89,30,12,36,11,6418,6264,41,6,6,101,9,0,9
2021,Clay Cross South,E05012044,3735,39,0,10,15,3,11,8,4,1,3,44,17,6,10,11,3638,3567,11,3,0,57,6,0,6
2021,Coal Aston,E05012045,3756,46,0,14,10,16,6,15,8,2,5,29,14,5,5,5,3663,3625,9,1,0,28,3,0,3
2021,Dronfield North,E05012046,3661,49,4,6,5,12,22,11,5,5,1,71,32,2,28,9,3521,3457,14,0,0,50,9,0,9
2021,Dronfield South,E05012047,5989,45,0,3,20,9,13,22,16,4,2,74,30,7,23,14,5834,5730,20,0,3,81,14,2,12
2021,Dronfield Woodhouse,E05012048,1946,20,0,6,5,0,9,2,0,1,1,25,14,0,4,7,1893,1864,6,0,0,23,6,0,6
2021,Eckington North,E05012049,3938,61,0,7,7,10,37,6,2,1,3,40,12,4,18,6,3816,3753,15,4,0,44,15,0,15
2021,Eckington South & Renishaw,E05012050,6158,47,0,21,17,3,6,36,13,17,6,84,22,17,29,16,5982,5847,16,2,1,116,9,0,9
2021,Gosforth Valley,E05012051,5811,46,1,16,10,5,14,26,12,10,4,66,32,7,18,9,5664,5569,20,0,0,75,9,0,9
2021,Grassmoor,E05012052,4116,50,0,22,7,6,15,10,6,3,1,80,15,11,33,21,3962,3904,9,0,0,49,14,4,10
2021,Holmewood & Heath,E05012053,4366,38,1,7,17,1,12,13,7,4,2,59,15,8,27,9,4247,4148,15,2,0,82,9,2,7
2021,Killamarsh East,E05012054,3761,45,0,2,12,31,0,14,8,3,3,39,3,6,15,15,3654,3587,1,0,1,65,9,2,7
2021,Killamarsh West,E05012055,5498,27,0,11,9,0,7,17,7,8,2,79,14,9,36,20,5367,5265,15,2,0,85,8,1,7
2021,North Wingfield Central,E05012056,5887,57,1,6,30,0,20,22,20,1,1,37,15,7,9,6,5766,5691,10,1,2,62,5,2,3
2021,Pilsley & Morton,E05012057,5374,42,0,8,21,1,12,9,3,2,4,39,18,3,7,11,5274,5218,15,0,0,41,10,1,9
2021,Ridgeway & Marsh Lane,E05012058,1747,5,0,1,2,1,1,3,0,3,0,23,6,4,12,1,1713,1702,3,0,0,8,3,0,3
2021,Shirland,E05012059,6173,33,4,5,14,0,10,18,9,6,3,70,15,18,22,15,6033,5939,13,9,0,72,19,0,19
2021,Sutton (North East Derbyshire),E05012060,3976,48,3,14,21,0,10,23,13,9,1,55,4,5,27,19,3843,3768,14,10,0,51,7,1,6
2021,Tupton,E05012061,5742,63,0,8,31,1,23,20,15,4,1,54,14,4,23,13,5599,5506,11,1,0,81,6,1,5
2021,Unstone,E05012062,1814,14,4,2,5,1,2,6,5,0,1,18,8,0,5,5,1773,1743,6,0,0,24,3,2,1
2021,Wingerworth,E05012063,4712,61,1,9,31,7,13,15,7,8,0,31,18,0,12,1,4598,4522,18,3,1,54,7,2,5
2021,Badgeworth,E05012064,2671,47,6,2,33,0,6,13,7,4,2,45,9,6,24,6,2556,2468,29,12,1,46,10,1,9
2021,Brockworth East,E05012065,3932,39,4,10,3,2,20,48,28,13,7,98,14,13,42,29,3719,3541,22,13,3,140,28,8,20
2021,Brockworth West,E05012066,5493,103,2,16,66,3,16,60,33,21,6,136,42,10,63,21,5167,4832,29,25,4,277,27,10,17
2021,Churchdown Brookfield with Hucclecote,E05012067,6546,137,12,14,60,19,32,72,48,12,12,140,33,13,52,42,6158,5838,48,6,3,263,39,9,30
2021,Churchdown St John's,E05012068,7133,144,4,12,69,4,55,68,34,18,16,148,30,26,60,32,6742,6426,40,18,4,254,31,0,31
2021,Cleeve Grange,E05012069,3070,73,0,7,49,1,16,9,2,3,4,43,14,2,14,13,2930,2815,8,5,1,101,15,3,12
2021,Cleeve Hill,E05012070,5205,81,0,12,46,13,10,11,7,3,1,87,50,7,8,22,5008,4824,30,15,0,139,18,3,15
2021,Cleeve St Michael's,E05012071,5956,123,12,4,77,7,23,38,20,13,5,147,45,17,47,38,5634,5403,23,17,2,189,14,0,14
2021,Cleeve West,E05012072,5037,189,7,29,124,6,23,12,3,1,8,105,45,13,27,20,4712,4419,43,7,2,241,19,1,18
2021,Highnam with Haw Bridge,E05012073,4556,49,1,10,12,9,17,24,15,4,5,79,24,9,22,24,4384,4250,36,17,0,81,20,1,19
2021,Innsworth,E05012074,5659,409,0,11,46,26,326,114,75,21,18,138,41,23,55,19,4897,4489,19,60,39,290,101,17,84
2021,Isbourne,E05012075,4418,49,0,5,21,0,23,23,18,3,2,58,18,6,25,9,4258,4022,34,67,0,135,30,0,30
2021,Northway,E05012076,4858,81,16,13,33,1,18,18,6,9,3,68,22,8,22,16,4689,4410,16,2,0,261,2,0,2
2021,Severn Vale North,E05012077,2600,27,4,4,13,0,6,10,6,2,2,29,6,7,12,4,2528,2438,16,21,5,48,6,3,3
2021,Severn Vale South,E05012078,2342,57,7,13,23,7,7,4,4,0,0,28,6,4,9,9,2240,2147,13,19,1,60,13,0,13
2021,Shurdington,E05012079,2588,69,0,14,43,5,7,8,0,3,5,59,16,1,19,23,2436,2305,16,0,1,114,16,3,13
2021,Tewkesbury East,E05012080,5408,78,19,9,27,8,15,26,16,5,5,78,36,10,21,11,5221,4989,23,6,1,202,5,0,5
2021,Tewkesbury North & Twyning,E05012081,4939,40,2,14,13,0,11,7,2,5,0,57,24,8,7,18,4811,4608,21,22,8,152,24,6,18
2021,Tewkesbury South,E05012082,5723,91,15,24,23,1,28,22,11,8,3,70,20,6,34,10,5517,5148,20,19,7,323,23,5,18
2021,Winchcombe,E05012083,6742,36,0,8,15,0,13,10,5,3,2,82,36,1,27,18,6598,6348,50,7,1,192,16,3,13
2021,Andover Downlands,E05012085,6404,252,18,34,77,22,101,192,126,32,34,185,43,25,65,52,5737,5381,17,2,3,334,38,13,25
2021,Andover Romans,E05012088,10169,396,22,59,153,22,140,373,275,35,63,307,65,88,66,88,8985,7965,24,12,2,982,108,2,106
2021,Blackwater,E05012093,6420,83,0,31,33,1,18,21,11,6,4,98,41,16,13,28,6177,5955,37,37,3,145,41,5,36
2021,Harewood (Test Valley),E05012097,3298,22,0,3,5,5,9,5,2,3,0,48,23,8,6,11,3210,3083,23,3,2,99,13,1,12
2021,Mid Test,E05012098,9223,64,2,12,16,5,29,47,24,17,6,133,37,22,35,39,8943,8647,54,19,2,221,36,0,36
2021,Romsey Abbey,E05012100,5389,131,23,24,22,8,54,21,13,8,0,50,13,9,12,16,5142,4943,43,4,2,150,45,12,33
2021,Romsey Tadburn,E05012102,5916,121,18,27,17,6,53,10,6,1,3,73,30,13,9,21,5680,5453,33,9,2,183,32,0,32
2021,Bitton & Oldland Common,E05012104,9457,91,6,18,34,5,28,64,36,21,7,151,33,22,62,34,9133,8911,33,6,9,174,18,4,14
2021,Boyd Valley,E05012105,9235,124,8,23,36,29,28,57,14,34,9,133,41,10,55,27,8886,8593,47,52,4,190,35,1,34
2021,Bradley Stoke North,E05012106,11063,1139,27,124,723,115,150,265,172,67,26,320,94,41,87,98,9123,7842,51,19,26,1185,216,81,135
2021,Bradley Stoke South,E05012107,9621,1084,4,184,677,101,118,226,145,48,33,283,84,30,79,90,7843,6900,45,2,32,864,185,73,112
2021,Charfield,E05012108,5280,46,7,13,7,7,12,44,9,22,13,84,22,6,32,24,5095,4934,29,15,0,117,11,0,11
2021,Charlton & Cribbs,E05012109,9420,979,36,204,524,84,131,414,272,71,71,369,77,58,160,74,7452,6170,34,63,23,1162,206,66,140
2021,Chipping Sodbury & Cotswold Edge,E05012110,10039,80,0,19,24,11,26,30,12,12,6,124,39,9,48,28,9769,9503,60,32,0,174,36,2,34
2021,Dodington,E05012111,9886,144,3,20,47,17,57,42,16,21,5,181,41,19,79,42,9486,9131,27,5,0,323,33,12,21
2021,Emersons Green,E05012112,17338,844,77,183,314,134,136,462,296,117,49,564,175,66,214,109,15292,14311,58,14,10,899,176,61,115
2021,Filton,E05012113,11293,988,45,144,457,123,219,363,253,80,30,509,99,78,198,134,9235,8200,90,9,62,874,198,28,170
2021,Frampton Cotterell,E05012114,13238,121,0,38,39,20,24,72,41,26,5,200,56,26,74,44,12794,12414,65,39,5,271,51,12,39
2021,Frenchay & Downend,E05012115,13737,598,44,71,251,129,103,258,160,81,17,322,97,20,125,80,12397,11880,67,16,2,432,162,36,126
2021,Hanham,E05012116,13067,293,35,50,98,33,77,128,72,42,14,316,81,35,133,67,12276,11780,71,10,11,404,54,16,38
2021,Kingswood (South Gloucestershire),E05012117,9013,305,36,47,115,33,74,272,158,98,16,298,65,38,140,55,8031,7263,35,10,29,694,107,22,85
2021,Longwell Green,E05012118,9888,129,2,31,50,16,30,45,30,12,3,174,49,19,62,44,9493,9225,43,2,6,217,47,7,40
2021,New Cheltenham,E05012119,9050,238,21,50,55,50,62,193,104,59,30,271,65,29,108,69,8270,7854,21,34,4,357,78,18,60
2021,Parkwall & Warmley,E05012120,9230,128,1,37,60,4,26,81,44,27,10,172,38,12,75,47,8820,8491,46,2,6,275,29,3,26
2021,Patchway Coniston,E05012121,5414,168,10,28,67,2,61,134,97,22,15,155,19,23,61,52,4888,4312,31,6,22,517,69,13,56
2021,Pilning & Severn Beach,E05012122,4849,50,10,5,9,9,17,27,15,8,4,61,26,3,21,11,4688,4426,24,15,10,213,23,4,19
2021,Severn Vale,E05012123,9618,145,0,19,73,13,40,43,24,16,3,168,62,15,32,59,9190,8882,65,0,5,238,72,18,54
2021,Staple Hill & Mangotsfield,E05012124,15037,526,70,67,153,120,116,291,167,89,35,484,113,78,194,99,13595,12872,68,5,20,630,141,31,110
2021,Stoke Gifford,E05012125,14201,841,10,193,421,72,145,265,178,58,29,432,135,53,156,88,12486,11543,61,10,16,856,177,52,125
2021,Stoke Park & Cheswick,E05012126,7655,997,82,349,293,90,183,337,234,60,43,395,99,68,117,111,5717,5111,44,10,16,536,209,134,75
2021,Thornbury,E05012127,14485,188,4,43,59,20,62,72,28,29,15,250,85,30,82,53,13911,13220,78,17,25,571,64,16,48
2021,Winterbourne,E05012128,7604,252,11,41,90,51,59,63,30,29,4,174,67,15,56,36,7054,6749,30,26,8,241,61,4,57
2021,Woodstock (South Gloucestershire),E05012129,10193,213,14,38,74,21,66,141,83,42,16,305,68,46,130,61,9471,8964,22,7,12,466,63,17,46
2021,Yate Central,E05012130,9196,216,12,36,60,32,76,37,18,14,5,158,60,21,43,34,8727,8402,44,3,10,268,58,10,48
2021,Yate North,E05012131,12349,177,6,40,56,17,58,118,82,19,17,242,63,35,94,50,11739,11276,36,15,4,408,73,10,63
2021,Aldermaston,E05012132,3995,90,0,7,53,10,20,44,25,11,8,95,37,15,18,25,3749,3548,31,9,4,157,17,3,14
2021,Basildon,E05012133,3491,46,0,13,13,6,14,20,15,3,2,85,43,8,16,18,3325,3115,44,0,0,166,15,3,12
2021,Bradfield,E05012134,4470,87,3,21,27,10,26,63,33,12,18,96,34,10,16,36,4196,3957,22,13,2,202,28,13,15
2021,Bucklebury,E05012135,3624,37,1,17,9,1,9,26,13,6,7,93,30,12,20,31,3458,3254,55,4,0,145,10,0,10
2021,Burghfield & Mortimer,E05012136,10767,267,18,52,100,21,76,106,58,27,21,338,141,17,102,78,10004,9461,74,35,1,433,52,11,41
2021,Chieveley & Cold Ash,E05012137,8221,215,7,56,67,8,77,102,70,19,13,188,99,24,26,39,7650,7316,55,7,2,270,66,9,57
2021,Downlands,E05012138,3695,27,0,3,11,1,12,7,6,1,0,41,13,4,14,10,3615,3473,29,7,0,106,5,1,4
2021,Hungerford & Kintbury,E05012139,11448,119,0,27,50,0,42,40,17,16,7,187,57,29,57,44,11049,10515,91,11,10,422,53,11,42
2021,Lambourn,E05012140,4220,62,0,12,43,2,5,16,11,0,5,36,11,6,5,14,4089,3826,91,0,5,167,17,1,16
2021,Newbury Central,E05012141,7429,716,55,56,504,33,68,104,64,27,13,203,63,34,31,75,6322,5502,65,6,14,735,84,17,67
2021,Newbury Clay Hill,E05012142,7549,447,31,57,250,42,67,105,72,19,14,194,44,37,46,67,6701,5836,48,17,18,782,102,27,75
2021,Newbury Greenham,E05012143,12829,814,64,84,548,46,72,175,123,39,13,329,104,46,86,93,11364,10249,108,9,21,977,147,36,111
2021,Newbury Speen,E05012144,7621,289,22,20,165,16,66,72,57,10,5,137,34,21,28,54,7026,6437,65,11,7,506,97,45,52
2021,Newbury Wash Common,E05012145,9317,195,12,34,75,19,55,69,37,20,12,161,68,25,28,40,8846,8279,96,1,11,459,46,4,42
2021,Pangbourne,E05012146,3761,80,9,33,26,5,7,29,17,12,0,117,28,10,40,39,3526,3264,45,13,0,204,9,1,8
2021,Ridgeway (West Berkshire),E05012147,4273,59,10,3,19,19,8,13,2,11,0,57,19,5,21,12,4127,3892,45,3,2,185,17,0,17
2021,Thatcham Central,E05012148,7375,194,28,11,107,9,39,96,54,25,17,163,52,29,48,34,6868,6412,42,3,10,401,54,12,42
2021,Thatcham Colthrop & Crookham,E05012149,3339,62,4,16,25,5,12,26,15,11,0,65,32,8,13,12,3179,3029,25,0,2,123,7,0,7
2021,Thatcham North East,E05012150,7743,239,36,54,88,16,45,80,45,19,16,133,54,13,31,35,7229,6827,49,4,21,328,62,23,39
2021,Thatcham West,E05012151,7321,124,10,20,46,12,36,44,27,11,6,115,32,10,44,29,7003,6615,39,7,7,335,35,8,27
2021,Theale,E05012152,3053,122,11,34,51,11,15,34,14,12,8,93,24,9,31,29,2787,2601,27,1,4,154,17,5,12
2021,Tilehurst & Purley,E05012153,10637,506,12,63,255,95,81,205,61,99,45,340,107,41,107,85,9485,8972,86,6,2,419,101,21,80
2021,Tilehurst Birch Copse,E05012154,7862,449,41,42,192,90,84,186,70,95,21,313,76,40,131,66,6854,6430,91,7,6,320,60,12,48
2021,Tilehurst South & Holybrook,E05012155,7402,741,24,66,362,183,106,369,192,122,55,275,70,47,97,61,5932,5443,78,16,12,383,85,16,69
2021,Berry Hill (Forest of Dean),E05012156,4324,17,3,1,6,0,7,5,1,2,2,35,8,1,7,19,4259,4209,8,0,1,41,8,0,8
2021,Bream,E05012157,4885,12,0,0,5,0,7,4,3,1,0,52,10,3,20,19,4805,4739,20,0,1,45,12,1,11
2021,Cinderford East,E05012158,4447,54,2,29,4,0,19,8,6,2,0,53,26,3,11,13,4297,4176,12,10,5,94,35,7,28
2021,Cinderford West,E05012159,4323,39,1,16,7,1,14,11,5,4,2,45,16,9,17,3,4178,3960,18,11,20,169,50,11,39
2021,Coleford,E05012160,7730,60,0,21,16,4,19,15,5,8,2,49,17,10,10,12,7594,7488,16,0,2,88,12,1,11
2021,Dymock,E05012161,1962,12,0,1,0,7,4,7,3,4,0,11,4,3,3,1,1922,1857,2,0,0,63,10,1,9
2021,Hartpury & Redmarley,E05012162,5280,26,0,16,2,0,8,16,7,9,0,82,19,9,29,25,5149,5011,13,3,0,122,7,2,5
2021,Longhope & Huntley,E05012163,3943,35,1,3,16,1,14,16,5,9,2,62,16,7,25,14,3822,3738,21,0,0,63,8,0,8
2021,Lydbrook,E05012164,2229,9,0,2,1,5,1,5,0,3,2,19,9,2,2,6,2193,2139,12,8,0,34,3,0,3
2021,Lydney East,E05012165,6559,55,1,18,12,5,19,28,12,9,7,75,19,14,23,19,6371,6165,20,10,7,169,30,0,30
2021,Lydney North,E05012166,1758,10,0,3,3,0,4,1,1,0,0,18,12,0,3,3,1728,1697,6,0,0,25,1,0,1
2021,Lydney West & Aylburton,E05012167,2394,18,0,6,2,0,10,2,1,1,0,9,1,3,2,3,2355,2294,9,1,0,51,10,0,10
2021,"Mitcheldean, Ruardean & Drybrook",E05012168,7344,41,1,8,14,3,15,9,0,5,4,50,17,10,14,9,7230,7088,14,11,0,117,14,0,14
2021,Newent & Taynton,E05012169,6709,43,2,2,11,1,27,32,26,3,3,96,37,15,24,20,6487,5957,27,16,17,470,51,0,51
2021,Newland & Sling,E05012170,2467,14,0,7,4,1,2,4,2,1,1,40,17,7,8,8,2402,2340,14,5,0,43,7,2,5
2021,Newnham (Forest of Dean),E05012171,4738,41,0,4,17,6,14,5,3,1,1,53,22,8,15,8,4631,4519,15,9,4,84,8,0,8
2021,Pillowell,E05012172,1907,9,0,1,0,0,8,0,0,0,0,10,4,3,2,1,1884,1856,8,0,2,18,4,2,2
2021,Ruspidge,E05012173,2434,16,0,3,3,0,10,6,1,5,0,29,6,6,8,9,2377,2325,9,12,0,31,6,0,6
2021,St. Briavels,E05012174,2343,21,0,3,2,0,16,3,2,0,1,22,9,3,3,7,2291,2230,13,0,5,43,6,0,6
2021,Tidenham,E05012175,7168,81,3,5,13,1,59,58,32,9,17,96,28,19,22,27,6887,6669,42,3,0,173,46,0,46
2021,Westbury-on-Severn,E05012176,2050,9,2,3,0,0,4,9,2,6,1,19,6,2,6,5,1996,1944,8,1,0,43,17,1,16
2021,Aldenham East,E05012177,4954,446,7,56,268,33,82,127,93,18,16,141,87,3,18,33,4038,3416,105,1,11,505,202,7,195
2021,Aldenham West,E05012178,5109,438,11,32,313,22,60,148,100,39,9,150,71,7,25,47,4205,3576,85,79,20,445,168,14,154
2021,Bentley Heath & The Royds,E05012179,5975,643,27,64,361,47,144,196,121,51,24,216,85,25,33,73,4652,3904,169,2,1,576,268,15,253
2021,Borehamwood Brookmeadow,E05012180,8834,651,38,91,317,19,186,696,537,77,82,369,85,51,128,105,6716,4995,130,14,35,1542,402,23,379
2021,Borehamwood Cowley Hill,E05012181,9505,766,38,60,401,48,219,729,570,72,87,339,82,54,103,100,7340,5858,138,27,33,1284,331,39,292
2021,Borehamwood Hillside,E05012182,8596,806,36,120,365,61,224,568,458,46,64,325,76,63,71,115,6489,4953,136,8,37,1355,408,32,376
2021,Borehamwood Kenilworth,E05012183,9387,807,16,68,416,55,252,747,574,93,80,344,85,59,72,128,7147,5612,178,1,31,1325,342,41,301
2021,Bushey Heath,E05012184,5429,777,17,34,556,51,119,84,61,15,8,158,54,9,39,56,4180,3472,104,4,21,579,230,18,212
2021,Bushey North,E05012185,8006,1403,30,91,857,137,288,352,219,94,39,341,98,48,82,113,5697,4681,201,4,16,795,213,44,169
2021,Bushey Park,E05012186,7280,953,15,78,628,74,158,168,106,47,15,257,99,26,59,73,5630,4844,158,7,8,613,272,17,255
2021,Bushey St James,E05012187,7697,933,22,73,576,84,178,336,209,92,35,356,103,52,88,113,5864,4948,227,5,17,667,208,36,172
2021,Elstree,E05012188,5092,797,10,58,550,59,120,217,155,44,18,153,75,17,22,39,3653,2912,75,3,15,648,272,13,259
2021,Potters Bar Furzefield,E05012189,5789,594,41,86,318,30,119,209,124,51,34,236,80,15,55,86,4519,3813,125,0,10,571,231,27,204
2021,Potters Bar Oakmere,E05012190,5788,485,36,53,254,22,120,319,202,86,31,256,56,35,67,98,4488,3735,111,5,15,622,240,18,222
2021,Potters Bar Parkfield,E05012191,4994,505,23,47,308,34,93,181,127,30,24,219,54,26,42,97,3886,3233,80,3,9,561,203,17,186
2021,Shenley,E05012192,5391,318,13,49,173,10,73,102,57,34,11,171,51,18,42,60,4647,4080,134,6,6,421,153,3,150
2021,Ashton (Preston),E05012193,8668,608,5,49,429,86,39,121,71,40,10,264,86,34,103,41,7554,7121,69,1,9,354,121,54,67
2021,Brookfield (Preston),E05012194,8273,1117,9,12,525,505,66,144,65,64,15,274,72,32,126,44,6646,6094,41,11,6,494,92,16,76
2021,Cadley,E05012195,8505,902,5,46,559,215,77,112,77,30,5,235,60,27,101,47,7102,6745,50,3,4,300,154,67,87
2021,City Centre,E05012196,11940,2849,114,162,1855,461,257,697,562,83,52,431,146,47,142,96,7514,6345,95,16,40,1018,449,261,188
2021,Deepdale,E05012197,9666,5482,75,9,4127,1043,228,217,163,36,18,234,122,20,57,35,3401,2780,28,4,33,556,332,107,225
2021,Fishwick & Frenchwood,E05012198,9434,4362,225,39,2702,1219,177,252,125,86,41,378,135,43,129,71,4119,3027,42,4,39,1007,323,105,218
2021,Garrison,E05012199,9154,2514,46,70,1850,427,121,161,115,38,8,233,98,32,61,42,6080,5804,61,0,1,214,166,63,103
2021,Greyfriars (Preston),E05012200,8347,1744,92,25,1198,358,71,109,69,33,7,148,60,5,51,32,6201,5955,49,1,8,188,145,74,71
2021,Ingol & Cottam,E05012201,9261,364,0,25,215,70,54,146,94,30,22,271,50,60,124,37,8436,7899,70,6,2,459,44,17,27
2021,Lea & Larches,E05012202,9268,290,15,31,138,77,29,132,65,55,12,276,33,21,165,57,8509,8073,47,1,3,385,61,30,31
2021,Plungington,E05012203,11457,2337,29,113,1426,494,275,623,504,76,43,422,110,69,159,84,7759,6727,84,11,27,910,316,144,172
2021,Preston Rural East,E05012204,8648,528,18,28,343,106,33,60,40,15,5,135,53,8,56,18,7879,7705,54,3,6,111,46,15,31
2021,Preston Rural North,E05012205,7091,334,1,34,214,67,18,72,52,13,7,145,51,14,54,26,6508,6350,43,5,0,110,32,5,27
2021,Ribbleton,E05012206,9075,649,14,7,253,352,23,211,99,93,19,347,68,35,204,40,7794,6971,72,15,11,725,74,21,53
2021,St Matthew's (Preston),E05012207,10780,3716,68,22,1765,1665,196,266,127,109,30,398,118,36,172,72,6069,4634,61,30,55,1289,331,88,243
2021,Sharoe Green,E05012208,8264,2022,43,37,1451,408,83,160,125,25,10,174,56,23,56,39,5756,5487,59,4,6,200,152,86,66
2021,Blacon,E05012209,14087,210,28,35,65,21,61,95,74,15,6,215,46,59,75,35,13426,12532,74,2,10,808,141,50,91
2021,Central & Grange,E05012210,12511,298,34,85,31,33,115,97,61,16,20,240,77,60,58,45,11756,10905,52,17,36,746,120,31,89
2021,Chester City & the Garden Quarter,E05012211,18340,1008,78,131,409,117,273,440,371,49,20,520,179,87,106,148,16044,14101,269,6,38,1630,328,147,181
2021,Christleton & Huntington,E05012212,11563,349,15,66,182,32,54,73,47,16,10,196,82,24,42,48,10870,10412,123,5,1,329,75,23,52
2021,"Davenham, Moulton & Kingsmead",E05012213,10871,160,0,31,70,15,44,39,30,6,3,136,42,26,24,44,10501,10250,56,15,2,178,35,6,29
2021,Farndon,E05012214,4850,12,0,2,6,0,4,13,12,0,1,44,12,5,10,17,4766,4645,26,0,0,95,15,2,13
2021,Frodsham,E05012215,9319,96,5,28,27,1,35,29,16,10,3,122,52,18,11,41,9045,8826,55,2,1,161,27,3,24
2021,Gowy Rural,E05012216,9272,126,15,21,40,9,41,64,37,14,13,160,52,23,56,29,8888,8614,71,46,0,157,34,10,24
2021,Great Boughton,E05012217,11001,273,24,42,136,12,59,53,41,5,7,189,97,18,41,33,10377,9745,97,8,6,521,109,23,86
2021,Handbridge Park,E05012218,9427,416,29,74,146,44,123,85,74,5,6,200,84,37,31,48,8645,8048,119,0,24,454,81,25,56
2021,Hartford & Greenbank,E05012219,8825,203,7,44,96,9,47,48,26,15,7,114,53,22,25,14,8413,8116,72,1,11,213,47,15,32
2021,Helsby,E05012220,5273,83,8,28,13,13,21,3,3,0,0,85,32,15,22,16,5086,4951,34,1,1,99,16,5,11
2021,Lache,E05012221,5905,176,38,41,31,27,39,98,73,18,7,109,41,22,18,28,5487,4971,37,11,11,457,35,4,31
2021,Ledsham & Manor,E05012222,9420,133,8,35,44,9,37,28,15,5,8,106,53,16,8,29,9120,8952,65,0,0,103,33,11,22
2021,Little Neston,E05012223,4776,47,5,12,14,0,16,7,4,2,1,35,18,2,6,9,4684,4557,44,0,4,79,3,0,3
2021,Malpas (Cheshire West and Chester),E05012224,4945,14,0,0,2,2,10,8,5,3,0,55,15,14,16,10,4853,4713,66,3,0,71,15,5,10
2021,Marbury,E05012225,13092,82,0,13,24,15,30,38,26,9,3,161,61,30,40,30,12773,12488,85,4,2,194,38,10,28
2021,Neston,E05012226,5642,82,0,20,15,17,30,24,16,7,1,97,35,18,28,16,5422,5251,53,2,0,116,17,7,10
2021,Netherpool,E05012227,5446,67,21,15,20,5,6,14,7,4,3,42,13,5,14,10,5309,5179,25,1,0,104,14,8,6
2021,Newton & Hoole,E05012228,14783,603,253,57,170,16,107,117,74,31,12,281,110,40,65,66,13634,12782,170,5,14,663,148,40,108
2021,Northwich Leftwich,E05012229,4784,66,3,20,13,7,23,8,1,4,3,51,13,5,14,19,4623,4404,17,0,0,202,36,8,28
2021,Northwich Winnington & Castle,E05012230,9229,154,5,49,51,17,32,37,26,7,4,148,44,23,43,38,8831,8461,43,0,3,324,59,8,51
2021,Northwich Witton,E05012231,5116,207,6,12,43,9,137,7,5,2,0,110,38,19,26,27,4700,4354,13,0,2,331,92,19,73
2021,Parkgate,E05012232,4968,32,2,7,15,1,7,9,3,3,3,60,32,3,9,16,4852,4720,61,2,0,69,15,8,7
2021,Rudheath,E05012233,5677,121,0,16,59,11,35,23,14,3,6,76,22,11,20,23,5441,5241,20,2,4,174,16,1,15
2021,Sandstone,E05012234,4991,17,1,3,2,4,7,12,1,9,2,41,13,4,9,15,4911,4751,44,29,0,87,10,3,7
2021,Saughall & Mollington,E05012235,5261,84,3,10,37,19,15,15,8,6,1,66,18,15,21,12,5073,4964,31,6,4,68,23,3,20
2021,Shakerley,E05012236,5355,130,7,22,69,7,25,38,24,12,2,71,23,6,21,21,5111,4982,35,2,0,92,5,1,4
2021,Strawberry,E05012237,5244,51,0,20,14,6,11,8,4,2,2,52,20,8,12,12,5115,5015,32,1,0,67,18,3,15
2021,Sutton Villages,E05012238,11078,115,11,25,27,2,50,23,12,9,2,117,30,21,31,35,10794,10428,89,0,8,269,29,2,27
2021,Tarporley,E05012239,5168,43,0,8,13,8,14,5,2,3,0,68,32,12,12,12,5045,4891,39,0,0,115,7,2,5
2021,Tarvin & Kelsall,E05012240,9321,73,2,12,35,1,23,21,15,3,3,98,51,6,15,26,9098,8886,69,2,0,141,31,15,16
2021,Tattenhall,E05012241,4960,32,0,2,19,2,9,77,75,2,0,49,19,6,14,10,4786,4684,37,0,0,65,16,5,11
2021,Upton (Cheshire West and Chester),E05012242,10174,411,31,56,132,61,131,132,79,32,21,176,72,34,34,36,9348,8957,91,0,4,296,107,43,64
2021,Weaver & Cuddington,E05012243,15062,141,14,39,16,10,62,44,39,3,2,186,85,46,24,31,14675,14337,95,0,0,243,16,1,15
2021,Westminster,E05012244,5521,155,20,13,41,1,80,69,47,8,14,125,55,25,16,29,5136,4763,33,42,2,296,36,2,34
2021,Whitby Groves,E05012245,4321,99,3,49,6,23,18,7,2,1,4,37,23,2,8,4,4161,4038,34,0,1,88,17,4,13
2021,Whitby Park,E05012246,5384,119,26,19,21,18,35,5,3,1,1,37,16,4,7,10,5179,5004,58,0,6,111,44,2,42
2021,Willaston & Thornton,E05012247,5172,58,0,17,16,4,21,9,5,4,0,74,36,13,10,15,5010,4934,20,0,0,56,21,0,21
2021,Winsford Dene,E05012248,5382,69,8,9,22,5,25,19,15,4,0,81,25,11,24,21,5203,5044,22,9,4,124,10,2,8
2021,Winsford Gravel,E05012249,4129,44,8,13,11,0,12,10,4,2,4,19,4,3,5,7,4030,3908,15,20,0,87,26,7,19
2021,Winsford Over & Verdin,E05012250,15407,207,6,71,48,25,57,54,46,6,2,184,58,26,62,38,14891,14418,54,67,11,341,71,11,60
2021,Winsford Swanlow,E05012251,4647,62,2,6,37,4,13,15,10,3,2,66,25,11,14,16,4491,4389,38,3,1,60,13,3,10
2021,Winsford Wharton,E05012252,5639,192,9,46,27,0,110,39,24,9,6,104,30,21,21,32,5239,4885,19,29,10,296,65,5,60
2021,Wolverham,E05012253,5828,112,5,17,24,12,54,50,41,4,5,87,28,27,8,24,5527,5124,54,9,4,336,52,17,35
2021,Barton with Watcombe,E05012254,12232,233,9,46,55,46,77,40,27,8,5,251,58,32,89,72,11656,11150,40,2,12,452,52,14,38
2021,Churston with Galmpton,E05012255,7013,56,1,21,15,2,17,7,1,6,0,75,27,7,27,14,6859,6756,36,0,2,65,16,0,16
2021,Clifton with Maidenway,E05012256,8078,60,0,18,19,3,20,18,8,10,0,78,37,6,19,16,7895,7673,36,4,3,179,27,10,17
2021,Cockington with Chelston,E05012257,8367,155,0,27,74,12,42,27,13,12,2,140,66,10,24,40,8000,7590,77,0,2,331,45,11,34
2021,Collaton St Mary,E05012258,3272,41,2,6,8,6,19,3,2,1,0,38,7,1,11,19,3175,3090,13,2,0,70,15,3,12
2021,Ellacombe,E05012259,8338,81,7,12,13,11,38,32,15,14,3,114,19,24,43,28,8086,7586,43,4,6,447,25,3,22
2021,Furzeham with Summercombe,E05012260,9899,49,1,11,10,3,24,27,10,15,2,123,33,33,26,31,9676,9477,48,1,0,150,24,9,15
2021,Goodrington with Roselands,E05012261,7430,70,1,18,10,6,35,16,11,4,1,71,43,7,12,9,7260,7099,42,0,1,118,13,2,11
2021,King's Ash,E05012262,7810,84,8,16,15,11,34,20,13,2,5,151,37,19,74,21,7533,7342,25,1,0,165,22,13,9
2021,Preston (Torbay),E05012263,10516,114,16,40,15,2,41,35,19,12,4,139,44,27,33,35,10195,9933,52,2,3,205,33,7,26
2021,Roundham with Hyde,E05012264,8796,210,8,31,33,5,133,33,17,10,6,119,46,20,28,25,8373,7983,46,5,11,328,61,4,57
2021,St Marychurch,E05012265,12544,191,19,33,41,9,89,41,22,10,9,166,47,33,44,42,12079,11587,67,2,14,409,67,11,56
2021,St Peter's with St Mary's,E05012266,6931,51,7,4,17,3,20,13,6,5,2,77,23,10,18,26,6765,6632,38,3,0,92,25,0,25
2021,Shiphay,E05012267,8006,324,8,31,139,17,129,32,25,6,1,128,46,18,28,36,7502,7316,26,2,4,154,20,7,13
2021,Tormohun,E05012268,12966,429,40,94,57,25,213,74,54,14,6,294,98,32,87,77,12040,10781,67,10,18,1164,129,35,94
2021,Wellswood,E05012269,7122,108,0,27,8,1,72,25,18,6,1,121,48,10,19,44,6824,6380,59,2,3,380,44,7,37
2021,Aspley,E05012270,18796,1698,52,76,300,739,531,2816,1629,706,481,1336,189,141,785,221,12446,10624,85,16,27,1694,500,96,404
2021,Basford,E05012271,16367,1814,45,87,577,757,348,1718,724,749,245,1261,143,108,791,219,11226,10077,119,8,30,992,348,67,281
2021,Berridge,E05012272,17910,4754,194,86,619,3170,685,1628,978,500,150,930,184,104,423,219,9546,7042,121,30,392,1961,1052,424,628
2021,Bestwood,E05012273,17062,854,6,71,273,235,269,2136,1227,617,292,1160,95,109,823,133,12673,11318,73,7,10,1265,239,70,169
2021,Bilborough,E05012274,16917,2038,71,81,403,1131,352,1315,678,400,237,1140,125,129,747,139,11995,10969,99,18,65,844,429,171,258
2021,Bulwell,E05012275,16214,478,11,38,118,124,187,1655,903,526,226,1052,64,134,714,140,12855,11851,80,15,33,876,174,32,142
2021,Bulwell Forest,E05012276,13995,805,7,80,378,153,187,1168,478,524,166,790,79,46,567,98,11074,10443,71,6,6,548,158,46,112
2021,Castle (Nottingham),E05012277,10868,1821,40,591,653,157,380,712,495,156,61,520,167,63,132,158,7142,5777,114,9,31,1211,673,397,276
2021,Clifton East,E05012278,17044,701,15,49,250,84,303,750,487,161,102,679,81,69,424,105,14721,13690,66,15,15,935,193,32,161
2021,Clifton West,E05012279,10741,583,6,69,330,87,91,406,272,113,21,385,102,46,184,53,9257,8659,95,0,15,488,110,52,58
2021,Dales,E05012280,16891,4068,371,97,261,2766,573,1561,1012,399,150,947,168,104,501,174,9749,8118,135,30,38,1428,566,90,476
2021,Hyson Green & Arboretum,E05012281,23335,6133,598,372,910,3390,863,2460,1563,620,277,1291,286,176,552,277,12365,9718,139,44,220,2244,1086,391,695
2021,Leen Valley,E05012282,9912,4254,135,103,901,2670,445,615,273,260,82,354,82,36,168,68,4113,3568,92,7,19,427,576,146,430
2021,Lenton & Wollaton East,E05012283,21827,3779,120,745,1279,959,676,1546,993,393,160,1260,426,157,403,274,14497,12699,212,0,21,1565,745,346,399
2021,Mapperley,E05012284,16398,1724,108,136,521,559,400,1679,951,523,205,1134,211,142,524,257,11316,9461,189,4,32,1630,545,142,403
2021,Meadows,E05012285,11014,2167,36,174,604,1067,286,1655,1044,346,265,755,99,78,464,114,5828,4693,73,0,71,991,609,300,309
2021,Radford (Nottingham),E05012286,16649,3231,160,534,1048,862,627,2397,1685,542,170,1082,247,116,473,246,9227,7796,135,22,38,1236,712,249,463
2021,St. Ann's (Nottingham),E05012287,20685,2594,164,448,528,753,701,3963,2377,1034,552,1433,178,219,784,252,11607,9409,171,16,37,1974,1088,254,834
2021,Sherwood (Nottingham),E05012288,15821,1549,35,111,472,635,296,1393,627,588,178,945,203,91,479,172,11699,10457,191,16,20,1015,235,44,191
2021,Wollaton West,E05012289,15163,3166,45,316,1089,1384,332,638,345,177,116,609,236,58,192,123,10082,9208,99,3,10,762,668,323,345
2021,Alton Amery,E05012290,2603,54,5,8,23,2,16,7,4,3,0,40,29,0,1,10,2483,2392,13,3,0,75,19,5,14
2021,Alton Ashdell,E05012291,2361,23,0,2,11,4,6,19,13,3,3,27,6,7,8,6,2272,2130,5,1,0,136,20,2,18
2021,Alton Eastbrooke,E05012292,2867,107,8,6,24,4,65,13,9,4,0,79,30,8,19,22,2655,2508,12,7,0,128,13,0,13
2021,Alton Holybourne,E05012293,2879,27,3,5,5,0,14,14,9,1,4,50,15,9,11,15,2776,2616,28,0,0,132,12,7,5
2021,Alton Westbrooke,E05012294,2806,60,13,17,13,2,15,14,8,5,1,38,9,4,5,20,2688,2558,12,7,1,110,6,0,6
2021,Alton Whitedown,E05012295,2407,38,5,3,15,1,14,8,7,0,1,38,20,7,4,7,2305,2196,8,0,6,95,18,0,18
2021,Alton Wooteys,E05012296,3502,137,3,5,19,13,97,19,12,4,3,42,18,3,5,16,3286,3061,24,11,10,180,18,3,15
2021,Bentworth & Froyle,E05012297,2744,37,4,9,9,1,14,20,13,6,1,47,24,3,7,13,2630,2490,26,4,0,110,10,1,9
2021,"Binsted, Bentley & Selborne",E05012298,6097,72,6,2,23,9,32,26,22,1,3,77,42,7,10,18,5896,5614,57,12,1,212,26,1,25
2021,Bramshott & Liphook,E05012299,9770,190,29,54,36,7,64,44,30,11,3,210,93,31,31,55,9289,8675,84,31,10,489,37,7,30
2021,Buriton & East Meon,E05012300,2740,23,0,3,8,0,12,2,1,1,0,34,23,3,4,4,2675,2563,20,2,0,90,6,0,6
2021,Clanfield,E05012301,6015,87,6,14,45,6,16,8,6,2,0,104,39,12,16,37,5798,5622,26,6,0,144,18,1,17
2021,Four Marks & Medstead,E05012302,8286,91,8,16,40,5,22,46,28,7,11,144,63,15,32,34,7976,7626,50,5,12,283,29,13,16
2021,"Froxfield, Sheet & Steep",E05012303,3284,31,2,10,9,1,9,3,2,1,0,73,36,8,8,21,3152,2957,26,1,0,168,25,0,25
2021,Grayshott,E05012304,2773,50,0,6,13,16,15,14,10,4,0,41,19,4,7,11,2651,2459,14,28,6,144,17,1,16
2021,Headley,E05012305,5575,88,0,10,30,8,40,43,33,6,4,116,40,15,18,43,5286,4993,40,45,0,208,42,8,34
2021,Horndean Catherington,E05012306,2851,40,6,14,10,0,10,3,1,2,0,21,9,1,3,8,2775,2706,12,4,0,53,12,0,12
2021,Horndean Downs,E05012307,3095,12,0,2,2,0,8,1,1,0,0,24,8,7,7,2,3050,2974,13,0,0,63,8,1,7
2021,Horndean Kings & Blendworth,E05012308,4916,65,14,11,18,1,21,22,19,1,2,47,22,1,6,18,4770,4671,13,1,0,85,12,1,11
2021,Horndean Murray,E05012309,2624,48,10,9,10,0,19,9,2,7,0,27,10,1,8,8,2526,2445,5,4,0,72,14,3,11
2021,Lindford,E05012310,2740,54,0,12,13,0,29,11,7,4,0,41,17,5,10,9,2622,2495,7,6,3,111,12,2,10
2021,Liss,E05012311,6350,127,5,37,29,10,46,33,27,5,1,103,45,13,18,27,6057,5791,43,10,3,210,30,13,17
2021,Petersfield Bell Hill,E05012312,2755,21,0,2,13,0,6,14,10,3,1,38,10,3,3,22,2674,2524,25,2,4,119,8,0,8
2021,Petersfield Causeway,E05012313,3572,68,22,4,17,3,22,23,17,1,5,54,28,4,7,15,3409,3265,14,1,4,125,18,0,18
2021,Petersfield Heath,E05012314,2931,79,0,14,39,4,22,12,8,4,0,45,18,4,9,14,2792,2663,10,1,4,114,3,1,2
2021,Petersfield St Peter's,E05012315,5406,101,18,24,21,2,36,37,25,8,4,116,40,28,17,31,5116,4782,45,5,0,284,36,8,28
2021,"Ropley, Hawkley & Hangers",E05012316,2882,31,6,7,6,1,11,9,6,2,1,58,23,14,7,14,2772,2665,12,2,1,92,12,1,11
2021,Rowlands Castle,E05012317,3193,17,0,5,5,1,6,15,12,3,0,43,29,0,4,10,3098,2931,30,4,1,132,20,0,20
2021,Whitehill Chase,E05012318,6518,264,12,23,36,19,174,82,48,17,17,138,47,12,42,37,5983,5534,20,28,15,386,51,9,42
2021,Whitehill Hogmoor & Greatham,E05012319,6191,103,4,12,30,12,45,27,17,7,3,88,34,17,12,25,5929,5509,49,42,2,327,44,6,38
2021,Whitehill Pinewood,E05012320,3000,218,9,17,38,90,64,58,44,8,6,74,18,13,26,17,2604,2397,11,5,1,190,46,2,44
2021,Airfield,E05012321,5925,38,0,6,11,6,15,9,2,4,3,66,20,4,18,24,5803,5636,19,8,4,136,9,1,8
2021,Bircham with Rudhams,E05012322,2562,10,0,2,1,4,3,1,0,0,1,36,13,3,8,12,2504,2422,20,0,0,62,11,1,10
2021,Brancaster,E05012323,2128,9,0,5,0,1,3,4,2,1,1,13,6,3,2,2,2098,2065,12,0,1,20,4,0,4
2021,Burnham Market & Docking,E05012324,2516,17,0,0,11,0,6,3,2,0,1,7,3,0,1,3,2477,2413,10,7,0,47,12,6,6
2021,Clenchwarton,E05012325,2784,15,0,0,9,2,4,2,1,1,0,17,9,2,2,4,2737,2652,14,20,1,50,13,0,13
2021,Denver,E05012326,2433,9,0,1,5,0,3,10,2,4,4,21,11,2,5,3,2387,2316,16,0,0,55,6,0,6
2021,Dersingham,E05012327,6027,29,0,2,8,0,19,10,2,6,2,38,14,2,11,11,5949,5828,34,9,0,78,1,0,1
2021,Downham Old Town,E05012328,3184,49,4,11,8,2,24,27,20,4,3,71,19,11,9,32,3001,2724,6,4,2,265,36,6,30
2021,East Downham,E05012329,3267,40,13,11,6,1,9,26,20,2,4,48,14,4,12,18,3119,2936,13,2,0,168,34,3,31
2021,Emneth & Outwell,E05012330,5157,50,0,11,4,5,30,29,11,12,6,50,6,14,26,4,5016,4799,16,22,4,175,12,1,11
2021,Fairstead,E05012331,6827,733,15,29,424,21,244,149,112,12,25,123,22,34,21,46,5698,4621,16,7,14,1040,124,34,90
2021,Feltwell,E05012332,6324,53,4,10,4,1,34,76,17,20,39,193,36,34,25,98,5896,5220,43,16,7,610,106,9,97
2021,Gayton & Grimston,E05012333,5909,31,0,7,11,5,8,16,10,6,0,64,14,12,24,14,5762,5636,15,6,0,105,36,14,22
2021,Gaywood Chase,E05012334,2429,72,6,6,12,7,41,11,9,0,2,35,7,16,3,9,2281,1994,20,2,2,263,30,2,28
2021,Gaywood Clock,E05012335,3336,68,4,10,13,7,34,23,18,0,5,75,23,25,8,19,3123,2536,9,2,3,573,47,0,47
2021,Gaywood North Bank,E05012336,8679,186,7,30,77,14,58,43,25,11,7,117,34,16,31,36,8298,7869,24,7,0,398,35,11,24
2021,Heacham,E05012337,5169,27,2,14,3,0,8,15,13,1,1,16,3,4,2,7,5104,5003,29,17,2,53,7,0,7
2021,Hunstanton,E05012338,4230,41,5,8,4,8,16,7,4,2,1,48,9,10,14,15,4112,3960,25,23,1,103,22,1,21
2021,Massingham with Castle Acre,E05012339,3114,20,0,1,7,0,12,6,1,1,4,30,9,6,6,9,3056,2991,20,4,0,41,2,0,2
2021,Methwold,E05012340,2886,18,3,3,5,0,7,9,8,0,1,46,15,7,9,15,2796,2637,9,10,0,140,17,0,17
2021,North Downham,E05012341,2548,21,0,0,9,0,12,15,7,3,5,37,10,6,10,11,2447,2304,12,4,5,122,28,1,27
2021,North Lynn,E05012342,6876,148,4,28,50,6,60,108,65,10,33,149,20,59,38,32,6395,4749,20,18,21,1587,76,3,73
2021,St. Margaret's with St. Nicholas,E05012343,5586,196,22,50,38,7,79,29,18,4,7,121,35,29,31,26,5146,3999,22,15,17,1093,94,8,86
2021,Snettisham,E05012344,2707,5,0,2,1,0,2,5,1,3,1,27,4,9,9,5,2669,2621,18,0,1,29,1,0,1
2021,South & West Lynn,E05012345,5367,65,0,16,23,0,26,38,32,5,1,88,20,23,28,17,5098,4176,16,60,26,820,78,10,68
2021,South Downham,E05012346,2351,16,0,4,2,0,10,5,2,3,0,24,8,7,5,4,2302,2213,20,3,3,63,4,0,4
2021,Springwood,E05012347,2872,398,4,16,265,17,96,46,38,1,7,58,24,9,7,18,2317,2176,13,1,3,124,53,25,28
2021,Terrington,E05012348,6062,38,0,8,15,2,13,15,12,3,0,42,8,6,12,16,5960,5740,13,37,0,170,7,1,6
2021,The Woottons,E05012349,6837,235,0,57,121,21,36,30,18,6,6,92,25,28,17,22,6439,6225,32,3,0,179,41,7,34
2021,"Tilney, Mershe Lande & Wiggenhall",E05012350,5259,34,2,4,15,8,5,19,14,5,0,36,11,3,11,11,5159,4979,18,25,1,136,11,2,9
2021,Upwell & Delph,E05012351,6327,21,4,0,5,1,11,7,1,3,3,33,7,6,5,15,6245,5990,25,37,4,189,21,0,21
2021,"Walsoken, West Walton & Walpole",E05012352,6062,58,2,14,12,4,26,12,6,5,1,60,20,8,12,20,5917,5690,20,34,16,157,15,6,9
2021,Watlington (King's Lynn and West Norfolk),E05012353,2796,15,0,7,3,0,5,1,1,0,0,35,4,11,6,14,2742,2663,13,1,0,65,3,0,3
2021,West Winch,E05012354,5005,96,1,21,50,12,12,21,14,4,3,61,28,8,11,14,4818,4606,35,11,0,166,9,0,9
2021,Wissey,E05012355,2764,17,0,5,4,1,7,11,5,1,5,40,12,11,10,7,2691,2575,13,1,0,102,5,0,5
2021,Bean & Village Park,E05012392,2686,182,21,18,93,23,27,127,97,15,15,80,28,18,19,15,2256,2092,15,53,6,90,41,4,37
2021,Brent (Dartford),E05012393,6143,707,66,56,353,39,193,630,527,40,63,139,39,29,42,29,4495,4221,23,2,12,237,172,13,159
2021,Bridge (Dartford),E05012394,4213,764,40,64,387,105,168,1178,1008,65,105,195,42,48,48,57,1929,1456,9,5,18,441,147,14,133
2021,Burnham,E05012395,3375,491,50,53,188,17,183,590,451,52,87,114,40,21,28,25,2076,1647,21,14,7,387,104,12,92
2021,Darenth,E05012396,3101,117,12,11,42,8,44,195,153,13,29,73,11,10,27,25,2679,2520,13,60,6,80,37,0,37
2021,Ebbsfleet,E05012397,4765,683,33,62,403,53,132,1014,806,94,114,228,50,52,59,67,2746,2245,23,4,13,461,94,22,72
2021,Greenhithe & Knockhall,E05012398,7485,525,40,86,234,56,109,801,633,79,89,275,72,52,73,78,5771,5081,88,14,14,574,113,20,93
2021,Heath (Dartford),E05012399,5771,657,140,52,272,31,162,358,307,19,32,129,49,25,20,35,4513,4352,40,0,0,121,114,2,112
2021,Joyden's Wood,E05012400,5129,363,7,26,224,15,91,173,135,29,9,97,41,19,11,26,4431,4291,46,2,3,89,65,2,63
2021,"Longfield, New Barn & Southfleet",E05012401,6826,303,3,14,241,12,33,82,68,10,4,109,43,4,22,40,6257,6077,63,5,0,112,75,0,75
2021,Maypole & Leyton Cross,E05012402,3117,280,16,36,157,21,50,179,134,25,20,79,29,3,30,17,2524,2396,24,2,0,102,55,9,46
2021,Newtown (Dartford),E05012403,5923,725,48,54,317,27,279,678,508,86,84,239,54,48,75,62,4114,3463,59,4,7,581,167,14,153
2021,Princes,E05012404,6139,649,81,59,223,38,248,534,408,52,74,218,62,54,60,42,4556,4166,36,24,0,330,182,18,164
2021,Stone Castle,E05012405,7854,609,30,104,284,52,139,900,700,86,114,260,73,52,71,64,5903,5202,56,9,5,631,182,27,155
2021,Stone House,E05012406,6696,604,48,39,261,50,206,877,708,91,78,226,53,47,66,60,4860,4364,49,12,3,432,129,24,105
2021,Swanscombe,E05012407,7022,283,31,14,105,38,95,601,439,71,91,200,32,54,68,46,5867,5363,33,22,11,438,71,7,64
2021,Temple Hill,E05012408,9331,844,110,101,175,34,424,1226,998,104,124,361,86,73,119,83,6751,6017,40,42,12,640,149,8,141
2021,Town (Dartford),E05012409,5045,1149,79,169,581,59,261,1132,916,107,109,213,56,40,57,60,2369,1686,42,4,20,617,182,34,148
2021,West Hill (Dartford),E05012410,8221,1316,175,127,464,48,502,754,619,67,68,231,76,40,54,61,5699,5042,73,3,14,567,221,3,218
2021,"Wilmington, Sutton-at-Hone & Hawley",E05012411,7912,266,24,21,119,35,67,257,198,38,21,167,44,30,52,41,7140,6875,61,27,8,169,82,16,66
2021,Barnstaple Central,E05012412,2641,105,7,8,31,4,55,26,20,6,0,36,8,4,11,13,2449,2227,18,1,23,180,25,4,21
2021,Barnstaple with Pilton,E05012413,8041,194,21,22,72,28,51,48,31,6,11,111,37,22,22,30,7640,7339,27,3,6,265,48,32,16
2021,Barnstaple with Westacott,E05012414,7369,120,12,22,50,3,33,15,6,4,5,134,31,8,48,47,7073,6861,15,0,3,194,27,1,26
2021,Bickington,E05012415,7052,113,12,10,16,25,50,6,6,0,0,69,21,7,23,18,6847,6681,23,2,3,138,17,1,16
2021,Bishop's Nympton,E05012416,2180,20,0,4,7,0,9,7,0,6,1,17,13,0,1,3,2133,2100,5,1,1,26,3,0,3
2021,Bratton Fleming,E05012417,2410,14,0,2,12,0,0,9,7,2,0,16,4,2,3,7,2363,2321,13,0,0,29,8,1,7
2021,Braunton East,E05012418,4861,35,1,10,13,3,8,4,3,0,1,65,24,8,13,20,4749,4617,25,0,3,104,8,2,6
2021,Braunton West & Georgeham,E05012419,4671,13,0,0,4,0,9,6,5,1,0,69,43,7,9,10,4560,4462,20,0,1,77,23,10,13
2021,Chittlehampton,E05012420,2338,10,0,0,3,2,5,7,2,5,0,28,6,3,5,14,2291,2260,6,1,0,24,2,0,2
2021,Chulmleigh,E05012421,2105,18,0,7,9,0,2,0,0,0,0,16,12,1,2,1,2068,2031,6,1,0,30,3,0,3
2021,Combe Martin,E05012422,2648,7,0,2,0,0,5,9,5,2,2,35,12,6,10,7,2594,2543,17,0,0,34,3,0,3
2021,Fremington,E05012423,5232,35,1,10,6,0,18,17,8,2,7,35,9,6,12,8,5136,5045,21,20,2,48,9,2,7
2021,Heanton Punchardon,E05012424,2894,106,0,8,9,0,89,68,23,25,20,57,22,2,13,20,2625,2547,14,0,0,64,38,0,38
2021,Ilfracombe East,E05012425,6551,39,6,11,10,1,11,12,7,4,1,109,33,14,37,25,6364,6165,28,3,2,166,27,8,19
2021,Ilfracombe West,E05012426,4487,23,0,1,8,6,8,3,0,3,0,30,6,4,10,10,4417,4323,18,1,1,74,14,8,6
2021,Instow,E05012427,2189,11,0,3,5,0,3,0,0,0,0,18,14,0,2,2,2149,2101,17,1,0,30,11,3,8
2021,Landkey,E05012428,4527,23,0,5,7,0,11,5,1,1,3,48,13,6,11,18,4443,4365,17,1,0,60,8,2,6
2021,Lynton & Lynmouth,E05012429,2071,10,0,1,0,0,9,3,1,2,0,29,9,5,9,6,2024,1941,12,1,0,70,5,1,4
2021,Marwood,E05012430,2453,7,0,3,0,0,4,2,0,2,0,14,8,0,5,1,2428,2368,8,1,0,51,2,0,2
2021,Mortehoe,E05012431,2036,8,0,1,1,0,6,6,6,0,0,17,12,2,0,3,2002,1910,17,0,0,75,3,0,3
2021,Newport (North Devon),E05012432,5056,70,17,15,23,5,10,23,21,1,1,73,31,9,18,15,4883,4705,17,3,5,153,7,1,6
2021,North Molton,E05012433,2329,29,0,27,1,0,1,22,7,6,9,32,11,1,0,20,2245,2188,11,7,0,39,1,0,1
2021,Roundswell,E05012434,3657,53,7,10,17,6,13,18,14,0,4,35,16,5,6,8,3543,3443,9,1,0,90,8,3,5
2021,South Molton,E05012435,6353,59,4,6,11,6,32,10,6,4,0,66,18,14,20,14,6180,6001,22,9,4,144,38,3,35
2021,Witheridge,E05012436,2465,9,0,2,6,0,1,1,0,1,0,15,4,1,6,4,2437,2397,7,1,0,32,3,1,2
2021,Belmont (Redcar and Cleveland),E05012437,4528,16,0,0,3,1,12,2,2,0,0,44,17,8,9,10,4463,4418,9,0,0,36,3,0,3
2021,Brotton,E05012438,6843,43,1,7,4,0,31,7,1,0,6,35,9,11,7,8,6751,6714,11,0,0,26,7,2,5
2021,Coatham,E05012439,4842,54,0,7,13,8,26,22,15,2,5,47,16,11,8,12,4622,4529,28,3,0,62,97,77,20
2021,Dormanstown,E05012440,4650,54,8,20,3,3,20,3,3,0,0,24,14,3,3,4,4556,4491,10,15,0,40,13,4,9
2021,Eston,E05012441,7422,45,0,14,14,5,12,12,6,4,2,78,28,17,16,17,7245,7180,15,0,1,49,42,26,16
2021,Grangetown (Redcar and Cleveland),E05012442,6387,55,4,13,12,0,26,31,30,0,1,92,29,23,22,18,6184,6050,8,3,2,121,25,7,18
2021,Guisborough,E05012443,7645,68,5,17,14,1,31,7,3,2,2,71,23,6,28,14,7487,7386,21,10,1,69,12,2,10
2021,Hutton,E05012444,6707,34,1,2,8,8,15,13,11,1,1,56,22,22,6,6,6597,6507,22,8,0,60,7,2,5
2021,Kirkleatham,E05012445,7564,35,12,4,2,6,11,15,10,3,2,83,30,18,17,18,7378,7317,22,2,2,35,53,40,13
2021,Lockwood,E05012446,2332,7,0,2,0,2,3,5,3,2,0,7,1,0,6,0,2312,2286,8,4,0,14,1,0,1
2021,Loftus,E05012447,6369,20,1,3,9,1,6,12,5,2,5,29,12,3,2,12,6298,6236,8,0,1,53,10,2,8
2021,Longbeck,E05012448,3974,14,2,3,1,4,4,5,4,1,0,22,8,4,4,6,3918,3883,11,5,0,19,15,8,7
2021,Newcomen,E05012449,5148,37,0,8,9,4,16,9,5,3,1,45,15,11,12,7,5039,5006,11,1,0,21,18,12,6
2021,Normanby,E05012450,6608,39,0,17,3,8,11,8,4,4,0,42,15,11,8,8,6494,6439,16,3,0,36,25,13,12
2021,Ormesby (Redcar and Cleveland),E05012451,6462,94,0,19,20,39,16,19,14,3,2,80,35,10,21,14,6255,6203,15,3,0,34,14,1,13
2021,St Germain's,E05012452,6594,19,1,6,4,0,8,10,5,3,2,39,18,4,11,6,6520,6447,27,4,2,40,6,0,6
2021,Saltburn,E05012453,6439,58,3,5,26,0,24,6,5,0,1,80,35,11,15,19,6279,6123,26,1,0,129,16,5,11
2021,Skelton East,E05012454,4382,29,4,6,3,9,7,3,0,3,0,36,22,1,8,5,4313,4290,2,5,0,16,1,0,1
2021,Skelton West,E05012455,4448,7,0,0,0,2,5,8,2,3,3,30,11,2,11,6,4401,4357,13,6,0,25,2,1,1
2021,South Bank,E05012456,5434,327,94,35,16,158,24,30,23,7,0,82,27,8,24,23,4884,4748,4,4,1,127,111,79,32
2021,Teesville,E05012457,6001,22,11,1,2,2,6,11,11,0,0,37,16,7,9,5,5914,5854,20,0,1,39,17,13,4
2021,West Dyke,E05012458,5949,31,2,7,6,14,2,11,10,1,0,39,15,8,9,7,5849,5772,25,6,1,45,19,14,5
2021,Wheatlands,E05012459,5439,35,6,8,3,5,13,6,3,3,0,34,13,8,9,4,5349,5304,10,1,0,34,15,11,4
2021,Zetland,E05012460,4369,18,4,5,1,1,7,8,4,2,2,51,29,5,8,9,4284,4246,13,2,1,22,8,6,2
2021,Bathavon North,E05012461,7000,150,6,52,33,6,53,50,19,18,13,192,81,14,51,46,6558,6152,73,0,9,324,50,14,36
2021,Bathavon South,E05012462,5542,75,3,19,25,1,27,46,37,5,4,106,52,8,25,21,5286,5066,44,0,0,176,29,7,22
2021,Bathwick,E05012463,8070,656,15,255,223,19,144,88,69,13,6,294,138,26,51,79,6924,5878,115,3,27,901,108,43,65
2021,Chew Valley,E05012464,6069,34,2,6,6,5,15,12,9,1,2,83,49,6,8,20,5933,5775,35,3,0,120,7,0,7
2021,Clutton & Farmborough,E05012465,3203,14,0,4,4,0,6,3,0,3,0,24,15,1,6,2,3150,3065,10,2,0,73,12,5,7
2021,Combe Down,E05012466,6610,267,27,92,52,28,68,58,35,14,9,254,79,26,87,62,5953,5448,43,8,8,446,78,32,46
2021,High Littleton,E05012467,3091,13,0,6,3,1,3,1,0,1,0,43,11,14,12,6,3031,2969,10,0,2,50,3,0,3
2021,Keynsham East,E05012468,5770,97,1,43,14,3,36,21,12,7,2,88,36,8,20,24,5537,5357,31,0,0,149,27,4,23
2021,Keynsham North,E05012469,6645,105,0,24,43,2,36,32,14,15,3,166,44,18,60,44,6321,6030,54,3,0,234,21,0,21
2021,Keynsham South,E05012470,7181,119,3,30,39,4,43,73,37,24,12,194,43,27,97,27,6770,6468,30,0,2,270,25,11,14
2021,Kingsmead,E05012471,6554,620,31,267,142,19,161,111,52,46,13,282,87,25,71,99,5382,4332,76,4,20,950,159,80,79
2021,Lambridge,E05012472,5929,132,6,32,55,6,33,68,24,34,10,227,59,25,49,94,5443,4946,64,1,11,421,59,17,42
2021,Lansdown (Bath and North East Somerset),E05012473,6596,397,6,165,90,5,131,105,75,26,4,248,90,32,53,73,5756,5093,68,2,11,582,90,22,68
2021,Mendip,E05012474,2998,37,1,13,5,0,18,3,1,2,0,29,6,3,10,10,2925,2848,11,5,0,61,4,1,3
2021,Midsomer Norton North,E05012475,5787,65,16,8,9,6,26,6,3,3,0,73,19,10,32,12,5630,5487,18,4,8,113,13,7,6
2021,Midsomer Norton Redfield,E05012476,6409,66,0,24,14,6,22,18,9,5,4,79,15,11,32,21,6232,6074,20,1,5,132,14,2,12
2021,Moorlands,E05012477,3327,98,8,27,38,2,23,48,29,7,12,118,47,15,28,28,3023,2794,26,1,6,196,40,20,20
2021,Newbridge (Bath and North East Somerset),E05012478,6635,320,5,47,114,10,144,102,36,49,17,205,80,21,52,52,5971,5479,77,8,7,400,37,10,27
2021,Odd Down,E05012479,7304,394,67,126,88,12,101,130,85,32,13,233,91,19,82,41,6414,5807,47,0,11,549,133,43,90
2021,Oldfield Park,E05012480,3868,333,8,136,105,6,78,46,29,14,3,140,66,17,19,38,3288,2888,46,0,3,351,61,20,41
2021,Paulton,E05012481,6505,72,0,14,10,1,47,16,7,6,3,80,27,9,34,10,6330,6130,21,0,2,177,7,1,6
2021,Peasedown,E05012482,6668,113,9,24,52,3,25,46,24,13,9,121,43,10,45,23,6358,5989,34,0,8,327,30,5,25
2021,Publow & Whitchurch,E05012483,3192,43,12,8,16,0,7,12,9,1,2,59,18,13,20,8,3069,2931,20,1,1,116,9,3,6
2021,Radstock,E05012484,6151,51,0,11,8,7,25,38,17,12,9,121,38,8,46,29,5932,5710,20,1,3,198,9,3,6
2021,Saltford,E05012485,6610,135,9,38,46,30,12,48,19,23,6,123,44,11,23,45,6278,5985,47,1,8,237,26,9,17
2021,Southdown,E05012486,7079,299,27,82,104,15,71,74,38,28,8,225,84,23,67,51,6412,5937,43,1,3,428,69,24,45
2021,Timsbury,E05012487,2636,5,1,1,1,0,2,5,3,2,0,33,10,5,6,12,2587,2526,15,1,0,45,6,0,6
2021,Twerton,E05012488,6902,220,42,43,51,17,67,165,53,67,45,285,47,47,141,50,6147,5597,29,9,12,500,85,24,61
2021,Walcot,E05012489,5509,178,13,61,48,10,46,120,61,47,12,232,78,52,54,48,4907,4081,61,4,20,741,72,30,42
2021,Westfield (Bath and North East Somerset),E05012490,6544,92,4,22,22,0,44,28,11,15,2,99,22,14,45,18,6313,6140,14,0,2,157,12,1,11
2021,Westmoreland,E05012491,7521,525,23,233,144,19,106,101,62,30,9,310,126,41,60,83,6437,5666,65,0,16,690,148,71,77
2021,Weston,E05012492,5803,390,12,47,119,28,184,78,37,30,11,207,62,21,69,55,5056,4583,43,5,8,417,72,21,51
2021,Widcombe & Lyncombe,E05012493,7710,283,2,130,64,11,76,96,65,24,7,285,142,14,48,81,6951,6246,111,3,7,584,95,23,72
2021,Ascot & Sunninghill,E05012494,12056,914,30,175,430,106,173,192,133,31,28,381,187,28,57,109,10319,8983,192,18,11,1115,250,67,183
2021,Belmont (Windsor and Maidenhead),E05012495,7193,1268,26,40,354,752,96,114,78,22,14,243,96,20,44,83,5411,4634,79,6,5,687,157,66,91
2021,Bisham & Cookham,E05012496,6841,146,6,18,59,34,29,36,21,13,2,156,61,16,24,55,6475,6039,103,3,2,328,28,7,21
2021,Boyn Hill,E05012497,7293,1706,29,54,771,706,146,146,96,38,12,253,115,30,39,69,4998,4042,88,6,18,844,190,47,143
2021,Bray,E05012498,7742,996,8,69,585,245,89,132,91,30,11,214,97,19,46,52,6262,5658,120,12,5,467,138,22,116
2021,Clewer & Dedworth East,E05012499,8118,991,51,57,430,310,143,215,119,55,41,362,141,46,69,106,6311,5489,101,22,4,695,239,72,167
2021,Clewer & Dedworth West,E05012500,7175,857,18,59,396,263,121,146,73,44,29,209,81,29,38,61,5773,5143,121,11,3,495,190,61,129
2021,Clewer East,E05012501,6786,537,8,62,237,135,95,132,68,43,21,242,85,28,55,74,5736,4920,107,6,5,698,139,30,109
2021,Cox Green,E05012502,7608,1023,13,42,660,218,90,98,59,29,10,245,111,34,48,52,6084,5524,82,12,4,462,158,32,126
2021,"Datchet, Horton & Wraysbury",E05012503,10721,2439,44,47,1738,357,253,123,71,28,24,386,176,39,69,102,7393,6310,123,119,24,817,380,62,318
2021,Eton & Castle,E05012504,12878,902,18,162,361,110,251,192,128,52,12,544,230,81,93,140,11034,9080,236,19,36,1663,206,54,152
2021,Furze Platt,E05012505,7841,1544,24,66,603,745,106,95,57,31,7,226,98,29,40,59,5835,5152,85,6,2,590,141,50,91
2021,Hurley & Walthams,E05012506,6561,245,0,19,119,69,38,55,24,18,13,192,60,32,50,50,5988,5575,84,12,0,317,81,14,67
2021,Old Windsor,E05012507,7790,638,5,57,395,94,87,85,50,29,6,263,121,32,37,73,6685,5874,165,9,4,633,119,32,87
2021,Oldfield,E05012508,7309,1364,35,88,654,431,156,149,82,53,14,269,92,33,66,78,5341,4523,80,8,14,716,186,24,162
2021,Pinkneys Green,E05012509,7514,634,24,41,318,178,73,57,41,9,7,208,94,23,32,59,6505,5861,105,3,6,530,110,25,85
2021,Riverside (Windsor and Maidenhead),E05012510,7941,1713,16,67,595,904,131,160,107,31,22,285,109,31,47,98,5546,4512,101,0,11,922,237,56,181
2021,St Mary's (Windsor and Maidenhead),E05012511,7528,1599,40,129,820,451,159,182,114,48,20,298,116,52,50,80,5229,3893,88,8,28,1212,220,60,160
2021,Sunningdale & Cheapside,E05012512,6604,557,6,82,299,67,103,63,30,24,9,260,125,15,22,98,5617,4778,113,5,12,709,107,35,72
2021,Assington,E05012565,2653,31,6,4,8,0,13,2,1,1,0,46,28,3,4,11,2571,2514,7,1,0,49,3,1,2
2021,Box Vale,E05012566,2871,17,0,5,6,1,5,2,1,1,0,39,15,6,6,12,2808,2729,17,0,0,62,5,1,4
2021,Brantham,E05012567,2609,17,0,12,3,0,2,3,0,3,0,47,13,3,22,9,2540,2498,16,1,0,25,2,0,2
2021,Brett Vale,E05012568,3156,13,0,3,3,1,6,6,3,2,1,39,10,7,10,12,3090,2995,15,0,0,80,8,2,6
2021,Bures St Mary & Nayland,E05012569,2873,9,0,2,2,0,5,4,2,2,0,24,10,3,4,7,2830,2748,14,1,0,67,6,1,5
2021,Capel St Mary,E05012570,3109,27,0,4,14,0,9,10,8,0,2,27,7,10,8,2,3037,2986,14,1,0,36,8,3,5
2021,Chadacre,E05012571,6159,29,4,8,6,0,11,8,5,1,2,59,15,4,22,18,6048,5907,28,7,0,106,15,5,10
2021,Copdock & Washbrook,E05012572,3224,27,6,5,4,1,11,9,3,2,4,58,11,22,5,20,3118,3023,15,2,1,77,12,1,11
2021,East Bergholt,E05012573,2725,24,0,2,10,2,10,8,1,4,3,52,20,1,9,22,2636,2562,17,0,0,57,5,1,4
2021,Ganges,E05012574,2381,14,1,5,5,0,3,7,4,2,1,35,19,0,9,7,2323,2263,16,4,0,40,2,0,2
2021,Great Cornard,E05012575,9951,87,11,4,17,4,51,46,26,15,5,128,31,20,57,20,9662,9303,62,6,4,287,28,2,26
2021,Hadleigh North,E05012576,2823,44,1,2,7,4,30,81,62,2,17,53,8,9,17,19,2627,2559,6,2,2,58,18,1,17
2021,Hadleigh South,E05012577,5931,66,3,11,27,1,24,35,20,11,4,107,34,18,22,33,5705,5538,23,4,0,140,18,0,18
2021,Lavenham,E05012578,5256,19,0,4,6,4,5,12,5,6,1,69,19,19,14,17,5146,5005,21,1,0,119,10,1,9
2021,Long Melford,E05012579,6034,29,9,3,9,1,7,13,10,2,1,59,11,13,22,13,5907,5761,38,2,1,105,26,1,25
2021,North West Cosford,E05012580,2689,8,1,3,1,1,2,9,0,5,4,30,3,5,15,7,2630,2564,11,1,0,54,12,5,7
2021,Orwell,E05012581,2516,25,6,7,7,1,4,5,1,2,2,21,3,4,8,6,2456,2394,9,3,1,49,9,0,9
2021,South East Cosford,E05012582,2656,9,0,0,2,2,5,11,6,2,3,21,8,3,7,3,2610,2548,17,1,0,44,5,1,4
2021,Sproughton & Pinewood,E05012583,5841,129,15,40,39,7,28,116,56,33,27,159,29,22,63,45,5403,5139,25,1,0,238,34,3,31
2021,Stour,E05012584,3274,41,3,10,9,0,19,55,38,7,10,72,21,7,14,30,3090,2994,17,1,4,74,16,0,16
2021,Sudbury North East,E05012585,3150,87,30,17,7,1,32,21,12,7,2,67,25,15,18,9,2934,2730,28,0,0,176,41,0,41
2021,Sudbury North West,E05012586,5340,83,7,11,34,5,26,16,8,7,1,87,31,7,15,34,5132,4918,29,0,4,181,22,3,19
2021,Sudbury South East,E05012587,2285,20,4,7,0,1,8,15,12,2,1,24,8,3,7,6,2199,2105,13,1,3,77,27,4,23
2021,Sudbury South West,E05012588,2840,22,0,6,11,0,5,9,4,5,0,32,5,4,8,15,2762,2635,20,1,5,101,15,0,15
2021,Bacton (Mid Suffolk),E05012589,2782,2,0,0,2,0,0,3,0,3,0,24,6,1,11,6,2746,2693,11,1,0,41,7,1,6
2021,Battisford & Ringshall,E05012590,3654,129,7,2,13,1,106,122,54,28,40,90,19,16,16,39,3232,3047,24,2,1,158,81,5,76
2021,Blakenham,E05012591,3572,27,0,6,12,1,8,22,13,3,6,81,11,8,39,23,3431,3342,16,7,0,66,11,5,6
2021,Bramford,E05012592,2646,21,2,7,3,0,9,17,8,7,2,92,10,10,43,29,2501,2439,15,4,0,43,15,3,12
2021,Chilton (Mid Suffolk),E05012593,6974,78,4,20,27,3,24,29,14,9,6,119,42,10,39,28,6709,6435,24,4,0,246,39,5,34
2021,Claydon & Barham,E05012594,5845,41,6,2,12,0,21,29,12,11,6,92,26,14,40,12,5676,5573,23,6,0,74,7,0,7
2021,Combs Ford,E05012595,5591,46,7,4,15,0,20,19,11,5,3,78,14,10,38,16,5420,5246,18,10,9,137,28,0,28
2021,Debenham,E05012596,3275,11,0,1,2,6,2,30,17,8,5,32,2,2,15,13,3199,3117,8,11,0,63,3,0,3
2021,Elmswell & Woolpit,E05012597,6538,41,0,15,18,0,8,40,22,12,6,78,13,13,23,29,6364,6192,23,1,2,146,15,1,14
2021,Eye,E05012598,2893,31,0,13,6,1,11,10,8,1,1,30,5,3,9,13,2814,2728,18,2,0,66,8,2,6
2021,Fressingfield,E05012599,2812,6,0,0,2,0,4,4,2,1,1,29,7,8,3,11,2769,2712,8,6,0,43,4,3,1
2021,Gislingham,E05012600,3222,12,0,5,1,1,5,7,5,2,0,29,12,3,6,8,3171,3094,14,3,0,60,3,0,3
2021,"Haughley, Stowupland & Wetherden",E05012601,5759,23,0,3,13,0,7,29,11,12,6,49,16,3,14,16,5653,5514,22,4,0,113,5,0,5
2021,Hoxne & Worlingworth,E05012602,2697,10,0,1,4,0,5,15,7,6,2,24,8,2,6,8,2639,2585,4,0,0,50,9,0,9
2021,Mendlesham,E05012603,2969,16,3,4,1,1,7,1,0,1,0,36,10,4,7,15,2913,2854,14,2,1,42,3,1,2
2021,Needham Market,E05012604,5985,24,0,8,7,1,8,14,4,6,4,95,14,15,34,32,5840,5673,32,3,0,132,12,0,12
2021,Onehouse,E05012605,2669,27,0,9,9,1,8,17,14,0,3,28,10,6,6,6,2594,2534,6,0,0,54,3,0,3
2021,Palgrave,E05012606,2913,29,1,13,5,4,6,7,2,5,0,27,12,2,5,8,2843,2775,17,3,0,48,7,5,2
2021,Rattlesden,E05012607,3131,18,0,2,6,1,9,4,1,2,1,35,17,3,5,10,3064,2984,16,1,0,63,10,0,10
2021,Rickinghall,E05012608,2901,16,0,3,8,0,5,7,5,1,1,32,9,0,14,9,2812,2716,14,9,7,66,34,7,27
2021,St Peter's (Mid Suffolk),E05012609,3115,47,5,7,11,0,24,25,15,8,2,56,16,6,21,13,2966,2821,18,3,1,123,21,0,21
2021,Stonham,E05012610,2822,13,0,2,6,0,5,5,1,3,1,21,2,2,10,7,2765,2722,9,0,0,34,18,0,18
2021,Stow Thorney,E05012611,5856,93,0,43,8,6,36,52,30,15,7,141,38,26,48,29,5543,5325,18,0,3,197,27,0,27
2021,Stradbroke & Laxfield,E05012612,3052,17,0,2,3,0,12,7,3,1,3,29,9,6,3,11,2992,2922,12,2,0,56,7,0,7
2021,Thurston,E05012613,5890,32,1,2,9,7,13,16,8,4,4,78,24,18,16,20,5744,5546,37,5,2,154,20,2,18
2021,Walsham-le-Willows,E05012614,3124,6,0,1,1,0,4,16,3,10,3,26,5,7,5,9,3073,2993,21,8,1,50,3,1,2
2021,Bishop's Tachbrook,E05012615,6574,806,14,81,538,80,93,71,49,18,4,302,113,35,95,59,5278,4769,47,1,7,454,117,5,112
2021,Budbrooke,E05012616,6438,129,0,17,79,14,19,29,18,9,2,119,58,12,17,32,6143,5868,53,0,2,220,18,4,14
2021,Cubbington & Leek Wootton,E05012617,5166,169,1,11,125,7,25,20,11,6,3,114,40,6,34,34,4828,4627,67,1,0,133,35,6,29
2021,Kenilworth Abbey & Arden,E05012618,11919,1099,17,332,488,70,192,282,225,40,17,302,130,28,77,67,10079,9305,169,0,1,604,157,73,84
2021,Kenilworth Park Hill,E05012619,9936,471,0,101,259,35,76,49,24,19,6,257,123,18,52,64,9076,8517,93,4,7,455,83,9,74
2021,Kenilworth St John's,E05012620,9537,382,7,105,166,20,84,45,22,18,5,175,88,18,33,36,8882,8322,133,1,0,426,53,7,46
2021,Leamington Brunswick,E05012621,10335,2125,19,100,1640,118,248,167,94,51,22,354,132,48,81,93,7396,6069,173,13,15,1126,293,30,263
2021,Leamington Clarendon,E05012622,10337,1113,6,131,774,58,144,172,126,31,15,435,166,48,116,105,8417,6766,240,11,32,1368,200,46,154
2021,Leamington Lillington,E05012623,11908,709,16,49,452,48,144,138,78,47,13,399,151,36,115,97,10528,9604,242,8,5,669,134,16,118
2021,Leamington Milverton,E05012624,9853,952,3,81,694,56,118,89,47,28,14,310,129,25,61,95,8339,7386,178,1,6,768,163,22,141
2021,Leamington Willes,E05012625,10843,1722,5,83,1370,98,166,164,86,55,23,432,161,35,112,124,8166,6467,182,1,25,1491,359,19,340
2021,Radford Semele,E05012626,3533,184,2,18,138,6,20,8,3,4,1,102,33,5,31,33,3212,3012,42,0,2,156,27,4,23
2021,Warwick All Saints & Woodloes,E05012627,9641,644,7,48,448,52,89,92,47,34,11,272,93,32,84,63,8511,7837,122,5,15,532,122,20,102
2021,Warwick Aylesford,E05012628,7204,539,5,69,331,69,65,51,24,23,4,163,51,15,52,45,6383,5865,58,1,20,439,68,11,57
2021,Warwick Myton & Heathcote,E05012629,8177,1302,21,82,1057,47,95,93,63,25,5,284,125,22,66,71,6249,5625,88,2,9,525,249,16,233
2021,Warwick Saltisford,E05012630,7145,487,8,106,246,25,102,67,42,17,8,189,57,30,66,36,6320,5716,65,5,14,520,82,12,70
2021,Whitnash,E05012631,9915,1567,0,43,1307,78,139,81,43,22,16,275,97,38,76,64,7724,6896,159,1,7,661,268,10,258
2021,Barleythorpe,E05012632,2933,46,0,8,30,2,6,30,16,0,14,69,19,9,17,24,2766,2655,6,1,2,102,22,0,22
2021,Braunston & Martinsthorpe,E05012633,2405,7,0,0,5,0,2,7,1,6,0,34,17,0,13,4,2346,2272,12,1,0,61,11,2,9
2021,Cottesmore,E05012634,3648,76,1,8,20,5,42,241,120,99,22,88,21,19,36,12,3213,3116,24,4,1,68,30,0,30
2021,Exton,E05012635,1370,7,0,2,2,0,3,3,0,3,0,11,3,0,4,4,1348,1299,4,0,0,45,1,0,1
2021,Greetham,E05012636,2471,87,12,5,20,36,14,121,34,57,30,122,24,16,68,14,2120,1942,27,63,7,81,21,0,21
2021,Ketton,E05012637,2830,36,1,7,11,1,16,7,3,4,0,52,21,2,11,18,2716,2634,7,1,0,74,19,1,18
2021,Langham,E05012638,1400,13,0,0,7,0,6,2,1,1,0,3,1,0,1,1,1378,1333,14,9,0,22,4,0,4
2021,Lyddington,E05012639,1342,7,0,0,6,0,1,3,3,0,0,17,5,2,4,6,1308,1248,11,2,0,47,7,1,6
2021,Normanton (Rutland),E05012640,3173,27,0,5,13,0,9,16,11,5,0,47,15,4,15,13,3079,2984,19,2,0,74,4,0,4
2021,Oakham North East,E05012641,3265,80,2,21,39,2,16,30,17,6,7,66,37,8,17,4,3079,2889,38,0,2,150,10,1,9
2021,Oakham North West,E05012642,3084,35,0,10,13,1,11,24,9,7,8,48,11,8,11,18,2959,2828,14,0,1,116,18,5,13
2021,Oakham South,E05012643,4223,55,0,8,36,0,11,20,6,12,2,45,12,12,9,12,4069,3916,33,0,1,119,34,0,34
2021,Ryhall & Casterton,E05012644,2937,15,1,3,4,0,7,12,8,1,3,28,9,8,5,6,2874,2802,14,0,0,58,8,0,8
2021,Uppingham,E05012645,4725,127,2,71,23,8,23,36,22,12,2,112,53,4,25,30,4431,4258,39,2,3,129,19,3,16
2021,Whissendine,E05012646,1245,11,0,1,5,5,0,2,0,2,0,1,1,0,0,0,1229,1195,6,1,1,26,2,0,2
2021,Beeston & Holbeck,E05012647,26591,3969,528,149,611,2214,467,3459,2897,273,289,1071,263,291,332,185,17247,14438,232,32,65,2480,845,281,564
2021,Farnley & Wortley,E05012648,25001,976,17,82,423,281,173,910,660,105,145,704,168,119,286,131,22151,20743,187,77,33,1111,260,98,162
2021,Alderney & Bourne Valley,E05012649,16683,501,83,89,151,10,168,115,47,40,28,381,125,61,117,78,15497,14008,78,55,24,1332,189,42,147
2021,Bearwood & Merley,E05012650,14027,218,32,58,57,20,51,96,65,13,18,214,74,30,46,64,13435,12938,55,10,18,414,64,23,41
2021,Boscombe East & Pokesdown,E05012651,11189,378,17,94,94,16,157,177,89,54,34,435,111,81,111,132,10031,8409,114,4,22,1482,168,32,136
2021,Boscombe West,E05012652,10585,371,25,49,117,30,150,204,122,53,29,517,91,102,139,185,9225,6190,91,18,83,2843,268,42,226
2021,Bournemouth Central,E05012653,16220,1361,36,257,615,59,394,518,347,144,27,1013,233,145,329,306,12752,9279,133,24,157,3159,576,155,421
2021,Broadstone,E05012654,10290,234,20,67,86,23,38,21,16,4,1,146,90,7,18,31,9852,9557,72,7,1,215,37,5,32
2021,Burton & Grange,E05012655,9322,113,16,28,29,4,36,18,12,3,3,130,33,26,32,39,9040,8715,54,14,7,250,21,5,16
2021,Canford Cliffs,E05012656,9368,216,5,51,56,26,78,38,21,13,4,180,68,19,28,65,8845,8208,125,4,9,499,89,26,63
2021,Canford Heath,E05012657,14387,299,16,66,149,7,61,68,45,15,8,221,75,47,46,53,13722,13053,41,16,16,596,77,15,62
2021,Christchurch Town,E05012658,10289,172,27,42,47,8,48,18,9,8,1,178,67,29,32,50,9865,9396,64,25,7,373,56,10,46
2021,Commons,E05012659,10335,143,15,38,36,7,47,23,16,7,0,173,86,21,31,35,9939,9597,48,22,1,271,57,5,52
2021,Creekmoor,E05012660,9471,175,44,24,38,9,60,53,40,10,3,93,22,21,22,28,9115,8711,43,28,3,330,35,1,34
2021,East Cliff & Springbourne,E05012661,17208,1047,50,182,408,37,370,532,378,104,50,782,141,158,235,248,14251,10476,100,12,136,3527,596,139,457
2021,East Southbourne & Tuckton,E05012662,8814,137,8,34,37,0,58,35,15,10,10,197,89,24,26,58,8394,7921,79,1,9,384,51,12,39
2021,Hamworthy,E05012663,14211,212,30,46,39,10,87,88,56,18,14,213,74,42,41,56,13630,12895,52,13,11,659,68,16,52
2021,Highcliffe & Walkford,E05012664,10006,83,0,31,16,5,31,31,17,8,6,106,41,9,28,28,9752,9348,85,6,1,312,34,8,26
2021,Kinson,E05012665,17795,368,80,58,82,17,131,161,120,19,22,447,90,111,109,137,16642,15620,67,68,20,867,177,59,118
2021,Littledown & Iford,E05012666,9906,431,21,112,152,24,122,128,106,9,13,269,99,33,57,80,8921,8228,93,3,12,585,157,49,108
2021,Moordown,E05012667,10523,467,41,71,170,23,162,104,65,22,17,379,123,56,60,140,9332,8638,49,3,5,637,241,77,164
2021,"Mudeford, Stanpit & West Highcliffe",E05012668,10189,95,2,23,28,2,40,29,20,6,3,112,35,21,34,22,9933,9581,58,1,2,291,20,1,19
2021,Muscliff & Strouden Park,E05012669,16874,1063,68,143,514,26,312,196,149,22,25,508,148,83,109,168,14765,13607,84,5,29,1040,342,100,242
2021,Newtown & Heatherlands,E05012670,17735,603,77,119,195,9,203,146,98,25,23,417,105,75,119,118,16366,14799,68,72,14,1413,203,24,179
2021,Oakdale,E05012671,11188,335,15,56,212,9,43,24,18,4,2,124,38,21,18,47,10631,10052,73,13,5,488,74,15,59
2021,Parkstone,E05012672,11005,270,31,52,66,11,110,43,29,7,7,255,89,43,42,81,10329,9585,110,10,13,611,108,20,88
2021,Penn Hill,E05012673,11544,333,41,55,75,11,151,66,39,19,8,305,105,38,57,105,10716,9893,95,10,23,695,124,27,97
2021,Poole Town,E05012674,12671,703,82,48,297,42,234,211,154,34,23,308,86,50,78,94,11288,9976,85,14,28,1185,161,30,131
2021,"Queen's Park (Bournemouth, Christchurch and Poole)",E05012675,11392,764,96,131,210,44,283,167,117,38,12,559,177,75,121,186,9424,7916,62,5,47,1394,478,140,338
2021,Redhill & Northbourne,E05012676,9870,243,47,72,37,9,78,85,52,22,11,225,64,55,40,66,9207,8736,38,0,13,420,110,20,90
2021,Talbot & Branksome Woods,E05012677,13679,603,28,178,160,39,198,214,154,42,18,554,159,87,105,203,11877,10209,120,4,34,1510,431,132,299
2021,Wallisdown & Winton West,E05012678,10826,361,47,71,86,12,145,147,97,32,18,395,119,56,124,96,9787,9086,59,8,13,621,136,15,121
2021,West Southbourne,E05012679,10441,160,10,29,57,1,63,83,47,22,14,260,81,40,65,74,9831,9008,117,5,9,692,107,16,91
2021,Westbourne & West Cliff,E05012680,10315,423,16,40,201,16,150,175,125,33,17,415,92,79,96,148,9067,7156,127,5,73,1706,235,33,202
2021,Winton East,E05012681,11827,672,93,154,165,32,228,224,148,58,18,569,180,92,142,155,10050,8818,71,5,22,1134,312,75,237
2021,Beacon (Dorset),E05012682,5168,52,0,15,18,2,17,48,29,16,3,91,22,7,38,24,4957,4732,36,19,0,170,20,0,20
2021,Beaminster,E05012683,4256,37,1,10,5,12,9,3,1,0,2,42,11,6,15,10,4155,4022,21,3,0,109,19,3,16
2021,Blackmore Vale,E05012684,4501,16,0,6,2,0,8,7,6,1,0,38,14,9,7,8,4428,4303,18,19,6,82,12,0,12
2021,Blandford,E05012685,10361,157,34,23,14,1,85,21,15,6,0,97,39,12,16,30,10035,9647,52,17,8,311,51,9,42
2021,Bridport,E05012686,14635,142,7,24,32,12,67,18,7,10,1,168,63,20,46,39,14252,13758,91,19,0,384,55,1,54
2021,Chalk Valleys,E05012687,4786,26,3,7,8,0,8,6,2,3,1,29,19,3,3,4,4722,4543,27,22,11,119,3,0,3
2021,Charminster St Mary's,E05012688,5166,47,8,4,9,10,16,7,0,5,2,56,25,2,21,8,5044,4912,22,14,1,95,12,5,7
2021,Chesil Bank,E05012689,3934,21,0,1,2,10,8,5,3,1,1,28,15,2,5,6,3870,3741,34,1,0,94,10,1,9
2021,Chickerell,E05012690,7814,72,0,18,14,3,37,12,7,5,0,91,36,20,13,22,7633,7439,25,7,1,161,6,0,6
2021,Colehill & Wimborne Minster East,E05012691,8676,68,16,17,21,2,12,15,4,9,2,90,50,7,15,18,8489,8266,68,6,0,149,14,0,14
2021,Corfe Mullen,E05012692,10372,91,18,12,21,5,35,8,4,1,3,121,51,7,25,38,10119,9880,41,5,0,193,33,1,32
2021,Cranborne & Alderholt,E05012693,5031,25,0,4,14,0,7,1,1,0,0,48,8,8,16,16,4956,4854,18,12,1,71,1,0,1
2021,Cranborne Chase,E05012694,5178,371,4,16,4,0,347,35,22,3,10,52,24,4,10,14,4656,4504,29,5,0,118,64,2,62
2021,Crossways,E05012695,3733,34,9,7,5,0,13,4,3,0,1,49,23,3,5,18,3641,3551,16,4,1,69,5,1,4
2021,Dorchester East,E05012696,8216,183,31,32,56,14,50,61,38,6,17,132,44,24,31,33,7792,7528,44,7,0,213,48,18,30
2021,Dorchester Poundbury,E05012697,4072,98,0,31,24,20,23,36,27,7,2,107,38,29,16,24,3815,3635,23,3,4,150,16,1,15
2021,Dorchester West,E05012698,9067,365,23,23,186,25,108,48,37,8,3,124,49,13,30,32,8473,8114,46,14,10,289,57,26,31
2021,Eggardon,E05012699,5296,20,0,8,6,1,5,11,8,1,2,79,31,7,17,24,5175,5013,30,7,0,125,11,0,11
2021,Ferndown North,E05012700,8695,146,20,37,31,5,53,20,6,9,5,114,42,20,31,21,8397,8134,49,21,9,184,18,2,16
2021,Ferndown South,E05012701,8808,129,45,22,30,6,26,28,19,5,4,108,44,19,14,31,8520,8178,48,23,5,266,23,0,23
2021,Gillingham,E05012702,15523,145,27,33,30,0,55,55,39,13,3,120,36,18,33,33,15154,14536,77,22,8,511,49,14,35
2021,Hill Forts & Upper Tarrants,E05012703,4977,19,1,10,2,0,6,20,8,5,7,57,16,19,8,14,4872,4723,18,7,0,124,9,0,9
2021,Littlemoor & Preston,E05012704,9865,88,3,19,19,15,32,9,5,3,1,111,42,8,29,32,9622,9399,35,1,12,175,35,3,32
2021,Lyme & Charmouth,E05012705,5083,33,5,12,2,0,14,12,5,4,3,49,20,9,5,15,4978,4805,35,6,0,132,11,0,11
2021,Lytchett Matravers & Upton,E05012706,12539,100,15,14,27,11,33,17,7,10,0,145,55,18,38,34,12254,11914,51,28,3,258,23,1,22
2021,Marshwood Vale,E05012707,4565,8,0,1,3,0,4,6,2,4,0,41,18,2,15,6,4505,4385,25,0,2,93,5,1,4
2021,Melcombe Regis,E05012708,4299,182,19,26,22,4,111,24,16,6,2,82,24,10,16,32,3974,3638,39,5,9,283,37,6,31
2021,Portland (Dorset),E05012709,13560,107,13,15,17,26,36,126,35,50,41,183,41,18,71,53,13083,12757,53,24,7,242,61,20,41
2021,Puddletown & Lower Winterborne,E05012710,5492,30,0,6,9,0,15,24,22,1,1,60,26,6,9,19,5372,5262,22,5,2,81,6,2,4
2021,Radipole,E05012711,9773,145,32,25,20,11,57,27,16,5,6,104,45,14,18,27,9466,9150,53,2,2,259,31,4,27
2021,Rodwell & Wyke,E05012712,13915,78,6,27,21,1,23,28,12,8,8,157,55,14,37,51,13611,13206,77,5,9,314,41,16,25
2021,St Leonards & St Ives,E05012713,7903,92,13,24,22,0,33,27,20,4,3,134,63,18,18,35,7614,7348,41,17,2,206,36,7,29
2021,Shaftesbury Town,E05012714,9157,130,15,41,20,2,52,20,13,6,1,123,44,19,26,34,8845,8396,38,8,17,386,39,3,36
2021,Sherborne East,E05012715,4389,84,29,17,22,0,16,11,2,4,5,47,25,10,5,7,4228,4029,23,3,1,172,19,14,5
2021,Sherborne Rural,E05012716,4955,48,3,8,12,9,16,8,2,5,1,41,10,4,11,16,4850,4740,25,0,0,85,8,0,8
2021,Sherborne West,E05012717,5972,121,9,45,24,3,40,24,16,4,4,91,40,13,12,26,5728,5500,45,5,3,175,8,2,6
2021,South East Purbeck,E05012718,4129,17,0,2,3,1,11,5,4,1,0,39,2,17,11,9,4056,3911,17,11,2,115,12,4,8
2021,Stalbridge & Marnhull,E05012719,5149,13,1,5,1,4,2,4,3,1,0,27,10,7,6,4,5091,4976,20,4,1,90,14,8,6
2021,Stour & Allen Vale,E05012720,4963,22,0,7,6,5,4,6,5,1,0,47,18,6,13,10,4882,4770,25,13,1,73,6,0,6
2021,Sturminster Newton,E05012721,4637,27,1,16,2,0,8,8,6,1,1,41,14,3,14,10,4529,4115,16,11,0,387,32,0,32
2021,Swanage,E05012722,9420,77,0,31,17,0,29,22,7,10,5,118,35,17,31,35,9141,8772,56,8,3,302,62,2,60
2021,Upwey & Broadwey,E05012723,4537,26,0,3,7,1,15,7,2,4,1,63,24,15,8,16,4421,4292,25,8,3,93,20,4,16
2021,Verwood,E05012724,13706,59,0,14,23,1,21,23,10,10,3,123,38,23,25,37,13482,13138,62,23,0,259,19,2,17
2021,Wareham,E05012725,9857,65,3,22,17,0,23,12,6,4,2,103,37,10,23,33,9633,9363,49,33,8,180,44,2,42
2021,West Moors & Three Legged Cross,E05012726,8867,69,0,20,12,3,34,22,13,5,4,63,24,9,6,24,8676,8438,49,33,3,153,37,3,34
2021,West Parley,E05012727,3660,20,0,3,7,1,9,10,6,4,0,41,17,5,2,17,3578,3491,26,4,0,57,11,0,11
2021,West Purbeck,E05012728,9845,128,2,5,22,0,99,83,56,15,12,123,42,15,31,35,9454,9196,47,13,1,197,57,8,49
2021,Westham,E05012729,9503,102,28,13,7,2,52,14,6,6,2,183,78,14,57,34,9156,8810,45,3,1,297,48,12,36
2021,Wimborne Minster,E05012730,8101,73,8,15,13,1,36,24,16,3,5,136,41,30,38,27,7835,7603,37,13,0,182,33,0,33
2021,Winterborne & Broadmayne,E05012731,4287,9,1,2,2,1,3,3,2,0,1,30,9,4,7,10,4226,4128,18,7,0,73,19,3,16
2021,Winterborne North,E05012732,4263,31,9,2,1,2,17,2,1,1,0,25,13,2,3,7,4198,4083,14,15,2,84,7,0,7
2021,Yetminster,E05012733,4909,54,0,17,8,10,19,8,6,1,1,61,22,5,7,27,4761,4632,22,8,3,96,25,10,15
2021,Aldeburgh & Leiston,E05012734,12094,129,21,40,18,5,45,32,15,5,12,115,38,23,37,17,11769,11335,54,4,4,372,49,1,48
2021,Beccles & Worlingham,E05012735,14590,160,11,67,35,6,41,17,9,7,1,161,55,23,37,46,14200,13879,59,17,3,242,52,12,40
2021,Bungay & Wainford,E05012736,8653,146,5,18,86,2,35,21,7,8,6,83,23,10,18,32,8373,8078,40,4,1,250,30,10,20
2021,Carlford & Fynn Valley,E05012737,8362,58,0,16,24,6,12,39,24,11,4,140,45,23,37,35,8112,7922,25,2,1,162,13,2,11
2021,Carlton & Whitton,E05012738,10692,78,6,11,8,3,50,45,19,14,12,148,49,19,40,40,10393,10206,26,5,8,148,28,1,27
2021,Carlton Colville,E05012739,9681,95,1,29,28,8,29,27,19,4,4,120,32,23,38,27,9431,9284,27,0,2,118,8,0,8
2021,Deben,E05012740,5751,149,27,10,37,16,59,176,62,70,44,135,25,17,54,39,5256,5058,44,27,4,123,35,2,33
2021,Eastern Felixstowe,E05012741,12979,254,22,36,54,10,132,61,33,20,8,250,54,42,76,78,12368,11702,77,3,0,586,46,5,41
2021,Framlingham,E05012742,8909,108,2,15,52,7,32,27,18,7,2,101,24,21,33,23,8631,8366,37,0,1,227,42,5,37
2021,Gunton & St Margarets,E05012743,9713,108,9,42,16,0,41,25,12,10,3,85,26,10,33,16,9472,9306,43,7,8,108,23,3,20
2021,Halesworth & Blything,E05012744,8078,47,0,15,12,2,18,25,9,8,8,55,14,11,7,23,7931,7737,48,4,0,142,20,4,16
2021,Harbour & Normanston,E05012745,15904,252,25,31,52,42,102,97,64,17,16,244,75,49,58,62,15230,14602,65,13,13,537,81,6,75
2021,Kelsale & Yoxford,E05012746,3932,24,0,6,7,1,10,19,10,2,7,42,14,7,12,9,3829,3766,12,0,0,51,18,1,17
2021,Kesgrave,E05012747,14890,599,28,110,284,73,104,186,117,40,29,386,113,51,132,90,13628,13080,43,5,2,498,91,21,70
2021,Kessingland,E05012748,4243,20,0,5,8,2,5,11,8,2,1,45,11,12,10,12,4159,4053,16,21,3,66,8,2,6
2021,Kirkley & Pakefield,E05012749,13311,155,15,38,32,6,64,77,45,23,9,226,72,39,67,48,12812,12365,75,6,4,362,41,0,41
2021,Lothingland (East Suffolk),E05012750,3524,43,0,7,16,1,19,4,3,1,0,45,15,10,9,11,3431,3366,12,0,0,53,1,0,1
2021,Martlesham & Purdis Farm,E05012751,7542,188,10,31,75,22,50,62,37,18,7,188,42,23,58,65,7052,6793,35,2,5,217,52,8,44
2021,Melton,E05012752,4257,32,4,13,1,0,14,20,12,5,3,72,29,8,24,11,4121,3966,23,1,0,131,12,0,12
2021,Orwell & Villages,E05012753,9682,54,5,17,9,1,22,52,32,16,4,165,34,22,49,60,9387,9106,32,2,1,246,24,0,24
2021,Oulton Broad,E05012754,12891,84,2,31,9,3,39,45,15,23,7,153,52,23,37,41,12563,12333,57,4,3,166,46,7,39
2021,Rendlesham & Orford,E05012755,4947,51,1,16,10,5,19,43,37,5,1,64,26,15,9,14,4776,4605,16,1,2,152,13,0,13
2021,Rushmere St Andrew,E05012756,4406,185,31,24,68,21,41,45,29,10,6,94,33,10,17,34,4049,3936,11,0,1,101,33,9,24
2021,Saxmundham,E05012757,4775,73,13,26,14,0,20,23,11,5,7,67,29,13,7,18,4594,4429,23,1,0,141,18,0,18
2021,Southwold,E05012758,3844,33,2,4,10,4,13,21,15,5,1,32,10,5,8,9,3742,3621,34,0,1,86,16,0,16
2021,Western Felixstowe,E05012759,11348,157,23,44,24,8,58,99,25,62,12,206,36,38,78,54,10829,10202,45,11,8,563,57,8,49
2021,Wickham Market,E05012760,4978,38,3,8,12,0,15,16,6,5,5,71,32,5,20,14,4848,4729,23,1,1,94,5,0,5
2021,Woodbridge,E05012761,7877,96,13,19,23,10,31,29,13,12,4,174,52,25,42,55,7537,7239,61,4,5,228,41,3,38
2021,"Wrentham, Wangford & Westleton",E05012762,4203,23,0,11,5,1,6,13,8,3,2,47,14,8,8,17,4103,3993,28,1,0,81,17,3,14
2021,Abbeygate,E05012763,4684,161,10,22,23,1,105,97,60,13,24,135,19,31,19,66,4185,3629,49,1,3,503,106,12,94
2021,Bardwell,E05012764,2644,12,0,1,2,3,6,6,3,3,0,86,15,3,16,52,2534,2455,10,4,4,61,6,1,5
2021,Barningham,E05012765,2694,11,0,0,1,0,10,5,0,3,2,23,6,0,6,11,2655,2565,15,3,3,69,0,0,0
2021,Barrow,E05012766,2592,18,0,2,9,1,6,8,5,1,2,37,11,4,1,21,2513,2398,14,6,0,95,16,0,16
2021,Brandon Central,E05012767,3395,33,8,4,8,2,11,55,29,15,11,82,9,29,20,24,3202,2767,14,5,2,414,23,0,23
2021,Brandon East,E05012768,2845,33,3,2,2,0,26,27,8,8,11,57,12,7,7,31,2698,2408,11,1,2,276,30,1,29
2021,Brandon West,E05012769,3192,39,1,9,4,8,17,40,10,9,21,81,9,15,19,38,2986,2661,22,3,2,298,46,1,45
2021,Chedburgh & Chevington,E05012770,2672,26,3,2,11,1,9,6,2,4,0,30,18,1,10,1,2594,2504,17,4,0,69,16,0,16
2021,"Clare, Hundon & Kedington",E05012771,9156,158,36,20,44,34,24,260,91,88,81,228,34,21,116,57,8475,8132,61,19,7,256,35,2,33
2021,Eastgate,E05012772,2551,56,5,3,10,0,38,33,18,9,6,72,23,12,4,33,2352,2041,24,5,2,280,38,2,36
2021,Exning,E05012773,2318,50,0,0,12,9,29,22,4,9,9,56,22,8,8,18,2165,1980,44,0,0,141,25,1,24
2021,Haverhill Central,E05012774,3109,148,5,70,34,3,36,37,25,10,2,51,16,7,18,10,2842,2536,24,0,11,271,31,7,24
2021,Haverhill East,E05012775,4292,136,12,10,61,7,46,72,48,13,11,72,21,15,14,22,3972,3556,13,12,8,383,40,4,36
2021,Haverhill North,E05012776,4654,150,2,14,91,10,33,34,25,1,8,84,40,15,16,13,4335,4016,23,9,11,276,51,12,39
2021,Haverhill South,E05012777,6459,176,20,19,57,22,58,82,51,13,18,115,18,26,41,30,6024,5271,52,3,15,683,62,7,55
2021,Haverhill South East,E05012778,2482,53,0,5,24,6,18,8,6,0,2,21,6,2,1,12,2387,2259,7,0,3,118,13,3,10
2021,Haverhill West,E05012779,5859,275,10,15,146,4,100,53,45,3,5,94,32,15,27,20,5417,4942,42,1,7,425,20,0,20
2021,Horringer,E05012780,2529,29,0,8,10,0,11,7,2,3,2,42,19,6,10,7,2440,2350,20,1,0,69,11,1,10
2021,Iceni,E05012781,6545,188,5,23,52,11,97,242,110,36,96,348,70,91,52,135,5616,4642,67,16,4,887,151,5,146
2021,Ixworth,E05012782,2296,19,1,0,12,0,6,13,10,2,1,18,2,7,0,9,2235,2175,6,4,0,50,11,0,11
2021,Kentford & Moulton,E05012783,2933,49,2,10,16,5,16,16,10,4,2,55,15,8,10,22,2785,2584,35,5,1,160,28,3,25
2021,Lakenheath,E05012784,9436,241,10,26,22,6,177,553,183,91,279,730,98,131,60,441,7486,5554,116,22,1,1793,426,15,411
2021,Manor (West Suffolk),E05012785,2894,37,5,2,18,0,12,49,23,7,19,98,27,15,20,36,2677,2409,22,10,3,233,33,0,33
2021,Mildenhall Great Heath,E05012786,3433,54,9,0,11,11,23,53,23,9,21,105,22,29,20,34,3176,2755,19,7,5,390,45,0,45
2021,Mildenhall Kingsway & Market,E05012787,3194,90,16,32,14,2,26,67,34,8,25,125,22,16,13,74,2851,2528,15,4,8,296,61,0,61
2021,Mildenhall Queensway,E05012788,2214,38,0,7,8,4,19,50,23,10,17,91,22,11,16,42,1990,1633,11,2,0,344,45,0,45
2021,Minden,E05012789,5732,116,8,15,23,1,69,53,35,10,8,116,48,12,25,31,5427,5061,52,4,3,307,20,1,19
2021,Moreton Hall,E05012790,8168,246,13,69,97,12,55,86,49,14,23,242,85,40,39,78,7487,6797,32,4,5,649,107,10,97
2021,Newmarket East,E05012791,5370,329,30,21,83,131,64,86,45,17,24,185,57,32,35,61,4676,3795,87,6,23,765,94,20,74
2021,Newmarket North,E05012792,5677,264,25,20,86,43,90,73,47,9,17,133,39,30,17,47,5070,4101,84,3,24,858,137,79,58
2021,Newmarket West,E05012793,5717,318,22,30,89,94,83,78,34,15,29,147,51,26,35,35,5102,4256,87,2,7,750,72,8,64
2021,Pakenham & Troston,E05012794,2883,36,1,1,9,8,17,44,19,14,11,44,8,8,6,22,2736,2668,10,1,0,57,23,3,20
2021,Risby,E05012795,3116,38,0,12,12,0,14,16,9,1,6,42,12,6,9,15,3009,2823,15,0,3,168,11,2,9
2021,Rougham,E05012796,2450,20,0,1,7,1,11,5,3,1,1,25,12,5,2,6,2387,2319,7,4,0,57,13,8,5
2021,St Olaves,E05012797,5217,111,6,23,44,7,31,50,30,13,7,91,21,14,27,29,4906,4483,24,5,1,393,59,4,55
2021,Southgate (West Suffolk),E05012798,4062,368,6,24,142,11,185,46,37,4,5,73,26,6,14,27,3552,3294,22,0,1,235,23,1,22
2021,Stanton (West Suffolk),E05012799,2916,16,0,0,6,2,8,3,1,1,1,44,19,5,5,15,2846,2777,11,1,0,57,7,0,7
2021,The Fornhams & Great Barton,E05012800,4148,59,0,10,35,3,11,7,1,6,0,66,28,10,7,21,3993,3856,31,7,0,99,23,8,15
2021,The Rows,E05012801,7442,136,0,9,8,5,114,299,92,45,162,395,52,65,64,214,6374,5097,55,72,14,1136,238,9,229
2021,Tollgate,E05012802,6127,138,10,33,30,10,55,87,41,20,26,166,45,25,34,62,5661,5078,31,8,8,536,75,4,71
2021,Westgate (West Suffolk),E05012803,5212,158,0,11,37,1,109,21,9,9,3,104,33,23,21,27,4913,4561,38,0,5,309,16,1,15
2021,Whepstead & Wickhambrook,E05012804,2462,19,0,0,7,0,12,0,0,0,0,30,13,1,5,11,2405,2322,18,1,0,64,8,2,6
2021,Withersfield,E05012805,2163,73,2,15,19,11,26,22,13,7,2,39,13,6,8,12,2020,1897,26,2,0,95,9,0,9
2021,Adel & Wharfedale,E05012841,21198,1635,38,124,829,337,307,275,178,70,27,550,222,53,141,134,17967,17119,196,1,4,647,771,395,376
2021,Alwoodley,E05012842,23614,4734,75,544,2275,1180,660,762,444,224,94,1010,307,100,379,224,15702,14309,295,6,26,1066,1406,327,1079
2021,Ampthill,E05012843,13967,191,12,28,105,9,37,120,59,46,15,310,108,33,119,50,13294,12734,221,2,2,335,52,11,41
2021,Caddington,E05012844,9797,334,26,21,138,82,67,153,77,55,21,243,70,35,81,57,8986,8421,192,14,0,359,81,12,69
2021,Dunstable-Manshead,E05012845,5873,300,30,46,96,51,77,322,192,91,39,249,62,52,75,60,4933,4217,78,3,4,631,69,9,60
2021,Dunstable-Northfields,E05012846,11373,604,45,69,218,89,183,667,400,170,97,435,113,65,159,98,9501,8076,129,24,26,1246,166,33,133
2021,Houghton Conquest and Haynes,E05012847,4187,146,11,9,98,11,17,106,55,36,15,153,40,14,59,40,3750,3533,63,2,0,152,32,3,29
2021,Houghton Hall,E05012848,10027,551,44,37,196,117,157,575,317,183,75,474,105,79,187,103,8306,6913,150,11,23,1209,121,15,106
2021,Northill,E05012849,4571,61,0,1,35,4,21,29,14,14,1,69,28,9,9,23,4390,4239,40,10,2,99,22,6,16
2021,Sandy,E05012850,13569,306,15,60,133,20,78,189,99,74,16,369,104,37,144,84,12641,11974,126,53,8,480,64,2,62
2021,Ditchingham & Earsham,E05012851,6424,42,0,13,12,0,17,9,6,2,1,62,20,9,23,10,6298,6130,37,8,1,122,13,4,9
2021,Harleston,E05012852,6125,49,7,19,8,4,11,7,5,2,0,46,18,3,15,10,6018,5850,16,1,7,144,5,0,5
2021,Henley-on-Thames,E05012853,12184,323,43,49,76,38,117,70,31,31,8,327,145,35,58,89,11342,9997,181,3,17,1144,122,21,101
2021,Sonning Common,E05012854,7814,172,6,35,77,14,40,22,14,8,0,190,77,16,36,61,7385,6910,94,1,5,375,45,8,37
2021,Alkham & Capel-le-Ferne,E05012855,3170,39,0,7,13,2,17,11,6,5,0,49,21,6,9,13,3062,2960,29,38,0,35,9,1,8
2021,"Aylesham, Eythorne & Shepherdswell",E05012856,11733,206,7,46,81,7,65,168,121,26,21,199,55,37,52,55,11085,10431,42,56,9,547,75,19,56
2021,Buckland (Dover),E05012857,7547,130,1,13,41,0,75,56,36,13,7,119,25,29,29,36,7164,6784,16,15,26,323,78,6,72
2021,Dover Downs & River,E05012858,6653,83,6,16,18,2,41,30,17,9,4,61,21,9,10,21,6458,6284,47,4,2,121,21,0,21
2021,Eastry Rural,E05012859,6396,51,0,8,15,2,26,23,11,6,6,87,30,20,23,14,6214,6017,43,7,2,145,21,2,19
2021,"Guston, Kingsdown & St Margaret's-at-Cliffe",E05012860,7977,559,7,13,42,4,493,129,100,10,19,138,52,16,25,45,7035,6762,49,9,0,215,116,6,110
2021,Little Stour & Ashstone,E05012861,7248,89,7,5,53,8,16,28,13,6,9,129,43,17,31,38,6952,6699,31,25,1,196,50,11,39
2021,Maxton & Elms Vale,E05012862,4004,44,0,14,6,0,24,13,8,2,3,39,11,3,11,14,3894,3780,13,0,1,100,14,1,13
2021,Middle Deal,E05012863,7717,54,1,9,24,0,20,25,12,11,2,119,36,20,24,39,7500,7280,52,7,3,158,19,1,18
2021,Mill Hill (Dover),E05012864,7866,94,0,24,30,3,37,13,7,5,1,67,25,11,15,16,7662,7467,34,3,7,151,30,7,23
2021,North Deal,E05012865,6980,91,5,28,22,1,35,24,11,12,1,88,31,6,18,33,6746,6469,72,5,2,198,31,4,27
2021,St Radigunds,E05012866,7004,249,40,44,42,0,123,77,47,12,18,153,53,16,39,45,6418,5862,25,17,75,439,107,15,92
2021,Sandwich,E05012867,6092,84,13,19,19,2,31,34,16,13,5,89,29,25,11,24,5856,5653,29,3,0,171,29,1,28
2021,Tower Hamlets,E05012868,4535,123,28,8,18,2,67,50,39,10,1,97,26,18,27,26,4182,3769,21,20,22,350,83,21,62
2021,Town & Castle,E05012869,8277,276,26,24,36,3,187,124,88,22,14,175,42,39,52,42,7444,6571,60,33,89,691,258,35,223
2021,Walmer,E05012870,6730,99,21,21,37,0,20,22,9,9,4,79,20,20,10,29,6507,6242,69,4,4,188,23,2,21
2021,Whitfield (Dover),E05012871,6505,138,0,7,54,6,71,12,6,5,1,71,26,5,26,14,6248,6087,18,2,0,141,36,6,30
2021,Banstead Village,E05012872,10089,556,47,36,225,103,145,278,133,97,48,408,114,43,108,143,8760,8077,174,56,4,449,87,19,68
2021,"Chipstead, Kingswood & Woodmansterne",E05012873,9729,645,30,67,306,90,152,254,152,70,32,337,144,22,62,109,8362,7725,152,3,1,481,131,32,99
2021,Earlswood & Whitebushes,E05012874,10123,1550,152,48,686,288,376,419,295,81,43,385,114,80,84,107,7594,6745,88,16,7,738,175,37,138
2021,"Hooley, Merstham & Netherne",E05012875,11292,722,55,36,235,186,210,524,318,142,64,544,145,78,153,168,9319,8575,118,20,17,589,183,29,154
2021,Horley Central & South,E05012876,10119,726,94,65,238,143,186,283,194,57,32,327,119,57,64,87,8667,7666,92,18,23,868,116,21,95
2021,Horley East & Salfords,E05012877,9997,737,69,67,348,120,133,320,230,51,39,320,96,44,88,92,8449,7618,113,81,11,626,171,23,148
2021,Horley West & Sidlow,E05012878,10878,506,61,43,163,98,141,295,199,43,53,330,113,51,80,86,9658,8906,102,16,19,615,89,30,59
2021,"Lower Kingswood, Tadworth & Walton",E05012879,9862,443,48,48,191,34,122,126,65,34,27,285,99,37,59,90,8926,8406,155,7,0,358,82,10,72
2021,Meadvale & St John's,E05012880,9010,533,16,55,236,119,107,162,108,35,19,307,124,40,50,93,7916,7215,91,6,3,601,92,10,82
2021,Nork,E05012881,9361,789,31,97,357,129,175,128,78,40,10,306,140,23,58,85,7929,7344,124,3,6,452,209,65,144
2021,Redhill East,E05012882,9314,1131,39,117,519,207,249,459,324,84,51,398,120,54,96,128,7132,6098,111,7,9,907,194,44,150
2021,Redhill West & Wray Common,E05012883,10653,1427,85,107,651,243,341,591,408,123,60,480,167,85,100,128,7956,7010,118,8,19,801,199,34,165
2021,Reigate,E05012884,10747,470,30,69,176,61,134,178,118,47,13,413,196,47,70,100,9546,8572,135,3,10,826,140,29,111
2021,South Park & Woodhatch,E05012885,9141,379,71,34,108,69,97,169,112,36,21,303,89,43,78,93,8161,7619,73,21,8,440,129,36,93
2021,Tattenham Corner & Preston,E05012886,10549,772,58,61,198,142,313,232,145,59,28,404,119,42,118,125,8968,8372,80,18,8,490,173,37,136
2021,Addlestone North,E05012887,6680,569,54,85,198,59,173,128,92,29,7,279,88,36,47,108,5576,4839,74,11,18,634,128,24,104
2021,Addlestone South,E05012888,6440,466,42,61,161,51,151,126,88,25,13,186,57,32,44,53,5566,4792,98,38,28,610,96,16,80
2021,Chertsey Riverside,E05012889,6085,432,10,42,205,37,138,156,94,51,11,257,74,40,48,95,5141,4445,89,24,21,562,99,19,80
2021,Chertsey St Ann's,E05012890,6827,410,19,48,168,35,140,121,76,30,15,227,71,26,59,71,5968,5323,94,54,16,481,101,11,90
2021,Egham Hythe,E05012891,7209,658,26,51,400,51,130,116,64,35,17,249,89,41,54,65,6061,5278,95,43,5,640,125,31,94
2021,Egham Town,E05012892,7313,946,34,172,496,70,174,149,113,29,7,315,130,43,45,97,5718,4852,91,17,20,738,185,65,120
2021,Englefield Green East,E05012893,5502,945,44,148,463,121,169,154,118,22,14,281,117,38,40,86,3955,3219,74,3,10,649,167,62,105
2021,Englefield Green West,E05012894,6324,666,44,118,288,90,126,145,116,13,16,250,106,41,43,60,5072,4204,72,18,14,764,191,66,125
2021,"Longcross, Lyne & Chertsey South",E05012895,4014,407,8,30,178,40,151,113,63,44,6,104,48,13,17,26,3326,2929,52,26,4,315,64,7,57
2021,New Haw,E05012896,7284,495,38,36,213,103,105,74,48,17,9,246,83,33,51,79,6365,5763,58,25,6,513,104,20,84
2021,Ottershaw,E05012897,6590,375,30,35,158,34,118,120,98,20,2,163,74,19,36,34,5867,5321,102,11,7,426,65,19,46
2021,Thorpe (Runnymede),E05012898,5806,618,15,45,411,52,95,56,34,11,11,160,82,6,24,48,4848,4321,70,54,25,378,124,35,89
2021,Virginia Water,E05012899,5971,856,15,63,562,71,145,78,48,24,6,234,99,22,31,82,4632,3559,86,40,11,936,171,68,103
2021,Woodham & Rowtown,E05012900,6041,294,25,28,127,21,93,57,42,7,8,167,78,11,34,44,5460,5120,75,6,2,257,63,21,42
2021,Bowthorpe,E05012901,10176,768,59,87,210,72,340,362,287,37,38,289,72,75,66,76,8422,7508,37,9,12,856,335,201,134
2021,Catton Grove,E05012902,11177,445,104,65,70,16,190,264,199,39,26,282,74,52,76,80,10012,8745,43,48,14,1162,174,46,128
2021,Crome,E05012903,11991,285,60,40,54,11,120,213,142,20,51,315,56,82,98,79,11059,10183,48,12,9,807,119,28,91
2021,Eaton,E05012904,10120,568,28,107,230,58,145,144,111,27,6,271,100,60,36,75,9017,8320,74,2,8,613,120,35,85
2021,Lakenham,E05012905,10683,483,80,50,236,7,110,211,151,23,37,305,82,58,74,91,9563,8719,60,25,25,734,121,38,83
2021,Mancroft,E05012906,10617,727,64,186,258,35,184,353,285,35,33,364,103,69,77,115,8961,7678,72,17,19,1175,212,62,150
2021,Mile Cross,E05012907,11200,303,52,60,62,31,98,305,250,27,28,326,65,106,61,94,10103,8729,48,46,29,1251,163,60,103
2021,Nelson (Norwich),E05012908,10432,316,13,93,104,10,96,155,108,32,15,422,176,44,68,134,9421,8381,120,5,20,895,118,33,85
2021,Sewell,E05012909,10355,336,98,61,53,23,101,223,170,33,20,291,69,56,57,109,9364,8218,65,4,15,1062,141,39,102
2021,Thorpe Hamlet,E05012910,9689,701,23,139,392,33,114,192,162,15,15,285,66,67,54,98,8303,7160,76,1,13,1053,208,85,123
2021,Town Close,E05012911,10198,776,54,118,379,41,184,217,169,23,25,343,115,64,53,111,8648,7621,88,16,25,898,214,58,156
2021,University (Norwich),E05012912,14556,1515,132,478,363,150,392,601,501,50,50,617,217,130,129,141,11488,10437,83,16,12,940,335,143,192
2021,Wensum,E05012913,12732,650,77,141,158,45,229,338,270,35,33,410,95,104,91,120,11060,9923,72,15,11,1039,274,71,203
2021,Bewbush & North Broadfield,E05012914,11240,1719,68,50,742,587,272,799,507,74,218,537,117,138,111,171,7857,6362,50,15,37,1393,328,59,269
2021,Broadfield (Crawley),E05012915,10451,1330,63,38,367,642,220,704,394,76,234,448,84,95,106,163,7691,6445,48,4,36,1158,278,54,224
2021,Furnace Green,E05012916,6001,682,22,21,284,233,122,197,106,34,57,174,56,32,49,37,4844,4363,35,0,12,434,104,31,73
2021,Gossops Green & North East Broadfield,E05012917,6557,1012,29,15,321,457,190,234,167,29,38,265,82,44,50,89,4923,4360,36,0,7,520,123,17,106
2021,Ifield,E05012918,10575,926,33,51,314,274,254,436,245,47,144,404,93,103,82,126,8554,7560,124,13,11,846,255,75,180
2021,Langley Green & Tushmore,E05012919,9106,2958,45,34,1059,1321,499,436,277,53,106,347,127,49,65,106,5086,3778,60,18,48,1182,279,41,238
2021,Maidenbower,E05012920,9350,810,18,90,440,137,125,262,176,39,47,354,115,66,74,99,7749,6996,74,3,8,668,175,39,136
2021,Northgate & West Green,E05012921,11573,2261,95,55,803,691,617,577,350,85,142,419,103,86,98,132,7896,6035,81,13,49,1718,420,115,305
2021,Pound Hill North & Forge Wood,E05012922,9479,1463,59,69,699,363,273,350,230,34,86,423,137,70,115,101,7013,6271,67,29,7,639,230,59,171
2021,Pound Hill South & Worth,E05012923,8385,1057,50,39,571,281,116,214,138,30,46,328,103,62,73,90,6627,5958,56,4,6,603,159,13,146
2021,Southgate (Crawley),E05012924,9604,1474,55,37,574,497,311,433,275,65,93,418,99,103,94,122,7002,5600,95,1,31,1275,277,48,229
2021,Three Bridges,E05012925,9649,1833,50,54,933,379,417,499,314,91,94,466,120,101,105,140,6467,4808,63,3,46,1547,384,93,291
2021,Tilgate,E05012926,6515,707,38,9,226,260,174,187,119,21,47,260,59,52,60,89,5228,4644,41,0,37,506,133,28,105
2021,Ampfield & Braishfield,E05012927,2396,70,0,24,33,4,9,6,3,1,2,47,29,11,0,7,2243,2161,10,2,2,68,30,6,24
2021,Andover Harroway,E05012928,10220,359,7,35,130,8,179,128,85,34,9,238,75,50,50,63,9396,8694,51,17,15,619,99,17,82
2021,Andover Millway,E05012929,9240,463,21,53,200,14,175,112,62,27,23,176,91,18,24,43,8448,7946,36,2,4,460,41,7,34
2021,Andover St Mary's,E05012930,8347,357,45,57,94,28,133,78,59,9,10,129,49,17,33,30,7732,6973,35,7,18,699,51,7,44
2021,Andover Winton,E05012931,6424,168,20,37,47,12,52,69,49,8,12,114,44,24,21,25,6011,5651,37,1,14,308,62,17,45
2021,Anna,E05012932,6623,34,0,4,16,1,13,32,23,9,0,65,31,7,9,18,6468,6261,29,8,1,169,24,0,24
2021,Bellinger,E05012933,3351,46,2,3,4,1,36,21,8,7,6,29,8,4,2,15,3223,3135,16,1,0,71,32,1,31
2021,Bourne Valley,E05012934,3183,44,5,6,15,1,17,43,21,9,13,37,15,6,9,7,3044,2920,9,8,9,98,15,0,15
2021,Charlton & the Pentons,E05012935,3314,51,10,6,19,1,15,10,9,1,0,28,5,3,11,9,3216,3096,22,1,1,96,9,0,9
2021,"Chilworth, Nursling & Rownhams",E05012936,8050,644,20,37,338,100,149,74,40,21,13,159,53,17,31,58,7060,6736,43,7,2,272,113,17,96
2021,North Baddesley,E05012937,7347,199,22,37,77,11,52,41,27,7,7,124,43,19,31,31,6937,6677,24,15,3,218,46,25,21
2021,Romsey Cupernham,E05012938,8958,178,2,30,81,6,59,79,67,2,10,156,67,19,21,49,8517,8194,30,9,5,279,28,9,19
2021,Valley Park,E05012939,6214,602,11,155,290,79,67,95,65,3,27,120,71,4,9,36,5283,5002,36,3,0,242,114,47,67
2021,Little Stour & Adisham,E05012953,4185,40,0,7,16,2,15,42,30,7,5,105,36,10,28,31,3975,3740,26,8,2,199,23,4,19
2021,Nailbourne,E05012954,3915,43,1,2,15,8,17,13,9,2,2,86,43,9,9,25,3748,3560,37,1,0,150,25,2,23
2021,Reculver,E05012955,4384,43,0,9,17,5,12,20,8,12,0,51,26,4,12,9,4267,4170,20,2,0,75,3,1,2
2021,Sturry,E05012956,8221,310,0,82,99,23,106,124,88,20,16,198,55,45,41,57,7507,7107,51,30,9,310,82,21,61
2021,Credenhill,E05012957,3701,28,0,0,11,0,17,15,6,7,2,32,14,1,11,6,3602,3486,10,13,1,92,24,13,11
2021,Queenswood,E05012958,3303,28,0,4,9,3,12,5,4,1,0,34,22,3,5,4,3230,3132,15,4,1,78,6,0,6
2021,Stoney Street,E05012959,3529,27,0,2,19,1,5,3,0,3,0,28,2,2,19,5,3464,3337,19,1,4,103,7,0,7
2021,Sutton Walls,E05012960,3286,14,1,1,3,0,9,6,5,1,0,30,4,14,1,11,3228,3034,15,21,1,157,8,1,7
2021,Gosfield & Greenstead Green,E05012961,2736,4,0,1,3,0,0,3,2,1,0,16,4,0,9,3,2707,2658,12,4,1,32,6,1,5
2021,Halstead St Andrew's,E05012962,6488,78,17,13,17,2,29,23,16,7,0,124,26,25,31,42,6251,6032,25,0,6,188,12,0,12
2021,Halstead Trinity,E05012963,7071,91,25,12,23,6,25,31,20,4,7,121,27,14,34,46,6801,6554,48,3,0,196,27,4,23
2021,Hatfield Peverel & Terling,E05012964,5885,49,0,1,26,13,9,33,19,13,1,68,27,9,13,19,5717,5570,42,15,0,90,18,3,15
2021,Silver End & Cressing,E05012965,7050,83,4,8,41,0,30,94,67,20,7,166,44,26,49,47,6674,6449,35,17,0,173,33,1,32
2021,Witham Central,E05012966,6731,227,20,26,75,17,89,208,136,51,21,167,45,28,50,44,6090,5762,42,1,10,275,39,6,33
2021,Witham North,E05012967,7484,162,14,23,44,14,67,104,54,26,24,212,59,22,75,56,6928,6558,54,9,5,302,78,19,59
2021,Bicester South and Ambrosden,E05012968,14158,1316,43,378,333,106,456,449,232,129,88,579,182,73,169,155,11590,10110,88,1,36,1355,224,40,184
2021,Fringford and Heyfords,E05012969,9561,193,13,34,80,22,44,84,43,21,20,240,78,21,71,70,8998,8375,110,4,10,499,46,11,35
2021,Abingdon Dunmore,E05012970,6078,335,15,75,132,38,75,70,30,24,16,166,66,15,34,51,5424,4897,55,5,7,460,83,13,70
2021,Abingdon Peachcroft,E05012971,6606,331,16,102,115,32,66,93,61,16,16,126,50,9,21,46,5998,5411,59,0,6,522,58,5,53
2021,Botley & Sunningwell,E05012972,7056,653,28,189,168,139,129,141,96,26,19,340,134,30,49,127,5754,4739,77,15,13,910,168,37,131
2021,Faringdon,E05012973,8630,203,10,26,52,15,100,135,84,17,34,176,62,23,39,52,8053,7540,61,9,4,439,63,20,43
2021,Grove North,E05012974,6495,107,8,38,30,6,25,113,84,13,16,109,29,25,33,22,6115,5791,45,5,1,273,51,7,44
2021,Hendreds,E05012975,3342,36,2,7,13,5,9,35,29,2,4,54,17,6,17,14,3193,2972,31,4,2,184,24,5,19
2021,Kennington & Radley,E05012976,7069,354,48,88,98,64,56,53,28,18,7,209,94,23,39,53,6347,5736,86,4,6,515,106,32,74
2021,Marcham,E05012977,4077,414,0,40,42,9,323,289,135,112,42,136,49,23,35,29,3133,2937,27,3,0,166,105,7,98
2021,Wantage & Grove Brook,E05012978,7726,173,1,28,52,20,72,131,67,37,27,133,38,23,39,33,7221,6805,42,18,0,356,68,21,47
2021,Wantage Charlton,E05012979,7211,141,2,22,37,9,71,67,44,11,12,139,48,18,37,36,6801,6376,55,7,7,356,63,17,46
2021,Watchfield & Shrivenham,E05012980,7945,124,1,7,49,12,55,126,99,15,12,174,50,22,34,68,7426,7027,49,6,2,342,95,25,70
2021,Bishop's Stortford All Saints,E05012981,8456,406,52,95,152,32,75,207,150,33,24,411,149,57,93,112,7301,6082,115,2,49,1053,131,31,100
2021,Bishop's Stortford Central,E05012982,9684,418,27,108,105,77,101,127,88,24,15,365,136,33,100,96,8593,7074,142,8,80,1289,181,25,156
2021,Bishop's Stortford Meads,E05012983,6870,225,20,45,59,24,77,104,51,33,20,259,65,40,72,82,6170,5043,109,1,56,961,112,14,98
2021,Bishop's Stortford Silverleys,E05012984,6969,280,27,67,131,9,46,201,140,33,28,247,81,28,61,77,6181,5520,109,7,19,526,60,7,53
2021,Bishop's Stortford South,E05012985,9268,468,37,88,144,101,98,153,115,28,10,285,133,27,60,65,8262,7524,100,1,5,632,100,31,69
2021,Buntingford,E05012986,8297,106,9,15,51,4,27,52,40,5,7,143,39,20,39,45,7959,7647,58,1,0,253,37,13,24
2021,Mundens and Cottered,E05012987,2592,29,0,5,17,1,6,14,9,5,0,33,10,3,6,14,2503,2426,24,1,0,52,13,0,13
2021,East Malling,E05012988,5425,51,1,6,28,3,13,41,34,5,2,122,43,29,26,24,5187,4961,40,42,2,142,24,3,21
2021,Kings Hill,E05012989,9512,420,16,77,178,86,63,192,138,29,25,287,99,36,65,87,8544,7967,61,17,0,499,69,28,41
2021,Barton (Canterbury),E05012990,12745,1144,120,203,272,123,426,707,477,130,100,593,190,93,151,159,9864,8536,105,35,15,1173,437,164,273
2021,Chartham & Stone Street,E05012991,7569,200,6,32,75,26,61,68,47,12,9,147,66,13,26,42,7096,6585,50,28,13,420,58,18,40
2021,Kingston Bagpuize,E05012992,4835,121,0,33,35,20,33,103,73,16,14,106,34,10,31,31,4465,4185,35,1,0,244,40,16,24
2021,Anston & Woodsetts,E05012993,12005,84,1,33,33,4,13,33,23,6,4,84,29,10,29,16,11770,11637,25,4,1,103,34,8,26
2021,Aston & Todwick,E05012994,9510,122,0,29,33,37,23,74,41,15,18,113,32,14,47,20,9173,9071,22,2,0,78,28,13,15
2021,Aughton & Swallownest,E05012995,8329,163,6,44,45,37,31,83,51,21,11,136,35,13,71,17,7912,7790,26,1,0,95,35,13,22
2021,Boston Castle,E05012996,15238,4498,15,76,314,3592,501,367,278,33,56,349,128,45,69,107,9389,8174,51,27,137,1000,635,210,425
2021,Bramley & Ravenfield,E05012997,8481,99,1,14,26,45,13,27,22,2,3,80,31,10,24,15,8250,8158,26,1,0,65,25,10,15
2021,Brinsworth,E05012998,9532,404,0,19,21,319,45,111,86,14,11,121,39,19,48,15,8808,8634,15,1,4,154,88,21,67
2021,Dalton & Thrybergh,E05012999,9255,174,1,11,12,124,26,157,122,12,23,156,54,32,36,34,8700,8411,20,2,2,265,68,27,41
2021,Dinnington,E05013000,12375,100,2,14,16,28,40,110,92,14,4,178,34,20,86,38,11964,11711,29,22,0,202,23,1,22
2021,Greasbrough,E05013001,7784,63,4,14,7,18,20,89,79,5,5,133,42,30,34,27,7462,7336,17,1,14,94,37,3,34
2021,Hellaby & Maltby West,E05013002,7908,63,1,8,11,7,36,12,8,4,0,45,22,9,5,9,7763,7668,34,0,2,59,25,5,20
2021,Hoober,E05013003,12988,128,6,31,53,15,23,105,69,12,24,139,38,21,54,26,12577,12332,32,23,2,188,39,12,27
2021,Keppel,E05013004,13644,163,6,28,29,57,43,199,131,23,45,223,80,12,89,42,13029,12759,42,2,0,226,30,16,14
2021,Kilnhurst & Swinton East,E05013005,7892,76,0,18,17,30,11,48,34,8,6,90,22,19,35,14,7654,7563,10,0,5,76,24,10,14
2021,Maltby East,E05013006,9479,79,0,14,21,29,15,37,25,8,4,97,21,14,31,31,9227,8985,31,11,0,200,39,4,35
2021,Rawmarsh East,E05013007,9542,161,4,23,31,42,61,113,72,16,25,161,43,40,48,30,9043,8794,23,16,0,210,64,16,48
2021,Rawmarsh West,E05013008,9351,120,7,21,24,41,27,44,34,5,5,102,29,23,29,21,9055,8898,23,3,0,131,30,7,23
2021,Rother Vale,E05013009,8609,477,22,85,204,97,69,191,143,25,23,215,81,25,73,36,7652,7419,11,1,4,217,74,22,52
2021,Rotherham East,E05013010,16746,3157,20,92,70,2497,478,504,416,33,55,401,148,75,63,115,11901,10622,30,57,371,821,783,219,564
2021,Rotherham West,E05013011,14619,1966,5,37,59,1645,220,287,239,14,34,260,94,47,80,39,11666,10714,39,34,122,757,440,92,348
2021,Sitwell,E05013012,12654,1438,15,33,148,1102,140,115,79,20,16,193,100,15,54,24,10773,10569,29,2,12,161,135,25,110
2021,Swinton Rockingham,E05013013,8341,80,0,13,14,30,23,50,36,8,6,78,21,5,37,15,8115,8022,17,0,0,76,18,4,14
2021,Thurcroft & Wickersley South,E05013014,10037,188,7,22,59,69,31,79,56,4,19,103,35,21,30,17,9638,9467,23,1,4,143,29,10,19
2021,Wales,E05013015,9432,99,0,29,21,20,29,53,33,17,3,113,39,15,37,22,9144,8984,24,1,1,134,23,9,14
2021,Wath,E05013016,9273,81,0,12,20,27,22,68,50,9,9,147,50,34,30,33,8931,8713,29,10,5,174,46,19,27
2021,Wickersley North,E05013017,12785,188,5,30,24,88,41,62,41,8,13,146,54,17,46,29,12355,12182,23,6,16,128,34,4,30
2021,Barton & Winton,E05013018,15753,834,109,138,145,246,196,757,576,70,111,515,96,109,173,137,12957,11598,229,8,20,1102,690,452,238
2021,Blackfriars & Trinity,E05013019,10658,948,17,324,248,157,202,808,630,121,57,540,123,105,162,150,7614,5781,160,11,150,1512,748,390,358
2021,Boothstown & Ellenbrook,E05013020,12520,689,10,222,304,101,52,139,97,27,15,313,122,45,82,64,11242,10858,123,7,1,253,137,56,81
2021,Broughton (Salford),E05013021,16961,1184,22,232,155,512,263,2379,1966,131,282,698,95,224,195,184,11591,8839,214,63,51,2424,1109,222,887
2021,Cadishead & Lower Irlam,E05013022,12208,306,21,96,77,66,46,174,131,23,20,205,52,42,60,51,11445,11015,119,1,0,310,78,18,60
2021,Claremont (Salford),E05013023,13235,785,1,139,232,266,147,486,385,56,45,356,53,96,121,86,11431,10659,150,3,12,607,177,71,106
2021,Eccles,E05013024,14523,1129,240,97,263,349,180,463,355,58,50,413,124,61,122,106,11945,10919,248,7,20,751,573,389,184
2021,Higher Irlam & Peel Green,E05013025,14035,379,29,103,85,64,98,427,329,48,50,317,52,70,117,78,12765,11834,137,10,7,777,147,76,71
2021,Kersal & Broughton Park,E05013026,16038,1238,14,145,138,700,241,840,708,51,81,388,96,109,67,116,12643,10510,109,18,17,1989,929,118,811
2021,Little Hulton,E05013027,14488,399,24,50,52,106,167,1473,1264,52,157,378,61,126,113,78,12006,10894,65,11,12,1024,232,84,148
2021,Ordsall,E05013028,10094,761,30,230,200,121,180,1262,1058,93,111,517,105,123,194,95,7115,5955,153,10,30,967,439,217,222
2021,Pendlebury & Clifton,E05013029,13933,713,48,227,107,188,143,717,557,82,78,382,107,73,135,67,11936,11029,101,15,8,783,185,69,116
2021,Pendleton & Charlestown,E05013030,17153,986,46,166,225,353,196,2244,1932,127,185,803,136,271,222,174,12421,10806,206,62,46,1301,699,361,338
2021,Quays,E05013031,9303,1242,15,344,538,177,168,737,597,86,54,393,126,75,89,103,6531,5230,144,2,37,1118,400,223,177
2021,Swinton & Wardley,E05013032,12456,488,61,118,89,122,98,358,307,27,24,262,53,61,92,56,11191,10547,75,0,19,550,157,35,122
2021,Swinton Park,E05013033,12897,506,16,154,147,109,80,377,308,29,40,338,74,55,130,79,11493,10827,157,8,14,487,183,87,96
2021,Walkden North,E05013034,13555,546,18,143,137,97,151,655,493,48,114,382,89,111,119,63,11823,11035,78,35,22,653,149,33,116
2021,Walkden South,E05013035,11720,355,15,124,111,66,39,284,203,28,53,323,78,83,117,45,10675,10225,80,6,6,358,83,25,58
2021,Weaste & Seedley,E05013036,16355,991,18,212,317,192,252,1687,1414,168,105,653,102,197,186,168,12469,10810,169,21,43,1426,555,260,295
2021,Worsley & Westwood Park,E05013037,12035,454,47,55,174,81,97,200,165,14,21,331,101,64,99,67,10958,10243,165,4,0,546,92,27,65
2021,Burn Valley,E05013038,7631,214,39,38,18,87,32,45,38,1,6,80,23,10,16,31,7235,7067,22,5,0,141,57,29,28
2021,De Bruce,E05013039,8057,83,0,10,19,7,47,43,25,0,18,54,20,8,16,10,7855,7744,5,3,0,103,22,8,14
2021,Fens & Greatham,E05013040,6380,31,0,8,8,0,15,10,5,4,1,21,10,2,3,6,6301,6275,4,0,0,22,17,10,7
2021,Foggy Furze,E05013041,8153,105,5,26,16,20,38,86,72,5,9,42,8,7,8,19,7847,7650,11,8,4,174,73,37,36
2021,Hart,E05013042,7644,56,0,9,17,7,23,4,2,1,1,62,35,11,6,10,7505,7436,13,0,4,52,17,6,11
2021,Headland & Harbour,E05013043,8138,111,28,22,21,6,34,38,28,3,7,76,30,13,19,14,7868,7705,24,2,2,135,45,6,39
2021,Manor House,E05013044,8545,78,7,2,3,9,57,36,17,18,1,68,13,14,20,21,8294,8233,13,4,0,44,69,60,9
2021,Rossmere,E05013045,7516,59,8,11,6,5,29,24,14,7,3,39,16,7,9,7,7369,7282,15,6,0,66,25,21,4
2021,Rural West,E05013046,7346,217,2,12,135,31,37,25,20,1,4,64,23,14,10,17,7017,6938,20,0,7,52,23,8,15
2021,Seaton (Hartlepool),E05013047,7194,74,0,19,28,18,9,12,11,0,1,20,8,3,4,5,7074,6996,17,5,0,56,14,4,10
2021,Throston,E05013048,8251,114,4,19,34,10,47,12,9,2,1,47,19,8,9,11,8034,7940,13,2,3,76,44,31,13
2021,Victoria (Hartlepool),E05013049,7487,455,185,41,27,96,106,108,84,15,9,101,33,23,23,22,6675,6496,15,3,0,161,148,51,97
2021,Abbey (Cambridge),E05013050,10780,1156,267,237,285,82,285,329,206,89,34,492,149,94,113,136,8524,6271,94,8,53,2098,279,71,208
2021,Arbury (Cambridge),E05013051,9884,1649,846,299,217,84,203,233,151,53,29,418,147,59,70,142,7275,5199,80,3,57,1936,309,80,229
2021,Castle (Cambridge),E05013052,7860,1537,56,637,467,88,289,176,125,44,7,415,201,39,42,133,5460,3615,154,0,16,1675,272,73,199
2021,Cherry Hinton,E05013053,9341,2012,193,392,792,101,534,178,129,26,23,368,129,45,66,128,6443,4951,80,4,44,1364,340,87,253
2021,Coleridge,E05013054,10501,1849,217,435,731,92,374,214,155,42,17,466,163,60,71,172,7520,4772,100,1,142,2505,452,123,329
2021,East Chesterton,E05013055,9718,890,260,181,181,37,231,322,169,51,102,505,142,97,134,132,7805,5815,110,29,31,1820,196,51,145
2021,King's Hedges,E05013056,11103,1129,307,195,282,99,246,356,226,89,41,460,107,77,116,160,8923,6380,94,18,297,2134,235,50,185
2021,Market,E05013057,10445,1512,47,687,375,110,293,232,180,35,17,582,270,51,64,197,7836,5482,180,4,18,2152,283,64,219
2021,Newnham (Cambridge),E05013058,11372,1872,100,846,505,106,315,260,211,26,23,652,353,40,56,203,8304,5976,179,14,13,2122,284,69,215
2021,Petersfield,E05013059,10937,1482,58,617,375,129,303,269,218,28,23,542,211,65,61,205,8266,5559,205,3,50,2449,378,78,300
2021,Queen Edith's,E05013060,12252,2334,251,627,684,155,617,328,271,45,12,625,205,101,151,168,8650,6742,153,4,35,1716,315,98,217
2021,Romsey,E05013061,10189,1364,142,232,346,239,405,193,112,47,34,575,275,72,65,163,7565,5155,189,3,56,2162,492,88,404
2021,Trumpington,E05013062,12391,2079,96,635,501,152,695,363,288,48,27,948,454,187,104,203,8539,5952,131,7,42,2407,462,167,295
2021,West Chesterton,E05013063,8902,756,36,342,173,22,183,110,80,16,14,366,183,27,35,121,7459,5329,133,12,30,1955,211,44,167
2021,Adlington & Anderton,E05013064,7904,49,9,16,6,13,5,20,11,8,1,91,20,20,31,20,7713,7587,44,2,0,80,31,4,27
2021,Buckshaw & Whittle,E05013065,10087,284,7,44,133,61,39,93,54,25,14,221,79,20,78,44,9427,9128,49,0,7,243,62,31,31
2021,Chorley East,E05013066,8466,652,57,43,155,371,26,56,28,17,11,157,39,18,71,29,7549,7237,41,2,9,260,52,15,37
2021,Chorley North East,E05013067,6984,73,0,15,39,12,7,21,10,6,5,87,28,11,25,23,6791,6680,38,0,4,69,12,1,11
2021,Chorley North West,E05013068,7751,178,0,27,87,38,26,42,26,15,1,122,34,23,37,28,7371,7123,44,8,6,190,38,17,21
2021,Chorley North & Astley,E05013069,7954,182,9,18,101,36,18,73,37,32,4,146,32,18,59,37,7498,7229,61,0,6,202,55,29,26
2021,Chorley South East & Heath Charnock,E05013070,9440,111,0,12,47,30,22,32,12,15,5,129,36,16,44,33,9127,8894,44,6,6,177,41,24,17
2021,Chorley South West,E05013071,8529,95,4,26,16,31,18,45,17,16,12,130,40,12,61,17,8178,7866,37,1,11,263,81,61,20
2021,"Clayton East, Brindle & Hoghton",E05013072,9097,109,8,17,30,28,26,110,39,60,11,182,62,19,67,34,8674,8212,43,6,7,406,22,6,16
2021,Clayton West & Cuerden,E05013073,8728,115,2,15,37,37,24,39,18,13,8,104,39,12,34,19,8445,8258,36,2,0,149,25,10,15
2021,Coppull,E05013074,8302,70,2,9,20,28,11,24,11,8,5,74,23,11,30,10,8108,7972,35,0,0,101,26,9,17
2021,"Croston, Mawdesley & Euxton South",E05013075,9551,147,15,17,34,56,25,76,37,20,19,153,37,21,68,27,9155,8933,62,30,0,130,20,3,17
2021,"Eccleston, Heskin & Charnock Richard",E05013076,7256,50,5,24,13,2,6,4,0,4,0,72,24,4,21,23,7122,7050,34,0,0,38,8,3,5
2021,Euxton,E05013077,7688,91,1,25,29,25,11,18,7,8,3,108,27,32,23,26,7428,7280,60,0,4,84,43,22,21
2021,Basing & Upton Grey,E05013078,10043,306,1,60,137,7,101,83,47,13,23,230,100,28,50,52,9385,9001,74,3,3,304,39,6,33
2021,Bramley,E05013079,9183,199,1,52,85,14,47,123,81,24,18,204,61,34,62,47,8622,8123,77,38,4,380,35,5,30
2021,Brighton Hill,E05013080,10754,558,27,43,147,42,299,219,170,29,20,287,87,39,73,88,9578,8726,61,8,12,771,112,25,87
2021,Brookvale & Kings Furlong,E05013081,10759,2124,111,147,1172,59,635,321,234,59,28,374,92,68,107,107,7561,6144,80,11,50,1276,379,100,279
2021,Chineham,E05013082,10846,575,12,128,274,46,115,180,129,35,16,308,127,32,83,66,9673,8904,80,0,12,677,110,17,93
2021,Eastrop & Grove,E05013083,9377,657,49,96,244,58,210,155,100,44,11,268,76,40,86,66,8132,7412,74,8,16,622,165,18,147
2021,Evingar,E05013084,9586,139,4,36,49,10,40,37,22,11,4,141,57,12,29,43,9220,8812,68,6,0,334,49,10,39
2021,Hatch Warren & Beggarwood,E05013085,10156,478,7,75,257,44,95,181,121,38,22,289,101,52,82,54,9125,8658,60,6,0,401,83,26,57
2021,Kempshott & Buckskin,E05013086,10614,496,55,33,203,57,148,158,101,37,20,258,86,22,77,73,9605,9091,100,11,11,392,97,10,87
2021,Norden (Basingstoke and Deane),E05013087,10730,1243,46,69,478,57,593,401,277,54,70,384,91,67,147,79,8453,7413,71,12,30,927,249,23,226
2021,Oakley & The Candovers,E05013088,9208,161,0,25,73,7,56,86,54,23,9,154,65,19,38,32,8775,8429,54,4,1,287,32,5,27
2021,Popley,E05013089,11470,1081,51,66,334,52,578,532,381,81,70,386,82,85,146,73,9295,8143,64,17,39,1032,176,18,158
2021,Sherborne St John & Rooksdown,E05013090,12133,1399,40,108,784,102,365,532,405,70,57,472,134,81,162,95,9543,8461,59,13,15,995,187,39,148
2021,South Ham,E05013091,10662,754,43,42,208,77,384,192,145,36,11,299,77,55,99,68,9288,8486,97,15,13,677,129,13,116
2021,Tadley & Pamber,E05013092,10662,169,14,23,51,21,60,64,34,24,6,177,63,18,61,35,10220,9760,78,30,8,344,32,4,28
2021,"Tadley North, Kingsclere & Baughurst",E05013093,11259,184,9,21,79,12,63,89,49,29,11,168,66,20,35,47,10791,10353,87,17,7,327,27,3,24
2021,"Whitchurch, Overton & Laverstoke",E05013094,10574,104,2,18,37,7,40,41,24,12,5,153,48,16,52,37,10247,9767,94,14,4,368,29,0,29
2021,Winklebury & Manydown,E05013095,7150,342,6,15,135,38,148,217,139,61,17,168,42,20,71,35,6330,5890,54,9,15,362,93,21,72
2021,Barton & Sandhills,E05013096,7272,1174,95,103,315,185,476,607,422,124,61,382,105,75,103,99,4654,3763,49,0,14,828,455,99,356
2021,Blackbird Leys,E05013097,6387,806,178,27,194,119,288,763,386,246,131,539,193,49,191,106,4092,3368,62,8,12,642,187,41,146
2021,Carfax & Jericho,E05013098,8084,1265,54,543,298,78,292,197,134,43,20,513,254,36,68,155,5893,4162,149,2,10,1570,216,53,163
2021,Churchill (Oxford),E05013099,7627,1649,150,151,556,360,432,467,339,80,48,412,113,70,116,113,4769,3807,56,5,26,875,330,88,242
2021,Cowley,E05013100,7664,1630,98,73,287,844,328,439,257,114,68,388,98,72,98,120,4799,3378,131,7,45,1238,408,73,335
2021,Cutteslowe & Sunnymead,E05013101,6819,701,27,292,164,54,164,160,115,28,17,332,140,42,48,102,5325,4002,107,1,9,1206,301,47,254
2021,Donnington (Oxford),E05013102,7241,1995,120,63,296,1300,216,210,135,57,18,392,115,37,74,166,4391,3145,98,3,26,1119,253,41,212
2021,Headington,E05013103,7114,911,22,206,320,144,219,212,151,45,16,347,142,29,44,132,5438,4264,83,3,27,1061,206,75,131
2021,Headington Hill & Northway,E05013104,6504,1520,80,252,535,313,340,330,236,69,25,286,92,42,63,89,4082,3137,68,0,15,862,286,115,171
2021,Hinksey Park,E05013105,5574,631,85,103,220,116,107,141,90,32,19,297,93,25,72,107,4316,3092,99,5,12,1108,189,53,136
2021,Holywell (Oxford),E05013106,6046,837,50,376,241,45,125,147,108,23,16,416,220,35,37,124,4549,3516,96,0,2,935,97,19,78
2021,Littlemore,E05013107,6232,669,65,41,120,271,172,384,255,95,34,357,72,96,92,97,4612,3586,95,4,34,893,210,64,146
2021,Lye Valley,E05013108,7122,1311,76,79,395,454,307,497,335,110,52,395,118,40,121,116,4638,3482,116,3,35,1002,281,60,221
2021,Marston,E05013109,7335,1024,67,296,183,244,234,342,294,31,17,345,150,43,58,94,5363,3927,87,0,20,1329,261,67,194
2021,Northfield Brook,E05013110,7081,641,84,35,172,107,243,818,518,187,113,447,79,62,217,89,4993,4120,70,4,36,763,182,30,152
2021,Osney & St Thomas,E05013111,6487,1213,226,430,199,128,230,166,128,27,11,357,156,37,41,123,4547,3085,172,1,15,1274,204,49,155
2021,Quarry & Risinghurst,E05013112,7087,849,32,186,257,144,230,303,224,37,42,338,127,53,57,101,5345,4371,115,4,12,843,252,73,179
2021,Rose Hill & Iffley,E05013113,7083,1296,159,85,194,506,352,392,266,76,50,385,130,45,93,117,4696,3521,80,7,46,1042,314,70,244
2021,St Clement's (Oxford),E05013114,5991,862,78,168,183,269,164,146,92,40,14,287,90,27,51,119,4435,3411,81,0,9,934,261,87,174
2021,St Mary's (Oxford),E05013115,7245,986,85,147,147,271,336,130,81,32,17,383,216,31,45,91,5535,4331,115,1,15,1073,211,35,176
2021,Summertown,E05013116,6513,705,15,345,125,32,188,118,83,23,12,306,138,37,26,105,5224,3853,99,3,13,1256,160,34,126
2021,Temple Cowley,E05013117,6912,1290,155,81,314,527,213,357,246,82,29,444,131,53,116,144,4490,3137,149,3,50,1151,331,102,229
2021,Walton Manor,E05013118,5759,625,17,273,175,38,122,101,85,13,3,400,144,15,28,213,4444,3070,100,0,14,1260,189,33,156
2021,Wolvercote,E05013119,4880,409,4,125,120,72,88,108,83,14,11,262,83,22,58,99,3934,3144,77,0,5,708,167,43,124
2021,Abbey (Buckinghamshire),E05013120,13831,4644,125,207,1033,2672,607,958,467,387,104,752,199,101,260,192,7050,5160,101,10,41,1738,427,66,361
2021,Amersham and Chesham Bois,E05013121,10566,1231,30,113,813,89,186,63,32,24,7,444,239,39,50,116,8649,7820,149,9,14,657,179,24,155
2021,Aston Clinton and Bierton,E05013122,13860,854,14,45,379,238,178,310,190,78,42,425,163,35,124,103,12148,11422,147,10,9,560,123,18,105
2021,Aylesbury East,E05013123,11158,1241,53,68,400,507,213,358,200,109,49,351,86,28,137,100,9069,8408,123,4,8,526,139,31,108
2021,Aylesbury North,E05013124,12897,2890,51,75,560,1680,524,640,351,217,72,515,143,50,193,129,8558,7041,148,11,64,1294,294,69,225
2021,Aylesbury North West,E05013125,13661,2670,46,79,439,1700,406,767,423,257,87,694,152,79,258,205,9237,7756,88,33,14,1346,293,51,242
2021,Aylesbury South East,E05013126,11607,1286,41,59,482,356,348,406,204,146,56,394,106,39,153,96,9346,8350,117,13,23,843,175,28,147
2021,Aylesbury South West,E05013127,11298,2485,33,53,278,1779,342,558,272,199,87,483,108,53,224,98,7523,6457,66,10,30,960,249,55,194
2021,Aylesbury West,E05013128,11474,1650,37,56,263,1004,290,478,263,152,63,399,120,46,125,108,8742,7665,82,6,10,979,205,43,162
2021,Beaconsfield,E05013129,11167,1108,47,99,683,128,151,118,58,36,24,449,224,39,99,87,9292,8301,214,3,10,764,200,26,174
2021,Bernwood,E05013130,10882,196,12,23,79,33,49,80,60,16,4,231,107,23,46,55,10311,9839,107,11,2,352,64,23,41
2021,"Booker, Cressex and Castlefield",E05013131,12722,5657,134,19,437,4506,561,832,261,466,105,518,98,44,180,196,5171,3747,68,12,45,1299,544,73,471
2021,Buckingham East,E05013132,10055,374,20,82,145,58,69,213,158,38,17,227,85,30,49,63,9152,8558,92,2,6,494,89,27,62
2021,Buckingham West,E05013133,11716,511,2,77,254,86,92,283,208,48,27,307,131,37,73,66,10527,9840,102,29,2,554,88,31,57
2021,Chalfont St Giles,E05013134,11196,598,2,53,361,79,103,73,32,35,6,360,181,24,64,91,10083,9345,227,4,0,507,82,2,80
2021,Chalfont St Peter,E05013135,11002,1087,8,65,811,85,118,92,50,30,12,345,193,16,67,69,9320,8465,251,2,3,599,158,23,135
2021,Chesham,E05013136,10759,1691,51,48,294,1130,168,161,96,43,22,307,109,27,65,106,8462,7663,102,25,1,671,138,26,112
2021,Chess Valley,E05013137,10413,1196,31,65,484,416,200,120,73,40,7,382,157,41,73,111,8582,7658,151,7,19,747,133,9,124
2021,Chiltern Ridges,E05013138,10851,1015,17,36,257,583,122,97,45,36,16,328,148,39,60,81,9352,8675,109,9,3,556,59,10,49
2021,Chiltern Villages,E05013139,11263,410,7,46,127,169,61,114,8,81,25,303,108,17,103,75,10357,9755,120,5,4,473,79,16,63
2021,Cliveden,E05013140,10595,1749,45,61,1111,349,183,246,136,81,29,405,130,55,118,102,7940,7157,151,6,7,619,255,23,232
2021,Denham,E05013141,10105,1817,52,110,1212,193,250,225,120,73,32,420,165,34,95,126,7278,6336,237,27,5,673,365,84,281
2021,Downley,E05013142,12300,2354,67,69,463,1506,249,619,230,339,50,683,240,60,215,168,8379,7384,88,8,17,882,265,72,193
2021,Farnham Common and Burnham Beeches,E05013143,9453,1559,41,61,1055,300,102,153,82,50,21,323,147,28,72,76,7174,6514,133,8,11,508,244,44,200
2021,"Flackwell Heath, Little Marlow and Marlow South East",E05013144,11099,397,25,27,135,121,89,110,28,70,12,306,114,31,105,56,10208,9573,113,0,14,508,78,12,66
2021,Gerrards Cross,E05013145,9148,1989,28,53,1414,268,226,99,57,26,16,370,188,39,52,91,6368,5438,186,19,14,711,322,51,271
2021,Great Brickhill,E05013146,12100,332,12,39,114,112,55,161,113,30,18,181,58,26,51,46,11374,10851,126,17,1,379,52,8,44
2021,Great Missenden,E05013147,10103,256,1,21,121,51,62,36,12,15,9,259,109,25,70,55,9499,9003,112,0,0,384,53,10,43
2021,Grendon Underwood,E05013148,11624,192,7,17,80,37,51,153,49,73,31,227,76,21,70,60,11009,10526,109,10,4,360,43,10,33
2021,Hazlemere,E05013149,9532,566,22,57,264,157,66,101,44,38,19,293,101,20,97,75,8484,8129,75,0,0,280,88,10,78
2021,Iver,E05013150,10806,2673,66,43,2034,268,262,229,106,94,29,393,180,21,103,89,7074,6364,131,65,19,495,437,58,379
2021,Ivinghoe,E05013151,11224,299,0,23,158,80,38,61,33,22,6,200,83,27,45,45,10616,10169,137,8,4,298,48,9,39
2021,Little Chalfont and Amersham Common,E05013152,11061,2009,29,143,1323,165,349,109,50,49,10,426,245,27,66,88,8318,7494,166,8,2,648,199,40,159
2021,Marlow,E05013153,11037,316,2,48,157,46,63,95,30,55,10,315,125,29,99,62,10232,9244,150,6,20,812,79,6,73
2021,Penn Wood and Old Amersham,E05013154,10741,561,4,71,289,78,119,93,57,22,14,355,172,22,67,94,9651,8955,163,24,2,507,81,10,71
2021,Ridgeway East,E05013155,10424,475,1,32,141,66,235,71,32,28,11,229,87,11,65,66,9582,9186,104,12,2,278,67,16,51
2021,Ridgeway West,E05013156,10698,321,5,29,146,81,60,112,40,54,18,299,90,36,105,68,9926,9427,92,26,0,381,40,4,36
2021,Ryemead and Micklefield,E05013157,11468,1884,103,104,490,922,265,853,318,422,113,707,152,76,322,157,7802,6571,126,10,14,1081,222,64,158
2021,Stoke Poges and Wexham,E05013158,10346,2624,25,64,1773,532,230,206,105,66,35,348,145,33,86,84,6681,5972,150,71,7,481,487,59,428
2021,Stone and Waddesdon,E05013159,15699,1715,54,81,843,335,402,738,480,156,102,745,179,101,251,214,12262,11097,144,18,13,990,239,52,187
2021,Terriers and Amersham Hill,E05013160,10963,2313,75,112,464,1325,337,555,242,240,73,594,180,80,179,155,7271,5965,129,3,27,1147,230,42,188
2021,The Risboroughs,E05013161,10308,269,18,30,74,99,48,116,50,53,13,274,99,30,73,72,9576,9065,109,4,0,398,73,13,60
2021,"The Wooburns, Bourne End and Hedsor",E05013162,11272,462,13,26,162,96,165,157,30,90,37,370,131,30,113,96,10170,9482,151,7,4,526,113,22,91
2021,Totteridge and Bowerdean,E05013163,11876,3993,97,98,447,2915,436,738,252,399,87,609,141,57,255,156,6197,5070,118,16,17,976,339,75,264
2021,Tylers Green and Loudwater,E05013164,11251,785,23,37,280,283,162,310,114,161,35,480,139,38,195,108,9570,8736,169,7,10,648,106,17,89
2021,"Wendover, Halton and Stoke Mandeville",E05013165,12444,462,14,38,161,127,122,173,66,85,22,427,106,27,131,163,11220,10571,132,4,2,511,162,27,135
2021,West Wycombe,E05013166,10602,2198,42,56,297,1511,292,541,164,304,73,496,121,50,214,111,7148,6189,87,9,14,849,219,32,187
2021,Wing,E05013167,12275,731,32,60,284,203,152,398,277,101,20,399,108,39,153,99,10653,9937,123,11,10,572,94,28,66
2021,Winslow,E05013168,10120,213,9,29,109,23,43,76,32,37,7,225,83,18,72,52,9563,9157,91,5,0,310,43,15,28
2021,Appleton (Halton),E05013169,6657,98,5,32,13,1,47,19,15,4,0,88,17,13,32,26,6411,6161,22,1,12,215,41,3,38
2021,Bankfield,E05013170,6489,30,2,4,7,0,17,12,8,1,3,55,16,10,10,19,6365,6264,35,0,5,61,27,15,12
2021,Beechwood & Heath,E05013171,7561,65,5,16,19,2,23,11,6,3,2,58,24,2,13,19,7417,7335,42,0,1,39,10,0,10
2021,Birchfield (Halton),E05013172,8032,187,7,65,80,5,30,20,12,4,4,115,38,21,27,29,7666,7521,39,0,3,103,44,17,27
2021,Bridgewater,E05013173,7673,74,5,25,20,0,24,30,14,4,12,105,28,20,32,25,7404,7029,33,12,7,323,60,15,45
2021,Central & West Bank,E05013174,7068,101,4,31,7,14,45,20,10,10,0,149,36,22,57,34,6719,6246,45,9,13,406,79,30,49
2021,"Daresbury, Moore & Sandymoor",E05013175,4893,84,1,20,30,14,19,41,34,6,1,78,33,17,11,17,4587,4460,34,6,1,86,103,11,92
2021,"Ditton, Hale Village & Halebank",E05013176,7594,45,0,15,12,1,17,18,8,5,5,121,27,19,45,30,7377,7112,43,7,2,213,33,27,6
2021,Farnworth (Halton),E05013177,7988,106,3,36,24,8,35,30,21,3,6,98,20,27,25,26,7724,7598,42,1,1,82,30,7,23
2021,Grange (Halton),E05013178,8084,74,5,40,9,3,17,13,3,4,6,100,16,23,32,29,7864,7633,29,7,1,194,33,16,17
2021,Halton Castle,E05013179,6762,66,2,18,4,21,21,40,17,3,20,111,24,28,39,20,6522,6290,52,18,4,158,23,7,16
2021,Halton Lea,E05013180,6693,54,0,14,15,8,17,26,10,8,8,133,32,34,32,35,6452,6248,55,2,3,144,28,3,25
2021,Halton View,E05013181,7223,60,0,10,13,6,31,37,23,8,6,83,17,15,26,25,7008,6837,26,14,3,128,35,8,27
2021,Highfield (Halton),E05013182,6399,64,7,13,17,3,24,23,17,5,1,70,19,17,22,12,6224,6099,50,0,0,75,18,4,14
2021,Hough Green,E05013183,6737,64,1,18,33,6,6,41,28,6,7,78,19,11,23,25,6521,6363,25,1,0,132,33,13,20
2021,Mersey & Weston,E05013184,7864,117,7,32,28,10,40,98,42,3,53,101,31,13,35,22,7478,7234,52,0,6,186,70,13,57
2021,Norton North (Halton),E05013185,7608,71,1,11,25,13,21,16,11,4,1,110,32,21,28,29,7361,7157,34,12,6,152,50,35,15
2021,Norton South & Preston Brook,E05013186,7145,70,1,18,20,8,23,15,11,2,2,137,32,28,39,38,6877,6714,29,0,0,134,46,18,28
2021,Amberley and Woodchester,E05013187,2158,8,0,3,4,0,1,6,3,1,2,41,20,3,10,8,2100,2023,25,0,0,52,3,0,3
2021,Bisley,E05013188,2226,17,1,5,1,1,9,1,1,0,0,32,15,0,5,12,2172,2093,10,0,1,68,4,0,4
2021,Chalford,E05013189,6282,31,7,2,8,3,11,10,0,7,3,89,26,12,20,31,6136,5971,38,4,3,120,16,2,14
2021,Hardwicke,E05013190,8490,179,17,34,78,14,36,107,54,32,21,230,70,31,97,32,7939,7519,32,33,2,353,35,3,32
2021,Kingswood (Stroud),E05013191,2220,16,1,2,3,1,9,3,0,2,1,33,17,4,7,5,2149,2089,14,1,0,45,19,14,5
2021,Minchinhampton,E05013192,4519,24,0,5,5,0,14,13,4,9,0,57,23,5,18,11,4411,4249,29,0,5,128,14,4,10
2021,Nailsworth,E05013193,6496,103,29,18,28,3,25,11,4,6,1,118,51,8,21,38,6245,5890,60,0,0,295,19,4,15
2021,Rodborough,E05013194,4413,52,3,7,20,5,17,10,8,2,0,89,39,8,10,32,4239,4068,30,2,1,138,23,3,20
2021,Severn (Stroud),E05013195,6116,46,1,2,28,0,15,23,15,7,1,92,29,14,24,25,5937,5792,26,9,4,106,18,1,17
2021,Stonehouse,E05013196,7593,118,0,38,33,0,47,54,29,15,10,148,43,20,58,27,7247,7003,31,9,1,203,26,9,17
2021,Stroud Trinity,E05013197,2182,23,0,1,5,1,16,7,3,1,3,68,24,7,18,19,2078,1941,25,1,0,111,6,0,6
2021,Thrupp,E05013198,2320,11,0,1,3,0,7,6,4,2,0,44,25,3,7,9,2253,2131,20,1,0,101,6,1,5
2021,Wotton-under-Edge,E05013199,6952,45,0,8,14,3,20,17,9,5,3,84,41,10,15,18,6792,6576,27,4,0,185,14,1,13
2021,Barnoldswick,E05013200,9185,386,2,19,18,328,19,21,11,6,4,129,61,10,30,28,8616,8266,33,17,2,298,33,0,33
2021,Barrowford & Pendleside,E05013201,7449,394,8,4,18,346,18,13,5,7,1,89,50,8,10,21,6930,6816,45,0,0,69,23,5,18
2021,Boulsworth & Foulridge,E05013202,7866,74,0,18,12,30,14,9,3,4,2,81,42,8,22,9,7684,7544,27,1,2,110,18,1,17
2021,Bradley (Pendle),E05013203,9465,5243,23,26,18,5109,67,37,30,6,1,160,111,4,17,28,3838,3079,31,19,13,696,187,47,140
2021,Brierfield East & Clover Hill,E05013204,8606,4096,51,6,18,3983,38,16,3,9,4,146,111,1,14,20,4304,4020,23,2,15,244,44,9,35
2021,Brierfield West & Reedley,E05013205,6304,3508,185,9,33,3245,36,21,18,3,0,115,63,11,14,27,2596,2459,13,5,3,116,64,26,38
2021,Earby & Coates,E05013206,8180,92,0,16,6,66,4,7,5,2,0,59,17,10,12,20,8012,7813,31,0,1,167,10,0,10
2021,Fence & Higham,E05013207,2431,34,0,3,1,20,10,0,0,0,0,19,10,0,2,7,2372,2338,9,3,0,22,6,0,6
2021,Marsden & Southfield,E05013208,9721,3308,4,15,40,3192,57,29,20,6,3,259,153,14,50,42,5999,4857,45,22,68,1007,126,22,104
2021,Vivary Bridge,E05013209,7635,162,1,8,15,115,23,22,18,3,1,118,73,8,18,19,7310,7056,19,10,2,223,23,5,18
2021,Waterside & Horsfield,E05013210,7618,388,12,18,15,330,13,10,7,3,0,107,68,8,16,15,7084,6890,38,5,0,151,29,12,17
2021,Whitefield & Walverden,E05013211,11299,7885,16,17,47,7738,67,62,55,4,3,206,127,11,25,43,2832,2185,27,13,19,588,314,109,205
2021,Cainscross,E05013212,7831,98,1,14,53,1,29,37,16,11,10,155,53,17,41,44,7518,7225,30,4,5,254,23,2,21
2021,Brickhill and Queensway,E05013213,13898,709,56,23,466,58,106,1102,565,341,196,672,80,92,366,134,11319,9435,111,35,20,1718,96,10,86
2021,Burton and Broughton,E05013214,13244,197,17,23,109,12,36,232,131,53,48,298,59,54,115,70,12449,11777,92,7,17,556,68,5,63
2021,Clover Hill,E05013215,12719,859,42,64,555,57,141,408,308,46,54,297,103,51,78,65,10919,9299,88,17,42,1473,236,28,208
2021,Corby Rural,E05013216,14803,303,16,29,176,20,62,649,470,81,98,281,61,64,75,81,13473,11888,95,19,22,1449,97,22,75
2021,Corby West,E05013217,13247,152,23,7,53,11,58,152,109,23,20,165,37,36,54,38,12672,10767,180,5,66,1654,106,7,99
2021,Croyland and Swanspool,E05013218,14471,952,148,57,496,116,135,918,466,303,149,625,96,79,314,136,11837,9499,102,21,61,2154,139,3,136
2021,Desborough,E05013219,14167,183,16,31,74,5,57,174,79,61,34,190,69,28,51,42,13561,13025,81,58,7,390,59,9,50
2021,Earls Barton,E05013220,13593,266,2,37,151,38,38,158,94,48,16,279,67,38,107,67,12845,12391,90,15,2,347,45,3,42
2021,Finedon,E05013221,15752,1792,339,28,1113,162,150,870,481,261,128,566,114,89,231,132,12269,9284,93,14,72,2806,255,22,233
2021,Hatton Park,E05013222,14193,1369,130,54,1001,88,96,1007,490,355,162,514,94,89,248,83,11202,9648,92,7,18,1437,101,11,90
2021,Higham Ferrers,E05013223,12783,228,9,32,105,21,61,248,166,45,37,265,67,35,108,55,11994,11480,93,7,4,410,48,6,42
2021,Irchester,E05013224,11194,131,0,8,72,13,38,99,54,31,14,197,53,27,70,47,10749,10343,65,3,7,331,18,0,18
2021,Irthlingborough,E05013225,13377,153,0,22,80,10,41,238,137,62,39,273,61,51,103,58,12685,12037,74,9,7,558,28,7,21
2021,Ise,E05013226,11508,555,24,31,378,24,98,197,160,21,16,179,69,30,37,43,10463,9778,75,2,5,603,114,23,91
2021,Kingswood (North Northamptonshire),E05013227,16184,336,79,34,128,28,67,404,282,54,68,293,55,62,93,83,14895,11447,174,34,110,3130,256,9,247
2021,Lloyds,E05013228,15505,232,22,44,93,14,59,223,149,42,32,244,82,39,57,66,14674,11923,107,8,92,2544,132,1,131
2021,Northall,E05013229,15234,1360,44,88,778,149,301,810,626,122,62,412,97,69,142,104,12377,10372,88,23,53,1841,275,51,224
2021,Oakley (North Northamptonshire),E05013230,15833,683,20,68,404,36,155,1146,879,100,167,322,93,55,75,99,13495,10667,127,4,33,2664,187,12,175
2021,Oundle,E05013231,13551,204,8,72,77,3,44,116,72,22,22,270,107,36,56,71,12888,12178,96,4,4,606,73,3,70
2021,Raunds,E05013232,12331,128,1,24,65,5,33,198,107,56,35,197,44,28,67,58,11786,11315,67,4,5,395,22,5,17
2021,Rothwell and Mawsley,E05013233,12753,159,17,35,53,20,34,187,125,34,28,195,60,28,67,40,12169,11672,81,15,16,385,43,3,40
2021,Rushden Pemberton West,E05013234,12370,186,3,25,81,13,64,186,120,45,21,230,41,34,107,48,11713,10919,124,12,14,644,55,10,45
2021,Rushden South,E05013235,15978,346,6,46,193,29,72,367,202,98,67,365,108,47,135,75,14773,13653,112,9,12,987,127,21,106
2021,Thrapston,E05013236,14630,144,6,23,42,8,65,140,58,60,22,255,79,32,82,62,14005,13318,103,1,1,582,86,4,82
2021,Wicksteed,E05013237,13710,556,25,68,302,51,110,375,260,53,62,300,57,67,94,82,12335,11418,105,9,17,786,144,46,98
2021,Windmill,E05013238,12476,530,49,28,276,34,143,402,295,51,56,301,78,62,94,67,11120,9740,76,26,27,1251,123,15,108
2021,Abington and Phippsville,E05013239,13596,1205,360,48,438,186,173,981,637,232,112,522,108,70,225,119,10642,7886,202,27,90,2437,246,36,210
2021,Billing and Rectory Farm,E05013240,16372,973,94,97,409,180,193,1841,1287,243,311,679,96,111,309,163,12686,10299,111,8,103,2165,193,17,176
2021,Boothville and Parklands,E05013241,11320,691,125,48,335,83,100,463,282,112,69,303,73,28,125,77,9757,8768,171,5,21,792,106,4,102
2021,Brackley,E05013242,16190,281,10,55,146,18,52,122,73,25,24,252,76,28,78,70,15471,14671,111,3,9,677,64,6,58
2021,Braunston and Crick,E05013243,14559,424,65,42,176,66,75,313,153,114,46,350,100,41,138,71,13422,12643,130,22,37,590,50,1,49
2021,Brixworth,E05013244,12297,150,9,16,87,2,36,81,43,28,10,197,83,5,64,45,11830,11467,70,0,3,290,39,3,36
2021,Bugbrooke,E05013245,12835,102,0,2,63,14,23,52,33,14,5,197,66,23,68,40,12455,12079,115,5,0,256,29,3,26
2021,Castle (West Northamptonshire),E05013246,17870,2687,791,132,1112,214,438,2318,1830,303,185,721,141,116,270,194,11525,6671,160,26,188,4480,619,94,525
2021,Dallington Spencer,E05013247,14128,1510,1019,55,192,103,141,1507,1088,209,210,664,81,112,303,168,10184,7562,90,33,69,2430,263,41,222
2021,Daventry East,E05013248,11620,271,14,56,102,25,74,149,102,36,11,254,69,36,89,60,10890,9562,96,6,44,1182,56,11,45
2021,Daventry West,E05013249,12850,387,15,44,150,88,90,190,132,34,24,187,61,35,56,35,11967,10281,79,6,98,1503,119,2,117
2021,Deanshanger,E05013250,12810,241,0,32,140,25,44,153,100,36,17,263,67,30,83,83,12113,11634,103,2,11,363,40,9,31
2021,Delapre and Rushmere,E05013251,14785,1292,149,144,637,181,181,1280,948,210,122,580,97,121,226,136,11344,8788,137,19,73,2327,289,48,241
2021,Duston East,E05013252,11731,449,65,60,183,40,101,476,331,98,47,273,75,46,86,66,10383,9338,146,5,4,890,150,27,123
2021,Duston West and St. Crispin,E05013253,11216,389,43,66,193,37,50,420,273,74,73,332,76,54,141,61,9998,9068,83,1,16,830,77,20,57
2021,East Hunsbury and Shelfleys,E05013254,12572,895,91,66,496,112,130,413,252,112,49,384,102,69,104,109,10706,9300,108,4,61,1233,174,23,151
2021,Hackleton and Grange Park,E05013255,14324,697,46,59,389,109,94,351,218,71,62,378,124,44,123,87,12816,12031,85,2,20,678,82,14,68
2021,Headlands,E05013256,14807,1347,510,97,370,218,152,982,600,244,138,547,113,68,235,131,11709,9576,198,19,32,1884,222,42,180
2021,Kingsthorpe North,E05013257,12938,599,63,65,254,157,60,388,228,91,69,317,72,30,142,73,11523,10614,150,1,32,726,111,13,98
2021,Kingsthorpe South,E05013258,14357,894,224,68,363,112,127,1059,741,212,106,597,93,87,257,160,11572,9288,231,8,78,1967,235,33,202
2021,Long Buckby,E05013259,11668,113,0,17,54,8,34,80,45,22,13,187,36,18,71,62,11260,10868,82,3,0,307,28,3,25
2021,Middleton Cheney,E05013260,12003,113,1,16,23,19,54,107,57,24,26,207,60,13,38,96,11490,10894,93,7,0,496,86,2,84
2021,Moulton,E05013261,14759,442,8,30,268,75,61,323,225,60,38,391,110,59,112,110,13515,12865,130,1,19,500,88,27,61
2021,Nene Valley,E05013262,12268,970,44,138,584,108,96,496,307,106,83,381,113,58,132,78,10301,9543,96,8,27,627,120,26,94
2021,Riverside Park,E05013263,13741,1554,160,114,874,245,161,801,570,137,94,342,94,44,119,85,10815,9261,141,20,33,1360,229,34,195
2021,St. George (West Northamptonshire),E05013264,13484,1057,342,47,389,165,114,1181,808,208,165,560,89,114,225,132,10381,7294,191,32,101,2763,305,42,263
2021,Silverstone,E05013265,12975,84,3,16,42,2,21,38,18,12,8,187,66,27,51,43,12653,12201,124,0,2,326,13,1,12
2021,Sixfields,E05013266,17697,1175,146,111,565,151,202,1668,1218,190,260,792,166,149,316,161,13791,10852,123,16,79,2721,271,38,233
2021,Talavera,E05013267,15767,1044,223,66,461,144,150,2173,1571,309,293,648,97,97,295,159,11584,8409,127,21,150,2877,318,40,278
2021,Towcester and Roade,E05013268,16155,316,33,69,120,18,76,190,90,68,32,270,75,35,96,64,15323,14660,108,6,5,544,56,11,45
2021,Woodford and Weedon,E05013269,12026,110,8,22,46,8,26,68,46,18,4,153,42,24,45,42,11650,11135,78,23,7,407,45,11,34
2021,Newsham,E05013270,5383,85,32,4,26,9,14,30,21,7,2,39,17,5,9,8,5198,5150,5,1,2,40,31,24,7
2021,Seghill with Seaton Delaval,E05013271,5954,35,1,3,24,1,6,12,7,3,2,58,25,12,7,14,5841,5741,14,0,0,86,8,3,5
2021,Bodmin St Mary's & St Leonard,E05013273,7292,48,11,13,13,1,10,11,2,4,5,91,19,12,17,43,7078,6616,38,24,10,390,64,2,62
2021,Bodmin St Petroc's,E05013274,6864,56,0,12,10,3,31,10,7,1,2,89,22,11,48,8,6632,6181,52,15,12,372,77,2,75
2021,Bude,E05013275,6288,57,10,15,6,4,22,5,4,1,0,51,19,8,3,21,6118,5981,32,3,0,102,57,11,46
2021,Callington & St Dominic,E05013276,6773,28,0,7,8,1,12,3,1,0,2,79,23,12,19,25,6627,6371,19,0,13,224,36,2,34
2021,Calstock,E05013277,6647,28,2,5,9,3,9,10,2,5,3,50,22,7,10,11,6526,6352,44,3,0,127,33,0,33
2021,Camborne Roskear & Tuckingmill,E05013278,7198,54,0,19,19,0,16,9,2,6,1,97,28,9,39,21,6978,6677,15,11,0,275,60,0,60
2021,Camborne Trelowarren,E05013279,6141,52,9,24,1,4,14,9,5,3,1,52,14,11,18,9,5963,5692,16,7,1,247,65,0,65
2021,Camborne West & Treswithian,E05013280,6238,44,0,29,4,4,7,9,1,4,4,51,11,6,15,19,6073,5901,22,18,0,132,61,6,55
2021,Camelford & Boscastle,E05013281,6857,30,5,7,2,3,13,5,2,2,1,66,29,3,11,23,6714,6564,31,3,0,116,42,1,41
2021,"Constantine, Mabe & Mawnan",E05013282,6558,54,0,14,14,13,13,32,21,7,4,151,64,25,22,40,6227,5971,30,2,4,220,94,21,73
2021,Falmouth Arwenack,E05013284,5938,99,4,30,18,8,39,27,13,9,5,151,49,14,46,42,5611,5196,48,4,10,353,50,4,46
2021,Falmouth Penwerris,E05013286,7444,136,4,26,21,8,77,63,41,6,16,205,58,38,40,69,6921,6434,55,6,3,423,119,5,114
2021,Feock & Kea,E05013288,5322,43,1,13,8,7,14,7,6,0,1,71,37,5,12,17,5153,5018,24,1,2,108,48,0,48
2021,"Four Lanes, Beacon & Troon",E05013289,7062,14,1,4,1,1,7,8,5,3,0,89,15,20,25,29,6850,6619,18,59,6,148,101,6,95
2021,"Fowey, Tywardreath & Par",E05013290,5686,20,0,7,4,0,9,7,5,2,0,44,20,4,5,15,5547,5399,45,5,1,97,68,1,67
2021,"Gloweth, Malabar & Shortlanesend",E05013291,5807,303,3,26,110,30,134,73,64,3,6,114,48,15,21,30,5228,5016,33,3,0,176,89,24,65
2021,Gwinear-Gwithian & Hayle East,E05013292,5966,27,4,10,7,0,6,3,3,0,0,69,29,5,19,16,5813,5650,21,3,0,139,54,4,50
2021,Hayle West,E05013293,7479,38,13,7,4,1,13,13,4,8,1,104,32,8,31,33,7256,7017,39,5,1,194,68,2,66
2021,Helston South & Meneage,E05013295,7424,51,10,15,4,6,16,60,26,21,13,89,32,11,18,28,7135,6948,31,6,0,150,89,2,87
2021,Land's End,E05013297,6821,42,5,15,3,9,10,5,2,3,0,67,21,12,27,7,6608,6358,46,0,0,204,99,9,90
2021,"Lanivet, Blisland & Bodmin St Lawrence",E05013298,6713,23,0,3,7,1,12,4,1,2,1,81,29,6,14,32,6499,6289,22,5,1,182,106,0,106
2021,Launceston South,E05013301,7145,88,7,30,11,0,40,12,5,4,3,82,23,11,27,21,6904,6399,23,14,5,463,59,5,54
2021,Liskeard Central,E05013302,7529,108,1,17,5,0,85,5,2,3,0,60,10,13,15,22,7321,7093,21,6,0,201,35,0,35
2021,Liskeard South & Dobwalls,E05013303,7353,22,2,3,6,0,11,11,5,5,1,45,14,8,11,12,7203,7086,25,2,1,89,72,1,71
2021,Looe East & Deviock,E05013305,6365,42,0,14,9,0,19,18,2,4,12,49,20,4,9,16,6194,6006,31,5,1,151,62,7,55
2021,"Looe West, Pelynt, Lansallos & Lanteglos",E05013306,5807,32,5,7,8,0,12,6,2,4,0,48,14,2,10,22,5673,5548,32,3,0,90,48,1,47
2021,Lostwithiel & Lanreath,E05013307,6186,23,0,8,9,0,6,6,0,5,1,54,27,9,8,10,6039,5895,20,9,3,112,64,2,62
2021,"Ludgvan, Madron, Gulval & Heamoor",E05013308,6893,48,1,11,7,0,29,7,3,3,1,72,27,8,15,22,6664,6512,30,2,1,119,102,3,99
2021,Lynher,E05013309,5759,18,0,9,1,0,8,6,1,3,2,43,29,0,6,8,5646,5552,15,8,0,71,46,1,45
2021,"Mousehole, Newlyn & St Buryan",E05013311,6010,30,1,9,3,0,17,8,1,6,1,70,30,9,13,18,5791,5596,41,0,2,152,111,1,110
2021,Mullion & St Keverne,E05013312,7187,29,5,11,5,0,8,8,3,3,2,79,26,12,11,30,6937,6795,34,8,0,100,134,1,133
2021,"Mylor, Perranarworthal & Ponsanooth",E05013313,6489,19,0,3,6,1,9,6,3,2,1,57,15,19,4,19,6326,6136,34,3,0,153,81,0,81
2021,Newquay Central & Pentire,E05013314,6673,68,0,16,15,0,37,16,7,6,3,116,36,15,34,31,6391,5936,37,2,5,411,82,3,79
2021,Newquay Porth & Tretherras,E05013315,6558,35,4,12,10,1,8,3,2,1,0,127,42,16,45,24,6353,6111,33,5,5,199,40,0,40
2021,Padstow,E05013317,6776,22,2,4,3,0,13,6,4,1,1,96,28,40,9,19,6526,6375,26,1,9,115,126,1,125
2021,Penwithick & Boscoppa,E05013319,6709,32,0,16,3,3,10,2,1,1,0,71,25,14,16,16,6538,6352,25,25,46,90,66,0,66
2021,Penzance East,E05013320,7120,60,10,15,6,1,28,21,12,6,3,119,47,15,23,34,6823,6516,38,3,2,264,97,8,89
2021,Penzance Promenade,E05013321,5841,63,3,22,8,0,30,5,3,2,0,120,36,23,35,26,5594,5342,33,2,3,214,59,1,58
2021,Pool & Tehidy,E05013323,7234,44,7,17,4,1,15,14,13,1,0,34,10,6,5,13,7044,6622,16,51,7,348,98,1,97
2021,"Porthleven, Breage & Germoe",E05013324,6818,21,0,9,2,1,9,15,7,4,4,89,15,14,32,28,6596,6456,19,3,3,115,97,1,96
2021,Poundstock,E05013325,5429,13,1,2,2,0,8,9,2,5,2,33,7,3,8,15,5338,5234,21,1,1,81,36,0,36
2021,Rame Peninsula & St Germans,E05013327,7112,34,0,10,3,0,21,5,3,0,2,88,33,9,14,32,6938,6726,38,0,3,171,47,0,47
2021,Redruth North,E05013329,5933,47,2,14,16,4,11,13,8,5,0,81,29,8,18,26,5718,5458,19,36,3,202,74,2,72
2021,Redruth South,E05013330,6572,35,0,9,6,6,14,9,7,0,2,87,27,5,20,35,6360,6126,26,15,4,189,81,0,81
2021,Roche & Bugle,E05013331,7381,20,1,6,5,0,8,4,2,1,1,52,18,5,17,12,7183,6694,34,70,24,361,122,0,122
2021,St Blazey,E05013336,6932,32,2,14,6,0,10,7,4,2,1,68,16,6,21,25,6774,6658,16,4,0,96,51,0,51
2021,St Cleer & Menheniot,E05013337,6274,20,0,8,5,0,7,6,2,4,0,76,20,13,25,18,6121,6003,17,10,6,85,51,0,51
2021,"St Columb Major, St Mawgan & St Wenn",E05013338,6130,41,4,9,8,7,13,16,12,2,2,88,44,5,14,25,5939,5777,28,9,2,123,46,1,45
2021,"St Goran, Tregony & the Roseland",E05013341,5755,24,0,3,7,0,14,7,3,3,1,61,20,8,13,20,5612,5439,23,1,3,146,51,2,49
2021,St Stephen-in-Brannel,E05013346,6960,17,1,1,7,0,8,10,4,5,1,54,15,9,13,17,6822,6699,17,25,0,81,57,1,56
2021,St Teath & Tintagel,E05013347,6447,24,0,7,7,1,9,7,5,2,0,61,29,1,3,28,6298,6175,33,8,0,82,57,0,57
2021,Saltash Essa,E05013348,6817,26,2,7,3,0,14,10,3,6,1,64,27,9,13,15,6693,6523,29,9,2,130,24,4,20
2021,Saltash Tamar,E05013349,6243,30,1,1,11,0,17,6,4,1,1,65,26,5,13,21,6095,5960,18,1,4,112,47,8,39
2021,Saltash Trematon & Landrake,E05013350,5630,30,0,12,3,0,15,2,0,0,2,57,23,5,12,17,5519,5428,28,0,0,63,22,3,19
2021,"Stratton, Kilkhampton & Morwenstow",E05013351,6684,28,0,3,7,0,18,5,2,3,0,125,43,6,62,14,6501,6367,26,1,5,102,25,4,21
2021,Torpoint,E05013353,6463,25,5,10,3,0,7,6,4,1,1,70,28,5,27,10,6345,6205,18,3,1,118,17,1,16
2021,Truro Boscawen & Redannick,E05013354,6322,195,17,46,29,33,70,30,17,7,6,134,64,10,21,39,5895,5577,49,4,10,255,68,5,63
2021,Truro Moresk & Trehaverne,E05013355,6520,149,33,47,32,5,32,48,38,4,6,123,51,14,36,22,6125,5888,40,3,2,192,75,13,62
2021,Truro Tregolls,E05013356,6551,94,37,18,22,0,17,5,1,4,0,136,43,20,31,42,6205,5916,19,11,0,259,111,35,76
2021,Wadebridge East & St Minver,E05013357,5885,39,2,13,1,2,21,10,4,5,1,73,37,11,17,8,5729,5591,19,3,2,114,34,5,29
2021,Wadebridge West & St Mabyn,E05013358,6934,27,5,4,9,1,8,6,3,3,0,86,20,11,33,22,6768,6613,35,3,7,110,47,1,46
2021,Bembridge,E05013359,3561,18,1,9,1,0,7,3,3,0,0,43,14,9,11,9,3486,3392,34,0,0,60,11,4,7
2021,Binstead & Fishbourne,E05013360,3534,29,0,9,11,0,9,12,8,3,1,51,27,8,9,7,3431,3345,19,4,0,63,11,9,2
2021,Brading & St Helens,E05013361,3415,17,0,3,5,0,9,6,4,2,0,29,3,8,12,6,3355,3268,14,6,2,65,8,0,8
2021,"Brighstone, Calbourne & Shalfleet",E05013362,3061,5,0,1,1,2,1,2,2,0,0,17,5,3,1,8,3029,2977,11,0,0,41,8,1,7
2021,Carisbrooke & Gunville,E05013363,3594,20,9,5,2,2,2,4,2,1,1,54,19,6,11,18,3501,3419,11,1,1,69,15,8,7
2021,Central Rural,E05013364,3557,18,0,3,5,0,10,9,3,6,0,34,14,1,13,6,3488,3366,14,4,0,104,8,2,6
2021,"Chale, Niton & Shorwell",E05013365,3454,6,0,1,1,1,3,2,1,1,0,30,13,3,4,10,3409,3326,24,0,0,59,7,1,6
2021,Cowes Medina,E05013366,4612,76,21,2,10,5,38,24,19,3,2,77,27,7,24,19,4427,4253,10,0,0,164,8,0,8
2021,Cowes North,E05013367,2777,79,9,21,13,6,30,11,10,1,0,49,18,8,10,13,2619,2444,26,0,5,144,19,4,15
2021,Cowes South & Northwood,E05013368,3381,13,0,2,5,0,6,20,11,6,3,32,11,1,7,13,3312,3211,21,0,0,80,4,0,4
2021,Cowes West & Gurnard,E05013369,4044,49,0,9,13,0,27,4,3,1,0,54,18,12,11,13,3922,3742,38,1,3,138,15,1,14
2021,East Cowes,E05013370,4004,25,0,8,1,0,16,3,1,2,0,47,21,6,8,12,3924,3826,9,3,5,81,5,2,3
2021,Fairlee & Whippingham,E05013371,3891,33,0,8,10,1,14,23,16,3,4,21,8,5,4,4,3809,3720,21,1,3,64,5,0,5
2021,Freshwater North & Yarmouth,E05013372,3079,8,1,1,0,1,5,5,1,3,1,16,4,3,3,6,3041,2957,10,0,2,72,9,3,6
2021,Freshwater South,E05013373,3653,17,0,5,0,0,12,17,13,1,3,49,15,5,16,13,3560,3479,27,1,0,53,10,0,10
2021,Haylands & Swanmore,E05013374,3711,36,7,4,11,4,10,12,7,4,1,37,19,2,3,13,3622,3509,20,5,0,88,4,0,4
2021,Lake North,E05013375,3454,20,4,6,6,0,4,7,3,3,1,32,10,1,10,11,3378,3285,19,0,1,73,17,8,9
2021,Lake South,E05013376,3396,29,11,3,3,1,11,6,1,5,0,31,13,1,10,7,3329,3245,20,1,9,54,1,1,0
2021,Mountjoy & Shide,E05013377,3849,29,0,2,5,6,16,17,13,3,1,53,12,5,29,7,3742,3635,17,0,1,89,8,0,8
2021,Nettlestone & Seaview,E05013378,2520,24,0,11,5,0,8,2,1,1,0,26,14,3,5,4,2457,2373,15,0,4,65,11,1,10
2021,"Newchurch, Havenstreet & Ashey",E05013379,3393,13,0,1,8,1,3,3,2,1,0,29,14,5,5,5,3344,3264,14,2,0,64,4,1,3
2021,Newport Central,E05013380,3734,183,13,26,13,6,125,17,13,4,0,56,18,10,10,18,3455,3352,15,1,6,81,23,8,15
2021,Newport West,E05013381,3578,69,5,1,10,13,40,9,9,0,0,24,14,0,7,3,3465,3390,14,0,1,60,11,0,11
2021,Osborne,E05013382,4424,48,0,9,12,0,27,23,18,2,3,71,26,12,22,11,4272,4169,19,1,0,83,10,1,9
2021,Pan & Barton,E05013383,4244,77,5,1,24,6,41,27,24,1,2,52,11,5,19,17,4080,3966,8,2,5,99,8,2,6
2021,Parkhurst & Hunnyhill,E05013384,4336,193,13,5,21,33,121,81,43,21,17,61,11,5,29,16,3977,3868,15,15,2,77,24,4,20
2021,Ryde Appley & Elmfield,E05013385,3827,36,4,6,4,0,22,7,2,2,3,54,22,7,14,11,3720,3579,38,0,0,103,10,3,7
2021,Ryde Monktonmead,E05013386,3760,37,0,0,13,0,24,13,8,5,0,53,15,5,10,23,3643,3474,17,4,0,148,14,3,11
2021,Ryde North West,E05013387,4274,110,9,20,25,1,55,19,13,5,1,89,32,10,19,28,4041,3796,36,3,7,199,15,2,13
2021,Ryde South East,E05013388,2503,36,0,11,3,0,22,11,5,5,1,68,16,11,30,11,2383,2280,10,2,0,91,5,0,5
2021,Ryde West,E05013389,3227,42,13,6,6,0,17,9,6,3,0,34,14,3,7,10,3136,2999,15,3,2,117,6,0,6
2021,Sandown North,E05013390,3533,34,0,4,14,1,15,8,5,3,0,35,9,3,14,9,3450,3325,22,1,2,100,6,2,4
2021,Sandown South,E05013391,3596,41,8,2,11,2,18,11,9,2,0,54,18,4,23,9,3479,3340,30,1,2,106,11,0,11
2021,Shanklin Central,E05013392,3992,26,0,3,8,0,15,8,1,4,3,52,10,4,25,13,3893,3748,26,2,1,116,13,6,7
2021,Shanklin South,E05013393,3254,38,6,9,11,2,10,16,7,9,0,39,9,7,17,6,3155,3012,19,1,9,114,6,2,4
2021,Totland & Colwell,E05013394,3557,42,0,8,3,2,29,6,4,1,1,19,6,2,1,10,3477,3354,29,0,2,92,13,1,12
2021,Ventnor & St Lawrence,E05013395,3271,34,9,12,5,0,8,10,3,7,0,55,21,3,21,10,3167,3008,32,0,1,126,5,1,4
2021,Wootton Bridge,E05013396,3389,29,2,6,9,1,11,6,4,0,2,39,19,4,6,10,3305,3185,42,0,1,77,10,6,4
2021,"Wroxall, Lowtherville & Bonchurch",E05013397,4005,17,0,1,11,0,5,8,1,5,2,59,14,11,20,14,3919,3809,40,0,0,70,2,1,1
2021,Aldbourne & Ramsbury,E05013398,5778,62,3,20,24,1,14,20,14,5,1,79,34,4,11,30,5599,5370,38,6,0,185,18,5,13
2021,Alderbury & Whiteparish,E05013399,5633,60,9,6,20,6,19,19,10,7,2,61,28,6,14,13,5473,5278,21,30,4,140,20,0,20
2021,Amesbury East & Bulford,E05013400,6944,522,5,15,33,7,462,352,165,86,101,198,58,27,65,48,5713,5472,25,2,15,199,159,8,151
2021,Amesbury South,E05013401,5537,159,3,12,27,0,117,156,86,34,36,141,41,29,31,40,4997,4772,18,3,6,198,84,14,70
2021,Amesbury West,E05013402,5911,99,0,14,39,0,46,87,59,14,14,47,17,8,12,10,5643,5443,26,19,7,148,35,2,33
2021,Avon Valley,E05013403,6319,162,3,12,26,0,121,353,161,112,80,150,29,18,47,56,5426,5251,31,12,1,131,228,8,220
2021,Box & Colerne,E05013405,5444,110,0,8,16,2,84,23,7,5,11,112,46,7,35,24,5181,4992,26,0,3,160,18,1,17
2021,Bradford-on-Avon North,E05013406,5368,32,0,6,8,0,18,19,7,6,6,81,29,20,17,15,5218,4993,25,8,1,191,18,1,17
2021,Bradford-on-Avon South,E05013407,5036,59,3,15,12,0,29,31,18,9,4,105,36,21,15,33,4809,4551,44,4,4,206,32,4,28
2021,Brinkworth,E05013408,4685,40,1,10,8,1,20,6,2,3,1,53,31,10,5,7,4573,4442,29,18,0,84,13,0,13
2021,"Bromham, Rowde & Roundway",E05013409,5035,48,7,7,2,12,20,15,8,5,2,60,20,7,18,15,4887,4715,14,3,1,154,25,4,21
2021,By Brook,E05013410,4616,109,0,0,1,3,105,83,38,18,27,54,25,5,6,18,4346,4193,36,0,3,114,24,4,20
2021,Calne Central,E05013411,4940,47,0,12,18,0,17,37,15,9,13,87,28,8,29,22,4749,4585,26,1,2,135,20,3,17
2021,Calne Chilvester & Abberd,E05013412,6096,78,0,37,12,1,28,53,33,12,8,106,31,27,30,18,5803,5588,22,1,0,192,56,33,23
2021,Calne North,E05013413,4951,48,0,15,10,2,21,26,14,10,2,72,15,11,30,16,4794,4622,14,3,6,149,11,1,10
2021,Calne Rural,E05013414,5455,50,11,5,17,7,10,26,12,6,8,53,20,5,14,14,5309,5148,35,2,6,118,17,5,12
2021,Calne South,E05013415,4072,26,1,4,7,0,14,9,2,5,2,45,17,4,10,14,3978,3861,25,1,0,91,14,8,6
2021,Chippenham Cepen Park & Derriads,E05013416,5422,108,22,18,18,12,38,39,14,21,4,129,45,15,37,32,5121,4875,16,1,8,221,25,4,21
2021,Chippenham Cepen Park & Hunters Moon,E05013417,4500,101,18,24,34,4,21,33,8,21,4,72,25,10,17,20,4266,4098,8,10,4,146,28,10,18
2021,Chippenham Hardenhuish,E05013418,4705,141,36,19,44,10,32,62,21,32,9,131,36,16,55,24,4332,4162,23,0,2,145,39,10,29
2021,Chippenham Hardens & Central,E05013419,5154,153,14,26,64,7,42,72,29,31,12,135,37,17,48,33,4770,4434,41,7,3,285,24,3,21
2021,Chippenham Lowden & Rowden,E05013420,3666,119,21,14,54,5,25,24,11,4,9,79,20,11,27,21,3439,3197,24,3,2,213,5,0,5
2021,Chippenham Monkton,E05013421,2792,95,6,19,43,6,21,25,14,9,2,44,12,7,17,8,2612,2478,21,0,0,113,16,7,9
2021,Chippenham Pewsham,E05013422,4913,80,2,19,22,0,37,40,22,9,9,88,31,10,22,25,4685,4421,25,0,0,239,20,0,20
2021,Chippenham Sheldon,E05013423,5392,145,42,19,40,3,41,55,22,20,13,93,30,10,32,21,5067,4815,23,1,2,226,32,15,17
2021,Corsham Ladbrook,E05013424,5767,56,7,8,12,4,25,21,12,7,2,80,29,5,27,19,5596,5381,35,2,2,176,14,8,6
2021,Corsham Pickwick,E05013425,5427,49,1,16,4,1,27,24,13,6,5,98,30,15,28,25,5234,5036,16,4,0,178,22,9,13
2021,Corsham Without,E05013426,4935,109,1,15,9,6,78,40,24,9,7,87,33,13,17,24,4666,4432,38,57,12,127,33,2,31
2021,Cricklade & Latton,E05013427,5037,77,0,7,26,6,38,11,4,7,0,70,28,9,21,12,4870,4690,39,0,1,140,9,4,5
2021,Devizes East,E05013428,6062,79,1,2,37,3,36,38,15,20,3,91,23,9,34,25,5827,5622,20,15,4,166,27,1,26
2021,Devizes North,E05013429,4025,59,7,11,9,0,32,27,13,7,7,74,22,3,25,24,3822,3619,23,5,4,171,43,23,20
2021,Devizes Rural West,E05013430,4861,39,10,0,13,6,10,63,20,31,12,80,7,14,30,29,4672,4536,29,28,0,79,7,1,6
2021,Devizes South,E05013431,4943,49,0,16,7,5,21,13,5,7,1,50,17,7,11,15,4810,4630,44,2,0,134,21,2,19
2021,Downton & Ebble Valley,E05013432,4968,114,1,6,81,7,19,55,38,12,5,71,30,11,18,12,4710,4544,17,24,3,122,18,4,14
2021,Durrington (Wiltshire),E05013433,4700,39,2,6,12,1,18,25,8,11,6,79,28,11,17,23,4542,4434,19,0,4,85,15,4,11
2021,Ethandune,E05013434,4671,13,0,0,2,3,8,15,7,4,4,70,20,11,20,19,4563,4389,25,25,12,112,10,0,10
2021,Fovant & Chalke Valley,E05013435,4424,23,1,4,1,0,17,8,2,4,2,39,11,8,10,10,4352,4201,28,11,0,112,2,0,2
2021,Hilperton,E05013436,4687,54,0,11,5,0,38,14,2,4,8,96,30,10,36,20,4466,4274,28,0,0,164,57,6,51
2021,Holt (Wiltshire),E05013437,4873,54,0,31,6,2,15,22,9,6,7,86,30,4,25,27,4674,4488,15,0,0,171,37,22,15
2021,Kington (Wiltshire),E05013438,5369,135,4,2,12,0,117,34,12,14,8,67,32,7,6,22,5106,4932,25,2,2,145,27,4,23
2021,Laverstock,E05013439,5872,207,18,39,61,9,80,74,55,12,7,90,39,13,25,13,5484,5248,33,2,0,201,17,0,17
2021,Ludgershall North & Rural,E05013440,5301,85,17,23,12,9,24,40,20,14,6,86,18,16,26,26,5072,4867,29,10,0,166,18,5,13
2021,Lyneham,E05013441,7488,433,3,21,29,7,373,302,177,65,60,150,42,17,43,48,6446,6265,34,9,2,136,157,7,150
2021,Malmesbury,E05013442,5966,208,27,44,36,0,101,59,30,9,20,125,38,15,34,38,5530,5253,39,3,1,234,44,10,34
2021,Marlborough East,E05013443,5235,99,16,14,41,1,27,28,10,6,12,94,34,13,23,24,4985,4788,34,6,0,157,29,2,27
2021,Marlborough West,E05013444,6415,128,0,52,46,0,30,30,18,9,3,141,61,12,19,49,6082,5761,62,2,6,251,34,4,30
2021,Melksham Forest,E05013446,5293,73,18,14,10,3,28,34,6,23,5,122,22,9,61,30,5024,4848,15,8,1,152,40,2,38
2021,Melksham South,E05013447,4579,92,23,15,17,1,36,26,15,8,3,92,31,13,22,26,4360,4209,19,2,3,127,9,3,6
2021,Melksham Without North & Shurnhold,E05013448,4807,97,15,14,30,0,38,44,19,10,15,65,14,13,27,11,4587,4441,20,7,1,118,14,6,8
2021,Melksham Without West & Rural,E05013449,4750,29,0,9,6,0,14,6,3,2,1,77,16,8,22,31,4624,4492,22,6,2,102,14,5,9
2021,Mere,E05013450,4441,19,0,5,5,0,9,9,1,4,4,43,16,0,17,10,4360,4249,28,1,0,82,10,1,9
2021,Minety,E05013451,4926,41,1,10,13,1,16,13,7,0,6,61,30,10,9,12,4803,4652,29,7,2,113,8,1,7
2021,Nadder Valley,E05013452,4644,18,0,6,6,0,6,3,0,2,1,41,11,1,16,13,4576,4422,35,5,0,114,6,0,6
2021,Old Sarum & Lower Bourne Valley,E05013453,6518,197,11,16,72,11,87,96,47,22,27,134,51,12,32,39,6034,5748,21,17,1,247,57,12,45
2021,Pewsey Vale East,E05013455,5470,42,6,2,14,2,18,40,22,4,14,59,18,3,16,22,5316,5154,26,4,1,131,13,2,11
2021,Purton,E05013457,6854,288,32,29,170,21,36,230,163,24,43,155,36,27,50,42,6110,5840,38,4,7,221,71,11,60
2021,Redlynch & Landford,E05013458,4645,50,1,6,18,15,10,18,9,5,4,70,26,1,21,22,4498,4366,24,15,0,93,9,3,6
2021,Royal Wootton Bassett East,E05013459,5315,169,1,37,80,9,42,57,38,13,6,89,33,13,23,20,4971,4792,23,16,0,140,29,1,28
2021,Royal Wootton Bassett North,E05013460,5431,151,13,34,30,5,69,124,98,18,8,102,23,23,37,19,5023,4809,23,13,4,174,31,1,30
2021,Royal Wootton Bassett South & West,E05013461,5587,80,5,14,26,8,27,63,46,8,9,93,32,10,16,35,5323,5107,21,33,2,160,28,4,24
2021,Salisbury Bemerton Heath,E05013462,4507,157,40,14,64,6,33,110,71,12,27,78,27,11,23,17,4130,3891,23,25,0,191,32,10,22
2021,Salisbury Fisherton & Bemerton Village,E05013463,5878,127,31,17,38,6,35,25,12,8,5,73,21,9,27,16,5617,5309,23,27,1,257,36,4,32
2021,Salisbury Harnham East,E05013464,5884,464,53,45,202,22,142,77,57,11,9,101,43,19,12,27,5202,4784,39,15,3,361,40,12,28
2021,Salisbury Harnham West,E05013465,3869,107,11,31,18,9,38,31,23,4,4,66,24,6,16,20,3640,3517,12,7,0,104,25,10,15
2021,Salisbury Milford,E05013466,6015,252,23,42,99,7,81,69,41,21,7,123,47,31,24,21,5521,5075,36,12,13,385,50,10,40
2021,Salisbury St Edmund's,E05013467,4673,256,21,50,77,11,97,38,17,18,3,100,34,17,17,32,4216,3704,36,0,9,467,63,10,53
2021,Salisbury St Francis & Stratford,E05013468,5500,104,20,11,41,7,25,26,12,7,7,98,51,16,8,23,5240,5063,34,7,5,131,32,4,28
2021,Salisbury St Paul's,E05013469,5491,316,45,20,148,8,95,60,26,15,19,109,41,14,22,32,4941,4435,43,9,6,448,65,30,35
2021,Sherston,E05013470,5119,90,0,8,20,3,59,16,9,2,5,53,16,3,18,16,4941,4750,39,7,2,143,19,2,17
2021,Southwick (Wiltshire),E05013471,4326,29,0,6,4,0,19,17,4,11,2,70,26,7,22,15,4182,4064,12,2,1,103,28,5,23
2021,The Lavingtons,E05013472,4716,33,0,13,7,0,13,14,9,4,1,78,15,16,21,26,4579,4468,19,0,0,92,12,5,7
2021,Tidworth East & Ludgershall South,E05013473,7108,285,12,10,38,6,219,454,208,140,106,242,46,26,64,106,5968,5686,20,17,2,243,159,2,157
2021,Tidworth North & West,E05013474,7299,659,17,11,57,13,561,511,251,133,127,214,36,43,57,78,5713,5414,22,2,4,271,202,2,200
2021,Till Valley,E05013475,5188,38,0,7,13,0,18,17,11,6,0,64,33,6,11,14,5058,4943,18,5,1,91,11,1,10
2021,Tisbury,E05013476,4372,25,0,12,1,0,12,14,9,5,0,42,8,13,9,12,4285,4120,34,2,5,124,6,1,5
2021,Trowbridge Adcroft,E05013477,6068,138,9,18,49,1,61,102,45,40,17,147,29,18,66,34,5560,4844,25,9,7,675,121,40,81
2021,Trowbridge Central,E05013478,5687,155,23,25,49,3,55,55,21,23,11,142,35,29,36,42,5243,4473,34,1,3,732,92,29,63
2021,Trowbridge Drynham,E05013479,4735,122,14,15,45,6,42,58,25,23,10,91,22,17,30,22,4406,4090,12,1,3,300,58,31,27
2021,Trowbridge Grove,E05013480,5356,96,16,4,25,3,48,57,35,17,5,105,30,18,44,13,5058,4667,25,3,4,359,40,17,23
2021,Trowbridge Lambrok,E05013481,5415,93,27,14,23,6,23,43,22,11,10,105,26,13,43,23,5125,4792,24,3,9,297,49,11,38
2021,Trowbridge Park,E05013482,4333,94,16,20,11,4,43,58,28,18,12,111,16,11,57,27,4007,3706,13,5,4,279,63,29,34
2021,Trowbridge Paxcroft,E05013483,5600,86,9,29,16,9,23,65,21,26,18,123,35,11,51,26,5262,4794,9,0,7,452,64,16,48
2021,Urchfont & Bishops Cannings,E05013484,4830,42,5,8,12,0,17,14,8,4,2,42,21,4,7,10,4719,4567,23,1,1,127,13,1,12
2021,Warminster Broadway,E05013485,4828,36,1,9,10,1,15,9,5,3,1,52,19,8,11,14,4723,4590,29,2,0,102,8,2,6
2021,Warminster East,E05013486,5269,123,25,21,27,2,48,46,20,10,16,77,12,13,29,23,4978,4746,27,1,5,199,45,4,41
2021,Warminster North & Rural,E05013487,5741,218,4,4,32,1,177,71,31,20,20,72,21,8,19,24,5323,5106,25,4,0,188,57,2,55
2021,Warminster West,E05013488,4695,72,9,23,12,0,28,39,15,11,13,77,26,17,13,21,4490,4270,18,21,4,177,17,5,12
2021,Westbury East,E05013489,4774,47,2,2,8,0,35,21,9,7,5,59,24,10,13,12,4636,4433,16,3,0,184,11,1,10
2021,Westbury North,E05013490,5430,87,10,16,13,0,48,42,27,8,7,89,22,12,34,21,5191,4949,29,5,1,207,21,2,19
2021,Westbury West,E05013491,6205,68,12,19,9,1,27,24,11,9,4,100,29,12,36,23,5997,5796,24,6,3,168,16,8,8
2021,Wilton,E05013492,4692,40,5,7,16,0,12,65,54,9,2,73,23,9,14,27,4498,4295,28,5,0,170,16,1,15
2021,Winsley & Westwood,E05013493,4929,44,0,10,7,10,17,9,4,3,2,65,28,4,11,22,4792,4603,48,0,0,141,19,5,14
2021,Winterslow & Upper Bourne Valley,E05013494,4915,27,0,7,12,1,7,19,7,10,2,56,23,6,13,14,4795,4690,22,1,2,80,18,1,17
2021,Wylye Valley,E05013495,4698,56,0,12,14,2,28,13,2,3,8,46,13,1,15,17,4576,4438,38,6,0,94,7,1,6
2021,Alperton,E05013496,15054,8992,57,148,6711,493,1583,1737,791,738,208,396,83,57,97,159,2777,850,152,8,50,1717,1152,463,689
2021,Barnhill,E05013497,11419,3657,83,127,1912,667,868,2327,1335,633,359,466,115,71,110,170,3309,1230,160,8,79,1832,1660,1012,648
2021,Brondesbury Park,E05013498,13435,2082,69,141,816,465,591,1548,791,616,141,982,264,150,143,425,7198,3949,475,7,133,2634,1625,989,636
2021,Cricklewood & Mapesbury,E05013499,14152,2729,106,152,727,704,1040,1910,1112,542,256,927,286,166,142,333,6924,3255,575,9,173,2912,1662,913,749
2021,Dollis Hill,E05013500,21847,5575,146,98,1706,1779,1846,4180,2374,1370,436,1214,198,281,246,489,7350,2716,962,12,210,3450,3528,2386,1142
2021,Harlesden & Kensal Green,E05013501,20076,2685,83,104,816,453,1229,5861,2905,2184,772,1497,249,307,376,565,8198,4146,635,21,207,3189,1835,861,974
2021,Kenton (Brent),E05013502,17688,8758,63,145,6924,586,1040,1317,495,658,164,516,112,69,118,217,5715,2390,398,6,93,2828,1382,673,709
2021,Kilburn (Brent),E05013503,17211,2225,67,266,572,342,978,4231,2517,1224,490,1236,244,233,290,469,7719,4014,580,20,104,3001,1800,1027,773
2021,Kingsbury (Brent),E05013504,11237,4109,128,296,1846,716,1123,1512,831,467,214,431,101,79,90,161,4208,1645,499,4,76,1984,977,512,465
2021,Northwick Park,E05013505,12367,6183,67,196,3763,935,1222,1260,535,586,139,437,140,41,75,181,3318,1406,364,7,45,1496,1169,544,625
2021,Preston (Brent),E05013506,12663,4862,105,154,2953,669,981,1389,792,450,147,439,124,45,68,202,4522,1429,278,14,97,2704,1451,787,664
2021,Queens Park (Brent),E05013507,17156,1802,92,119,747,207,637,2264,867,1129,268,1397,326,230,348,493,10560,6550,551,10,113,3336,1133,438,695
2021,Queensbury (Brent),E05013508,17189,7880,89,178,5518,786,1309,1442,760,528,154,535,175,59,96,205,5913,1991,331,10,190,3391,1419,668,751
2021,Roundwood,E05013509,16709,2887,94,90,910,752,1041,5505,2977,1890,638,1210,142,313,273,482,5313,2270,517,12,152,2362,1794,994,800
2021,Stonebridge,E05013510,20252,3505,127,125,1125,761,1367,8812,5321,2514,977,1164,112,270,357,425,4270,2026,348,33,58,1805,2501,1250,1251
2021,Sudbury,E05013511,13936,7035,91,88,4313,821,1722,1848,952,672,224,508,109,56,116,227,3401,1119,226,7,79,1970,1144,427,717
2021,Tokyngton,E05013512,10009,4843,139,55,3377,761,511,1975,688,1035,252,298,58,50,82,108,2192,752,192,17,47,1184,701,343,358
2021,Welsh Harp,E05013513,17920,5200,157,89,2698,856,1400,2840,1484,1018,338,771,153,136,181,301,7139,2601,849,18,161,3510,1970,1190,780
2021,Wembley Central,E05013514,17926,12490,90,53,10163,755,1429,1819,831,747,241,416,86,61,85,184,2159,801,130,2,45,1181,1042,353,689
2021,Wembley Hill,E05013515,15064,7684,136,127,5553,718,1150,1898,864,821,213,548,117,114,111,206,3778,1226,190,10,75,2277,1156,529,627
2021,Wembley Park,E05013516,7549,2465,65,437,1373,198,392,1001,622,298,81,457,122,81,101,153,3046,1420,163,0,44,1419,580,280,300
2021,Willesden Green,E05013517,18957,3867,135,200,1634,795,1103,2815,1226,1135,454,1407,292,316,270,529,8691,3822,738,5,291,3835,2177,1284,893
2021,Central Greenford,E05013518,14352,4249,138,143,1950,674,1344,1465,657,650,158,645,170,65,189,221,6300,2770,336,1,42,3151,1693,923,770
2021,Dormers Wells,E05013519,15611,9017,513,61,5163,1451,1829,2380,1509,586,285,424,97,48,138,141,2104,1098,124,15,21,846,1686,358,1328
2021,Ealing Broadway,E05013520,13918,2768,54,373,1002,160,1179,648,335,250,63,856,277,91,124,364,8447,4659,434,3,69,3282,1199,423,776
2021,Ealing Common,E05013521,15945,2568,59,306,940,341,922,1115,657,350,108,987,309,104,199,375,9956,6038,470,4,95,3349,1319,592,727
2021,East Acton,E05013522,15210,2064,84,187,510,439,844,2191,1323,635,233,1062,236,171,230,425,7400,3656,294,13,198,3239,2493,1769,724
2021,Greenford Broadway,E05013523,17384,4852,116,94,1792,913,1937,2615,1307,1000,308,1029,236,145,330,318,6923,3698,424,21,36,2744,1965,858,1107
2021,Hanger Hill,E05013524,17042,3697,122,371,1324,488,1392,860,551,240,69,965,359,133,153,320,8703,4530,387,4,105,3677,2817,1665,1152
2021,Hanwell Broadway,E05013525,15292,2124,59,160,752,402,751,1723,986,571,166,1054,285,147,308,314,9246,5593,687,2,80,2884,1145,450,695
2021,Lady Margaret,E05013526,15785,9886,217,37,5725,1702,2205,1127,444,553,130,408,126,48,95,139,2442,1139,166,3,8,1126,1922,287,1635
2021,North Acton,E05013527,19044,3461,96,640,737,489,1499,2145,1230,689,226,1155,279,188,269,419,9865,5197,464,72,144,3988,2418,1446,972
2021,North Greenford,E05013528,15556,5771,136,205,2657,1069,1704,1728,713,824,191,657,182,66,181,228,5926,2573,354,0,42,2957,1474,652,822
2021,North Hanwell,E05013529,15040,2549,34,157,847,404,1107,1904,1037,702,165,1179,330,156,314,379,8118,4752,566,12,31,2757,1290,538,752
2021,Northfield (Ealing),E05013530,14266,1802,54,273,776,200,499,758,454,248,56,917,393,104,150,270,10187,6612,667,2,67,2839,602,224,378
2021,Northolt Mandeville,E05013531,17532,5024,103,184,1610,657,2470,2673,1354,1048,271,874,186,121,319,248,7128,3943,302,20,52,2811,1833,721,1112
2021,Northolt West End,E05013532,16535,4509,129,92,1487,808,1993,3204,1918,955,331,971,158,120,406,287,5907,3752,247,18,49,1841,1944,800,1144
2021,Norwood Green,E05013533,16095,8470,252,50,5380,1216,1572,2353,1678,477,198,586,158,72,167,189,2831,1695,157,17,16,946,1855,346,1509
2021,Perivale,E05013534,16185,4890,146,166,2247,765,1566,1381,577,607,197,706,175,77,176,278,6488,2669,334,4,58,3423,2720,1594,1126
2021,Pitshanger,E05013535,15167,2408,75,174,944,351,864,1975,1324,452,199,943,299,90,194,360,8405,5294,507,15,30,2559,1436,586,850
2021,South Acton,E05013536,16819,2265,77,322,586,286,994,2811,1858,677,276,1124,278,172,221,453,8854,4889,420,6,117,3422,1765,914,851
2021,Southall Broadway,E05013537,10827,8661,365,15,5594,1454,1233,655,450,150,55,154,48,11,32,63,490,238,29,1,10,212,867,51,816
2021,Southall Green,E05013538,15694,11579,323,20,8429,1282,1525,1195,782,320,93,301,109,35,51,106,802,395,45,6,2,354,1817,140,1677
2021,Southall West,E05013539,6583,4965,436,8,2955,693,873,536,390,95,51,124,35,23,25,41,305,167,10,6,3,119,653,57,596
2021,Southfield,E05013540,16474,1606,33,263,542,166,602,1109,528,474,107,1083,368,131,171,413,11719,7503,470,0,83,3663,957,385,572
2021,Walpole,E05013541,14755,2057,62,225,857,305,608,942,515,343,84,959,352,128,157,322,9911,6405,618,2,68,2818,886,324,562
2021,Belmont (Harrow),E05013542,9022,4578,38,93,3419,264,764,419,222,157,40,267,92,24,44,107,3201,1888,196,0,26,1091,557,265,292
2021,Canons,E05013543,9734,3828,62,164,2704,226,672,529,413,75,41,262,91,39,31,101,4263,2731,106,10,52,1364,852,190,662
2021,Centenary,E05013544,15201,8586,90,130,6223,433,1710,826,508,237,81,321,111,45,51,114,4516,1856,265,12,126,2257,952,276,676
2021,Edgware (Harrow),E05013545,15709,6650,133,195,4406,525,1391,1194,836,266,92,477,125,63,91,198,6127,1969,273,15,171,3699,1261,435,826
2021,Greenhill (Harrow),E05013546,11015,5302,69,241,3391,453,1148,767,413,279,75,498,157,50,99,192,3673,1581,199,11,51,1831,775,279,496
2021,Harrow on the Hill,E05013547,10783,3882,52,226,2200,405,999,926,540,263,123,526,184,69,86,187,4658,2907,282,6,24,1439,791,254,537
2021,Harrow Weald,E05013548,14342,5157,131,98,2980,518,1430,1330,632,508,190,527,140,52,164,171,5993,3845,528,15,32,1573,1335,621,714
2021,Hatch End,E05013549,9821,4354,31,82,3253,308,680,691,532,112,47,346,113,46,73,114,3980,2894,246,3,24,813,450,122,328
2021,Headstone,E05013550,14883,7058,106,183,4610,644,1515,894,408,391,95,795,277,65,149,304,5122,3146,315,9,52,1600,1014,335,679
2021,Kenton East,E05013551,13613,7227,42,56,5676,349,1104,787,309,382,96,335,89,37,100,109,4442,1587,214,8,86,2547,822,296,526
2021,Kenton West,E05013552,9990,5665,45,42,4612,328,638,559,162,333,64,259,92,30,61,76,2995,1385,210,13,29,1358,512,217,295
2021,Marlborough,E05013553,11990,4935,95,181,2501,876,1282,893,485,326,82,665,181,86,180,218,4724,2058,306,10,108,2242,773,284,489
2021,North Harrow,E05013554,8991,4376,40,95,2920,369,952,547,302,198,47,364,143,56,57,108,3098,1731,186,5,30,1146,606,215,391
2021,Pinner,E05013555,13134,5097,107,123,3509,440,918,701,431,206,64,568,235,42,99,192,6099,4597,381,1,32,1088,669,193,476
2021,Pinner South,E05013556,15740,7378,131,204,5002,567,1474,557,304,201,52,594,301,46,76,171,6342,4792,337,1,17,1195,869,149,720
2021,Rayners Lane,E05013557,9148,5135,50,76,2784,336,1889,447,200,186,61,292,120,24,70,78,2330,1311,106,6,24,883,944,169,775
2021,Roxbourne,E05013558,9905,4460,72,50,2070,429,1839,1312,781,387,144,406,82,49,128,147,2842,1823,119,8,17,875,885,281,604
2021,Roxeth,E05013559,15864,7432,180,177,3194,556,3325,1565,778,620,167,584,167,70,155,192,4698,2375,286,11,73,1953,1585,426,1159
2021,Stanmore,E05013560,13495,5442,95,165,3368,817,997,949,616,207,126,455,146,48,109,152,5714,3966,221,15,39,1473,935,274,661
2021,Wealdstone North,E05013561,10488,4548,126,69,2342,719,1292,1205,564,519,122,396,73,60,107,156,3448,1679,339,5,54,1371,891,427,464
2021,Wealdstone South,E05013562,7955,3292,59,47,1848,265,1073,940,500,319,121,305,72,39,68,126,2869,1081,216,11,303,1258,549,255,294
2021,West Harrow,E05013563,10362,3763,64,84,1734,437,1444,1107,646,337,124,587,149,59,189,190,4098,2365,277,4,49,1403,807,278,529
2021,Belmore,E05013564,17491,10324,438,34,5875,1183,2794,1669,1106,378,185,471,145,63,133,130,3178,2070,157,5,23,923,1849,163,1686
2021,Charville,E05013565,11512,4260,141,28,2072,618,1401,1121,617,351,153,399,122,62,96,119,4612,3659,182,11,31,729,1120,186,934
2021,Colham & Cowley,E05013566,19135,5211,432,207,2274,847,1451,2143,1334,645,164,1040,260,161,244,375,9635,7579,317,30,60,1649,1106,330,776
2021,Eastcote,E05013567,16910,4300,71,292,3016,343,578,559,304,208,47,742,268,69,164,241,10748,8905,472,6,10,1355,561,183,378
2021,Harefield Village,E05013568,5743,583,9,26,380,27,141,160,91,49,20,233,86,42,55,50,4658,4191,137,22,5,303,109,24,85
2021,Hayes Town,E05013569,14998,7551,266,153,4241,1147,1744,1966,1522,317,127,564,162,106,109,187,3627,2203,181,10,39,1194,1290,279,1011
2021,Heathrow Villages,E05013570,14041,6054,140,90,3833,955,1036,909,630,183,96,580,165,122,128,165,5567,3377,109,34,52,1995,931,179,752
2021,Hillingdon East,E05013571,15804,4938,201,192,2773,645,1127,1036,596,333,107,752,235,78,196,243,8044,6511,291,12,29,1201,1034,301,733
2021,Hillingdon West,E05013572,9688,2871,156,189,1531,419,576,547,333,136,78,516,149,68,89,210,5128,3723,199,7,38,1161,626,244,382
2021,Ickenham & South Harefield,E05013573,15515,3592,53,214,2436,383,506,346,191,118,37,568,233,44,114,177,10381,8985,333,10,15,1038,628,228,400
2021,Northwood (Hillingdon),E05013574,11309,4128,53,156,2997,344,578,492,313,111,68,465,206,50,73,136,5825,4360,187,1,22,1255,399,80,319
2021,Northwood Hills,E05013575,11772,4008,44,152,2731,385,696,528,309,150,69,469,175,52,107,135,6197,4666,181,12,38,1300,570,134,436
2021,Pinkwell,E05013576,16707,9142,188,88,5663,1510,1693,1750,1281,284,185,523,167,86,100,170,3600,2439,152,18,23,968,1692,262,1430
2021,Ruislip,E05013577,15438,2509,72,158,1639,229,411,343,164,139,40,687,288,79,154,166,11428,9656,518,1,8,1245,471,109,362
2021,Ruislip Manor,E05013578,10980,1845,51,151,1074,155,414,361,160,165,36,496,193,41,106,156,7980,6344,540,4,22,1070,298,60,238
2021,South Ruislip,E05013579,16840,4055,95,242,2353,355,1010,911,459,358,94,859,273,86,233,267,10200,7873,568,4,57,1698,815,272,543
2021,Uxbridge,E05013580,17961,4565,597,375,1776,896,921,1436,1022,300,114,1125,316,199,246,364,9762,7109,358,27,64,2204,1073,370,703
2021,West Drayton,E05013581,18434,5628,268,163,3087,976,1134,1651,1200,294,157,890,254,150,242,244,9318,6967,211,119,49,1972,947,289,658
2021,Wood End,E05013582,19800,8335,304,53,4124,1516,2338,2787,1915,628,244,800,210,131,207,252,5961,4460,205,42,26,1228,1917,316,1601
2021,Yeading,E05013583,13413,4906,162,110,2064,749,1821,2071,1449,392,230,655,169,114,198,174,4642,3242,151,7,34,1208,1139,258,881
2021,Yiewsley,E05013584,12406,3126,307,109,1401,561,748,1168,845,216,107,526,125,96,155,150,6892,5053,135,96,46,1562,694,193,501
2021,Alexandra Park,E05013585,8840,571,41,115,192,68,155,595,360,176,59,642,223,58,107,254,6598,4811,265,0,10,1512,434,40,394
2021,Bounds Green,E05013586,9832,884,157,114,276,80,257,1494,852,469,173,647,133,98,200,216,6011,3087,280,1,56,2587,796,95,701
2021,Bruce Castle,E05013587,13476,1156,340,172,200,114,330,4717,2423,1857,437,944,103,162,348,331,5031,2224,152,29,71,2555,1628,132,1496
2021,Crouch End,E05013588,13040,745,50,139,271,59,226,770,293,353,124,936,325,103,166,342,9971,6874,427,2,73,2595,618,79,539
2021,Fortis Green,E05013589,12599,908,58,162,283,126,279,675,320,263,92,917,316,98,183,320,9353,6437,344,0,22,2550,746,86,660
2021,Harringay,E05013590,14564,1201,207,153,368,131,342,1370,633,575,162,1115,249,142,343,381,9516,4856,389,18,185,4068,1362,112,1250
2021,Hermitage & Gardens,E05013591,8436,787,219,120,215,49,184,1350,770,452,128,602,164,80,139,219,4781,2368,220,7,123,2063,916,120,796
2021,Highgate (Haringey),E05013592,12764,1045,71,163,455,47,309,570,295,210,65,931,325,73,139,394,9597,6465,385,2,37,2708,621,89,532
2021,Hornsey,E05013593,15035,1001,161,112,366,53,309,1838,907,712,219,1180,307,138,338,397,10051,6890,488,3,45,2625,965,102,863
2021,Muswell Hill,E05013594,8777,541,17,115,215,47,147,349,176,141,32,665,264,80,94,227,6828,4612,231,2,40,1943,394,36,358
2021,Noel Park,E05013595,13709,1724,408,361,385,176,394,2620,1375,915,330,870,155,130,272,313,6987,3107,223,19,202,3436,1508,199,1309
2021,Northumberland Park,E05013596,14706,1096,280,69,179,172,396,5359,3035,1650,674,1062,92,219,408,343,5334,2047,136,22,80,3049,1855,139,1716
2021,St Ann's (Haringey),E05013597,10588,1209,448,131,246,81,303,2063,1166,666,231,666,97,86,218,265,5389,2611,205,23,129,2421,1261,104,1157
2021,Seven Sisters,E05013598,9236,745,193,86,163,34,269,2383,1325,748,310,568,75,84,164,245,4275,2107,156,14,93,1905,1265,75,1190
2021,South Tottenham,E05013599,16820,1216,231,283,220,102,380,3728,1850,1490,388,1109,104,118,512,375,8380,4837,169,7,204,3163,2387,137,2250
2021,Stroud Green,E05013600,10794,540,61,83,158,79,159,1143,534,454,155,806,213,133,220,240,7692,5382,396,0,35,1879,613,60,553
2021,Tottenham Central,E05013601,14740,1408,372,205,270,117,444,3801,2055,1353,393,1172,220,150,369,433,6863,3097,258,29,119,3360,1496,99,1397
2021,Tottenham Hale,E05013602,12174,1503,202,480,290,209,322,3340,1940,1035,365,762,101,121,237,303,5204,2284,168,13,111,2628,1365,164,1201
2021,West Green,E05013603,14971,1612,471,281,357,165,338,2950,1736,877,337,1029,185,152,315,377,7589,3511,278,13,120,3667,1791,284,1507
2021,White Hart Lane,E05013604,13880,1668,533,230,291,161,453,3097,1583,1162,352,978,115,186,294,383,6261,3015,247,15,71,2913,1876,194,1682
2021,Woodside (Haringey),E05013605,15234,1512,295,276,436,87,418,2248,1223,780,245,955,149,162,259,385,8869,3681,281,14,177,4716,1650,172,1478
2021,Bedfont,E05013606,15151,4718,112,64,2316,844,1382,1315,1029,149,137,616,176,120,135,185,7733,5625,91,26,58,1933,769,178,591
2021,Brentford East,E05013607,8695,1470,44,168,526,218,514,1324,910,205,209,667,122,106,189,250,4311,2729,160,6,42,1374,923,310,613
2021,Brentford West,E05013608,7877,969,30,64,354,193,328,673,459,160,54,494,146,70,102,176,5297,3458,289,3,38,1509,444,173,271
2021,Chiswick Gunnersbury,E05013609,12696,1660,52,292,553,194,569,521,337,120,64,879,274,109,152,344,8714,5398,442,2,75,2797,922,480,442
2021,Chiswick Homefields,E05013610,13744,1287,29,256,471,139,392,753,394,298,61,834,302,85,164,283,10203,6956,399,3,76,2769,667,236,431
2021,Chiswick Riverside,E05013611,10303,995,29,120,414,117,315,466,274,129,63,745,240,87,152,266,7534,5180,292,3,31,2028,563,226,337
2021,Cranford,E05013612,16027,9163,159,45,6035,1480,1444,1268,1004,135,129,488,160,82,100,146,3736,2034,53,57,53,1539,1372,263,1109
2021,Feltham North,E05013613,12901,4811,132,83,2074,718,1804,942,601,134,207,454,125,72,94,163,5829,4228,99,17,23,1462,865,208,657
2021,Feltham West,E05013614,16227,4517,90,239,2339,629,1220,1462,1025,271,166,801,199,165,211,226,8625,6323,161,34,60,2047,822,242,580
2021,Hanworth Park,E05013615,10403,2677,76,82,1252,479,788,681,480,123,78,585,153,125,157,150,5909,4377,85,1,34,1412,551,137,414
2021,Hanworth Village,E05013616,16265,3996,285,102,1467,901,1241,1493,1074,249,170,769,203,145,174,247,8970,6728,99,19,36,2088,1037,333,704
2021,Heston Central,E05013617,14532,9038,194,70,5794,1512,1468,738,555,91,92,456,151,86,57,162,2857,1405,101,2,42,1307,1443,221,1222
2021,Heston East,E05013618,11158,6509,105,70,4071,1074,1189,706,545,93,68,363,126,36,63,138,2398,1095,88,2,41,1172,1182,170,1012
2021,Heston West,E05013619,15730,9244,132,54,5531,1731,1796,1474,1218,134,122,452,126,94,68,164,2555,1488,73,15,23,956,2005,147,1858
2021,Hounslow Central,E05013620,10659,6379,198,116,4530,702,833,574,434,97,43,375,162,66,48,99,2637,964,28,17,40,1588,694,187,507
2021,Hounslow East,E05013621,8672,4224,151,75,2583,579,836,661,452,145,64,386,131,70,57,128,2697,1306,61,25,42,1263,704,223,481
2021,Hounslow Heath,E05013622,16073,8975,305,89,5104,1986,1491,983,691,178,114,597,194,78,104,221,4442,2096,94,22,40,2190,1076,263,813
2021,Hounslow South,E05013623,13744,4475,115,137,2651,804,768,640,400,157,83,671,243,86,122,220,7156,4699,272,3,29,2153,802,213,589
2021,Hounslow West,E05013624,15915,9930,164,47,6913,1254,1552,795,598,121,76,489,152,87,93,157,3531,1564,120,24,56,1767,1170,186,984
2021,Isleworth,E05013625,13800,2494,93,169,1017,441,774,1543,1188,202,153,740,205,120,174,241,8254,5881,292,8,39,2034,769,296,473
2021,Osterley & Spring Grove,E05013626,14661,5718,106,156,3697,983,776,757,494,192,71,736,276,108,113,239,6259,3499,298,0,68,2394,1191,339,852
2021,Syon & Brentford Lock,E05013627,12948,2597,96,166,1134,478,723,1033,731,186,116,923,262,146,199,316,7441,4900,293,10,35,2203,954,431,523
2021,Barnet Vale,E05013628,16870,2422,88,277,1117,176,764,1123,847,188,88,984,312,149,187,336,11311,8195,543,2,30,2541,1030,137,893
2021,Brunswick Park,E05013629,16210,2982,210,314,1436,252,770,843,465,261,117,1023,297,89,200,437,9731,6210,422,4,37,3058,1631,136,1495
2021,Burnt Oak,E05013630,21856,5616,203,756,1518,490,2649,3611,2858,440,313,1326,259,468,244,355,9401,5056,458,21,144,3722,1902,608,1294
2021,Childs Hill,E05013631,19629,3520,104,387,1217,325,1487,1274,995,183,96,1010,330,170,113,397,11417,6322,292,2,111,4690,2408,589,1819
2021,Colindale North,E05013632,12062,2846,109,513,668,302,1254,2571,2130,229,212,703,120,230,119,234,4636,2329,125,33,41,2108,1306,435,871
2021,Colindale South,E05013633,19411,6617,189,1298,1997,730,2403,2228,1705,309,214,1085,240,221,185,439,7245,2896,250,10,99,3990,2236,707,1529
2021,Cricklewood,E05013634,10724,1946,163,220,390,260,913,1519,1162,204,153,771,166,178,131,296,4654,2301,305,10,87,1951,1834,1001,833
2021,East Barnet,E05013635,18140,2151,104,257,842,169,779,996,627,227,142,1161,279,160,281,441,12309,9045,391,33,48,2792,1523,137,1386
2021,East Finchley,E05013636,16638,2169,175,243,932,164,655,1177,860,202,115,1088,316,154,196,422,10947,7122,502,3,52,3268,1257,176,1081
2021,Edgware (Barnet),E05013637,19996,4678,142,440,2482,455,1159,1470,1043,277,150,787,225,135,128,299,11093,7267,206,3,65,3552,1968,391,1577
2021,Edgwarebury,E05013638,12111,2424,92,207,1227,241,657,1132,896,137,99,478,116,99,90,173,6937,4992,124,0,36,1785,1140,206,934
2021,Finchley Church End,E05013639,18842,3133,81,270,1424,214,1144,898,693,134,71,885,286,137,99,363,11702,7305,262,10,72,4053,2224,202,2022
2021,Friern Barnet,E05013640,19446,3010,174,387,1269,244,936,1654,1081,354,219,1390,346,216,287,541,11897,7194,492,11,83,4117,1495,218,1277
2021,Garden Suburb,E05013641,12211,1398,57,157,488,174,522,339,250,64,25,543,194,56,66,227,8577,5815,129,1,24,2608,1354,107,1247
2021,Golders Green,E05013642,14744,1685,48,167,615,153,702,455,339,64,52,412,95,64,54,199,10272,6540,104,2,124,3502,1920,222,1698
2021,Hendon (Barnet),E05013643,21983,3057,88,354,1202,278,1135,1475,1115,217,143,828,205,164,129,330,13904,7822,254,0,147,5681,2719,383,2336
2021,High Barnet,E05013644,11930,1538,45,203,764,110,416,673,529,88,56,586,216,98,78,194,8560,6743,425,0,16,1376,573,45,528
2021,Mill Hill (Barnet),E05013645,18305,3455,132,495,1371,402,1055,1573,1071,359,143,930,299,182,127,322,10613,7408,335,8,49,2813,1734,256,1478
2021,Totteridge & Woodside,E05013646,14491,3595,72,539,1659,259,1066,752,603,97,52,742,292,99,88,263,8124,5560,235,0,32,2297,1278,163,1115
2021,Underhill,E05013647,12373,1894,121,274,758,146,595,1110,791,152,167,812,221,142,219,230,7840,5941,358,1,49,1491,717,118,599
2021,West Finchley,E05013648,19430,4804,132,515,2412,283,1462,887,577,211,99,1074,470,133,118,353,10821,6158,419,10,61,4173,1844,200,1644
2021,West Hendon,E05013649,17252,4908,137,542,2251,510,1468,1548,1110,274,164,835,202,193,139,301,8109,3328,285,1,90,4405,1852,565,1287
2021,Whetstone,E05013650,10770,2115,113,286,998,123,595,479,333,88,58,578,197,75,89,217,6729,4532,356,2,29,1810,869,74,795
2021,Woodhouse (Barnet),E05013651,13914,3010,97,332,1354,223,1004,871,588,198,85,850,348,132,134,236,7928,4697,367,12,30,2822,1255,306,949
2021,Belsize,E05013652,12300,1603,66,361,569,106,501,269,185,48,36,820,324,87,88,321,8850,4477,241,0,47,4085,758,144,614
2021,Bloomsbury,E05013653,11098,2977,640,1049,602,111,575,636,492,84,60,826,312,112,99,303,6035,3253,211,5,53,2513,624,232,392
2021,Camden Square,E05013654,7558,1200,657,163,111,39,230,961,751,133,77,527,131,83,141,172,4469,2875,181,3,38,1372,401,121,280
2021,Camden Town,E05013655,6390,1121,504,163,173,50,231,756,524,146,86,442,113,67,93,169,3672,2178,179,14,32,1269,399,138,261
2021,Fortune Green,E05013656,11409,1609,354,212,497,85,461,822,581,137,104,791,216,110,133,332,7287,4154,363,6,67,2697,900,325,575
2021,Frognal,E05013657,7721,1248,128,245,456,94,325,262,182,41,39,471,210,57,48,156,5197,2769,127,0,43,2258,543,97,446
2021,Gospel Oak,E05013658,11621,1805,924,147,285,49,400,1140,862,151,127,761,216,104,164,277,7226,4776,359,25,49,2017,689,136,553
2021,Hampstead Town,E05013659,8018,704,57,137,270,15,225,165,119,28,18,476,218,34,50,174,6259,3729,201,0,38,2291,414,68,346
2021,Haverstock,E05013660,12036,2178,1275,196,245,88,374,1489,1137,217,135,796,237,112,169,278,6817,4390,328,13,58,2028,756,194,562
2021,Highgate (Camden),E05013661,10225,689,305,84,106,15,179,706,470,154,82,697,169,71,204,253,7574,5694,280,2,7,1591,559,86,473
2021,Holborn & Covent Garden,E05013662,10360,2612,1361,579,232,79,361,951,717,118,116,652,176,105,108,263,5472,3230,196,4,53,1989,673,218,455
2021,Kentish Town North,E05013663,7153,660,282,100,134,21,123,524,338,117,69,512,140,78,116,178,5146,3552,293,5,31,1265,311,70,241
2021,Kentish Town South,E05013664,10424,1393,645,207,206,48,287,1163,877,163,123,744,192,119,180,253,6571,4265,371,12,26,1897,553,150,403
2021,Kilburn (Camden),E05013665,12058,1989,661,199,348,112,669,1837,1407,251,179,790,171,200,153,266,5983,3172,393,5,89,2324,1459,784,675
2021,King's Cross,E05013666,11459,3632,1444,985,444,157,602,1196,906,170,120,793,202,166,128,297,5087,2727,201,6,43,2110,751,232,519
2021,Primrose Hill,E05013667,12542,2017,387,278,546,126,680,896,712,107,77,711,269,66,107,269,7994,4614,304,3,70,3003,924,298,626
2021,Regent's Park (Camden),E05013668,11928,3109,1646,476,298,112,577,1512,1192,150,170,757,186,141,169,261,5706,3436,204,8,53,2005,844,312,532
2021,St Pancras & Somers Town,E05013669,12513,3684,2315,505,282,82,500,1935,1571,170,194,824,212,136,190,286,5251,3277,252,9,69,1644,819,253,566
2021,South Hampstead,E05013670,12160,2108,374,382,631,96,625,789,566,144,79,787,301,102,87,297,7567,3869,260,1,52,3385,909,285,624
2021,West Hampstead,E05013671,11161,1698,329,260,517,128,464,889,603,175,111,756,244,108,130,274,6905,3912,381,8,61,2543,913,274,639
2021,Arnos Grove,E05013672,8218,1271,119,114,687,121,230,424,218,146,60,607,165,230,59,153,5106,2935,273,9,10,1879,810,74,736
2021,Bowes,E05013673,10789,1475,272,94,563,191,355,1323,735,450,138,546,92,71,139,244,5847,2134,116,6,39,3552,1598,93,1505
2021,Brimsdown,E05013674,16254,1776,584,66,297,187,642,3947,2339,1143,465,925,121,162,310,332,7121,4280,165,17,56,2603,2485,164,2321
2021,Bullsmoor,E05013675,11457,875,206,73,191,77,328,2622,1612,676,334,791,100,118,214,359,5536,3779,110,20,40,1587,1633,50,1583
2021,Bush Hill Park,E05013676,12712,1443,154,72,552,209,456,1070,484,457,129,709,202,89,135,283,8127,5607,392,13,25,2090,1363,63,1300
2021,Carterhatch,E05013677,12367,1447,661,45,193,56,492,3125,2130,642,353,688,79,111,250,248,5191,3442,73,23,28,1625,1916,80,1836
2021,Cockfosters,E05013678,10606,1531,98,155,762,115,401,574,376,144,54,570,171,82,133,184,6808,4451,217,3,6,2131,1123,53,1070
2021,Edmonton Green,E05013679,17132,2066,726,106,435,148,651,5788,3759,1355,674,906,146,148,306,306,5751,2743,95,29,69,2815,2621,207,2414
2021,Enfield Lock,E05013680,17821,1254,247,84,254,132,537,5291,3349,1333,609,1248,115,232,420,481,7621,4605,126,30,58,2802,2407,165,2242
2021,Grange Park,E05013681,9363,843,39,86,415,94,209,525,243,211,71,497,142,46,126,183,6681,4699,344,6,25,1607,817,38,779
2021,Haselbury,E05013682,18133,2427,686,63,662,179,837,4607,2546,1530,531,829,119,147,240,323,7563,3235,144,41,86,4057,2707,150,2557
2021,Highfield (Enfield),E05013683,9249,1448,179,40,646,214,369,1172,623,432,117,554,144,76,111,223,4724,2266,175,3,11,2269,1351,93,1258
2021,Jubilee (Enfield),E05013684,16542,2043,659,59,480,156,689,4395,2547,1301,547,765,103,97,244,321,6424,3365,173,28,143,2715,2915,127,2788
2021,Lower Edmonton,E05013685,16553,1886,460,103,418,117,788,5557,3313,1596,648,955,127,180,255,393,5752,2764,166,31,80,2711,2403,154,2249
2021,New Southgate,E05013686,11907,1760,218,182,777,160,423,1240,761,353,126,739,202,95,201,241,7194,3767,285,6,56,3080,974,130,844
2021,Oakwood (Enfield),E05013687,8745,1450,129,142,737,118,324,549,283,208,58,591,170,88,118,215,5170,3193,185,16,7,1769,985,54,931
2021,Palmers Green,E05013688,11010,986,124,75,387,195,205,820,427,310,83,658,157,95,111,295,7499,3876,341,4,18,3260,1047,80,967
2021,Ponders End,E05013689,13683,2399,1309,55,259,411,365,4579,3220,891,468,623,64,100,165,294,4200,2169,125,15,71,1820,1882,100,1782
2021,Ridgeway (Enfield),E05013690,12536,1036,104,121,412,76,323,902,495,270,137,701,195,79,160,267,8962,6868,315,1,28,1750,935,55,880
2021,Southbury,E05013691,15907,1596,252,151,532,106,555,2588,1480,764,344,1279,258,173,354,494,8950,5828,369,25,68,2660,1494,119,1375
2021,Southgate (Enfield),E05013692,14514,2141,134,384,853,224,546,788,432,269,87,885,230,126,179,350,9206,5061,360,1,46,3738,1494,91,1403
2021,Town (Enfield),E05013693,13518,1005,146,144,343,66,306,1211,602,450,159,933,191,119,250,373,9545,6987,502,2,30,2024,824,60,764
2021,Upper Edmonton,E05013694,16726,2181,446,127,364,182,1062,5363,3373,1426,564,906,142,150,285,329,5812,2490,139,31,85,3067,2464,207,2257
2021,Whitewebbs,E05013695,13842,753,110,59,254,40,290,1548,886,427,235,911,183,127,288,313,9634,7700,322,1,13,1598,996,76,920
2021,Winchmore Hill,E05013696,10397,877,61,88,396,103,229,508,232,208,68,741,199,55,109,378,7459,4896,460,10,21,2072,812,51,761
2021,Arsenal,E05013697,13125,1208,324,253,207,74,350,1752,1148,408,196,1011,304,127,234,346,8304,5311,483,9,59,2442,850,152,698
2021,Barnsbury,E05013698,11711,1002,221,277,234,48,222,983,574,263,146,884,177,121,229,357,8339,5699,420,5,29,2186,503,113,390
2021,Bunhill,E05013699,11164,1614,208,574,346,66,420,1427,990,288,149,695,190,93,153,259,6519,3895,223,1,62,2338,909,195,714
2021,Caledonian,E05013700,11580,1855,719,496,226,61,353,1792,1133,436,223,903,187,137,190,389,6099,3459,308,0,74,2258,931,190,741
2021,Canonbury,E05013701,12666,849,243,164,184,40,218,1509,869,471,169,958,200,123,288,347,8560,5620,422,6,34,2478,790,142,648
2021,Clerkenwell,E05013702,10954,1215,187,409,237,79,303,1162,831,216,115,665,186,93,155,231,7028,4421,337,0,34,2236,884,123,761
2021,Finsbury Park,E05013703,14647,1904,566,404,195,111,628,2904,1969,613,322,1041,211,176,286,368,7330,4390,404,11,107,2418,1468,265,1203
2021,Highbury,E05013704,13807,895,210,168,241,41,235,1497,997,365,135,924,301,100,199,324,9675,6500,525,5,21,2624,816,122,694
2021,Hillrise,E05013705,14967,1064,361,135,216,42,310,2352,1292,748,312,1145,196,161,360,428,9168,6029,591,7,74,2467,1238,261,977
2021,Holloway,E05013706,12736,1879,377,655,352,83,412,1706,1133,403,170,928,202,141,223,362,7221,4360,381,0,66,2414,1002,284,718
2021,Junction,E05013707,12853,1091,173,258,287,52,321,1722,1059,467,196,1098,240,259,230,369,8207,5260,573,11,49,2314,735,153,582
2021,Laycock,E05013708,12439,1318,526,214,207,52,319,1712,1011,462,239,1056,224,107,308,417,7549,5090,358,10,76,2015,804,180,624
2021,Mildmay,E05013709,14268,1063,405,151,203,50,254,2253,1465,507,281,1122,219,153,299,451,8814,5855,452,17,43,2447,1016,167,849
2021,St Mary's & St James' (Islington),E05013710,11888,964,273,224,201,29,237,1116,656,327,133,807,220,101,199,287,8296,5265,385,3,44,2599,705,117,588
2021,St Peter's & Canalside,E05013711,11620,1436,424,366,286,50,310,1337,959,273,105,884,215,126,231,312,7195,4461,270,1,44,2419,768,180,588
2021,Tollington,E05013712,13762,1320,551,190,229,74,276,2036,1141,684,211,1024,233,128,284,379,8361,5215,545,12,64,2525,1021,188,833
2021,Tufnell Park,E05013713,12395,850,204,187,197,42,220,1479,863,436,180,1086,244,111,304,427,8090,5263,384,8,78,2357,890,159,731
2021,Bellingham (Lewisham),E05013714,11661,1126,68,139,188,48,683,4401,2061,1706,634,959,64,147,504,244,4558,3409,109,5,45,990,617,53,564
2021,Blackheath (Lewisham),E05013715,16431,1399,77,414,322,100,486,2926,1362,1146,418,1249,280,198,388,383,10236,7608,298,6,44,2280,621,119,502
2021,Brockley,E05013716,17497,1393,104,359,387,105,438,3872,1843,1541,488,1447,319,224,447,457,9971,7063,418,3,58,2429,814,98,716
2021,Catford South,E05013717,17258,2015,138,185,337,292,1063,5374,2044,2675,655,1335,167,217,508,443,7490,5412,281,0,34,1763,1044,62,982
2021,Crofton Park,E05013718,15428,924,51,160,225,190,298,2906,969,1525,412,1275,336,159,389,391,9758,7524,382,4,24,1824,565,51,514
2021,Deptford,E05013719,17002,2119,107,753,226,105,928,5897,3587,1568,742,1254,185,251,471,347,6703,4338,236,8,65,2056,1029,109,920
2021,Downham,E05013720,18358,1622,136,257,284,100,845,5184,2364,2068,752,1382,142,227,591,422,9338,7186,185,22,52,1893,832,87,745
2021,Evelyn,E05013721,14435,1960,95,768,234,69,794,4186,2606,1035,545,1002,157,175,300,370,6409,3392,203,0,125,2689,878,150,728
2021,Forest Hill,E05013722,15178,997,69,230,249,99,350,3042,1486,1157,399,1273,301,166,461,345,9280,7098,314,5,19,1844,586,51,535
2021,Grove Park,E05013723,15728,1392,94,313,317,108,560,3795,1789,1537,469,1262,154,192,505,411,8576,6539,215,18,60,1744,703,60,643
2021,Hither Green,E05013724,20149,1889,100,327,321,156,985,6652,2633,3033,986,1740,241,280,707,512,9018,6503,289,12,70,2144,850,149,701
2021,Ladywell,E05013725,15573,1332,66,298,214,211,543,3912,1663,1744,505,1334,243,193,461,437,8381,6237,326,5,63,1750,614,60,554
2021,Lee Green,E05013726,15015,1232,127,300,248,67,490,2539,1094,1089,356,1159,308,159,317,375,9491,7115,341,1,46,1988,594,75,519
2021,Lewisham Central,E05013727,8198,1489,61,590,399,41,398,1673,892,606,175,579,104,100,205,170,3934,2132,145,2,59,1596,523,95,428
2021,New Cross Gate,E05013728,11075,920,60,293,104,44,419,4241,2504,1230,507,973,231,126,345,271,4241,2725,100,0,41,1375,700,92,608
2021,Perry Vale,E05013729,18657,1217,117,217,285,120,478,4500,1729,2100,671,1568,355,222,515,476,10705,8393,339,7,40,1926,667,88,579
2021,Rushey Green,E05013730,19016,1793,206,236,261,311,779,5960,2652,2539,769,1652,266,334,524,528,8613,5565,235,9,107,2697,998,138,860
2021,Sydenham,E05013731,16975,1055,67,172,262,109,445,4389,2022,1805,562,1396,243,207,553,393,9474,7261,335,6,47,1825,661,50,611
2021,Telegraph Hill,E05013732,16914,1048,81,286,180,88,413,5021,2532,1777,712,1412,261,200,534,417,8574,6228,303,3,35,2005,859,88,771
2021,Addison,E05013733,7716,819,30,208,166,85,330,973,555,305,113,513,107,84,143,179,4745,2499,210,5,55,1976,666,261,405
2021,Avonmore,E05013734,7532,1035,25,236,267,86,421,713,433,195,85,512,141,78,100,193,4457,2366,185,3,66,1837,815,349,466
2021,Brook Green,E05013735,8249,826,24,265,190,75,272,552,335,171,46,571,171,82,93,225,5587,3095,229,2,74,2187,713,348,365
2021,College Park & Old Oak,E05013736,9982,1834,103,490,290,189,762,1859,937,675,247,765,106,123,291,245,4486,2596,235,19,95,1541,1038,443,595
2021,Coningham,E05013737,10582,970,109,173,173,127,388,1752,880,651,221,782,184,104,235,259,6258,3808,327,12,73,2038,820,312,508
2021,Fulham Reach,E05013738,12168,1527,62,285,418,122,640,1222,631,441,150,775,232,91,207,245,7984,4925,324,4,108,2623,660,215,445
2021,Fulham Town,E05013739,7392,445,29,111,129,33,143,436,285,99,52,425,144,38,97,146,5784,3672,215,0,46,1851,302,119,183
2021,Grove,E05013740,7247,740,31,219,177,71,242,617,325,234,58,438,125,46,108,159,5050,3228,260,2,38,1522,402,148,254
2021,Hammersmith Broadway,E05013741,7850,1089,78,282,185,96,448,1071,628,313,130,584,141,96,148,199,4492,2598,191,3,79,1621,614,246,368
2021,Lillie,E05013742,6710,831,78,161,155,114,323,920,571,238,111,404,88,53,117,146,4053,2304,147,2,68,1532,502,219,283
2021,Munster,E05013743,12135,739,42,151,205,57,284,712,372,230,110,668,215,94,112,247,9474,6062,357,1,97,2957,542,204,338
2021,Palace & Hurlingham,E05013744,11172,703,34,168,170,66,265,602,372,166,64,609,203,86,121,199,8721,5796,283,2,64,2576,537,231,306
2021,Parsons Green & Sandford,E05013745,7733,558,44,125,181,61,147,358,210,95,53,433,190,45,45,153,6004,3735,184,2,47,2036,380,187,193
2021,Ravenscourt,E05013746,6933,821,39,230,170,80,302,643,375,204,64,463,130,55,109,169,4527,2876,186,3,62,1400,479,170,309
2021,Sands End,E05013747,11131,1141,43,288,250,121,439,1332,802,365,165,880,187,139,245,309,6917,4394,230,1,80,2212,861,335,526
2021,Shepherd's Bush Green,E05013748,5570,663,55,99,118,67,324,1282,774,382,126,490,87,90,142,171,2642,1378,111,6,57,1090,493,220,273
2021,Walham Green,E05013749,7951,716,48,157,136,68,307,989,615,253,121,487,114,66,144,163,5216,3227,189,5,72,1723,543,241,302
2021,Wendell Park,E05013750,7423,545,22,71,163,40,249,921,562,239,120,517,161,91,122,143,4942,3212,265,2,32,1431,498,175,323
2021,West Kensington,E05013751,9305,1079,106,217,205,113,438,1279,742,393,144,631,139,112,157,223,5521,3087,222,8,143,2061,795,308,487
2021,White City,E05013752,10394,1331,190,188,157,199,597,2772,1949,584,239,786,157,125,224,280,4482,2493,202,6,78,1703,1023,418,605
2021,Wormholt,E05013753,7987,890,82,130,191,141,346,1448,890,393,165,593,118,85,198,192,4336,2752,257,7,53,1267,720,386,334
2021,Beddington,E05013754,11068,2178,102,177,768,348,783,1006,503,396,107,545,137,72,174,162,6948,6197,115,2,13,621,391,39,352
2021,Belmont (Sutton),E05013755,11863,2652,154,253,1176,468,601,571,357,148,66,555,204,55,124,172,7713,6327,158,3,25,1200,372,96,276
2021,Carshalton Central,E05013756,11540,1240,30,225,481,152,352,460,260,147,53,563,193,68,110,192,9090,7757,253,4,11,1065,187,47,140
2021,Carshalton South & Clockhouse,E05013757,9961,1406,26,192,634,186,368,518,303,147,68,409,130,45,105,129,7427,6779,166,11,8,463,201,20,181
2021,Cheam,E05013758,10811,2122,95,195,845,402,585,245,151,64,30,424,166,31,102,125,7674,6775,220,0,9,670,346,95,251
2021,Hackbridge,E05013759,6579,1013,43,101,322,225,322,698,396,222,80,444,89,59,151,145,4135,3183,55,3,12,882,289,58,231
2021,North Cheam,E05013760,11161,2113,77,253,614,311,858,272,151,87,34,380,141,34,89,116,7976,7084,209,0,12,671,420,86,334
2021,St Helier East,E05013761,8554,1236,58,76,209,281,612,719,429,186,104,467,109,48,174,136,5839,4946,83,14,14,782,293,44,249
2021,St Helier West,E05013762,12178,2253,105,120,386,467,1175,871,551,213,107,572,125,74,217,156,7964,6610,113,16,14,1211,518,60,458
2021,South Beddington & Roundshaw,E05013763,10913,2413,157,138,1040,352,726,1026,621,267,138,530,115,78,195,142,6519,5809,131,2,8,569,425,65,360
2021,Stonecot,E05013764,8280,1717,46,148,485,387,651,380,207,132,41,339,100,35,85,119,5494,4756,145,0,13,580,350,65,285
2021,Sutton Central,E05013765,12566,2344,164,423,623,336,798,1005,622,238,145,729,222,130,179,198,7920,5515,186,6,44,2169,568,171,397
2021,Sutton North,E05013766,11299,2277,131,340,705,412,689,618,399,132,87,543,171,76,125,171,7483,6032,157,10,22,1262,378,65,313
2021,Sutton South,E05013767,12249,2542,76,297,1050,505,614,705,453,147,105,557,180,55,152,170,7920,5760,182,8,42,1928,525,136,389
2021,Sutton West & East Cheam,E05013768,10905,1967,97,291,756,287,536,532,326,139,67,579,165,80,128,206,7441,5778,171,2,17,1473,386,42,344
2021,The Wrythe,E05013769,10943,1280,106,117,391,172,494,735,478,170,87,574,158,100,160,156,8075,6964,153,11,10,937,279,65,214
2021,Wallington North,E05013770,12239,1678,98,178,612,277,513,870,541,243,86,613,167,88,171,187,8762,7587,161,8,13,993,316,65,251
2021,Wallington South,E05013771,11049,2002,122,185,747,304,644,862,496,246,120,575,181,60,185,149,7323,6387,171,7,13,745,287,20,267
2021,Worcester Park North,E05013772,8428,1355,57,159,408,195,536,286,151,93,42,491,177,58,111,145,5965,4874,161,25,22,883,331,108,223
2021,Worcester Park South,E05013773,7070,1010,40,122,370,108,370,84,45,30,9,282,139,22,42,79,5486,4895,127,0,1,463,208,41,167
2021,Barnes (Richmond upon Thames),E05013774,10425,803,30,162,283,54,274,188,108,47,33,596,270,63,83,180,8440,6232,265,2,19,1922,398,113,285
2021,East Sheen,E05013775,10671,549,16,119,215,48,151,93,57,26,10,632,291,64,69,208,9032,7113,231,0,27,1661,365,101,264
2021,Fulwell & Hampton Hill,E05013776,10722,623,33,93,236,71,190,145,79,34,32,510,214,46,90,160,9223,7802,290,8,8,1115,221,58,163
2021,"Ham, Petersham & Richmond Riverside",E05013777,10828,975,60,211,272,121,311,217,149,46,22,661,231,83,104,243,8495,6026,174,4,18,2273,480,157,323
2021,Hampton (Richmond upon Thames),E05013778,10298,779,28,117,361,68,205,156,96,43,17,454,183,54,70,147,8706,7480,187,3,5,1031,203,48,155
2021,Hampton North,E05013779,9719,1061,66,125,407,107,356,300,200,50,50,584,193,90,119,182,7436,6135,187,31,10,1073,338,92,246
2021,Hampton Wick & South Teddington,E05013780,10751,703,42,138,270,54,199,189,116,58,15,552,210,59,95,188,9035,7457,228,1,19,1330,272,61,211
2021,Heathfield,E05013781,10411,2692,213,83,1272,469,655,482,310,109,63,526,179,57,125,165,6201,4957,212,7,12,1013,510,74,436
2021,Kew (Richmond upon Thames),E05013782,11837,1116,66,201,459,78,312,211,136,52,23,788,294,82,95,317,9210,6805,251,2,23,2129,512,159,353
2021,Mortlake & Barnes Common,E05013783,12033,727,45,133,225,60,264,259,167,55,37,628,202,74,107,245,10038,7748,310,0,35,1945,381,113,268
2021,North Richmond,E05013784,10633,1005,45,270,412,45,233,205,131,45,29,707,259,93,108,247,8254,6129,282,2,23,1818,462,122,340
2021,St Margarets & North Twickenham,E05013785,11945,954,21,216,406,98,213,156,101,41,14,651,280,66,80,225,9869,7570,350,1,16,1932,315,81,234
2021,South Richmond,E05013786,11083,983,30,223,403,52,275,147,70,54,23,639,298,68,87,186,8916,6205,330,7,43,2331,398,100,298
2021,South Twickenham,E05013787,10631,665,23,139,282,46,175,150,77,45,28,490,216,48,93,133,9161,7579,361,2,22,1197,165,41,124
2021,Teddington,E05013788,10564,516,23,150,187,26,130,135,82,40,13,486,191,71,68,156,9216,7734,258,4,20,1200,211,57,154
2021,Twickenham Riverside,E05013789,10998,647,57,142,229,44,175,197,118,45,34,595,259,59,80,197,9260,6726,323,0,44,2167,299,70,229
2021,West Twickenham,E05013790,11309,1051,60,134,475,115,267,231,143,66,22,644,266,64,95,219,9005,7314,286,1,23,1381,378,138,240
2021,Whitton (Richmond upon Thames),E05013791,10437,1629,62,126,842,195,404,227,120,86,21,523,204,66,87,166,7612,6080,340,10,31,1151,446,138,308
2021,Abbey Road,E05013792,13046,2426,141,336,867,242,840,506,369,92,45,806,288,81,66,371,7613,3671,240,2,47,3653,1695,828,867
2021,Bayswater,E05013793,12367,1763,185,469,394,100,615,561,378,130,53,924,307,108,148,361,8036,3753,222,4,162,3895,1083,534,549
2021,Church Street,E05013794,11673,3014,1914,240,210,149,501,1388,1030,263,95,611,106,140,113,252,3856,2011,130,4,56,1655,2804,1822,982
2021,Harrow Road,E05013795,11385,1486,577,126,255,81,447,2046,897,895,254,810,154,163,222,271,5268,2819,281,6,46,2116,1775,1045,730
2021,Hyde Park,E05013796,10319,2374,106,473,561,358,876,691,482,95,114,652,182,71,63,336,4830,2098,118,4,114,2496,1772,1188,584
2021,Knightsbridge & Belgravia,E05013797,11031,1851,200,520,518,126,487,596,366,179,51,615,207,135,59,214,6919,3480,185,1,82,3171,1050,604,446
2021,Lancaster Gate,E05013798,10948,1717,128,579,413,126,471,506,374,82,50,716,182,88,100,346,6602,2691,179,6,145,3581,1407,767,640
2021,Little Venice,E05013799,10367,1245,204,164,333,116,428,543,294,196,53,670,231,136,55,248,6304,3125,210,1,73,2895,1605,922,683
2021,Maida Vale,E05013800,11661,1399,326,184,348,117,424,794,499,206,89,839,245,124,102,368,6793,3442,268,1,101,2981,1836,1077,759
2021,Marylebone,E05013801,12160,1872,199,468,623,155,427,327,224,64,39,742,277,116,51,298,7924,3412,180,2,110,4220,1295,765,530
2021,Pimlico North,E05013802,10321,1277,262,261,299,77,378,755,516,177,62,614,139,93,143,239,6829,4323,211,2,85,2208,846,393,453
2021,Pimlico South,E05013803,10691,1645,568,326,220,68,463,940,694,148,98,782,167,120,172,323,6016,3837,211,5,75,1888,1308,623,685
2021,Queen's Park (Westminster),E05013804,12752,1971,938,102,198,110,623,2361,1208,882,271,1077,131,208,292,446,5236,3039,318,4,52,1823,2107,1241,866
2021,Regent's Park (Westminster),E05013805,11611,2585,190,392,1120,238,645,540,437,77,26,603,245,61,49,248,6510,3115,200,0,58,3137,1373,679,694
2021,St James's (Westminster),E05013806,10363,2110,180,900,373,116,541,532,370,109,53,639,212,76,93,258,6283,3588,193,0,72,2430,799,364,435
2021,Vincent Square,E05013807,10322,1714,498,391,278,84,463,799,604,126,69,686,242,93,88,263,6220,3412,184,5,78,2541,903,417,486
2021,West End (Westminster),E05013808,11546,2113,271,484,753,81,524,576,421,93,62,741,285,101,70,285,6922,3070,222,2,90,3538,1194,623,571
2021,Westbourne (Westminster),E05013809,11684,1685,647,211,207,116,504,1996,1288,492,216,813,117,176,177,343,4571,2275,192,0,56,2048,2619,1547,1072
2021,Abbey (Merton),E05013810,10531,1578,132,219,400,280,547,637,357,204,76,645,223,69,119,234,7225,4943,255,4,49,1974,446,107,339
2021,Cannon Hill,E05013811,9792,1660,117,163,488,349,543,445,209,177,59,511,184,67,90,170,6810,4887,281,4,48,1590,366,88,278
2021,Colliers Wood,E05013812,11559,2014,206,163,523,379,743,1165,586,407,172,789,198,95,197,299,7011,4495,274,3,57,2182,580,115,465
2021,Cricket Green,E05013813,11714,2385,174,117,352,693,1049,2467,1489,648,330,683,111,135,240,197,5573,3702,101,39,35,1696,606,126,480
2021,Figge's Marsh,E05013814,11808,3064,202,126,612,669,1455,2695,1544,826,325,707,124,113,247,223,4659,2801,164,11,41,1642,683,107,576
2021,Graveney,E05013815,11842,3174,223,78,750,826,1297,1827,793,803,231,682,156,63,183,280,5438,3033,211,4,47,2143,721,89,632
2021,Hillside (Merton),E05013816,8242,1320,27,229,419,131,514,218,114,81,23,483,214,41,40,188,5957,4001,228,5,31,1692,264,53,211
2021,Lavender Fields,E05013817,11366,2341,158,213,473,502,995,1496,769,507,220,710,132,117,211,250,6116,3500,153,21,79,2363,703,104,599
2021,Longthornton,E05013818,11901,2591,183,119,755,922,612,2680,1165,1154,361,850,164,113,301,272,5025,2823,126,8,46,2022,755,123,632
2021,Lower Morden,E05013819,11343,1779,100,98,353,561,667,652,311,233,108,515,123,76,163,153,7982,6502,262,10,8,1200,415,64,351
2021,Merton Park,E05013820,8299,1807,174,162,462,574,435,257,145,83,29,505,187,70,64,184,5413,3855,191,0,29,1338,317,44,273
2021,Pollards Hill,E05013821,11648,2115,101,75,414,816,709,3816,2175,1158,483,739,80,163,240,256,4399,2937,81,12,41,1328,579,101,478
2021,Ravensbury,E05013822,9480,2155,95,102,437,657,864,1146,668,344,134,474,90,71,168,145,5202,3513,176,29,41,1443,503,74,429
2021,Raynes Park,E05013823,12299,1769,60,328,496,232,653,405,230,114,61,729,297,68,116,248,9028,6325,357,0,39,2307,368,92,276
2021,St Helier,E05013824,11313,2782,248,163,385,1007,979,1061,613,294,154,616,147,110,162,197,6251,4370,164,8,51,1658,603,114,489
2021,Village (Merton),E05013825,11802,1463,24,265,532,180,462,268,120,94,54,623,325,44,68,186,9052,6732,287,4,38,1991,396,140,256
2021,Wandle (Merton),E05013826,5605,641,38,87,192,108,216,352,181,116,55,420,133,44,95,148,3959,2703,156,3,31,1066,233,40,193
2021,West Barnes,E05013827,10608,2133,44,222,493,308,1066,479,272,144,63,609,229,94,108,178,6860,5107,283,1,20,1449,527,117,410
2021,Wimbledon Park,E05013828,11073,1237,114,182,380,274,287,457,293,118,46,638,256,100,92,190,8333,6012,271,22,34,1994,408,116,292
2021,Wimbledon Town & Dundonald,E05013829,12968,2004,49,501,688,199,567,367,183,130,54,840,384,72,100,284,9329,6433,321,7,48,2520,428,111,317
2021,Garforth & Swillington,E05013830,20881,272,0,93,77,45,57,141,74,36,31,349,82,58,102,107,20076,19668,134,0,11,263,43,6,37
2021,Temple Newsam,E05013831,22488,599,15,103,149,166,166,1178,881,145,152,624,126,100,266,132,19844,18722,238,12,14,858,243,62,181
2021,Bowerhill,E05013832,4337,41,4,11,10,0,16,27,18,8,1,83,21,2,33,27,4172,4050,30,3,0,89,14,1,13
2021,Melksham East,E05013833,5232,76,24,12,13,3,24,41,20,16,5,83,21,7,28,27,5016,4818,13,0,0,185,16,3,13
2021,Pewsey,E05013834,4877,35,0,13,11,3,8,22,9,11,2,54,24,5,8,17,4740,4572,21,0,3,144,26,2,24
2021,Pewsey Vale West,E05013835,5084,42,0,8,6,6,22,29,15,10,4,46,13,7,18,8,4953,4810,33,2,0,108,14,2,12
2021,St Austell Poltair & Mount Charles,E05013836,6973,66,6,24,9,0,27,17,11,1,5,69,24,7,16,22,6717,6560,23,2,2,130,104,0,104
2021,Altarnun & Stoke Climsland,E05013837,6787,18,0,6,3,1,8,7,1,4,2,42,18,5,10,9,6693,6564,26,2,0,101,27,1,26
2021,"Crowan, Sithney & Wendron",E05013838,6802,19,0,3,4,0,12,2,2,0,0,53,32,6,3,12,6605,6432,22,17,0,134,123,1,122
2021,Falmouth Boslowick,E05013839,6371,43,1,14,20,0,8,13,8,3,2,75,20,15,16,24,6168,5948,31,0,4,185,72,6,66
2021,Falmouth Trescobeas & Budock,E05013840,5968,47,4,13,8,4,18,23,14,5,4,87,26,10,15,36,5748,5552,24,8,2,162,63,20,43
2021,Helston North,E05013841,6455,25,4,1,4,1,15,5,3,1,1,67,16,5,22,24,6280,6164,25,0,0,91,78,2,76
2021,Illogan & Portreath,E05013842,6535,35,1,11,3,3,17,10,6,2,2,67,20,11,13,23,6336,6217,19,3,2,95,87,2,85
2021,"Lanner, Stithians & Gwennap",E05013843,6696,32,3,9,3,5,12,9,3,1,5,59,18,4,12,25,6484,6309,27,21,6,121,112,0,112
2021,Launceston North & North Petherwin,E05013844,6941,52,4,3,9,6,30,7,5,1,1,53,20,13,12,8,6776,6596,26,13,5,136,53,0,53
2021,"Long Rock, Marazion & St Erth",E05013845,6900,32,0,9,4,2,17,12,7,5,0,69,27,7,17,18,6671,6484,35,3,0,149,116,5,111
2021,Mevagissey & St Austell Bay,E05013846,5162,16,0,6,4,0,6,6,0,3,3,40,16,3,10,11,5044,4906,14,3,1,120,56,1,55
2021,Newquay Trenance,E05013847,7333,55,14,12,5,0,24,10,4,3,3,140,35,16,42,47,7064,6693,35,6,0,330,64,2,62
2021,Penryn,E05013848,7862,93,8,33,18,11,23,31,27,4,0,201,76,18,47,60,7410,7013,53,8,4,332,127,6,121
2021,Perranporth,E05013849,6328,47,8,9,6,7,17,14,8,4,2,97,36,15,20,26,6098,5955,22,9,0,112,72,0,72
2021,Probus & St Erme,E05013850,6704,29,0,9,11,1,8,9,5,3,1,55,24,3,12,16,6543,6397,62,6,0,78,68,0,68
2021,"Redruth Central, Carharrack & St Day",E05013851,6564,38,0,6,9,6,17,9,5,3,1,67,23,11,16,17,6364,6218,16,13,1,116,86,2,84
2021,St Agnes (Cornwall),E05013852,6596,19,0,4,7,4,4,7,4,3,0,85,34,7,13,31,6430,6230,32,5,3,160,55,0,55
2021,St Austell Bethel & Holmbush,E05013853,6805,25,1,4,6,0,14,6,2,3,1,55,29,4,15,7,6676,6544,17,13,0,102,43,0,43
2021,St Austell Central & Gover,E05013854,7096,66,7,26,11,0,22,14,6,4,4,98,19,15,29,35,6845,6560,19,3,9,254,73,0,73
2021,St Columb Minor & Colan,E05013855,5951,37,3,11,3,1,19,14,10,3,1,96,27,14,26,29,5779,5547,17,10,4,201,25,2,23
2021,St Dennis & St Enoder,E05013856,7961,28,4,2,6,0,16,9,3,5,1,68,28,10,18,12,7777,7613,30,10,3,121,79,1,78
2021,"St Ives East, Lelant & Carbis Bay",E05013857,6186,17,0,3,5,1,8,7,6,0,1,84,28,20,16,20,5996,5802,26,1,0,167,82,15,67
2021,St Ives West & Towednack,E05013858,5999,77,1,23,15,4,34,13,3,7,3,111,46,14,22,29,5706,5483,31,5,8,179,92,2,90
2021,St Mewan & Grampound,E05013859,5582,23,0,13,3,1,6,7,2,4,1,60,16,6,13,25,5450,5370,15,5,0,60,42,0,42
2021,"St Newlyn East, Cubert & Goonhavern",E05013860,6611,20,0,4,4,1,11,10,4,4,2,84,31,6,25,22,6425,6254,30,4,0,137,72,1,71
2021,Threemilestone & Chacewater,E05013861,5217,66,2,7,15,1,41,10,2,5,3,86,42,5,19,20,4971,4841,15,2,0,113,84,2,82
2021,Bothal,E05013862,4903,48,7,15,8,5,13,6,3,3,0,22,15,3,1,3,4820,4783,11,6,1,19,7,1,6
2021,Pegswood,E05013863,5854,41,6,13,4,9,9,5,4,1,0,47,18,16,5,8,5752,5679,6,0,0,67,9,0,9
2021,Abbey (Reading),E05013864,10155,2811,59,329,1474,314,635,891,585,210,96,447,114,72,134,127,5372,2858,126,1,70,2317,634,274,360
2021,Battle,E05013865,11445,2626,125,77,510,947,967,1260,714,418,128,627,133,109,245,140,6424,4008,147,16,98,2155,508,54,454
2021,Caversham,E05013866,11408,857,55,178,275,172,177,430,206,160,64,630,179,77,244,130,9306,7991,188,7,21,1099,185,37,148
2021,Caversham Heights,E05013867,9531,745,9,134,366,124,112,156,85,46,25,309,154,22,63,70,8186,7391,123,2,12,658,135,28,107
2021,Church (Reading),E05013868,12164,2473,79,138,511,882,863,1055,631,269,155,717,139,81,409,88,7617,6537,80,6,17,977,302,65,237
2021,Coley,E05013869,11031,2405,72,111,966,681,575,1059,654,269,136,591,119,104,231,137,6673,4950,109,4,40,1570,303,77,226
2021,Emmer Green,E05013870,9566,813,25,71,400,150,167,238,132,67,39,356,107,45,99,105,7998,7185,134,3,12,664,161,52,109
2021,Katesgrove,E05013871,11931,3146,67,291,1506,528,754,948,661,204,83,583,108,95,216,164,6727,4238,139,5,72,2273,527,174,353
2021,Kentwood,E05013872,9248,838,81,40,231,252,234,470,212,197,61,507,104,72,238,93,7289,6536,96,2,2,653,144,18,126
2021,Norcot,E05013873,11418,1434,77,78,362,481,436,1077,602,339,136,799,168,100,359,172,7889,6277,148,10,54,1400,219,29,190
2021,Park (Reading),E05013874,11446,3529,121,125,688,1515,1080,749,505,153,91,522,159,78,149,136,6140,4510,102,21,74,1433,506,99,407
2021,Redlands,E05013875,14713,2739,107,437,937,617,641,1062,801,157,104,698,211,91,198,198,9705,7552,187,12,51,1903,509,160,349
2021,Southcote,E05013876,10983,1538,78,84,616,408,352,940,564,236,140,641,93,96,298,154,7683,6392,153,1,14,1123,181,28,153
2021,Thames (Reading),E05013877,7804,1735,53,214,877,308,283,631,386,156,89,400,113,69,117,101,4782,3533,103,2,20,1124,256,68,188
2021,Tilehurst,E05013878,9870,813,32,46,294,242,199,491,217,189,85,456,98,50,226,82,8028,7424,123,10,0,471,82,3,79
2021,Whitley,E05013879,11508,2339,95,340,764,656,484,1075,711,224,140,683,118,89,330,146,7067,5785,83,4,15,1180,344,113,231
2021,Longstanton,E05013880,7192,618,42,128,274,41,133,149,113,26,10,285,98,48,62,77,6038,5136,110,14,2,776,102,34,68
2021,Over & Willingham,E05013881,7239,161,8,41,51,30,31,50,38,5,7,152,71,12,27,42,6849,6420,37,45,10,337,27,5,22
2021,Cann Hall (Waltham Forest),E05013882,16317,3182,658,108,598,1354,464,3247,1650,1218,379,1050,162,163,299,426,7817,3851,181,8,94,3683,1021,209,812
2021,Cathall,E05013883,10482,2248,361,121,386,1049,331,2163,908,1000,255,735,138,144,203,250,4811,2280,160,9,98,2264,525,113,412
2021,Chapel End,E05013884,13614,2468,176,72,276,1422,522,2261,905,1067,289,925,180,156,299,290,7137,4591,196,23,69,2258,823,158,665
2021,Chingford Green,E05013885,11400,786,93,55,164,252,222,891,421,361,109,672,161,91,208,212,8564,7101,250,8,15,1190,487,38,449
2021,Endlebury,E05013886,9324,1062,120,78,204,401,259,1027,468,407,152,627,132,91,223,181,6101,4938,181,3,8,971,507,47,460
2021,Forest (Waltham Forest),E05013887,17252,5618,415,216,785,3646,556,2822,1347,1128,347,998,210,202,243,343,6695,3864,227,10,84,2510,1119,245,874
2021,Grove Green,E05013888,14745,3222,351,162,614,1546,549,1766,653,868,245,869,242,113,198,316,8131,4273,266,7,152,3433,757,119,638
2021,Hale End & Highams Park South,E05013889,9817,1173,113,64,244,544,208,1386,681,549,156,796,181,102,260,253,5994,4685,168,1,3,1137,468,60,408
2021,Hatch Lane & Highams Park North,E05013890,12950,1202,136,84,263,472,247,1379,572,640,167,843,169,97,300,277,8955,7327,235,1,30,1362,571,46,525
2021,High Street (Waltham Forest),E05013891,11564,2653,148,109,301,1538,557,1373,639,569,165,754,182,112,190,270,6051,3392,192,3,65,2399,733,149,584
2021,Higham Hill,E05013892,14313,2951,234,112,305,1514,786,2745,1266,1139,340,1016,156,206,299,355,6641,4129,186,17,53,2256,960,178,782
2021,Hoe Street,E05013893,14277,2779,174,171,325,1668,441,2016,919,840,257,905,183,143,264,315,7804,5186,203,16,67,2332,773,131,642
2021,Larkswood,E05013894,13535,2143,221,115,409,928,470,1807,618,955,234,819,180,102,261,276,7840,5666,199,3,33,1939,926,89,837
2021,Lea Bridge (Waltham Forest),E05013895,15523,4426,285,252,749,2662,478,2579,1087,1196,296,805,189,130,199,287,6648,3301,183,16,107,3041,1065,192,873
2021,Leyton,E05013896,13112,3178,403,141,421,1747,466,2724,1274,1109,341,791,154,131,232,274,5421,2945,126,3,69,2278,998,226,772
2021,Leytonstone,E05013897,12239,2798,344,112,1072,923,347,1359,576,602,181,819,210,134,192,283,6811,4230,251,14,55,2261,452,98,354
2021,Markhouse,E05013898,9276,3004,158,55,526,1834,431,1164,530,478,156,594,133,87,120,254,3990,2169,94,2,27,1698,524,129,395
2021,St James (Waltham Forest),E05013899,11744,2002,97,199,308,1058,340,1523,656,625,242,827,200,101,236,290,6770,4157,225,15,173,2200,622,138,484
2021,Upper Walthamstow,E05013900,8196,1466,135,35,205,797,294,1467,737,532,198,555,123,75,155,202,4287,3017,156,12,37,1065,421,62,359
2021,Valley (Waltham Forest),E05013901,14085,2207,220,119,382,955,531,2347,976,1016,355,939,166,131,352,290,7457,5179,157,3,35,2083,1135,120,1015
2021,William Morris,E05013902,15060,3366,226,184,386,1592,978,1819,888,687,244,997,285,153,242,317,8024,5066,247,25,90,2596,854,217,637
2021,Wood Street,E05013903,9595,1608,99,60,209,838,402,1781,988,601,192,647,135,111,164,237,5076,3417,146,4,31,1478,483,115,368
2021,Beckton,E05013904,16147,4068,1635,445,674,848,466,2989,2029,680,280,821,142,188,236,255,7510,3389,74,5,132,3910,759,199,560
2021,Boleyn,E05013905,15108,7941,3053,122,1710,2013,1043,2190,1476,456,258,602,153,105,125,219,3450,1633,76,15,146,1580,925,131,794
2021,Canning Town North,E05013906,10574,2398,1098,244,384,258,414,3063,2226,517,320,551,72,133,166,180,4010,2093,50,5,72,1790,552,124,428
2021,Canning Town South,E05013907,7126,1771,521,321,498,204,227,1703,1267,261,175,469,97,116,111,145,2825,1415,30,3,51,1326,358,111,247
2021,Custom House,E05013908,17656,3349,1479,389,550,372,559,4965,3638,729,598,1073,169,265,338,301,7515,3959,95,31,186,3244,754,143,611
2021,East Ham,E05013909,15124,9381,2739,56,2625,2796,1165,1289,790,351,148,459,114,89,94,162,3233,1257,52,27,95,1802,762,118,644
2021,East Ham South,E05013910,18520,7709,3290,99,1418,1824,1078,3418,2278,782,358,871,164,172,239,296,5640,2981,59,28,85,2487,882,231,651
2021,Forest Gate North,E05013911,10987,3201,1537,45,578,721,320,2221,1247,721,253,662,127,124,176,235,4486,2587,130,9,63,1697,417,68,349
2021,Forest Gate South,E05013912,17774,7955,3989,98,1881,1402,585,3079,1772,876,431,892,175,198,238,281,5052,2344,97,6,116,2489,796,176,620
2021,Green Street East,E05013913,16970,11813,3682,43,4843,2683,562,1781,1171,416,194,413,119,66,102,126,2276,811,45,23,80,1317,687,78,609
2021,Green Street West,E05013914,15787,11422,3834,40,4105,3090,353,1256,742,369,145,394,132,68,71,123,2123,778,49,13,42,1241,592,82,510
2021,Little Ilford,E05013915,17546,9969,4630,63,2283,2229,764,3184,2124,695,365,607,115,107,161,224,3051,1329,72,20,83,1547,735,135,600
2021,Manor Park (Newham),E05013916,15832,9232,4603,52,2070,1913,594,2003,1176,596,231,519,122,107,99,191,3296,1470,93,15,92,1626,782,138,644
2021,Maryland,E05013917,12451,3269,1488,188,602,650,341,2650,1580,797,273,696,120,161,182,233,5197,2340,110,12,149,2586,639,146,493
2021,Plaistow North,E05013918,18294,8751,3941,238,1753,1849,970,3594,2308,836,450,715,118,149,194,254,4381,2031,91,12,69,2178,853,140,713
2021,Plaistow South,E05013919,13176,4637,2126,144,583,930,854,2556,1731,585,240,613,111,117,184,201,4592,2331,61,14,98,2088,778,118,660
2021,Plaistow West & Canning Town East,E05013920,16693,4747,2375,267,506,872,727,3637,2506,758,373,970,128,228,290,324,6368,3357,93,7,107,2804,971,234,737
2021,Plashet,E05013921,11617,8632,1786,33,4021,2133,659,1038,729,210,99,205,77,20,44,64,1292,439,29,16,50,758,450,64,386
2021,Royal Albert,E05013922,9310,1999,778,168,533,304,216,2606,1971,345,290,631,82,164,197,188,3621,1772,58,7,62,1722,453,99,354
2021,Royal Victoria,E05013923,14538,4099,539,811,1798,442,509,2346,1778,351,217,1002,266,197,201,338,6449,2908,153,6,92,3290,642,216,426
2021,Stratford,E05013924,15742,4427,1405,896,1048,516,562,2759,1808,659,292,1006,217,185,245,359,6731,3196,195,13,186,3141,819,221,598
2021,Stratford Olympic Park,E05013925,11860,3179,558,1039,703,462,417,1758,1216,293,249,789,213,129,138,309,5424,3218,191,6,56,1953,710,258,452
2021,Wall End,E05013926,16498,9913,2672,89,2767,2066,2319,1442,895,389,158,432,123,68,76,165,3708,1485,49,48,96,2030,1003,68,935
2021,West Ham,E05013927,15706,4324,1917,323,709,641,734,3778,2411,917,450,1028,166,163,346,353,5724,2695,85,15,139,2790,852,233,619
2021,Alexandra (Kingston upon Thames),E05013928,6413,1227,34,119,402,213,459,141,97,27,17,336,153,34,63,86,4405,3610,130,3,14,648,304,88,216
2021,Berrylands,E05013929,6112,623,20,82,249,74,198,126,67,46,13,309,165,32,38,74,4888,4062,109,1,17,699,166,56,110
2021,Canbury Gardens,E05013930,8261,1527,16,476,412,133,490,173,109,38,26,518,219,56,69,174,5553,4045,134,0,16,1358,490,162,328
2021,Chessington South & Malden Rushett,E05013931,9488,950,28,83,273,149,417,196,122,48,26,409,143,50,96,120,7589,6648,118,9,33,781,344,103,241
2021,Coombe Hill,E05013932,7421,1704,30,243,532,291,608,260,185,63,12,392,147,50,67,128,4124,2861,113,0,19,1131,941,534,407
2021,Coombe Vale,E05013933,10454,2726,70,315,704,301,1336,231,158,54,19,572,261,51,75,185,6266,4796,181,0,8,1281,659,265,394
2021,Green Lane & St James,E05013934,7053,1792,43,137,373,307,932,274,162,69,43,375,131,61,70,113,4090,3188,106,3,11,782,522,166,356
2021,Hook & Chessington North,E05013935,11107,1073,66,120,261,166,460,274,187,60,27,510,160,80,139,131,8841,7646,148,4,20,1023,409,98,311
2021,King George's & Sunray,E05013936,5604,1210,57,91,251,240,571,200,142,42,16,237,74,32,55,76,3598,3013,62,6,5,512,359,107,252
2021,Kingston Gate,E05013937,10826,1501,54,269,343,178,657,299,189,63,47,646,273,64,97,212,7860,6195,137,0,30,1498,520,233,287
2021,Kingston Town,E05013938,10289,1381,45,348,395,126,467,357,232,84,41,618,215,68,122,213,7295,5303,164,3,53,1772,638,246,392
2021,Motspur Park & Old Malden East,E05013939,6987,1903,39,143,444,381,896,133,82,34,17,373,149,38,49,137,4110,3414,114,4,0,578,468,203,265
2021,New Malden Village,E05013940,9582,2531,64,340,337,305,1485,213,147,47,19,564,254,56,70,184,5663,4329,129,7,32,1166,611,215,396
2021,Norbiton,E05013941,11185,2124,124,260,402,311,1027,607,406,122,79,650,191,133,143,183,6952,5109,132,11,48,1652,852,298,554
2021,Old Malden,E05013942,6696,1712,48,126,380,411,747,167,113,37,17,272,109,37,49,77,3996,3302,132,1,3,558,549,264,285
2021,St Mark's & Seething Wells,E05013943,11810,1367,26,295,435,148,463,316,212,69,35,657,256,80,118,203,9005,6780,238,5,49,1933,465,145,320
2021,Surbiton Hill,E05013944,10635,1334,32,192,429,186,495,301,193,72,36,560,240,66,91,163,7993,6155,182,1,31,1624,447,154,293
2021,Tolworth,E05013945,11188,2146,89,177,710,385,785,346,219,76,51,574,189,65,101,219,7578,6022,178,3,34,1341,544,173,371
2021,Tudor (Kingston upon Thames),E05013946,6942,1101,45,308,401,74,273,123,80,30,13,427,213,37,49,128,5020,3810,127,1,20,1062,271,72,199
2021,Batchwood,E05013947,7742,755,344,71,119,112,109,225,104,98,23,397,144,29,110,114,6133,5362,137,26,0,608,232,88,144
2021,Bernards Heath,E05013948,8155,785,155,130,254,124,122,199,139,44,16,397,185,37,71,104,6624,5652,150,3,13,806,150,57,93
2021,Clarence,E05013949,8180,764,101,89,201,246,127,186,111,60,15,436,206,36,66,128,6589,5578,187,2,21,801,205,84,121
2021,Colney Heath,E05013950,2767,112,21,13,45,17,16,33,19,11,3,107,38,18,25,26,2475,2221,41,26,1,186,40,19,21
2021,Cunningham,E05013951,8018,1342,614,115,259,176,178,243,113,89,41,404,115,55,94,140,5784,4748,190,6,14,826,245,97,148
2021,Harpenden East,E05013952,7879,414,60,117,153,22,62,203,130,38,35,350,145,27,55,123,6843,6228,111,0,0,504,69,19,50
2021,Harpenden North & Rural,E05013953,8183,396,36,57,188,40,75,128,83,27,18,306,133,38,52,83,7251,6542,172,7,1,529,102,33,69
2021,Harpenden South,E05013954,7257,349,56,40,181,22,50,56,35,12,9,214,101,17,34,62,6576,6067,134,4,0,371,62,28,34
2021,Harpenden West,E05013955,8097,366,27,73,190,25,51,109,78,17,14,308,141,30,55,82,7214,6537,170,0,15,492,100,18,82
2021,Hill End,E05013956,7585,716,106,163,224,129,94,179,98,65,16,359,161,30,73,95,6195,5473,144,5,21,552,136,41,95
2021,London Colney,E05013957,8072,998,364,60,174,119,281,282,185,55,42,390,120,48,96,126,6120,5238,175,5,5,697,282,84,198
2021,Marshalswick East & Jersey Farm,E05013958,7351,604,81,134,239,72,78,78,52,22,4,318,135,25,93,65,6275,5499,112,1,7,656,76,23,53
2021,Marshalswick West,E05013959,5117,429,48,80,165,65,71,68,38,21,9,238,117,24,37,60,4324,3867,95,0,2,360,58,17,41
2021,Park Street,E05013960,8172,706,112,84,305,78,127,273,174,54,45,377,121,36,90,130,6657,5980,169,12,0,496,159,38,121
2021,Redbourn,E05013961,5705,168,23,24,91,14,16,69,34,13,22,153,53,13,55,32,5280,4968,87,6,1,218,35,16,19
2021,Sandridge & Wheathampstead,E05013962,7973,224,20,23,85,48,48,109,54,28,27,251,95,29,57,70,7331,6819,112,13,0,387,58,28,30
2021,Sopwell,E05013963,7710,1241,697,104,157,157,126,219,102,80,37,370,116,51,82,121,5701,4697,177,17,12,798,179,73,106
2021,St Peters (St Albans),E05013964,8447,667,137,125,216,56,133,210,108,77,25,402,158,51,84,109,6988,5462,237,7,29,1253,180,72,108
2021,St Stephen (St Albans),E05013965,8220,751,66,69,419,67,130,199,118,57,24,279,119,38,36,86,6831,6101,199,2,3,526,160,34,126
2021,Verulam,E05013966,7537,387,39,55,193,30,70,90,45,37,8,302,156,17,43,86,6672,5917,176,2,4,573,86,12,74
2021,Beam Park,E05013967,4883,732,322,17,126,159,108,878,614,165,99,228,34,32,116,46,2947,2506,33,15,10,383,98,15,83
2021,Cranham,E05013968,12982,642,51,100,286,96,109,388,260,86,42,343,128,52,64,99,11515,10887,146,11,1,470,94,1,93
2021,Elm Park,E05013969,16647,1852,474,227,615,263,273,1356,976,226,154,651,155,111,204,181,12549,11225,178,14,13,1119,239,55,184
2021,Emerson Park,E05013970,9535,2026,73,117,1293,364,179,400,307,52,41,222,90,31,39,62,6531,6073,95,14,10,339,356,31,325
2021,Gooshays,E05013971,17779,1486,198,61,620,318,289,1994,1415,319,260,702,128,108,285,181,13305,11471,98,13,30,1693,292,29,263
2021,Hacton,E05013972,8489,615,69,84,335,54,73,336,225,72,39,189,50,26,66,47,7219,6717,81,9,0,412,130,17,113
2021,Harold Wood,E05013973,13805,1388,154,163,685,193,193,936,580,221,135,533,125,68,185,155,10752,9531,126,12,18,1065,196,43,153
2021,Havering-atte-Bower,E05013974,16375,1519,258,88,478,455,240,1452,822,412,218,687,144,99,238,206,12402,10940,134,18,31,1279,315,19,296
2021,Heaton (Havering),E05013975,17213,1402,264,81,389,403,265,2605,1861,442,302,795,106,212,271,206,12097,10126,105,8,34,1824,314,45,269
2021,Hylands & Harrow Lodge,E05013976,13760,1343,188,90,599,226,240,871,545,203,123,469,129,75,125,140,10820,9805,255,13,12,735,257,49,208
2021,Marshalls & Rise Park,E05013977,12956,1758,186,111,799,420,242,616,348,193,75,410,118,45,129,118,9863,8930,191,4,14,724,309,47,262
2021,Mawneys,E05013978,14477,1738,288,86,583,537,244,1093,565,377,151,595,107,73,244,171,10708,9390,136,3,34,1145,343,39,304
2021,Rainham & Wennington,E05013979,13567,1525,362,35,638,351,139,1594,1129,280,185,507,118,74,201,114,9632,8529,103,17,35,948,309,41,268
2021,Rush Green & Crowlands,E05013980,16024,3114,700,132,913,690,679,2080,1274,569,237,847,178,149,291,229,9430,7264,178,23,54,1911,553,90,463
2021,St Alban's,E05013981,8735,1131,212,126,298,260,235,876,572,219,85,413,94,76,138,105,6008,4591,98,14,37,1268,307,99,208
2021,St Andrew's (Havering),E05013982,14650,859,109,99,385,103,163,580,353,166,61,399,119,69,112,99,12602,11548,263,4,3,784,210,37,173
2021,St Edward's,E05013983,10425,1341,222,114,505,248,252,879,548,241,90,481,126,68,157,130,7411,6015,144,8,36,1208,313,69,244
2021,South Hornchurch,E05013984,10885,1212,436,61,348,213,154,1468,1012,282,174,373,76,66,134,97,7631,6721,73,16,10,811,201,21,180
2021,Squirrels Heath,E05013985,15521,1936,157,127,1151,281,220,921,591,228,102,563,189,60,143,171,11778,10566,225,14,31,942,323,47,276
2021,Upminster,E05013986,13348,522,51,89,244,46,92,242,137,81,24,350,131,41,89,89,12121,11399,235,28,23,436,113,14,99
2021,Beckenham Town & Copers Cope,E05013987,16364,1308,51,258,575,117,307,1305,680,412,213,1106,281,177,318,330,12171,9611,349,7,52,2152,474,90,384
2021,Bickley & Sundridge,E05013988,17768,1842,28,335,972,148,359,927,507,252,168,906,321,116,210,259,13665,11962,279,10,21,1393,428,101,327
2021,Biggin Hill,E05013989,10816,178,29,22,43,12,72,241,123,92,26,305,70,53,122,60,10054,9665,95,6,3,285,38,7,31
2021,Bromley Common & Holwood,E05013990,18785,1562,89,299,623,116,435,1208,602,443,163,1073,264,150,346,313,14474,12879,246,45,43,1261,468,102,366
2021,Bromley Town,E05013991,15396,1969,96,338,931,128,476,1137,638,330,169,1031,252,154,277,348,10802,8345,263,4,70,2120,457,115,342
2021,Chelsfield,E05013992,11233,1650,18,344,1095,46,147,350,231,71,48,356,146,39,74,97,8703,8058,110,13,4,518,174,55,119
2021,Chislehurst,E05013993,15567,1230,187,210,518,106,209,640,339,181,120,696,261,102,160,173,12681,11361,217,13,5,1085,320,46,274
2021,Clock House,E05013994,17359,992,107,210,317,98,260,1826,739,796,291,1294,374,162,391,367,12843,10675,420,12,39,1697,404,71,333
2021,Crystal Palace & Anerley,E05013995,12033,669,102,97,168,66,236,2538,1203,980,355,1137,163,177,484,313,7278,5290,216,45,40,1687,411,54,357
2021,Darwin,E05013996,5773,222,14,8,148,20,32,92,42,31,19,169,32,8,77,52,5234,4911,68,43,10,202,56,1,55
2021,Farnborough & Crofton,E05013997,17708,2051,48,331,1162,111,399,564,376,130,58,584,235,76,134,139,14218,13280,133,3,14,788,291,58,233
2021,Hayes & Coney Hall,E05013998,15907,816,45,178,372,45,176,438,189,183,66,622,210,57,183,172,13751,12707,245,3,8,788,280,34,246
2021,Kelsey & Eden Park,E05013999,15464,1030,85,183,444,102,216,1006,384,453,169,895,245,98,286,266,12129,10510,422,5,20,1172,404,52,352
2021,Mottingham,E05014000,11491,849,54,193,305,44,253,1265,744,340,181,654,134,81,234,205,8406,7037,118,15,17,1219,317,20,297
2021,Orpington,E05014001,11964,1402,94,231,673,67,337,918,570,191,157,501,115,89,139,158,8895,8006,121,60,16,692,248,23,225
2021,Penge & Cator,E05014002,18904,1197,175,155,406,122,339,3521,1705,1239,577,1651,315,236,622,478,11926,9411,371,17,34,2093,609,110,499
2021,Petts Wood & Knoll,E05014003,17258,2039,78,574,958,51,378,444,279,123,42,648,314,52,105,177,13884,12556,274,5,16,1033,243,28,215
2021,Plaistow,E05014004,13481,1212,111,195,447,71,388,1692,790,610,292,924,179,101,371,273,9190,7656,191,5,34,1304,463,59,404
2021,Shortlands & Park Langley,E05014005,16212,1604,72,342,709,102,379,812,440,300,72,965,327,138,253,247,12394,10382,275,5,22,1710,437,65,372
2021,St Mary Cray,E05014006,18436,1409,104,242,564,63,436,1762,1165,345,252,782,159,127,261,235,14151,12583,146,98,27,1297,332,56,276
2021,St Paul's Cray,E05014007,17310,1162,93,177,421,100,371,1894,1206,424,264,768,131,145,253,239,13124,11473,94,164,46,1347,362,35,327
2021,West Wickham,E05014008,14770,920,69,153,476,50,172,564,239,243,82,674,217,95,191,171,12327,11138,299,0,14,876,285,24,261
2021,Balham,E05014009,17707,1649,60,298,621,378,292,1064,504,406,154,971,371,90,191,319,13574,10477,516,5,54,2522,449,90,359
2021,Battersea Park,E05014010,19175,1908,77,285,297,509,740,3270,1628,1223,419,1181,245,131,414,391,11666,6966,399,5,198,4098,1150,357,793
2021,East Putney,E05014011,16922,2055,53,301,533,712,456,688,353,256,79,1085,357,123,188,417,12369,8375,412,1,124,3457,725,212,513
2021,Falconbrook,E05014012,11980,1629,82,332,213,434,568,2941,1617,900,424,907,131,174,307,295,5806,3670,181,5,125,1825,697,253,444
2021,Furzedown,E05014013,18051,2724,156,129,729,1008,702,2947,1495,1132,320,1351,275,206,388,482,10211,6981,433,5,47,2745,818,139,679
2021,Lavender,E05014014,13451,719,41,140,236,107,195,830,339,333,158,788,315,75,128,270,10829,7726,409,0,86,2608,285,66,219
2021,Nine Elms,E05014015,5395,872,13,336,201,113,209,558,357,132,69,392,138,44,80,130,3152,1613,76,0,35,1428,421,219,202
2021,Northcote,E05014016,12863,712,24,177,262,99,150,524,244,216,64,705,339,55,90,221,10682,7704,319,4,28,2627,240,52,188
2021,Roehampton,E05014017,18846,3072,118,247,311,1421,975,2748,1729,668,351,1468,258,200,469,541,10212,6362,289,4,86,3471,1346,434,912
2021,St Mary's (Wandsworth),E05014018,14183,1324,46,244,439,173,422,1318,694,477,147,916,220,148,222,326,9892,6322,313,2,147,3108,733,278,455
2021,Shaftesbury & Queenstown,E05014019,15179,1314,78,212,209,379,436,2820,1515,911,394,1106,250,141,343,372,9288,6654,310,4,99,2221,651,165,486
2021,South Balham,E05014020,9833,789,32,102,271,260,124,758,313,330,115,596,193,47,160,196,7462,5904,327,6,31,1194,228,39,189
2021,Southfields,E05014021,12659,1206,44,178,373,367,244,449,242,160,47,662,252,70,117,223,9986,7498,318,2,28,2140,356,88,268
2021,Thamesfield,E05014022,16720,1130,25,229,393,180,303,530,276,170,84,909,349,77,141,342,13569,10065,427,2,68,3007,582,227,355
2021,Tooting Bec,E05014023,17029,3792,291,202,1293,1198,808,1694,742,719,233,1125,358,118,337,312,9847,7316,520,4,51,1956,571,137,434
2021,Tooting Broadway,E05014024,17220,3671,154,209,1007,1213,1088,1931,974,727,230,1075,287,158,304,326,9696,6799,551,8,68,2270,847,181,666
2021,Trinity (Wandsworth),E05014025,11182,935,50,108,368,220,189,701,304,279,118,614,232,50,125,207,8666,6770,320,1,26,1549,266,53,213
2021,Wandle (Wandsworth),E05014026,10585,984,50,51,235,461,187,1118,650,368,100,548,137,53,166,192,7658,5883,268,0,64,1443,277,67,210
2021,Wandsworth Common,E05014027,16593,1581,62,152,427,469,471,1202,579,461,162,920,275,126,220,299,12503,9849,436,44,48,2126,387,84,303
2021,Wandsworth Town,E05014028,18211,1556,77,251,352,406,470,1860,999,597,264,1090,306,146,306,332,13089,9526,520,6,114,2923,616,152,464
2021,West Hill (Wandsworth),E05014029,16819,2970,65,207,432,1565,701,1864,1103,503,258,1065,209,146,335,375,10047,6357,275,7,105,3303,873,272,601
2021,West Putney,E05014030,16911,1726,45,270,392,576,443,1247,673,389,185,1129,277,121,308,423,11888,8236,438,7,97,3110,921,293,628
2021,Cambourne,E05014031,12354,1669,64,265,836,258,246,347,244,60,43,539,182,67,96,194,9522,7917,57,17,7,1524,277,93,184
2021,Caxton & Papworth,E05014032,6405,317,6,40,170,22,79,99,73,14,12,160,63,18,37,42,5771,5300,52,8,5,406,58,11,47
2021,Balderstone & Kirkholt,E05014033,11476,2000,101,36,45,1649,169,651,539,31,81,334,126,82,73,53,8322,7533,103,17,14,655,169,25,144
2021,Bamford,E05014034,10426,2544,162,35,135,2081,131,183,151,15,17,220,96,31,50,43,7314,6994,92,10,9,209,165,71,94
2021,Castleton,E05014035,10458,1594,68,40,69,1289,128,252,198,13,41,248,100,50,53,45,8259,7855,112,9,7,276,105,25,80
2021,Central Rochdale,E05014036,12841,8067,2485,34,138,4551,859,502,405,20,77,318,149,55,34,80,3363,2878,50,17,12,406,591,90,501
2021,East Middleton,E05014037,11127,325,24,66,38,159,38,542,454,29,59,298,40,61,136,61,9858,9433,103,5,12,305,104,44,60
2021,Healey,E05014038,10764,2317,250,33,80,1745,209,123,80,28,15,269,113,37,59,60,7842,7523,109,27,4,179,213,51,162
2021,Hopwood Hall,E05014039,10851,462,20,78,57,232,75,492,391,22,79,263,71,80,71,41,9541,9085,97,8,0,351,93,25,68
2021,Kingsway (Rochdale),E05014040,11857,4830,810,31,80,3574,335,524,439,19,66,318,122,91,47,58,5827,5414,92,29,18,274,358,76,282
2021,Littleborough Lakeside,E05014041,9371,100,10,11,17,39,23,42,30,7,5,83,32,10,26,15,9133,8922,74,0,0,137,13,3,10
2021,Milkstone & Deeplish,E05014042,12211,8611,298,52,103,7744,414,749,670,23,56,338,133,88,50,67,2020,1633,43,10,28,306,493,139,354
2021,Milnrow & Newhey,E05014043,10580,137,1,23,20,66,27,45,32,11,2,204,51,28,87,38,10173,9967,70,2,1,133,21,2,19
2021,Norden (Rochdale),E05014044,9736,872,46,18,37,702,69,52,36,6,10,165,82,16,33,34,8608,8438,76,1,0,93,39,5,34
2021,North Heywood,E05014045,11362,456,14,67,30,304,41,402,327,35,40,205,57,51,55,42,10206,9622,83,18,7,476,93,29,64
2021,North Middleton,E05014046,11984,266,14,47,14,138,53,607,509,34,64,294,63,95,104,32,10721,10276,98,7,7,333,96,18,78
2021,Smallbridge & Firgrove,E05014047,12309,3594,707,31,44,2325,487,405,315,10,80,351,143,94,54,60,7598,7146,72,14,2,364,361,34,327
2021,South Middleton,E05014048,11305,435,15,79,86,192,63,447,362,33,52,274,60,64,74,76,10031,9533,134,4,5,355,118,67,51
2021,Spotland & Falinge,E05014049,12149,3842,83,27,114,3227,391,414,339,16,59,335,145,76,44,70,7183,6586,92,12,8,485,375,46,329
2021,"Wardle, Shore & West Littleborough",E05014050,10340,277,24,15,16,202,20,45,27,15,3,118,36,11,40,31,9852,9639,73,0,0,140,48,10,38
2021,West Heywood,E05014051,12131,263,14,38,25,137,49,385,290,31,64,307,56,87,112,52,11112,10513,77,4,8,510,64,21,43
2021,West Middleton,E05014052,10508,415,27,105,41,171,71,1069,883,42,144,344,65,102,104,73,8527,7682,85,5,19,736,153,34,119
2021,Abbey (Barking and Dagenham),E05014053,3957,1937,362,85,978,373,139,572,435,64,73,123,27,29,31,36,1155,436,18,4,34,663,170,41,129
2021,Alibon,E05014054,10027,1776,872,63,251,289,301,2019,1558,220,241,335,58,63,119,95,5596,3891,70,16,47,1572,301,58,243
2021,Barking Riverside,E05014055,9956,2213,946,85,389,585,208,3738,2794,396,548,567,61,159,175,172,3107,1931,23,3,19,1131,331,93,238
2021,Beam,E05014056,8610,1588,717,43,306,364,158,2408,1854,251,303,350,50,122,92,86,3959,2605,75,15,30,1234,305,43,262
2021,Becontree,E05014057,9799,2979,955,59,665,1007,293,1709,1235,305,169,374,78,75,104,117,4171,2944,61,7,40,1119,566,228,338
2021,Chadwell Heath,E05014058,14085,4111,1332,62,1047,1264,406,2537,1616,584,337,654,93,166,216,179,6246,4530,152,11,75,1478,537,77,460
2021,Eastbrook & Rush Green,E05014059,8649,1283,410,40,260,321,252,1411,957,259,195,330,62,69,138,61,5351,4357,74,24,41,855,274,45,229
2021,Eastbury,E05014060,15601,3761,1721,86,573,1015,366,3159,2407,337,415,623,94,173,171,185,7534,5049,45,17,44,2379,524,100,424
2021,Gascoigne,E05014061,10829,3063,1088,76,540,1029,330,3094,2437,254,403,550,100,178,145,127,3612,1825,54,13,41,1679,510,107,403
2021,Goresbrook,E05014062,13071,2020,939,84,295,402,300,2804,2188,333,283,536,62,145,200,129,7399,5395,67,18,26,1893,312,40,272
2021,Heath (Barking and Dagenham),E05014063,8995,1408,533,65,255,348,207,2390,1879,253,258,373,70,105,106,92,4445,3436,42,3,24,940,379,90,289
2021,Longbridge,E05014064,13307,7800,4558,99,1019,1796,328,1233,776,315,142,395,142,54,84,115,3449,2305,37,9,23,1075,430,74,356
2021,Mayesbrook,E05014065,15921,3163,1138,97,647,899,382,3610,2761,296,553,749,113,192,243,201,7883,5191,69,3,55,2565,516,99,417
2021,Northbury,E05014066,13079,5087,1570,103,958,2022,434,3006,2372,342,292,609,109,152,175,173,3764,1638,46,8,108,1964,613,84,529
2021,Parsloes,E05014067,15251,2770,1168,71,478,736,317,2977,2286,369,322,612,105,147,215,145,8466,6232,81,6,42,2105,426,42,384
2021,Thames View,E05014068,6010,1572,782,54,142,418,176,1737,1343,175,219,332,48,115,87,82,2150,1419,30,0,36,665,219,52,167
2021,Valence,E05014069,15485,3509,1101,62,811,1264,271,2600,1908,335,357,670,86,169,275,140,8173,6166,68,4,61,1874,533,59,474
2021,Village (Barking and Dagenham),E05014070,12541,1968,968,86,272,382,260,3345,2606,299,440,562,80,148,210,124,6299,4676,66,15,52,1490,367,74,293
2021,Whalebone,E05014071,13702,4582,1235,68,1617,1285,377,2458,1688,437,333,576,112,117,188,159,5517,3523,108,6,61,1819,569,80,489
2021,Abbey Wood,E05014072,17689,2047,195,190,462,183,1017,5858,4512,629,717,868,155,222,251,240,8185,6032,142,112,62,1837,731,65,666
2021,Blackheath Westcombe,E05014073,15035,1170,38,243,468,68,353,990,676,206,108,930,328,114,182,306,11533,9021,413,5,32,2062,412,52,360
2021,Charlton Hornfair,E05014074,12309,1671,76,247,444,119,785,2400,1781,289,330,752,211,141,229,171,6946,5355,211,5,18,1357,540,40,500
2021,Charlton Village & Riverside,E05014075,10515,1284,94,251,323,120,496,2238,1558,391,289,755,96,112,304,243,5830,4279,172,5,24,1350,408,69,339
2021,East Greenwich,E05014076,14478,1535,107,455,468,81,424,2141,1407,427,307,946,252,148,231,315,9361,6480,327,15,41,2498,495,89,406
2021,Eltham Page,E05014077,9751,945,23,292,183,61,386,1409,995,198,216,439,83,65,150,141,6543,5261,76,8,24,1174,415,49,366
2021,Eltham Park & Progress,E05014078,10765,729,18,252,167,32,260,529,342,125,62,483,141,73,117,152,8810,7585,198,5,17,1005,214,25,189
2021,Eltham Town & Avery Hill,E05014079,15536,1261,91,258,456,103,353,1231,896,165,170,663,180,86,190,207,11940,9839,337,9,41,1714,441,55,386
2021,Greenwich Creekside,E05014080,11000,1510,71,509,471,70,389,2005,1367,332,306,877,166,125,296,290,6067,3833,202,8,48,1976,541,118,423
2021,Greenwich Park,E05014081,10554,980,31,276,311,62,300,1514,1053,292,169,745,249,94,168,234,7011,5070,229,6,35,1671,304,64,240
2021,Greenwich Peninsula,E05014082,11415,2404,98,737,885,116,568,1608,1128,286,194,882,191,162,207,322,5939,3193,169,7,54,2516,582,132,450
2021,Kidbrooke Park,E05014083,10088,1404,92,309,412,149,442,1730,1204,327,199,611,142,88,149,232,5853,4355,213,7,36,1242,490,62,428
2021,Kidbrooke Village & Sutcliffe,E05014084,6111,1020,30,429,262,59,240,879,583,211,85,391,87,54,110,140,3580,2406,112,0,37,1025,241,43,198
2021,Middle Park & Horn Park,E05014085,9519,838,42,171,191,72,362,1743,976,449,318,553,89,126,197,141,5988,4878,149,9,8,944,397,45,352
2021,"Mottingham, Coldharbour & New Eltham",E05014086,14524,1269,99,266,456,77,371,1474,920,328,226,624,148,80,186,210,10619,8989,183,21,36,1390,538,37,501
2021,Plumstead & Glyndon,E05014087,21970,6043,384,241,1220,1141,3057,5581,4095,811,675,1060,163,251,320,326,7533,5098,217,52,77,2089,1753,78,1675
2021,Plumstead Common,E05014088,15168,2266,120,154,725,305,962,3156,2071,643,442,980,196,179,366,239,8165,6521,190,14,19,1421,601,51,550
2021,Shooters Hill,E05014089,11891,1265,106,134,314,105,606,3442,2564,534,344,683,137,136,208,202,6075,4614,171,4,34,1252,426,32,394
2021,Thamesmead Moorings,E05014090,12451,931,113,215,175,79,349,5734,4618,369,747,635,79,212,146,198,4697,3570,47,47,20,1013,454,49,405
2021,West Thamesmead,E05014091,11814,1291,192,299,280,148,372,4447,3360,513,574,1011,68,228,478,237,4652,2876,120,24,56,1576,413,57,356
2021,Woolwich Arsenal,E05014092,12102,2003,77,489,620,146,671,2547,1888,334,325,944,166,244,192,342,6056,3533,148,2,68,2305,552,93,459
2021,Woolwich Common,E05014093,12686,2243,115,323,569,129,1107,3865,2984,475,406,796,80,173,268,275,5089,3718,119,13,60,1179,693,55,638
2021,Woolwich Dockyard,E05014094,11688,1921,189,387,260,111,974,4079,3206,390,483,663,85,186,195,197,4531,3159,84,6,35,1247,494,105,389
2021,Brixton Acre Lane,E05014095,15250,762,70,149,222,97,224,3210,1353,1425,432,1144,207,167,351,419,9531,7200,384,30,53,1864,603,56,547
2021,Brixton North,E05014096,16325,844,135,246,116,81,266,6291,3408,2127,756,1451,146,228,619,458,6529,3818,248,8,71,2384,1210,134,1076
2021,Brixton Rush Common,E05014097,14933,687,106,209,155,76,141,4354,2218,1591,545,1301,206,195,417,483,7537,5282,277,2,79,1897,1054,87,967
2021,Brixton Windrush,E05014098,9484,539,146,105,90,33,165,3541,1762,1385,394,721,108,148,249,216,4140,2856,192,1,32,1059,543,74,469
2021,Clapham Common & Abbeville,E05014099,10018,557,49,107,222,67,112,913,361,362,190,588,217,72,106,193,7682,5713,356,3,31,1579,278,47,231
2021,Clapham East,E05014100,9842,609,113,101,151,94,150,2195,1029,870,296,746,133,119,196,298,5815,4180,253,3,47,1332,477,115,362
2021,Clapham Park,E05014101,12712,845,150,134,201,132,228,3450,1881,1195,374,1032,153,203,291,385,6550,4437,265,7,107,1734,835,82,753
2021,Clapham Town,E05014102,15906,799,122,172,252,57,196,2478,1250,881,347,1091,224,172,346,349,10959,7798,546,6,63,2546,579,97,482
2021,Gipsy Hill,E05014103,10258,461,49,85,111,63,153,2866,1287,1177,402,962,149,114,382,317,5563,4169,271,1,16,1106,406,64,342
2021,Herne Hill & Loughborough Junction,E05014104,16155,1044,85,161,317,124,357,3771,1454,1918,399,1363,273,170,499,421,9117,6837,372,0,49,1859,860,74,786
2021,Kennington (Lambeth),E05014105,14605,1019,167,258,201,69,324,3955,2281,1104,570,1219,183,195,422,419,7503,5039,269,3,64,2128,909,128,781
2021,Knight's Hill,E05014106,16908,1078,76,128,367,204,303,4493,1854,1995,644,1639,262,221,639,517,8878,6359,280,5,72,2162,820,112,708
2021,Myatt's Fields,E05014107,10932,650,150,186,101,64,149,3972,2029,1437,506,927,133,147,343,304,4762,3255,183,1,24,1299,621,117,504
2021,Oval,E05014108,12439,853,110,295,167,35,246,2527,1433,772,322,1019,164,145,302,408,7193,4569,261,2,71,2290,847,99,748
2021,St Martin's (Lambeth),E05014109,10842,565,78,65,143,88,191,3470,1613,1361,496,982,125,173,354,330,5062,3355,191,6,50,1460,763,103,660
2021,Stockwell East,E05014110,10743,536,49,141,152,51,143,2883,1571,1015,297,749,154,137,206,252,6007,4098,245,1,50,1613,568,77,491
2021,Stockwell West & Larkhall,E05014111,16338,1075,183,258,173,138,323,4997,2884,1565,548,1184,157,268,387,372,7786,4523,261,11,105,2886,1296,174,1122
2021,Streatham Common & Vale,E05014112,17660,2270,143,123,774,830,400,3849,1638,1688,523,1446,282,225,472,467,9068,5458,294,19,145,3152,1027,168,859
2021,Streatham Hill East,E05014113,9878,782,106,84,195,221,176,2438,979,1146,313,782,175,95,249,263,5254,3520,205,5,43,1481,622,88,534
2021,Streatham Hill West & Thornton,E05014114,10893,620,39,94,234,116,137,1263,609,508,146,806,185,122,202,297,7698,5769,295,5,38,1591,506,62,444
2021,Streatham St Leonard's,E05014115,15815,1796,101,109,570,726,290,2386,1045,1045,296,1373,250,240,332,551,9279,6101,380,1,130,2667,981,144,837
2021,Streatham Wells,E05014116,9759,890,76,148,216,255,195,1757,833,686,238,859,122,143,306,288,5694,3730,214,4,59,1687,559,73,486
2021,Vauxhall (Lambeth),E05014117,9731,1443,36,718,305,74,310,1871,1095,509,267,703,134,100,196,273,4871,2705,166,18,64,1918,843,275,568
2021,Waterloo & South Bank,E05014118,8857,1685,110,811,390,84,290,1279,738,380,161,577,169,75,142,191,4843,2835,189,0,58,1761,473,144,329
2021,West Dulwich,E05014119,11389,654,53,99,233,96,173,1946,754,857,335,968,231,133,338,266,7462,5789,236,1,19,1417,359,50,309
2021,Billinge & Seneley Green,E05014120,10462,49,0,13,14,2,20,19,12,3,4,97,39,18,21,19,10270,10159,50,4,0,57,27,10,17
2021,Blackbrook (St. Helens),E05014121,10594,83,1,19,10,5,48,29,20,2,7,80,24,14,18,24,10349,10141,42,0,0,166,53,24,29
2021,Bold & Lea Green,E05014122,11992,153,9,38,31,26,49,73,51,7,15,108,24,20,34,30,11617,11312,50,1,5,249,41,14,27
2021,Eccleston,E05014123,10399,150,0,37,60,11,42,28,20,6,2,108,31,32,21,24,10084,9934,63,1,0,86,29,8,21
2021,Haydock,E05014124,10842,133,1,17,32,8,75,43,30,7,6,91,23,28,24,16,10512,10299,43,1,5,164,63,23,40
2021,Moss Bank,E05014125,10836,72,8,15,22,0,27,26,12,6,8,85,24,15,26,20,10603,10419,29,3,0,152,50,17,33
2021,Newton-le-Willows East,E05014126,12569,154,28,42,26,12,46,36,21,5,10,213,73,36,59,45,12125,11777,107,7,0,234,41,20,21
2021,Newton-le-Willows West,E05014127,12793,269,72,76,40,18,63,57,41,6,10,176,57,23,51,45,12195,11737,67,22,3,366,96,38,58
2021,Parr,E05014128,12808,225,11,58,33,24,99,92,77,6,9,133,32,33,16,52,12260,11435,43,13,9,760,98,21,77
2021,Peasley Cross & Fingerpost,E05014129,3329,62,0,18,9,3,32,36,32,2,2,35,11,10,11,3,3170,2971,14,4,4,177,26,12,14
2021,Rainford,E05014130,7844,49,6,10,9,3,21,17,3,4,10,79,25,19,14,21,7674,7547,42,3,0,82,25,12,13
2021,Rainhill,E05014131,11422,263,5,56,77,34,91,36,27,6,3,125,44,19,31,31,10946,10741,94,10,2,99,52,20,32
2021,St Helens Town Centre,E05014132,7924,237,4,63,41,5,124,62,51,9,2,109,33,36,22,18,7401,6887,41,4,24,445,115,35,80
2021,Sutton North West,E05014133,7052,68,0,29,9,1,29,20,18,1,1,64,16,17,9,22,6867,6616,25,5,1,220,33,14,19
2021,Sutton South East,E05014134,6597,60,0,17,3,10,30,54,40,9,5,97,27,19,16,35,6345,6065,35,6,7,232,41,7,34
2021,Thatto Heath,E05014135,13247,322,13,67,105,50,87,68,52,7,9,156,54,28,42,32,12574,12176,50,47,1,300,127,50,77
2021,West Park (St. Helens),E05014136,11571,105,4,32,26,11,32,30,13,9,8,112,22,27,30,33,11261,10930,80,6,5,240,63,27,36
2021,Windle,E05014137,10957,123,9,51,15,13,35,49,40,9,0,99,34,24,20,21,10633,10400,70,6,0,157,53,25,28
2021,Alverstoke,E05014138,6311,79,3,16,32,0,28,41,29,5,7,88,32,13,13,30,6083,5978,28,1,1,75,20,3,17
2021,Anglesey (Gosport),E05014139,5343,55,0,17,8,4,26,73,31,38,4,78,24,13,16,25,5090,4961,21,1,1,106,47,4,43
2021,Bridgemary,E05014140,5724,73,6,24,24,0,19,59,24,27,8,68,21,13,12,22,5497,5332,22,5,3,135,27,10,17
2021,Brockhurst & Privett,E05014141,5126,60,4,12,8,5,31,44,18,16,10,67,29,7,12,19,4934,4815,23,0,2,94,21,3,18
2021,Elson,E05014142,6022,63,6,23,17,2,15,24,10,14,0,64,12,9,27,16,5845,5721,15,0,1,108,26,3,23
2021,Forton,E05014143,5792,83,11,12,30,6,24,52,29,14,9,79,19,10,17,33,5540,5342,17,2,4,175,38,0,38
2021,Grange & Alver Valley,E05014144,7403,113,9,19,33,0,52,280,78,158,44,176,36,32,53,55,6771,6424,29,7,6,305,63,0,63
2021,Harbourside & Town,E05014145,4909,103,7,32,19,4,41,68,47,14,7,84,24,20,21,19,4609,4392,13,13,3,188,45,4,41
2021,Hardway,E05014146,6265,95,7,27,25,0,36,48,17,28,3,111,22,13,45,31,6000,5827,22,4,0,147,11,2,9
2021,Lee East,E05014147,5912,76,10,36,9,1,20,26,19,7,0,69,30,10,9,20,5720,5582,24,1,4,109,21,2,19
2021,Lee West,E05014148,5192,45,0,17,7,0,21,55,33,6,16,83,23,12,24,24,4982,4867,22,0,2,91,27,1,26
2021,Leesland & Newtown,E05014149,6701,151,23,36,50,1,41,56,39,12,5,90,36,10,28,16,6376,6140,36,3,1,196,28,2,26
2021,Peel Common,E05014150,5550,86,5,6,53,0,22,23,14,2,7,58,14,7,19,18,5348,5208,14,3,0,123,35,12,23
2021,Rowner & Holbrook,E05014151,5688,85,0,34,21,0,30,137,50,66,21,86,18,19,22,27,5339,5173,24,1,1,140,41,3,38
2021,Besses,E05014152,11079,745,17,120,145,363,100,493,301,101,91,438,97,106,139,96,9165,8472,173,3,10,507,238,81,157
2021,Bury East,E05014153,13319,4131,99,40,220,3381,391,569,435,62,72,372,119,47,117,89,7795,7109,69,20,20,577,452,104,348
2021,Bury West,E05014154,10951,700,11,75,75,464,75,126,81,24,21,218,69,31,77,41,9814,9548,93,4,11,158,93,24,69
2021,Elton,E05014155,11555,736,17,46,54,551,68,155,107,24,24,238,93,26,82,37,10321,9979,84,2,9,247,105,24,81
2021,Holyrood,E05014156,11197,991,0,95,140,615,141,211,135,48,28,394,135,56,119,84,9328,8569,219,3,7,530,273,82,191
2021,Moorside (Bury),E05014157,11961,2497,43,36,94,2174,150,361,301,35,25,339,128,47,94,70,8580,8105,82,18,13,362,184,41,143
2021,North Manor,E05014158,9746,133,1,28,22,76,6,34,22,9,3,165,63,15,54,33,9388,9179,114,5,0,90,26,3,23
2021,Pilkington Park,E05014159,9882,764,5,61,208,397,93,88,54,23,11,295,98,53,65,79,8352,7680,177,0,7,488,383,26,357
2021,Radcliffe East,E05014160,11278,784,19,59,64,548,94,222,162,26,34,369,133,52,137,47,9774,9352,77,9,9,327,129,40,89
2021,Radcliffe North & Ainsworth,E05014161,12020,344,1,52,67,160,64,141,88,41,12,203,58,39,67,39,11262,10971,98,13,1,179,70,7,63
2021,Radcliffe West,E05014162,11613,625,42,88,72,319,104,299,192,56,51,331,76,58,142,55,10194,9695,102,18,9,370,164,39,125
2021,Ramsbottom,E05014163,11684,337,110,43,54,93,37,60,23,25,12,225,72,26,87,40,11023,10715,97,10,4,197,39,2,37
2021,Redvales,E05014164,11717,3797,51,83,73,3392,198,225,162,40,23,337,138,20,108,71,7076,6334,106,10,14,612,282,65,217
2021,Sedgley (Bury),E05014165,13468,1902,24,52,231,1363,232,211,123,72,16,369,129,46,86,108,10126,8866,198,4,12,1046,860,100,760
2021,St. Mary's (Bury),E05014166,11278,998,12,90,210,480,206,313,220,64,29,417,138,65,114,100,9230,8364,240,4,6,616,320,62,258
2021,Tottington,E05014167,10070,169,8,31,18,89,23,64,43,17,4,157,53,19,47,38,9645,9430,87,5,1,122,35,7,28
2021,Unsworth,E05014168,11032,940,24,55,116,683,62,118,68,37,13,257,73,39,88,57,9638,9160,173,1,1,303,79,11,68
2021,Duxford,E05014169,4004,122,7,40,39,5,31,14,9,4,1,61,21,6,19,15,3791,3424,33,0,4,330,16,8,8
2021,Sawston,E05014170,7268,581,27,97,281,29,147,106,75,16,15,194,75,33,31,55,6301,5694,54,9,5,539,86,15,71
2021,Aspatria,E05014171,5349,14,2,4,2,2,4,3,0,3,0,23,6,2,9,6,5302,5228,13,1,4,56,7,0,7
2021,Belah,E05014172,6655,144,3,61,49,14,17,8,7,0,1,55,25,12,6,12,6403,6170,31,9,4,189,45,18,27
2021,Belle Vue (Carlisle),E05014173,6896,38,2,9,13,6,8,12,8,3,1,63,18,12,15,18,6747,6439,19,14,9,266,36,9,27
2021,Botcherby,E05014174,6587,91,18,32,17,2,22,53,44,9,0,84,36,22,9,17,6317,5720,33,18,8,538,42,15,27
2021,Bothel and Wharrels,E05014175,4907,20,0,10,2,0,8,5,3,1,1,32,14,5,5,8,4839,4715,14,0,8,102,11,1,10
2021,Brampton (Carlisle),E05014176,5545,33,1,6,9,5,12,5,1,3,1,52,23,4,11,14,5438,5332,26,2,0,78,17,3,14
2021,Bransty,E05014177,5069,96,28,20,19,12,17,28,26,2,0,15,7,2,2,4,4913,4848,12,0,1,52,17,5,12
2021,Castle (Carlisle),E05014178,5577,265,30,35,87,36,77,50,49,1,0,61,22,10,7,22,5102,4596,49,12,31,414,99,42,57
2021,Cleator Moor East and Frizington,E05014179,5283,11,0,1,5,0,5,3,1,2,0,23,9,6,6,2,5234,5143,12,1,2,76,12,1,11
2021,Cleator Moor West,E05014180,5847,50,0,8,30,2,10,14,6,5,3,39,7,3,10,19,5738,5673,13,10,0,42,6,1,5
2021,Cockermouth North,E05014181,6500,91,6,23,26,13,23,10,9,0,1,67,34,5,6,22,6303,6150,24,4,0,125,29,7,22
2021,Cockermouth South,E05014182,6056,59,1,16,25,3,14,16,10,4,2,49,18,4,6,21,5927,5825,16,0,0,86,5,1,4
2021,Corby and Hayton,E05014183,4784,34,1,7,8,6,12,5,5,0,0,37,21,3,5,8,4699,4633,28,7,0,31,9,5,4
2021,Currock,E05014184,6179,288,43,34,54,13,144,16,11,4,1,72,20,11,10,31,5708,5190,26,17,22,453,95,14,81
2021,Dalston and Burgh,E05014185,7803,66,1,29,20,1,15,32,23,3,6,84,30,27,13,14,7608,7489,18,10,0,91,13,1,12
2021,Dearham and Broughton,E05014186,6052,22,0,12,1,0,9,7,5,1,1,42,14,4,11,13,5966,5888,12,1,1,64,15,3,12
2021,Denton Holme,E05014187,6563,149,12,61,20,14,42,28,21,4,3,87,29,14,11,33,6269,5939,45,9,3,273,30,15,15
2021,Egremont,E05014188,5795,31,0,8,13,1,9,10,9,1,0,31,13,4,3,11,5715,5657,12,1,0,45,8,1,7
2021,Egremont North and St Bees,E05014189,5550,23,1,7,3,0,12,15,10,3,2,50,19,13,6,12,5450,5372,7,2,0,69,12,5,7
2021,Gosforth (Copeland),E05014190,5837,43,0,10,5,0,28,16,11,4,1,67,34,5,9,19,5696,5631,13,2,2,48,15,0,15
2021,Harraby North,E05014191,6552,54,11,1,18,3,21,21,17,3,1,46,12,8,15,11,6392,6037,10,2,0,343,39,21,18
2021,Harraby South,E05014192,5870,86,14,6,43,7,16,24,14,5,5,34,11,1,14,8,5678,5387,15,6,0,270,48,28,20
2021,Harrington,E05014193,6707,26,1,9,3,6,7,3,1,2,0,49,15,8,16,10,6624,6544,12,5,4,59,5,1,4
2021,Hillcrest and Hensingham,E05014194,5533,39,3,12,7,6,11,2,1,0,1,21,12,2,3,4,5446,5395,10,0,0,41,25,11,14
2021,Houghton and Irthington,E05014195,5240,45,4,7,27,0,7,21,20,0,1,22,6,7,1,8,5135,5007,17,28,0,83,17,2,15
2021,Howgate,E05014196,5688,37,1,19,5,1,11,10,10,0,0,23,9,5,5,4,5614,5551,16,1,0,46,4,0,4
2021,Kells and Sandwith,E05014197,6343,67,15,9,8,6,29,35,30,5,0,66,18,15,15,18,6131,6017,18,0,1,95,44,20,24
2021,Keswick,E05014198,5200,71,4,11,5,4,47,7,6,1,0,76,27,13,13,23,5016,4737,19,0,7,253,30,6,24
2021,Longtown,E05014199,5061,12,0,2,1,0,9,8,7,1,0,29,10,16,2,1,5007,4860,14,24,0,109,5,0,5
2021,Maryport North,E05014200,6119,23,2,5,3,0,13,6,4,1,1,42,13,10,16,3,6041,5944,11,6,1,79,7,2,5
2021,Maryport South,E05014201,6592,20,3,3,4,1,9,10,6,4,0,23,11,5,5,2,6533,6383,17,3,0,130,6,1,5
2021,Millom,E05014202,5690,33,0,16,7,1,9,5,1,3,1,35,15,4,7,9,5613,5542,14,0,4,53,4,1,3
2021,Millom Without,E05014203,4964,38,3,1,8,9,17,12,1,9,2,47,18,2,23,4,4857,4789,23,5,0,40,10,2,8
2021,Mirehouse,E05014204,5480,74,6,8,12,12,36,38,38,0,0,40,14,2,10,14,5304,5233,13,1,1,56,24,14,10
2021,Morton (Carlisle),E05014205,5976,57,11,7,8,3,28,7,5,2,0,40,8,6,10,16,5851,5669,22,11,6,143,21,4,17
2021,Moss Bay and Moorclose,E05014206,6906,21,0,5,4,1,11,1,1,0,0,23,10,1,5,7,6830,6744,11,1,0,74,31,8,23
2021,St John's and Great Clifton,E05014207,6451,22,5,3,4,0,10,1,1,0,0,46,10,1,12,23,6374,6318,21,2,0,33,8,3,5
2021,St Michael's (Allerdale),E05014208,5371,62,11,15,7,1,28,2,2,0,0,49,22,3,16,8,5221,5101,23,3,1,93,37,1,36
2021,Seaton (Allerdale),E05014209,6560,33,4,12,8,0,9,0,0,0,0,20,10,2,4,4,6498,6449,12,0,0,37,9,0,9
2021,Solway Coast,E05014210,5307,16,0,3,4,1,8,6,6,0,0,22,10,3,1,8,5257,5193,19,4,6,35,6,0,6
2021,Stanwix Urban,E05014211,5663,101,28,33,18,6,16,17,15,1,1,52,22,4,7,19,5474,5355,20,7,1,91,19,4,15
2021,Thursby,E05014212,5223,8,1,2,0,0,5,4,3,1,0,28,11,7,7,3,5171,5117,7,3,1,43,12,5,7
2021,Upperby,E05014213,6280,66,1,11,4,3,47,28,25,2,1,67,18,11,13,25,6092,5860,25,5,0,202,27,11,16
2021,Wetheral,E05014214,7163,58,1,8,18,15,16,3,1,2,0,57,25,11,7,14,7034,6859,22,2,0,151,11,0,11
2021,Wigton,E05014215,6850,24,3,6,1,1,13,3,2,1,0,40,19,5,2,14,6765,6645,10,16,0,94,18,0,18
2021,Yewdale,E05014216,5627,38,0,14,13,0,11,2,1,0,1,33,8,6,6,13,5549,5460,16,5,0,68,5,4,1
2021,Alston and Fellside,E05014217,6437,14,0,1,1,0,12,5,3,1,1,40,22,1,8,9,6371,6265,23,0,1,82,7,0,7
2021,Appleby and Brough,E05014218,5985,27,11,6,4,0,6,9,7,2,0,30,10,4,8,8,5909,5800,15,6,0,88,10,1,9
2021,Bowness and Lyth,E05014219,3836,36,1,11,4,1,19,4,2,2,0,24,8,1,7,8,3741,3403,22,0,23,293,31,1,30
2021,Burton and Holme,E05014220,3479,19,0,3,3,6,7,6,4,1,1,22,12,0,5,5,3428,3379,6,0,0,43,4,1,3
2021,Coniston and Hawkshead,E05014221,3179,18,0,4,7,0,7,4,3,1,0,15,4,2,3,6,3138,3060,15,0,1,62,4,0,4
2021,Dalton North,E05014222,5938,27,0,3,12,0,12,11,9,2,0,39,13,6,12,8,5856,5783,12,1,3,57,5,2,3
2021,Dalton South,E05014223,5974,34,1,3,7,2,21,8,7,0,1,66,28,2,18,18,5857,5794,17,2,1,43,9,2,7
2021,Eamont and Shap,E05014224,4216,12,0,1,6,0,5,2,2,0,0,46,7,14,8,17,4145,4034,20,5,3,83,11,0,11
2021,Eden and Lyvennet Vale,E05014225,5656,6,0,2,3,0,1,7,1,4,2,27,3,6,8,10,5609,5519,21,0,0,69,7,1,6
2021,Grange and Cartmel,E05014226,10429,45,5,8,9,0,23,32,15,12,5,63,21,10,19,13,10278,9944,49,2,5,278,11,2,9
2021,Greystoke and Ullswater,E05014227,4238,24,5,4,6,0,9,5,3,1,1,27,6,4,3,14,4172,4004,15,9,6,138,10,1,9
2021,Hawcoat and Newbarns,E05014228,10869,263,6,50,117,17,73,60,50,8,2,93,50,6,11,26,10386,10269,16,4,0,97,67,37,30
2021,Hesket and Lazonby,E05014229,6252,22,5,1,9,0,7,6,1,2,3,37,24,0,5,8,6181,6087,20,5,0,69,6,0,6
2021,High Furness,E05014230,3768,11,0,1,4,1,5,2,1,1,0,24,11,7,1,5,3725,3652,14,1,0,58,6,4,2
2021,Kendal Castle,E05014231,6057,41,2,8,8,3,20,6,3,1,2,56,21,4,18,13,5938,5764,24,2,0,148,16,2,14
2021,Kendal Highgate,E05014232,5947,86,3,19,8,11,45,26,10,16,0,75,30,17,12,16,5700,5369,23,1,4,303,60,11,49
2021,Kendal Nether,E05014233,6502,48,0,7,17,3,21,16,8,7,1,61,15,8,14,24,6368,6075,23,8,0,262,9,1,8
2021,Kendal South,E05014234,6312,63,0,14,15,10,24,9,5,3,1,46,20,12,5,9,6171,6041,15,1,0,114,23,13,10
2021,Kendal Strickland and Fell,E05014235,6632,83,2,13,32,8,28,12,5,7,0,117,25,26,22,44,6394,5970,33,1,6,384,26,1,25
2021,Kent Estuary,E05014236,6217,32,0,10,0,8,14,9,6,3,0,62,29,2,14,17,6110,5975,28,0,0,107,4,0,4
2021,Kirkby Stephen and Tebay,E05014237,4969,35,4,10,4,5,12,4,3,1,0,37,16,5,8,8,4885,4800,23,0,0,62,8,2,6
2021,Levens and Crooklands,E05014238,3843,14,0,7,2,3,2,5,2,2,1,35,18,7,0,10,3777,3718,10,0,0,49,12,6,6
2021,Low Furness,E05014239,4202,13,0,4,6,0,3,4,3,0,1,32,6,4,6,16,4144,4072,12,0,0,60,9,1,8
2021,Old Barrow and Hindpool,E05014240,12162,300,22,101,52,19,106,78,73,1,4,106,43,22,18,23,11593,11294,38,0,8,253,85,23,62
2021,Ormsgill and Parkside,E05014241,11162,158,11,27,33,6,81,34,33,1,0,79,32,6,20,21,10858,10720,35,12,2,89,33,12,21
2021,Penrith North,E05014242,7570,114,20,11,33,10,40,18,12,3,3,61,24,6,11,20,7312,6858,20,19,4,411,65,6,59
2021,Penrith South,E05014243,9415,179,33,49,65,6,26,31,18,13,0,63,21,4,10,28,9114,8524,45,7,14,524,28,9,19
2021,Risedale and Roosecote,E05014244,10783,120,16,38,8,6,52,45,39,1,5,92,36,9,25,22,10493,10368,26,1,1,97,33,5,28
2021,Sedbergh and Kirkby Lonsdale,E05014245,8016,47,1,22,9,1,14,21,8,9,4,95,38,19,13,25,7833,7609,36,5,6,177,20,7,13
2021,Ulverston,E05014246,11822,123,11,23,17,1,71,15,10,4,1,110,51,14,21,24,11536,11185,54,12,2,283,38,8,30
2021,Upper Kent,E05014247,4019,22,0,3,3,2,14,13,11,1,1,48,11,8,7,22,3931,3812,20,0,4,95,5,1,4
2021,Walney Island,E05014248,10516,42,3,4,9,4,22,14,12,1,1,76,27,15,12,22,10372,10257,35,1,2,77,12,4,8
2021,Windermere and Ambleside,E05014249,10184,113,6,40,21,5,41,64,22,31,11,143,39,14,46,44,9816,8929,68,1,23,795,48,1,47
2021,Aire Valley,E05014250,6346,41,2,15,15,6,3,5,1,4,0,74,26,12,14,22,6214,6099,26,9,2,78,12,5,7
2021,Aiskew & Leeming,E05014251,6115,40,0,3,6,3,28,12,9,3,0,62,24,8,10,20,5985,5848,24,2,1,110,16,0,16
2021,Amotherby & Ampleforth,E05014252,5588,34,0,10,11,2,11,5,5,0,0,51,9,12,10,20,5471,5238,43,4,0,186,27,5,22
2021,Appleton Roebuck & Church Fenton,E05014253,6156,47,0,7,25,1,14,18,12,3,3,86,31,14,25,16,5990,5857,31,10,0,92,15,1,14
2021,Barlby & Riccall,E05014254,6019,54,2,19,13,3,17,6,3,3,0,45,15,7,10,13,5901,5727,15,6,7,146,13,8,5
2021,Bedale,E05014255,6236,34,4,10,3,3,14,8,3,5,0,37,16,2,11,8,6144,6005,20,3,5,111,13,0,13
2021,Bentham & Ingleton,E05014256,7427,34,0,8,5,9,12,6,2,4,0,66,23,10,13,20,7312,7177,18,1,0,116,9,1,8
2021,Bilton Grange & New Park,E05014257,7899,133,6,27,50,1,49,36,29,3,4,168,63,29,38,38,7530,7049,54,2,6,419,32,9,23
2021,Bilton & Nidd Gorge,E05014258,7357,82,18,18,30,1,15,54,40,9,5,83,21,13,23,26,7120,6746,38,9,1,326,18,6,12
2021,Boroughbridge & Claro,E05014259,7552,61,0,11,25,9,16,18,10,7,1,62,22,11,7,22,7396,7122,53,9,1,211,15,1,14
2021,Brayton & Barlow,E05014260,6347,30,0,9,12,1,8,18,12,4,2,38,9,5,16,8,6244,6064,28,4,2,146,17,1,16
2021,Camblesforth & Carlton,E05014261,6103,50,0,12,15,8,15,7,5,1,1,38,19,3,6,10,5994,5890,17,11,0,76,14,0,14
2021,Castle (Scarborough),E05014262,8315,303,78,43,48,23,111,68,50,11,7,142,49,18,33,42,7720,7039,30,4,31,616,82,11,71
2021,Catterick Village & Brompton-on-Swale,E05014263,6604,58,2,8,9,5,34,69,26,21,22,47,11,7,15,14,6411,6283,27,6,1,94,19,0,19
2021,Cawood & Escrick,E05014264,5801,77,0,33,30,5,9,16,10,2,4,68,41,7,6,14,5621,5481,27,10,0,103,19,12,7
2021,Cayton,E05014265,4366,24,0,3,4,2,15,0,0,0,0,35,19,2,5,9,4305,4239,17,3,0,46,2,0,2
2021,Cliffe & North Duffield,E05014266,5502,17,0,4,3,3,7,7,7,0,0,30,10,3,2,15,5440,5337,24,3,0,76,8,3,5
2021,Coppice Valley & Duchy,E05014267,7155,179,4,71,37,7,60,71,49,11,11,162,61,17,34,50,6664,6033,32,0,15,584,79,9,70
2021,Danby & Mulgrave,E05014268,4894,11,0,3,2,0,6,5,3,1,1,24,12,0,7,5,4846,4769,9,4,3,61,8,0,8
2021,Derwent Valley & Moor,E05014269,5243,20,0,2,6,3,9,4,1,2,1,41,22,4,11,4,5166,5078,7,5,8,68,12,4,8
2021,Easingwold,E05014270,6794,33,0,14,12,0,7,26,14,7,5,60,27,4,12,17,6658,6495,32,2,1,128,17,6,11
2021,Eastfield,E05014271,7180,52,0,5,17,1,29,17,16,1,0,91,30,24,12,25,6997,6813,7,4,1,172,23,7,16
2021,Esk Valley & Coast,E05014272,6702,36,1,13,9,2,11,4,3,1,0,35,13,5,4,13,6617,6520,18,6,0,73,10,4,6
2021,Fairfax & Starbeck,E05014273,8219,262,12,41,114,11,84,74,59,6,9,142,67,29,20,26,7642,7146,44,4,2,446,99,40,59
2021,Falsgrave & Stepney,E05014274,8256,139,13,24,56,14,32,48,38,9,1,109,37,12,17,43,7879,7474,33,2,16,354,81,22,59
2021,Filey,E05014275,7083,21,0,9,4,0,8,7,6,0,1,43,14,4,16,9,6992,6908,27,5,2,50,20,3,17
2021,Great Ayton,E05014276,5488,18,2,5,4,3,4,10,6,3,1,44,11,4,15,14,5405,5335,17,3,0,50,11,2,9
2021,"Glusburn, Cross Hills & Sutton-in-Craven",E05014277,8125,90,0,23,45,2,20,5,5,0,0,60,23,8,15,14,7950,7843,21,1,4,81,20,7,13
2021,Harlow & St. Georges,E05014278,8393,245,1,91,62,39,52,32,20,5,7,161,87,7,28,39,7920,7480,68,2,9,361,35,15,20
2021,High Harrogate & Kingsley,E05014279,8288,302,10,48,125,20,99,86,67,11,8,164,53,24,46,41,7682,7054,41,4,25,558,54,14,40
2021,Hipswell & Colburn,E05014280,9897,530,4,18,21,3,484,212,80,56,76,158,54,34,27,43,8745,8527,40,10,0,168,252,14,238
2021,Helmsley & Sinnington,E05014281,5112,25,2,6,3,5,9,4,1,2,1,30,13,3,3,11,5046,4908,23,0,1,114,7,0,7
2021,Hillside & Raskelf,E05014282,6608,29,1,8,10,0,10,6,2,1,3,50,28,9,4,9,6510,6410,42,4,0,54,13,3,10
2021,Huby & Tollerton,E05014283,6812,51,0,8,26,2,15,8,4,3,1,60,21,13,8,18,6673,6526,28,2,2,115,20,4,16
2021,Hutton Rudby & Osmotherley,E05014285,5940,50,0,10,19,5,16,6,2,2,2,59,34,9,4,12,5818,5708,31,3,0,76,7,1,6
2021,"Killinghall, Hampsthwaite & Saltergate",E05014286,9900,186,0,68,29,12,77,114,65,38,11,232,72,19,84,57,9314,8832,57,3,4,418,54,10,44
2021,Kirkbymoorside & Dales,E05014287,6348,20,0,5,8,0,7,8,2,0,6,40,20,3,9,8,6275,6155,28,0,0,92,5,0,5
2021,Knaresborough East,E05014288,8083,87,3,19,29,9,27,18,11,4,3,86,38,8,13,27,7869,7586,41,11,8,223,23,1,22
2021,Knaresborough West,E05014289,7868,76,0,15,35,5,21,13,6,7,0,94,38,11,15,30,7658,7409,49,16,0,184,27,2,25
2021,Leyburn & Middleham,E05014290,5416,16,2,1,4,0,9,10,4,4,2,34,9,4,9,12,5345,5260,21,2,1,61,11,2,9
2021,Malton,E05014291,6321,59,5,28,5,3,18,23,18,5,0,62,16,18,11,17,6122,5769,29,13,11,300,55,21,34
2021,Masham & Fountains,E05014292,7537,37,0,8,8,5,16,13,8,5,0,48,13,13,13,9,7422,7232,46,4,0,140,17,3,14
2021,Monk Fryston & South Milford,E05014293,8790,50,0,13,14,5,18,23,18,2,3,106,40,18,25,23,8574,8396,40,7,0,131,37,13,24
2021,Mid Craven,E05014294,5247,18,2,1,5,5,5,6,5,1,0,42,15,9,13,5,5174,5091,28,4,0,51,7,0,7
2021,Morton-on-Swale & Appleton Wiske,E05014295,6351,20,2,3,7,0,8,13,3,5,5,35,19,4,8,4,6269,6188,19,0,0,62,14,2,12
2021,Newby,E05014296,6286,90,1,21,40,6,22,38,35,2,1,56,18,16,2,20,6083,5981,13,2,0,87,19,5,14
2021,North Richmondshire,E05014297,7499,36,0,1,8,11,16,19,8,6,5,56,23,12,8,13,7377,7234,25,5,8,105,11,2,9
2021,Northallerton North & Brompton,E05014298,6759,74,0,12,29,6,27,30,20,2,8,52,20,9,3,20,6571,6414,17,13,1,126,32,21,11
2021,Northallerton South,E05014299,6671,66,0,14,25,6,21,13,9,4,0,71,17,12,26,16,6500,6291,26,10,3,170,21,10,11
2021,Norton (Ryedale),E05014300,8182,70,6,16,5,7,36,26,19,5,2,84,26,16,11,31,7971,7513,32,23,12,391,31,1,30
2021,Northstead,E05014301,7384,146,43,18,14,12,59,14,11,2,1,65,28,8,16,13,7096,6640,28,4,14,410,63,18,45
2021,Oatlands & Pannal,E05014302,7919,113,0,30,40,12,31,44,28,6,10,161,81,17,27,36,7568,7220,57,3,0,288,33,0,33
2021,Osgoldcross,E05014303,6407,38,0,7,18,3,10,20,10,5,5,46,12,10,16,8,6292,6135,36,9,1,111,11,7,4
2021,Ouseburn (Harrogate),E05014304,6477,291,0,147,13,5,126,117,92,12,13,120,29,21,19,51,5912,5735,35,0,0,142,37,8,29
2021,Pateley Bridge & Nidderdale,E05014305,5549,45,0,10,20,1,14,18,8,8,2,60,24,10,17,9,5409,5230,26,1,0,152,17,10,7
2021,Pickering (Ryedale),E05014306,7258,44,6,15,4,6,13,7,6,1,0,25,8,6,1,10,7172,7020,19,15,0,118,10,1,9
2021,Richmond (Richmondshire),E05014307,8079,42,0,9,12,3,18,14,3,7,4,72,25,6,22,19,7908,7751,42,5,2,108,43,18,25
2021,Ripon Minster & Moorside,E05014308,8105,87,1,20,35,8,23,36,23,8,5,82,23,21,20,18,7853,7523,24,2,3,301,47,10,37
2021,Ripon Ure Bank & Spa,E05014309,8487,187,1,43,59,27,57,74,35,24,15,144,62,18,22,42,8043,7659,49,3,6,326,39,4,35
2021,Romanby,E05014310,5881,54,1,13,24,1,15,8,7,1,0,53,18,5,13,17,5744,5656,22,12,1,53,22,12,10
2021,Scalby & the Coast,E05014311,5733,74,5,1,31,17,20,16,11,2,3,55,27,11,8,9,5572,5488,25,1,1,57,16,2,14
2021,Scotton & Lower Wensleydale,E05014312,7083,642,0,6,12,0,624,109,39,38,32,73,19,16,16,22,6058,5948,25,6,2,77,201,1,200
2021,Seamer,E05014313,4694,26,1,14,1,0,10,2,2,0,0,38,24,2,2,10,4618,4529,13,0,0,76,10,4,6
2021,Selby East,E05014314,8350,102,1,48,28,1,24,37,22,10,5,130,48,18,30,34,8014,7163,23,15,14,799,67,30,37
2021,Selby West,E05014315,10088,83,2,23,29,2,27,25,12,10,3,76,19,10,27,20,9826,8862,36,36,17,875,78,15,63
2021,Settle & Penyghent,E05014316,5628,43,0,14,19,1,9,7,4,3,0,31,13,5,4,9,5542,5382,22,6,7,125,5,0,5
2021,Sherburn in Elmet,E05014317,8573,53,0,7,28,1,17,28,12,7,9,81,21,8,35,17,8392,8170,37,7,1,177,19,1,18
2021,Sheriff Hutton & Derwent,E05014318,6807,57,0,13,7,19,18,10,6,4,0,69,24,20,9,16,6660,6501,36,1,2,120,11,3,8
2021,Skipton East & South,E05014319,7289,123,4,14,39,13,53,28,15,5,8,98,41,14,25,18,7014,6722,34,5,0,253,26,2,24
2021,Skipton North & Embsay-with-Eastby,E05014320,5649,72,0,9,10,36,17,6,2,3,1,60,23,2,13,22,5491,5275,44,3,0,169,20,3,17
2021,Skipton West & West Craven,E05014321,6315,538,10,12,61,425,30,16,8,0,8,93,38,18,18,19,5619,5354,30,20,0,215,49,15,34
2021,Sowerby & Topcliffe,E05014322,7789,85,6,26,6,0,47,78,37,13,28,62,14,7,9,32,7494,7253,28,17,0,196,70,3,67
2021,Spofforth with Lower Wharfedale & Tockwith,E05014323,6353,41,0,2,21,10,8,14,4,10,0,69,33,8,10,18,6203,6004,41,0,0,158,26,6,20
2021,"Stray, Woodlands & Hookstone",E05014324,8075,176,0,28,81,23,44,26,17,7,2,147,76,10,27,34,7679,7394,74,0,4,207,47,3,44
2021,Stokesley,E05014325,6177,45,0,6,10,18,11,9,0,4,5,47,20,7,15,5,6068,5906,29,29,0,104,8,1,7
2021,Tadcaster,E05014326,7512,67,1,26,25,4,11,18,12,5,1,87,34,15,16,22,7322,7198,28,3,0,93,18,2,16
2021,Thirsk,E05014327,7072,62,4,15,9,16,18,16,6,3,7,48,14,13,10,11,6931,6643,22,11,1,254,15,2,13
2021,Thornton Dale & Wolds,E05014328,7060,18,0,0,7,1,10,9,5,1,3,51,15,7,13,16,6969,6869,18,3,0,79,13,2,11
2021,Thorpe Willoughby & Hambleton,E05014329,6356,31,0,8,9,1,13,7,5,1,1,55,24,4,16,11,6250,6100,22,36,3,89,13,1,12
2021,Upper Dales,E05014330,5197,20,1,3,4,0,12,4,4,0,0,21,8,2,7,4,5145,5022,15,0,0,108,7,1,6
2021,Valley Gardens & Central Harrogate,E05014331,8346,218,7,41,61,17,92,95,63,20,12,213,62,36,27,88,7722,6771,81,3,21,846,98,12,86
2021,Washburn & Birstwith,E05014332,6547,43,0,9,24,2,8,6,1,5,0,89,36,9,22,22,6386,6215,32,5,1,133,23,0,23
2021,Wathvale & Bishop Monkton,E05014333,8546,93,7,7,14,1,64,77,55,5,17,81,34,1,20,26,8251,8039,29,4,0,179,44,5,39
2021,Weaponness & Ramshill,E05014334,7562,135,5,24,32,23,51,58,53,5,0,113,39,24,26,24,7195,6602,28,9,35,521,61,22,39
2021,Wharfedale (Craven),E05014335,4909,14,0,1,6,4,3,8,4,3,1,45,5,7,16,17,4834,4750,21,1,0,62,8,0,8
2021,Whitby Streonshalh,E05014336,5681,44,16,7,3,9,9,7,3,2,2,45,13,4,19,9,5568,5438,15,3,11,101,17,2,15
2021,Whitby West,E05014337,7449,38,12,3,2,5,16,10,9,1,0,58,20,11,9,18,7315,7190,20,3,5,97,28,3,25
2021,Woodlands (Scarborough),E05014338,7447,195,12,29,87,24,43,31,29,1,1,91,31,16,24,20,7084,6795,14,1,9,265,46,21,25
2021,Bishop's Hull & Taunton West,E05014339,10962,624,28,47,291,18,240,93,74,13,6,195,77,35,33,50,9952,9194,64,14,9,671,98,15,83
2021,Blackdown & Neroche,E05014340,10906,119,8,12,21,2,76,43,32,6,5,106,44,18,16,28,10606,10286,39,11,4,266,32,11,21
2021,Blackmoor Vale,E05014341,9202,60,1,14,17,1,27,23,17,3,3,101,38,9,30,24,9005,8738,32,2,0,233,13,4,9
2021,Brent (Sedgemoor),E05014342,10096,82,13,12,44,1,12,19,9,6,4,94,34,12,29,19,9886,9662,53,10,1,160,15,7,8
2021,Bridgwater East & Bawdrip,E05014343,12291,165,4,24,67,8,62,85,61,16,8,116,33,26,28,29,11872,11098,36,17,8,713,53,16,37
2021,Bridgwater North & Central,E05014344,11083,540,24,39,323,13,141,75,36,14,25,170,53,47,36,34,10163,8859,27,35,47,1195,135,5,130
2021,Bridgwater South,E05014345,12016,307,34,51,137,4,81,44,27,12,5,207,58,34,47,68,11320,10075,39,24,17,1165,138,20,118
2021,Bridgwater West,E05014346,11198,125,29,16,22,15,43,36,29,5,2,131,49,19,16,47,10863,9928,45,20,16,854,43,7,36
2021,Brympton,E05014347,9427,178,18,30,58,25,47,85,69,7,9,141,52,17,26,46,8983,8429,23,11,9,511,40,8,32
2021,Burnham on Sea North,E05014348,9806,145,36,19,20,6,64,24,16,6,2,87,39,12,17,19,9523,9266,41,9,3,204,27,2,25
2021,Cannington,E05014349,9332,19,1,12,1,1,4,23,8,7,8,104,36,19,25,24,9168,8938,48,2,4,176,18,3,15
2021,Castle Cary,E05014350,10549,58,5,10,10,7,26,59,20,35,4,106,32,12,18,44,10315,10047,47,0,1,220,11,2,9
2021,Chard North,E05014351,10684,70,4,15,16,8,27,76,57,14,5,170,38,51,35,46,10324,9542,41,2,28,711,44,1,43
2021,Chard South,E05014352,8737,71,3,16,11,4,37,55,41,8,6,91,13,32,24,22,8456,7912,51,0,13,480,64,3,61
2021,Cheddar,E05014353,9364,89,4,18,17,1,49,25,14,4,7,135,66,16,20,33,9097,8832,40,3,6,216,18,2,16
2021,Coker,E05014354,9417,34,2,5,11,2,14,22,13,5,4,87,28,5,22,32,9255,9012,41,17,5,180,19,4,15
2021,Comeytrowe & Trull,E05014355,10063,455,21,72,229,24,109,90,66,8,16,128,58,10,26,34,9333,8872,63,1,10,387,57,5,52
2021,Crewkerne,E05014356,8999,56,0,13,10,3,30,21,15,5,1,97,29,6,34,28,8799,8479,27,12,8,273,26,3,23
2021,Curry Rivel & Langport,E05014357,10755,59,0,18,22,1,18,13,7,5,1,75,25,10,15,25,10572,10260,47,31,4,230,36,10,26
2021,Dulverton & Exmoor,E05014358,7928,38,0,4,19,1,14,11,7,4,0,50,24,5,7,14,7815,7659,41,3,1,111,14,3,11
2021,Dunster,E05014359,8730,32,1,8,10,0,13,16,10,2,4,73,28,11,22,12,8593,8312,36,5,11,229,16,4,12
2021,Frome East,E05014360,13126,135,2,44,20,4,65,50,36,7,7,235,94,28,51,62,12659,11897,73,67,7,615,47,7,40
2021,Frome North,E05014361,9660,65,0,11,15,4,35,15,6,8,1,131,76,10,19,26,9425,8975,59,39,3,349,24,10,14
2021,Frome West,E05014362,10557,143,7,30,33,2,71,24,14,5,5,205,90,27,37,51,10144,9492,77,14,2,559,41,3,38
2021,Glastonbury,E05014363,8981,129,14,36,41,1,37,31,18,5,8,162,60,14,44,44,8628,8068,75,31,13,441,31,7,24
2021,Highbridge & Burnham South,E05014364,10042,133,26,15,32,9,51,31,16,5,10,140,48,19,27,46,9696,9357,50,11,5,273,42,3,39
2021,Huntspill,E05014365,9826,59,8,5,29,0,17,8,2,4,2,44,16,10,7,11,9695,9513,44,14,7,117,20,3,17
2021,Ilminster,E05014366,10480,63,7,25,16,1,14,28,25,0,3,103,35,20,18,30,10278,10040,50,23,2,163,8,0,8
2021,King Alfred,E05014367,9832,54,4,9,8,1,32,6,4,1,1,79,30,14,14,21,9678,9459,31,28,2,158,15,1,14
2021,Lydeard,E05014368,10936,139,7,25,56,8,43,50,36,6,8,120,41,20,33,26,10581,10122,67,17,5,370,46,13,33
2021,Martock,E05014369,10552,71,3,17,18,2,31,26,21,4,1,105,43,23,25,14,10295,9930,58,21,7,279,55,14,41
2021,Mendip Central and East,E05014370,9483,50,7,12,6,2,23,12,6,6,0,84,39,14,14,17,9319,9063,65,18,2,171,18,0,18
2021,Mendip Hills,E05014371,9863,73,0,35,14,3,21,44,26,12,6,123,54,13,20,36,9599,9292,76,2,3,226,24,3,21
2021,Mendip South,E05014372,9270,63,1,16,21,2,23,21,12,8,1,86,27,14,22,23,9067,8719,56,11,9,272,33,1,32
2021,Mendip West,E05014373,10127,54,1,6,21,1,25,20,16,4,0,98,30,18,19,31,9940,9600,57,12,1,270,15,0,15
2021,Minehead,E05014374,8638,71,7,8,24,2,30,16,9,5,2,126,53,14,37,22,8409,7970,51,4,3,381,16,3,13
2021,Monkton & North Curry,E05014375,12890,166,8,46,60,1,51,31,23,7,1,158,59,17,31,51,12517,12037,35,25,4,416,18,4,14
2021,North Petherton,E05014376,10462,87,4,26,23,4,30,48,29,9,10,127,33,30,32,32,10129,9353,40,17,12,707,71,7,64
2021,Rowbarton & Staplegrove,E05014377,10494,221,12,118,39,6,46,102,77,16,9,191,55,38,46,52,9896,9178,45,7,24,642,84,6,78
2021,Shepton Mallet,E05014378,11168,125,2,25,56,12,30,26,18,5,3,154,46,43,23,42,10807,9849,59,23,31,845,56,0,56
2021,Somerton,E05014379,10299,51,5,10,9,0,27,12,5,3,4,116,43,13,27,33,10104,9813,42,13,5,231,16,1,15
2021,South Petherton & Islemoor,E05014380,10420,41,4,10,6,4,17,23,9,11,3,112,30,21,29,32,10224,9984,45,21,11,163,20,5,15
2021,Street,E05014381,12705,230,44,59,56,1,70,99,67,19,13,224,75,42,55,52,12095,11542,63,14,8,468,57,6,51
2021,Taunton East,E05014382,12015,537,65,87,176,15,194,108,90,9,9,251,81,47,68,55,10923,9452,61,23,53,1334,196,19,177
2021,Taunton North,E05014383,10495,194,12,38,43,7,94,86,74,6,6,165,46,38,42,39,9985,9227,35,2,11,710,65,18,47
2021,Taunton South,E05014384,11284,323,27,104,90,10,92,61,44,10,7,161,60,26,32,43,10685,10005,49,8,3,620,54,15,39
2021,Upper Tone,E05014385,9413,29,0,10,7,2,10,17,10,4,3,106,29,18,27,32,9239,8994,36,19,0,190,22,6,16
2021,Watchet & Stogursey,E05014386,9635,51,15,4,8,1,23,15,7,5,3,65,22,15,17,11,9484,9294,53,4,0,133,20,9,11
2021,Wellington (Somerset West and Taunton),E05014387,13039,225,21,98,23,3,80,90,65,19,6,111,32,20,23,36,12556,11953,52,38,13,500,57,15,42
2021,Wells (Mendip),E05014388,11145,235,9,127,38,4,57,23,11,8,4,163,52,14,46,51,10667,10111,96,6,7,447,57,6,51
2021,Wincanton & Bruton,E05014389,11793,119,17,34,30,0,38,74,45,14,15,118,35,25,25,33,11448,10853,28,8,6,553,34,2,32
2021,Yeovil Central,E05014390,11042,587,52,28,257,40,210,54,36,12,6,179,46,45,44,44,10152,9195,29,12,14,902,70,7,63
2021,Yeovil East,E05014391,11601,276,25,28,123,7,93,124,86,16,22,156,37,42,28,49,10955,9941,32,7,11,964,90,17,73
2021,Yeovil South,E05014392,10333,375,20,37,150,14,154,83,56,14,13,159,41,29,32,57,9637,8653,26,12,16,930,79,20,59
2021,Yeovil West,E05014393,8395,164,13,25,46,14,66,39,33,2,4,112,39,27,19,27,8033,7498,34,9,1,491,47,10,37
2021,Hunmanby & Sherburn (part Ryedale),E05R14284,2034,4,1,0,2,0,1,2,1,1,0,13,0,4,7,2,2012,1990,6,0,0,16,3,0,3
2021,Hunmanby & Sherburn (part Scarborough),E05S14284,4468,16,0,2,0,3,11,4,0,4,0,32,12,3,9,8,4408,4345,9,5,0,49,8,1,7
2021,Isles of Scilly (Local Authority),E06000053,2055,6,0,1,0,0,5,4,2,2,0,23,8,8,2,5,2004,1926,9,1,0,68,18,0,18
2021,City of London (Local Authority),E09000001,8584,1445,287,545,321,33,259,232,153,54,25,470,179,49,53,189,5955,3649,185,0,59,2062,482,114,368
2021,Bishopston,W05001039,3222,38,1,14,3,4,16,4,1,2,1,34,17,5,4,8,3131,3049,21,0,0,61,15,6,9
2021,Bon-y-maen,W05001040,7411,159,14,38,31,37,39,73,55,3,15,153,45,54,25,29,6943,6658,27,2,0,256,83,44,39
2021,Castle (Swansea),W05001041,13190,1974,923,373,276,93,309,519,436,35,48,446,97,61,74,214,9679,8503,84,5,33,1054,572,236,336
2021,Clydach,W05001042,8493,119,4,21,49,14,31,19,9,7,3,108,42,16,19,31,8207,8019,36,9,0,143,40,10,30
2021,Cockett,W05001043,10406,561,197,60,127,45,132,102,86,4,12,141,51,30,22,38,9447,9099,41,4,5,298,155,85,70
2021,Cwmbwrla,W05001044,7528,197,51,57,19,9,61,59,48,4,7,82,27,22,10,23,7074,6873,14,1,1,185,116,49,67
2021,Dunvant and Killay,W05001045,9204,306,50,62,56,34,104,71,61,7,3,138,56,26,23,33,8570,8329,40,4,3,194,119,70,49
2021,Fairwood,W05001046,2773,38,0,6,8,3,21,5,4,1,0,49,24,4,4,17,2659,2611,9,0,0,39,22,9,13
2021,Gorseinon and Penyrheol,W05001047,10637,163,4,30,35,38,56,25,17,4,4,104,34,20,27,23,10311,10114,23,21,3,150,34,11,23
2021,Gower,W05001048,2931,12,1,2,6,2,1,0,0,0,0,20,13,0,2,5,2892,2825,19,0,0,48,7,1,6
2021,Gowerton,W05001049,4943,99,1,31,17,24,26,9,8,1,0,56,16,1,16,23,4766,4698,19,0,0,49,13,6,7
2021,Landore,W05001050,7265,837,436,157,88,54,102,245,222,7,16,109,43,18,16,32,5913,5598,29,6,11,269,161,77,84
2021,Llangyfelach,W05001051,2674,50,1,14,24,0,11,5,4,1,0,27,7,5,6,9,2586,2545,6,0,0,35,6,0,6
2021,Llansamlet,W05001052,14896,252,20,36,73,43,80,98,76,1,21,153,42,41,23,47,14316,13839,104,3,3,367,77,16,61
2021,Llwchwr,W05001053,9251,84,23,16,13,19,13,21,15,2,4,67,21,13,11,22,9071,8943,29,1,0,98,8,2,6
2021,Mayals,W05001054,2565,116,13,16,39,12,36,13,8,2,3,46,17,8,4,17,2370,2301,10,0,0,59,20,9,11
2021,Morriston,W05001055,16029,755,49,58,258,49,341,120,98,10,12,234,88,33,58,55,14774,14145,52,10,3,564,146,66,80
2021,Mumbles,W05001056,7807,96,16,22,28,7,23,25,17,2,6,134,60,16,26,32,7517,7259,66,1,4,187,35,13,22
2021,Mynydd-bach,W05001057,8946,292,27,36,84,17,128,42,32,2,8,85,20,14,18,33,8494,8278,19,4,0,193,33,8,25
2021,Pen-clawdd,W05001058,3552,25,0,3,17,0,5,6,3,0,3,18,10,3,2,3,3499,3447,13,0,2,37,4,0,4
2021,Penderry,W05001059,11492,414,67,71,41,61,174,269,190,14,65,178,42,62,47,27,10458,9743,14,9,4,688,173,67,106
2021,Penllergaer,W05001060,3583,139,7,33,65,20,14,30,27,3,0,50,18,3,13,16,3333,3256,6,0,0,71,31,16,15
2021,Pennard,W05001061,3111,21,0,9,8,1,3,8,6,2,0,31,17,2,9,3,3044,2957,23,1,0,63,7,1,6
2021,Pontarddulais,W05001062,6850,46,1,19,9,4,13,33,22,6,5,65,17,14,11,23,6691,6594,27,0,2,68,15,5,10
2021,Pontlliew and Tircoed,W05001063,2498,28,1,3,10,0,14,9,9,0,0,17,10,0,2,5,2438,2401,11,0,2,24,6,3,3
2021,Sketty,W05001064,14780,1020,208,199,229,144,240,191,114,63,14,295,122,45,26,102,12842,12214,86,1,5,536,432,261,171
2021,St Thomas (Swansea),W05001065,6933,340,92,48,112,22,66,96,73,10,13,119,47,26,12,34,6233,5710,18,1,8,496,145,72,73
2021,Townhill,W05001066,8837,492,183,115,29,57,108,215,177,5,33,181,47,35,36,63,7650,7049,36,2,7,556,299,139,160
2021,Uplands,W05001067,14024,1161,403,176,329,72,181,362,309,25,28,466,160,67,87,152,11715,10789,153,3,16,754,320,122,198
2021,Waterfront,W05001068,3600,424,46,175,74,35,94,95,84,8,3,79,25,8,18,28,2781,2457,32,4,6,282,221,148,73
2021,Waunarlwydd,W05001069,3339,69,7,5,2,13,42,7,3,3,1,35,19,3,6,7,3216,3131,8,0,0,77,12,9,3
2021,West Cross,W05001070,5730,125,20,24,15,23,43,29,17,3,9,87,27,17,18,25,5437,5269,35,3,0,130,52,16,36
2021,Aberaman,W05001071,10014,83,1,3,21,16,42,37,22,4,11,83,18,18,22,25,9796,9632,25,1,0,138,15,2,13
2021,Abercynon,W05001072,6380,53,12,10,13,4,14,9,7,2,0,54,19,6,12,17,6244,6153,15,0,1,75,20,1,19
2021,Aberdare East,W05001073,6867,126,6,27,15,20,58,4,3,1,0,70,30,12,8,20,6657,6512,24,1,0,120,10,0,10
2021,Aberdare West and Llwydcoed,W05001074,9641,60,0,16,13,7,24,9,3,3,3,72,20,11,18,23,9480,9332,17,4,0,127,20,3,17
2021,Beddau and Tyn-y-nant,W05001075,7502,101,0,31,36,1,33,14,6,0,8,61,24,3,16,18,7308,7190,14,8,0,96,18,11,7
2021,Brynna and Llanharan,W05001076,9219,142,1,30,23,29,59,20,15,3,2,89,30,17,28,14,8905,8760,26,4,6,109,63,20,43
2021,Church Village,W05001077,6897,105,6,38,18,25,18,50,29,6,15,81,19,10,26,26,6633,6509,10,0,3,111,28,10,18
2021,Cilfynydd,W05001078,2942,25,1,5,11,3,5,26,21,0,5,26,11,3,8,4,2859,2783,2,1,0,73,6,1,5
2021,Cwm Clydach,W05001079,2776,24,2,3,11,0,8,7,7,0,0,11,4,1,5,1,2733,2621,4,0,0,108,1,0,1
2021,Cwmbach,W05001080,5112,104,1,50,20,13,20,13,4,9,0,50,14,13,10,13,4939,4885,13,0,0,41,6,0,6
2021,Cymer,W05001081,5743,35,7,8,3,6,11,14,12,1,1,56,21,9,14,12,5631,5541,7,1,0,82,7,5,2
2021,Ferndale and Maerdy,W05001082,7145,39,1,14,5,5,14,8,3,5,0,35,11,11,6,7,7059,6975,8,3,2,71,4,0,4
2021,Gilfach-goch,W05001083,3340,33,3,5,6,6,13,12,9,1,2,32,13,6,9,4,3254,3229,2,0,0,23,9,0,9
2021,Glyn-coch,W05001084,2915,39,0,16,7,1,15,4,3,0,1,37,13,10,7,7,2807,2755,3,0,0,49,28,17,11
2021,Graig and Pontypridd West,W05001085,6947,125,12,24,55,11,23,42,33,3,6,94,30,19,18,27,6674,6503,24,0,4,143,12,4,8
2021,Hawthorn and Lower Rhydfelen,W05001086,2300,58,0,26,18,4,10,9,6,3,0,22,15,2,3,2,2206,2159,4,0,0,43,5,3,2
2021,"Hirwaun, Penderyn and Rhigos",W05001087,6202,58,0,8,7,12,31,11,7,3,1,35,9,11,6,9,6090,6013,13,1,0,63,8,4,4
2021,Llanharry,W05001088,3748,47,0,12,14,10,11,5,3,1,1,70,26,14,20,10,3614,3560,6,2,0,46,12,0,12
2021,Llantrisant and Talbot Green,W05001089,6770,137,2,31,53,10,41,28,17,9,2,87,30,10,25,22,6490,6365,29,9,1,86,28,7,21
2021,Llantwit Fardre,W05001090,6198,81,1,9,25,8,38,12,10,2,0,73,23,13,23,14,6008,5934,14,0,4,56,24,4,20
2021,Llwyn-y-pia,W05001091,3408,62,0,13,16,4,29,7,4,3,0,36,7,11,14,4,3290,3269,7,0,0,14,13,9,4
2021,Mountain Ash,W05001092,7251,66,0,12,12,17,25,22,13,1,8,56,11,9,19,17,7094,7013,13,5,1,62,13,2,11
2021,Penrhiw-ceibr,W05001093,5748,32,2,4,10,0,16,20,15,1,4,51,18,5,15,13,5631,5522,15,0,0,94,14,1,13
2021,Pentre,W05001094,5301,49,12,17,6,0,14,5,2,1,2,98,8,69,9,12,5136,5091,6,0,0,39,13,6,7
2021,Pen-y-graig,W05001095,5346,48,21,12,4,0,11,6,5,1,0,56,13,6,22,15,5231,5167,7,1,0,56,5,0,5
2021,Pen-y-waun,W05001096,2977,2,0,0,1,0,1,7,3,4,0,32,12,5,10,5,2925,2890,6,0,0,29,11,1,10
2021,Pontyclun Central,W05001097,2015,38,3,8,20,3,4,3,0,1,2,21,11,2,2,6,1951,1906,14,1,0,30,2,0,2
2021,Pontyclun East,W05001098,2860,88,0,36,27,20,5,5,3,0,2,65,26,12,4,23,2691,2629,11,1,0,50,11,4,7
2021,Pontyclun West,W05001099,3199,81,1,11,29,23,17,8,4,1,3,45,14,3,10,18,3062,3008,10,3,1,40,3,0,3
2021,Pontypridd Town,W05001100,2911,135,4,14,110,3,4,28,21,4,3,25,8,4,8,5,2708,2635,6,1,0,66,15,6,9
2021,Porth,W05001101,5669,85,26,11,17,1,30,12,7,2,3,41,6,7,9,19,5518,5462,9,1,0,46,13,6,7
2021,Rhydfelen Central,W05001102,2730,33,2,21,3,0,7,16,15,1,0,18,6,4,5,3,2640,2579,3,1,0,57,23,3,20
2021,Taff's Well,W05001103,3548,51,0,21,9,8,13,17,11,5,1,44,14,12,10,8,3427,3360,15,3,0,49,9,1,8
2021,Ton-teg,W05001104,3054,46,1,10,4,12,19,9,5,1,3,36,7,15,5,9,2949,2899,4,0,0,46,14,5,9
2021,Tonypandy,W05001105,3559,51,21,11,4,12,3,12,9,0,3,21,11,5,3,2,3464,3434,6,2,0,22,11,3,8
2021,Tonyrefail East,W05001106,6054,94,0,19,40,4,31,21,18,3,0,41,6,13,13,9,5880,5820,9,0,0,51,18,5,13
2021,Tonyrefail West,W05001107,6837,100,0,32,25,11,32,31,31,0,0,48,7,15,18,8,6645,6592,15,2,0,36,13,1,12
2021,Trallwng,W05001108,3653,27,0,4,8,8,7,18,15,2,1,41,13,3,13,12,3560,3464,12,2,0,82,7,4,3
2021,Trealaw,W05001109,3556,16,0,3,6,0,7,8,1,3,4,47,9,7,20,11,3482,3445,7,0,0,30,3,1,2
2021,Treforest,W05001110,5169,582,92,107,178,58,147,315,292,17,6,125,46,13,33,33,4002,3623,28,3,0,348,145,38,107
2021,Treherbert,W05001111,5703,61,0,11,15,9,26,7,4,0,3,37,14,2,16,5,5579,5517,10,4,0,48,19,1,18
2021,Treorchy,W05001112,7647,132,0,116,3,1,12,16,9,2,5,50,16,21,5,8,7444,7387,15,2,2,38,5,1,4
2021,Tylorstown and Ynyshir,W05001113,7530,37,3,14,2,8,10,10,5,2,3,135,21,64,14,36,7342,7257,8,0,3,74,6,1,5
2021,Upper Rhydfelen and Glyn-taf,W05001114,3614,28,1,4,6,10,7,38,24,0,14,62,9,4,40,9,3462,3396,8,3,0,55,24,1,23
2021,Ynysybwl,W05001115,4582,38,1,11,8,1,17,8,3,2,3,51,10,10,13,18,4471,4412,11,0,0,48,14,7,7
2021,Ystrad,W05001116,5076,40,0,7,19,0,14,13,8,2,3,53,11,5,19,18,4961,4936,4,0,0,21,9,0,9
2021,Aber-craf and Ystradgynlais,W05001117,3984,42,1,4,18,1,18,5,1,1,3,33,10,11,2,10,3865,3802,20,0,0,43,39,33,6
2021,"Banwy, Llanfihangel and Llanwddyn",W05001118,2151,5,0,1,3,0,1,0,0,0,0,2,0,1,0,1,2143,2106,4,2,0,31,1,0,1
2021,Berriew and Castle Caereinion,W05001119,1946,5,1,0,0,0,4,5,3,2,0,20,13,5,0,2,1910,1871,7,1,1,30,6,0,6
2021,Brecon East,W05001120,4027,347,14,7,11,4,311,20,9,11,0,44,16,2,14,12,3557,3402,26,8,3,118,59,7,52
2021,Brecon West,W05001121,4232,142,4,13,8,1,116,6,2,2,2,55,14,2,22,17,4008,3846,12,5,14,131,21,0,21
2021,Bronllys and Felin-fach,W05001122,1964,6,0,2,0,0,4,5,0,2,3,8,1,1,0,6,1942,1899,9,0,0,34,3,0,3
2021,Builth,W05001123,2470,17,3,5,3,0,6,7,0,3,4,14,9,2,0,3,2430,2373,11,2,0,44,2,0,2
2021,Caersws,W05001124,2272,2,1,0,1,0,0,0,0,0,0,16,1,5,6,4,2251,2224,13,0,0,14,3,1,2
2021,Churchstoke,W05001125,1742,5,0,1,0,0,4,1,1,0,0,13,7,4,0,2,1718,1670,2,3,0,43,5,0,5
2021,Crickhowell with Cwmdu and Tretower,W05001126,3497,53,0,11,3,10,29,9,1,7,1,48,20,8,11,9,3381,3293,21,3,0,64,6,0,6
2021,Cwm-twrch,W05001127,2218,13,0,0,9,0,4,7,2,3,2,43,12,7,15,9,2147,2107,11,0,0,29,8,6,2
2021,Disserth and Trecoed with Newbridge,W05001128,1839,4,0,0,2,0,2,8,6,1,1,9,5,2,1,1,1816,1787,10,0,0,19,2,0,2
2021,Dolforwyn,W05001129,2034,5,0,0,2,0,3,2,1,1,0,6,1,0,1,4,2018,1982,14,0,0,22,3,0,3
2021,Forden and Montgomery,W05001130,2461,7,0,0,3,0,4,0,0,0,0,15,6,2,2,5,2438,2401,6,1,0,30,1,0,1
2021,Glantwymyn,W05001131,2054,7,0,0,0,3,4,3,0,2,1,20,0,0,12,8,2016,1959,17,1,2,37,8,0,8
2021,Glasbury,W05001132,1759,2,0,0,1,0,1,2,1,0,1,10,4,4,1,1,1745,1710,7,0,0,28,0,0,0
2021,Guilsfield,W05001133,1650,15,0,0,1,0,14,1,1,0,0,8,5,0,0,3,1621,1597,9,0,1,14,5,1,4
2021,Gwernyfed,W05001134,1482,3,1,0,1,0,1,1,0,1,0,13,2,0,4,7,1463,1429,4,0,0,30,2,0,2
2021,Hay,W05001135,1680,13,0,2,6,0,5,6,3,1,2,23,8,1,7,7,1623,1560,16,1,0,46,15,0,15
2021,Ithon Valley,W05001136,2120,10,2,1,0,1,6,3,0,2,1,5,3,1,1,0,2097,2064,7,0,0,26,5,0,5
2021,Kerry,W05001137,1604,3,0,0,2,0,1,1,0,0,1,13,4,1,4,4,1587,1554,4,0,0,29,0,0,0
2021,Knighton with Beguildy,W05001138,3603,28,0,4,4,3,17,5,4,1,0,23,7,2,9,5,3543,3472,13,5,0,53,4,0,4
2021,Llanafanfawr with Garth,W05001139,1613,5,0,0,1,0,4,2,2,0,0,3,1,0,0,2,1602,1580,4,1,0,17,1,0,1
2021,Llanbrynmair,W05001140,1847,10,0,1,4,0,5,1,1,0,0,11,7,0,2,2,1824,1783,6,1,0,34,1,0,1
2021,Llandinam with Dolfor,W05001141,1794,9,0,1,4,0,4,0,0,0,0,13,5,0,1,7,1772,1733,7,0,1,31,0,0,0
2021,Llandrindod North,W05001142,2185,19,5,2,8,0,4,7,0,6,1,28,12,1,6,9,2122,2042,4,4,0,72,9,6,3
2021,Llandrindod South,W05001143,3418,46,6,5,10,3,22,9,7,2,0,51,22,6,10,13,3293,3126,14,7,0,146,19,7,12
2021,Llandrinio,W05001144,2149,2,0,0,2,0,0,1,0,0,1,11,2,2,5,2,2132,2080,6,0,0,46,3,0,3
2021,Llandysilio,W05001145,1853,22,0,8,7,1,6,2,1,1,0,19,3,4,7,5,1807,1778,4,1,1,23,3,0,3
2021,Llanelwedd,W05001146,1733,5,1,1,0,1,2,1,1,0,0,13,5,6,0,2,1713,1679,8,4,1,21,1,0,1
2021,Llanfair Caereinion and Llanerfyl,W05001147,2137,1,1,0,0,0,0,2,0,1,1,23,5,1,12,5,2109,2082,6,2,0,19,2,0,2
2021,Llanfyllin,W05001148,1585,13,0,1,1,2,9,2,1,1,0,16,7,0,8,1,1550,1525,9,0,0,16,4,1,3
2021,Llangattock and Llangynidr,W05001149,1985,12,0,4,1,0,7,7,2,4,1,31,12,4,7,8,1931,1888,16,0,0,27,4,0,4
2021,Llangors with Bwlch,W05001150,1467,0,0,0,0,0,0,10,0,9,1,7,0,0,2,5,1448,1415,8,0,0,25,2,0,2
2021,Llangunllo with Norton,W05001151,1625,9,0,2,0,0,7,2,1,1,0,17,2,3,6,6,1594,1543,3,3,0,45,3,3,0
2021,Llangyniew and Meifod,W05001152,1937,0,0,0,0,0,0,3,2,1,0,13,1,6,1,5,1916,1869,12,1,0,34,5,0,5
2021,Llanidloes,W05001153,4180,25,3,7,9,0,6,4,3,1,0,39,15,8,9,7,4103,3941,31,0,1,130,9,0,9
2021,Llanrhaeadr-ym-Mochnant and Llansilin,W05001154,2293,4,0,2,2,0,0,0,0,0,0,3,2,0,0,1,2285,2230,14,2,0,39,1,0,1
2021,Llansantffraid,W05001155,1988,4,1,1,0,0,2,0,0,0,0,1,0,0,0,1,1982,1937,7,0,1,37,1,0,1
2021,Llanwrtyd Wells,W05001156,1552,15,0,10,2,2,1,4,4,0,0,9,6,0,0,3,1521,1491,9,1,0,20,3,0,3
2021,Llanyre with Nantmel,W05001157,2109,7,0,6,0,0,1,4,0,4,0,17,6,2,2,7,2075,2023,9,3,1,39,6,0,6
2021,Machynlleth,W05001158,2163,19,2,6,2,1,8,3,2,1,0,22,7,5,4,6,2113,2042,8,12,1,50,6,0,6
2021,Maescar and Llywel,W05001159,1747,7,1,2,2,0,2,4,2,2,0,14,6,1,1,6,1720,1676,11,0,0,33,2,1,1
2021,Newtown Central and South,W05001160,5167,27,9,3,1,2,12,10,1,9,0,42,12,2,23,5,5050,4791,12,5,0,242,38,22,16
2021,Newtown East,W05001161,2105,45,3,7,2,1,32,5,0,1,4,28,13,3,7,5,2007,1855,5,0,4,143,20,5,15
2021,Newtown North,W05001162,2198,11,2,5,1,0,3,8,0,7,1,24,4,2,10,8,2151,2073,7,0,0,71,4,0,4
2021,Newtown West,W05001163,1892,41,10,5,3,0,23,1,0,0,1,29,13,4,8,4,1811,1745,17,0,0,49,10,0,10
2021,Old Radnor,W05001164,1682,1,0,0,0,0,1,3,1,1,1,8,3,4,1,0,1669,1638,5,0,1,25,1,0,1
2021,Presteigne,W05001165,1930,7,0,2,2,1,2,2,1,0,1,16,7,1,8,0,1897,1835,10,2,3,47,8,0,8
2021,Rhayader,W05001166,2082,22,0,3,10,0,9,2,0,0,2,18,2,0,8,8,2039,2008,4,0,0,27,1,0,1
2021,Rhiwcynon,W05001167,2174,16,0,4,7,0,5,4,4,0,0,22,8,1,4,9,2131,2106,5,0,0,20,1,0,1
2021,Talgarth,W05001168,1701,3,0,1,0,0,2,2,0,0,2,12,0,1,0,11,1679,1632,14,1,0,32,5,0,5
2021,Talybont-on-Usk,W05001169,1873,6,2,2,1,0,1,2,0,1,1,11,0,0,4,7,1852,1813,13,0,0,26,2,0,2
2021,Tawe Uchaf,W05001170,2082,8,0,2,2,0,4,2,0,2,0,7,6,0,0,1,2064,2036,11,0,0,17,1,0,1
2021,Trelystan and Trewern,W05001171,1734,6,0,4,0,0,2,2,0,0,2,7,3,1,1,2,1719,1671,7,5,0,36,0,0,0
2021,Welshpool Castle,W05001172,2534,32,3,6,7,1,15,6,3,1,2,20,2,4,6,8,2451,2146,18,14,9,264,25,7,18
2021,Welshpool Gungrog,W05001173,2286,4,0,0,0,0,4,4,0,0,4,29,14,8,1,6,2244,2087,4,0,4,149,5,0,5
2021,Welshpool Llanerchyddol,W05001174,1820,13,0,2,0,2,9,1,0,1,0,19,3,0,12,4,1784,1696,3,5,2,78,3,0,3
2021,Ynyscedwyn,W05001175,2063,36,1,4,7,10,14,4,0,2,2,15,6,1,5,3,2004,1990,3,0,0,11,4,0,4
2021,Yscir with Honddu Isaf and Llanddew,W05001176,1721,3,0,1,1,0,1,2,0,1,1,26,7,2,2,15,1690,1670,6,0,0,14,0,0,0
2021,Abergwili,W05001177,2331,29,0,1,17,2,9,5,3,2,0,17,10,0,3,4,2279,2238,10,0,0,31,1,0,1
2021,Ammanford,W05001178,5441,100,7,11,23,10,49,21,1,14,6,49,14,4,16,15,5243,5142,14,0,5,82,28,7,21
2021,Betws,W05001179,2398,13,0,1,1,0,11,6,4,2,0,25,6,1,5,13,2353,2329,7,0,1,16,1,0,1
2021,Bigyn,W05001180,6583,185,13,28,31,30,83,17,8,3,6,64,21,10,13,20,6294,5844,19,28,12,391,23,2,21
2021,Burry Port,W05001181,4035,43,4,6,9,1,23,2,0,2,0,31,12,3,12,4,3953,3916,14,0,0,23,6,3,3
2021,Bynea,W05001182,4519,59,1,29,3,0,26,15,12,3,0,35,17,3,13,2,4401,4291,15,19,1,75,9,0,9
2021,Carmarthen Town North and South,W05001183,9107,337,33,27,85,39,153,88,63,22,3,133,41,21,31,40,8439,7965,35,15,6,418,110,82,28
2021,Carmarthen Town West,W05001184,5518,146,11,3,58,16,58,51,37,9,5,96,32,16,30,18,5180,4877,24,9,1,269,45,20,25
2021,Cenarth and Llangeler,W05001185,5548,40,8,6,5,1,20,5,1,3,1,50,21,7,7,15,5443,5332,18,3,2,88,10,4,6
2021,Cilycwm,W05001186,2547,15,0,2,5,4,4,3,2,1,0,29,17,1,3,8,2493,2449,7,6,0,31,7,3,4
2021,Cwarter Bach,W05001187,2853,17,0,4,1,3,9,6,4,2,0,44,12,11,11,10,2778,2757,12,0,1,8,8,3,5
2021,Cynwyl Elfed,W05001188,2275,15,0,2,5,0,8,3,1,2,0,21,12,2,5,2,2235,2190,13,1,0,31,1,0,1
2021,Dafen and Felinfoel,W05001189,5197,139,1,19,44,12,63,11,8,2,1,58,24,5,16,13,4966,4773,10,29,2,152,23,8,15
2021,Elli,W05001190,1987,38,4,15,8,1,10,2,1,1,0,19,12,0,4,3,1920,1844,12,1,0,63,8,1,7
2021,Garnant,W05001191,2051,7,0,4,1,0,2,11,1,7,3,16,3,6,4,3,1995,1942,12,16,3,22,22,4,18
2021,Glanamman,W05001192,2506,17,0,4,3,9,1,1,1,0,0,18,5,0,8,5,2452,2415,4,3,1,29,18,15,3
2021,Glanymor,W05001193,6410,90,6,17,24,7,36,13,8,5,0,67,31,10,11,15,6200,5754,30,43,1,372,40,18,22
2021,Glyn (Carmarthenshire),W05001194,2162,14,0,0,1,2,11,4,1,0,3,17,7,1,5,4,2124,2095,1,4,0,24,3,0,3
2021,Gorslas,W05001195,5083,33,0,8,16,2,7,10,4,3,3,23,8,5,6,4,5005,4925,22,0,0,58,12,2,10
2021,Hendy,W05001196,3205,29,0,6,15,0,8,5,3,1,1,32,8,12,7,5,3136,3063,14,7,1,51,3,1,2
2021,Hengoed (Carmarthenshire),W05001197,4309,41,1,7,5,0,28,4,0,2,2,39,21,2,11,5,4217,4130,7,4,0,76,8,1,7
2021,Kidwelly and St Ishmael,W05001198,5052,34,0,16,12,1,5,9,6,1,2,46,26,7,6,7,4954,4851,23,2,0,78,9,3,6
2021,Laugharne Township,W05001199,2589,19,2,5,1,0,11,1,0,0,1,14,7,0,3,4,2552,2514,10,7,0,21,3,0,3
2021,Llanboidy,W05001200,2097,7,0,1,4,0,2,7,1,3,3,19,6,5,5,3,2062,2021,4,1,0,36,2,2,0
2021,Llanddarog,W05001201,2071,9,0,0,1,0,8,2,0,2,0,18,6,6,3,3,2040,2008,7,0,0,25,2,0,2
2021,Llandeilo,W05001202,2959,28,4,8,4,3,9,7,2,5,0,29,9,0,8,12,2881,2799,12,8,0,62,14,7,7
2021,Llandovery,W05001203,2596,11,0,8,2,1,0,4,1,1,2,23,8,4,8,3,2550,2434,8,9,4,95,8,1,7
2021,Llandybie,W05001204,4387,40,0,9,11,1,19,13,2,4,7,32,9,3,18,2,4291,4206,16,1,0,68,11,3,8
2021,Llanegwad,W05001205,2450,15,0,8,4,1,2,1,1,0,0,23,6,1,8,8,2408,2339,13,6,0,50,3,2,1
2021,Llanfihangel Aberbythych,W05001206,1749,5,1,0,1,0,3,3,0,3,0,8,5,0,0,3,1724,1680,21,1,0,22,9,0,9
2021,Llanfihangel-ar-Arth,W05001207,2780,7,0,0,2,0,5,2,0,2,0,9,2,1,2,4,2752,2686,10,0,1,55,10,5,5
2021,Llangadog,W05001208,1937,15,0,0,9,2,4,4,3,1,0,14,5,2,2,5,1895,1870,4,2,0,19,9,0,9
2021,Llangennech,W05001209,5438,71,3,14,18,4,32,24,21,2,1,40,15,5,11,9,5288,5182,9,22,0,75,15,4,11
2021,Llangunnor,W05001210,2628,54,0,3,25,4,22,3,0,0,3,18,7,1,7,3,2542,2498,7,0,2,35,11,4,7
2021,Llangyndeyrn,W05001211,5238,22,0,3,4,1,14,11,4,3,4,37,10,8,8,11,5164,5040,23,5,2,94,4,1,3
2021,Llannon,W05001212,5369,59,7,9,19,6,18,7,4,3,0,60,14,8,20,18,5231,5126,8,9,0,88,12,1,11
2021,Llanybydder,W05001213,2790,31,12,4,7,0,8,4,2,2,0,25,9,5,4,7,2713,2541,15,0,0,157,17,6,11
2021,Lliedi,W05001214,5338,118,0,21,9,14,74,4,4,0,0,75,24,11,19,21,5124,4836,15,12,1,260,17,3,14
2021,Llwynhendy,W05001215,4388,60,1,8,2,16,33,9,7,1,1,41,20,5,13,3,4265,3993,15,66,3,188,13,0,13
2021,Manordeilo and Salem,W05001216,2625,10,0,4,5,0,1,4,1,1,2,21,13,2,4,2,2583,2528,12,0,0,43,7,0,7
2021,Pembrey,W05001217,4175,18,0,0,3,2,13,2,1,1,0,30,8,1,11,10,4123,4026,12,4,0,81,2,0,2
2021,Penygroes,W05001218,3051,15,1,2,2,7,3,5,3,2,0,23,6,5,5,7,3002,2954,11,0,0,37,6,0,6
2021,Pontyberem,W05001219,2864,6,0,1,3,1,1,3,1,1,1,19,5,6,4,4,2836,2796,9,2,5,24,0,0,0
2021,Saron,W05001220,4262,25,0,5,10,1,9,13,2,9,2,34,7,9,9,9,4170,4072,11,26,5,56,20,6,14
2021,St Clears and Llansteffan,W05001221,5192,20,0,3,5,0,12,4,4,0,0,49,16,12,10,11,5098,4972,14,25,0,87,21,4,17
2021,Swiss Valley,W05001222,2471,43,0,10,6,19,8,2,1,1,0,14,4,3,1,6,2409,2380,7,0,1,21,3,2,1
2021,Trelech,W05001223,2729,19,0,5,8,0,6,3,2,1,0,21,12,2,4,3,2681,2625,12,8,1,35,5,0,5
2021,Trimsaran,W05001224,2499,11,0,0,10,0,1,2,2,0,0,23,7,6,6,4,2457,2430,7,3,0,17,6,1,5
2021,Tycroes,W05001225,2683,21,3,2,10,0,6,2,0,2,0,27,10,1,5,11,2605,2556,8,1,0,40,28,5,23
2021,Tyisha,W05001226,5045,107,11,27,3,18,48,10,4,2,4,68,16,17,12,23,4803,4153,17,13,7,613,57,29,28
2021,Whitland,W05001227,2381,12,1,3,4,0,4,8,6,0,2,19,9,1,5,4,2338,2282,11,12,0,33,4,0,4
2021,Aberkenfig,W05001228,2383,45,8,27,2,1,7,2,1,1,0,34,6,16,4,8,2298,2257,10,0,0,31,4,0,4
2021,Blackmill,W05001229,2509,10,0,1,0,6,3,3,0,2,1,24,8,3,11,2,2467,2443,2,0,0,22,5,1,4
2021,Brackla East and Coychurch Lower,W05001230,4129,82,16,22,22,2,20,5,3,2,0,40,11,10,10,9,3999,3880,21,0,2,96,3,0,3
2021,Brackla East Central,W05001231,2520,29,0,10,12,0,7,3,3,0,0,29,12,1,11,5,2447,2329,4,0,6,108,12,4,8
2021,Brackla West,W05001232,2739,78,0,9,26,21,22,8,4,2,2,64,13,18,12,21,2582,2481,12,3,0,86,7,0,7
2021,Brackla West Central,W05001233,3478,88,0,28,27,5,28,11,10,1,0,56,29,9,6,12,3311,3191,8,1,0,111,12,3,9
2021,Bridgend Central,W05001234,10071,291,46,28,77,13,127,34,24,5,5,128,40,16,44,28,9593,9175,46,4,7,361,25,9,16
2021,"Bryntirion, Laleston and Merthyr Mawr",W05001235,9088,159,6,30,60,8,55,23,13,5,5,162,72,26,45,19,8701,8453,32,9,1,206,43,5,38
2021,Caerau (Bridgend),W05001236,6664,44,0,20,9,6,9,13,8,1,4,32,6,3,17,6,6558,6473,14,1,1,69,17,6,11
2021,Cefn-glas,W05001237,4127,36,0,7,20,0,9,13,6,7,0,58,37,5,8,8,4013,3920,14,1,0,78,7,3,4
2021,Coity Higher,W05001238,11252,421,9,57,114,50,191,119,77,26,16,280,69,48,91,72,10359,10022,57,5,7,268,73,15,58
2021,Cornelly,W05001239,7407,59,16,17,14,2,10,12,7,3,2,70,15,12,20,23,7252,7128,20,0,18,86,14,0,14
2021,Garw Valley,W05001240,7691,37,1,10,13,2,11,13,4,2,7,68,10,21,21,16,7559,7475,13,0,2,69,14,0,14
2021,Llangynwyd,W05001241,2966,24,0,2,16,0,6,2,0,2,0,6,4,0,1,1,2923,2896,5,0,0,22,11,10,1
2021,Maesteg East,W05001242,4697,34,0,14,10,1,9,2,0,1,1,37,11,5,19,2,4615,4590,9,0,1,15,9,0,9
2021,Maesteg West,W05001243,5684,40,7,13,11,2,7,9,4,3,2,40,7,8,16,9,5587,5534,12,4,0,37,8,0,8
2021,Nant-y-moel,W05001244,2375,23,1,7,1,0,14,5,3,2,0,28,5,6,10,7,2310,2287,6,0,0,17,9,0,9
2021,Newton (Bridgend),W05001245,2316,14,0,9,3,1,1,9,5,2,2,11,4,3,1,3,2280,2260,7,0,0,13,2,1,1
2021,Nottage,W05001246,3234,11,0,2,1,1,7,6,0,6,0,35,12,3,8,12,3177,3140,12,3,0,22,5,0,5
2021,Ogmore Vale,W05001247,3099,34,5,5,4,4,16,5,2,3,0,25,9,2,7,7,3027,2999,8,0,0,20,8,0,8
2021,Oldcastle,W05001248,5169,124,12,46,20,3,43,27,14,4,9,59,24,6,19,10,4929,4662,26,3,5,233,30,4,26
2021,Pencoed and Penprysg,W05001249,10010,102,12,37,14,14,25,20,10,7,3,71,17,15,15,24,9787,9638,35,3,1,110,30,7,23
2021,Pen-y-fai,W05001250,2302,57,4,7,16,14,16,3,1,2,0,38,21,1,7,9,2203,2155,9,0,2,37,1,0,1
2021,Porthcawl East Central,W05001251,5681,72,1,21,21,8,21,15,13,1,1,54,12,10,11,21,5519,5430,16,4,0,69,21,0,21
2021,Porthcawl West Central,W05001252,2538,20,0,1,8,2,9,6,4,1,1,22,10,5,2,5,2487,2457,5,2,0,23,3,2,1
2021,"Pyle, Kenfig Hill and Cefn Cribwr",W05001253,8878,109,6,39,23,14,27,16,14,2,0,86,23,11,24,28,8653,8544,19,0,1,89,14,3,11
2021,Rest Bay,W05001254,2361,7,1,0,3,0,3,4,1,3,0,21,10,1,5,5,2324,2300,5,0,0,19,5,1,4
2021,St Bride's Minor and Ynysawdre,W05001255,10117,101,12,20,37,0,32,40,26,1,13,108,31,13,41,23,9837,9637,26,14,1,159,31,6,25
2021,Abertillery and Six Bells,W05001256,6425,62,1,8,19,15,19,13,10,3,0,55,22,4,12,17,6277,6045,9,2,3,218,18,0,18
2021,Beaufort,W05001257,5805,42,0,11,21,1,9,11,9,0,2,19,5,1,11,2,5725,5669,3,1,0,52,8,1,7
2021,Blaina,W05001258,4554,40,6,17,12,4,1,6,4,2,0,43,4,6,18,15,4462,4416,3,4,0,39,3,2,1
2021,Brynmawr,W05001259,5247,93,3,12,38,7,33,12,7,4,1,57,22,5,17,13,5074,4985,3,19,3,64,11,1,10
2021,Cwm,W05001260,3937,21,0,0,9,2,10,11,8,3,0,39,6,4,20,9,3856,3807,5,3,0,41,10,0,10
2021,Cwmtillery,W05001261,4448,29,0,1,13,6,9,5,2,3,0,20,7,2,5,6,4386,4300,3,0,0,83,8,3,5
2021,Ebbw Vale North,W05001262,4703,61,7,7,26,4,17,12,8,3,1,47,12,10,11,14,4570,4474,1,0,1,94,13,10,3
2021,Ebbw Vale South,W05001263,4195,47,3,12,14,7,11,9,6,2,1,33,5,5,16,7,4087,3915,16,11,0,145,19,3,16
2021,Georgetown,W05001264,4023,21,0,0,8,5,8,5,3,1,1,21,4,4,12,1,3974,3936,6,0,0,32,2,0,2
2021,Llanhilleth,W05001265,4405,27,0,10,5,5,7,9,4,4,1,51,14,4,21,12,4314,4210,10,0,3,91,4,2,2
2021,Nantyglo,W05001266,4545,54,0,15,22,1,16,4,4,0,0,37,9,4,5,19,4440,4287,17,89,0,47,10,7,3
2021,Rassau and Garnlydan,W05001267,3905,39,0,14,13,6,6,7,7,0,0,53,6,10,23,14,3794,3723,7,0,0,64,12,2,10
2021,Sirhowy,W05001268,5194,40,5,12,2,3,18,8,3,2,3,48,8,9,20,11,5082,4994,6,5,1,76,16,6,10
2021,Tredegar,W05001269,5523,50,0,25,11,6,8,3,1,2,0,46,14,0,25,7,5417,5230,3,2,3,179,7,1,6
2021,Adamsdown,W05001270,11609,2108,398,604,295,319,492,1168,965,60,143,612,138,122,174,178,6884,5621,64,32,65,1102,837,471,366
2021,Butetown,W05001271,12130,1462,201,225,603,177,256,1460,1172,106,182,661,135,151,172,203,7314,6045,88,14,45,1122,1233,873,360
2021,Caerau (Cardiff),W05001272,11693,406,147,35,77,56,91,531,417,58,56,587,72,141,252,122,10005,9565,54,10,12,364,164,78,86
2021,Canton,W05001273,16139,1616,617,204,393,260,142,435,305,60,70,764,211,98,206,249,12927,11962,145,9,20,791,397,178,219
2021,Cathays,W05001274,21818,3115,189,1057,839,488,542,670,545,70,55,804,308,100,164,232,16206,14485,240,22,57,1402,1023,709,314
2021,Cyncoed,W05001275,11391,1593,172,201,389,675,156,139,93,29,17,404,190,44,55,115,8749,8285,63,0,1,400,506,309,197
2021,Ely,W05001276,15426,893,383,120,96,135,159,726,548,57,121,826,101,179,365,181,12699,12203,47,7,18,424,282,124,158
2021,Fairwater (Cardiff),W05001277,13063,449,46,77,157,45,124,309,207,34,68,498,72,110,190,126,11603,11225,52,1,9,316,204,59,145
2021,Gabalfa,W05001278,9416,1238,172,155,426,227,258,278,225,25,28,403,125,57,80,141,7171,6619,101,1,12,438,326,146,180
2021,Grangetown (Cardiff),W05001279,20821,4919,1104,228,1133,2022,432,2255,1808,185,262,1186,239,262,330,355,11277,9513,147,9,89,1519,1184,717,467
2021,Heath (Cardiff),W05001280,12599,823,101,121,258,180,163,125,82,24,19,386,119,59,84,124,10857,10390,85,0,1,381,408,272,136
2021,Lisvane and Thornhill,W05001281,10476,473,6,85,205,106,71,67,43,17,7,254,81,22,88,63,9496,9179,60,2,0,255,186,102,84
2021,Llandaff,W05001282,8775,479,11,118,234,56,60,74,35,19,20,218,93,33,43,49,7917,7601,76,0,0,240,87,16,71
2021,Llandaff North,W05001283,8421,664,296,71,97,99,101,193,137,19,37,366,77,55,104,130,7063,6803,38,3,6,213,135,50,85
2021,Llanishen,W05001284,10425,443,33,79,108,97,126,136,90,20,26,299,71,50,89,89,9321,8929,71,4,5,312,226,131,95
2021,Llanrumney,W05001285,11599,529,116,17,130,83,183,468,356,31,81,497,74,104,207,112,9920,9472,23,7,20,398,185,99,86
2021,Pentwyn,W05001286,16196,1322,263,86,307,231,435,623,396,101,126,733,132,146,227,228,12710,12108,49,19,24,510,808,364,444
2021,Pentyrch and St Fagans,W05001287,9095,294,12,72,125,31,54,57,31,15,11,176,60,24,56,36,8522,8276,57,2,6,181,46,20,26
2021,Penylan,W05001288,12912,1594,222,264,307,572,229,253,186,40,27,493,181,49,109,154,10154,9397,122,7,13,615,418,177,241
2021,Plasnewydd,W05001289,18276,2783,646,346,565,822,404,630,486,80,64,774,231,158,143,242,13117,11148,173,10,62,1724,972,497,475
2021,Pontprennau and Old St Mellons,W05001290,11722,1103,44,187,487,201,184,273,177,25,71,503,120,65,166,152,9447,8941,54,1,17,434,396,276,120
2021,Radyr,W05001291,7090,377,13,126,151,50,37,56,39,16,1,186,76,9,46,55,6407,6190,57,0,0,160,64,35,29
2021,Rhiwbina,W05001292,11471,264,33,38,111,39,43,53,34,14,5,218,81,30,59,48,10851,10601,60,2,6,182,85,35,50
2021,Riverside (Cardiff),W05001293,13752,3096,1131,141,536,1055,233,718,579,65,74,553,162,100,120,171,8843,7503,116,16,27,1181,542,250,292
2021,Rumney,W05001294,8789,382,42,44,171,48,77,270,213,19,38,233,48,38,86,61,7775,7430,38,32,21,254,129,57,72
2021,Splott,W05001295,14141,1255,359,130,242,308,216,924,699,72,153,608,126,139,194,149,10712,9578,73,149,43,869,642,322,320
2021,Trowbridge,W05001296,17228,883,66,102,264,180,271,879,659,59,161,852,127,202,348,175,14213,13198,60,302,4,649,401,212,189
2021,Whitchurch and Tongwynlais,W05001297,15816,417,63,83,133,54,84,123,59,32,32,397,121,55,138,83,14767,14268,121,9,7,362,112,47,65
2021,Aberaeron and Aberarth,W05001298,1759,4,0,2,2,0,0,3,0,1,2,8,2,1,2,3,1740,1680,15,0,0,45,4,0,4
2021,Aberporth and Y Ferwig,W05001299,3318,13,0,4,3,0,6,6,5,0,1,26,9,1,4,12,3260,3214,21,0,1,24,13,5,8
2021,Aberystwyth Morfa a Glais,W05001300,5564,221,17,60,45,46,53,97,71,20,6,151,55,25,28,43,5012,4232,56,6,11,707,83,36,47
2021,Aberystwyth Penparcau,W05001301,2964,86,3,11,32,19,21,6,2,1,3,52,15,11,10,16,2809,2671,11,1,0,126,11,1,10
2021,Aberystwyth Rheidol,W05001302,2180,70,5,21,20,14,10,35,29,4,2,53,19,2,15,17,1984,1729,26,0,0,229,38,19,19
2021,Beulah and Llangoedmor,W05001303,2900,19,11,5,1,0,2,4,1,3,0,22,9,0,3,10,2854,2787,15,1,0,51,1,1,0
2021,Borth,W05001304,1955,6,0,1,2,3,0,3,2,1,0,10,3,1,2,4,1926,1864,10,1,0,51,10,7,3
2021,Ceulan a Maesmawr,W05001305,1864,11,0,3,1,1,6,3,2,1,0,21,8,2,4,7,1825,1768,18,0,2,37,4,1,3
2021,Ciliau Aeron,W05001306,1920,14,10,1,0,0,3,1,0,1,0,10,3,0,3,4,1890,1849,7,4,0,30,5,1,4
2021,Faenor,W05001307,3459,145,0,36,73,17,19,56,50,4,2,86,27,14,22,23,3145,2890,26,2,1,226,27,13,14
2021,Lampeter,W05001308,2503,104,5,78,5,7,9,10,7,0,3,44,11,3,17,13,2303,2047,10,10,0,236,42,0,42
2021,Llannarth,W05001309,1572,4,1,0,1,1,1,18,14,3,1,14,5,4,3,2,1533,1516,5,1,0,11,3,0,3
2021,Llanbadarn Fawr,W05001310,2491,142,0,47,52,20,23,23,17,3,3,77,24,19,7,27,2207,2015,21,0,0,171,42,29,13
2021,Llandyfriog,W05001311,1765,10,0,6,1,0,3,1,1,0,0,18,10,0,4,4,1735,1712,4,0,0,19,1,0,1
2021,Llandysilio and Llangrannog,W05001312,1739,11,0,7,1,0,3,3,0,2,1,14,2,4,4,4,1711,1677,13,4,0,17,0,0,0
2021,Llandysul North and Troedyraur,W05001313,2112,8,0,0,7,0,1,3,2,0,1,19,6,8,3,2,2080,2040,9,0,5,26,2,1,1
2021,Llandysul South,W05001314,1806,12,1,3,6,0,2,4,1,2,1,13,5,0,5,3,1773,1729,17,0,1,26,4,0,4
2021,Llanfarian,W05001315,1520,33,0,2,20,1,10,17,14,3,0,10,6,0,1,3,1452,1423,2,0,0,27,8,0,8
2021,Llanfihangel Ystrad,W05001316,2036,4,0,1,3,0,0,2,0,2,0,12,3,3,4,2,2016,1979,8,1,0,28,2,1,1
2021,Llangeitho,W05001317,1364,4,0,1,0,3,0,7,4,0,3,13,3,3,2,5,1338,1309,6,0,1,22,2,0,2
2021,Llangybi,W05001318,1390,3,0,1,2,0,0,0,0,0,0,5,0,0,2,3,1379,1318,16,5,6,34,3,0,3
2021,Llanrhystyd,W05001319,1542,4,0,2,1,0,1,0,0,0,0,10,5,0,3,2,1527,1500,6,1,0,20,1,0,1
2021,Llansanffraid (Ceredigion),W05001320,1851,11,1,1,0,0,9,3,1,2,0,17,9,1,5,2,1819,1786,12,0,0,21,1,1,0
2021,Llanwenog,W05001321,1744,3,0,1,0,0,2,9,0,8,1,12,1,4,3,4,1712,1663,8,1,0,40,8,0,8
2021,Lledrod,W05001322,1496,8,0,3,3,0,2,1,1,0,0,8,4,0,1,3,1477,1423,19,3,0,32,2,0,2
2021,Melindwr,W05001323,2010,2,0,0,0,0,2,6,4,2,0,16,4,0,4,8,1982,1932,8,0,1,41,4,0,4
2021,Mwldan,W05001324,1862,19,0,1,12,0,6,0,0,0,0,20,5,7,1,7,1816,1767,13,0,0,36,7,5,2
2021,New Quay and Llanllwchaearn,W05001325,1739,6,0,1,2,0,3,1,1,0,0,4,3,0,0,1,1721,1686,2,3,0,30,7,2,5
2021,Penbryn,W05001326,1279,8,0,2,2,1,3,0,0,0,0,14,4,1,5,4,1254,1228,3,0,0,23,3,0,3
2021,Teifi,W05001327,2358,43,18,9,5,0,11,2,1,1,0,34,7,3,10,14,2258,2182,11,0,1,64,21,15,6
2021,Tirymynach,W05001328,1769,39,0,4,19,4,12,7,2,5,0,11,6,1,3,1,1709,1660,9,5,0,35,3,0,3
2021,Trefeurig,W05001329,1775,15,0,1,3,5,6,26,20,0,6,13,3,5,2,3,1717,1659,13,0,0,45,4,0,4
2021,Tregaron and Ystrad Fflur,W05001330,1862,5,0,1,0,0,4,9,0,5,4,15,9,1,3,2,1833,1798,4,6,0,25,0,0,0
2021,Ystwyth,W05001331,2008,10,2,2,1,3,2,4,1,3,0,22,10,5,5,2,1970,1940,5,1,0,24,2,0,2
2021,Alyn Valley,W05001332,1685,6,0,1,4,0,1,1,0,1,0,31,15,9,1,6,1645,1620,9,2,1,13,2,0,2
2021,Bodelwyddan,W05001333,2090,166,9,18,77,27,35,40,35,3,2,23,2,9,1,11,1850,1814,10,1,1,24,11,2,9
2021,Denbigh Caledfryn Henllan,W05001334,5003,75,2,32,1,2,38,20,8,2,10,67,18,9,16,24,4820,4731,14,0,3,72,21,1,20
2021,Denbigh Lower,W05001335,4522,52,5,1,4,0,42,9,7,0,2,55,22,8,17,8,4392,4324,17,0,0,51,14,1,13
2021,Dyserth,W05001336,2329,29,0,2,5,8,14,2,1,1,0,24,9,3,7,5,2270,2236,6,6,0,22,4,0,4
2021,Edeirnion,W05001337,3459,22,0,8,4,5,5,2,2,0,0,39,13,2,11,13,3390,3314,25,6,0,45,6,1,5
2021,Efenechdyd,W05001338,1630,2,0,0,0,0,2,0,0,0,0,13,10,0,2,1,1608,1573,13,1,0,21,7,4,3
2021,Llandyrnog,W05001339,2239,17,1,2,7,6,1,5,3,2,0,11,5,2,0,4,2200,2172,4,2,1,21,6,0,6
2021,Llanfair Dyffryn Clwyd Gwyddelwern,W05001340,2308,24,0,6,4,1,13,0,0,0,0,18,5,0,8,5,2261,2227,6,0,1,27,5,1,4
2021,Llangollen,W05001341,4026,27,3,8,2,0,14,4,3,1,0,32,18,2,5,7,3935,3815,17,1,0,102,28,2,26
2021,Llanrhaeadr-yng-Nghinmeirch,W05001342,1797,3,1,0,0,0,2,3,3,0,0,9,6,2,1,0,1780,1754,15,0,0,11,2,0,2
2021,Moel Famau,W05001343,2209,18,2,5,2,1,8,7,6,1,0,18,10,3,5,0,2161,2109,11,0,0,41,5,0,5
2021,Prestatyn Central,W05001344,3502,51,3,20,11,1,16,10,8,1,1,35,17,0,13,5,3389,3314,16,0,0,59,17,9,8
2021,Prestatyn East,W05001345,3919,32,11,4,5,0,12,7,3,2,2,48,13,8,14,13,3823,3746,18,0,0,59,9,3,6
2021,Prestatyn Meliden,W05001346,2003,9,0,1,4,1,3,2,0,2,0,19,6,3,4,6,1964,1926,9,0,0,29,9,7,2
2021,Prestatyn North,W05001347,5862,60,12,15,10,5,18,17,13,3,1,69,26,9,22,12,5700,5594,47,2,5,52,16,5,11
2021,Prestatyn South West,W05001348,3806,31,3,5,13,3,7,16,14,1,1,47,11,9,22,5,3708,3637,23,2,0,46,4,0,4
2021,Rhuddlan,W05001349,3793,48,0,4,14,7,23,10,8,2,0,48,16,10,12,10,3675,3619,18,3,0,35,12,8,4
2021,Rhyl East,W05001350,4655,81,5,9,12,26,29,14,9,4,1,64,10,8,30,16,4487,4369,47,2,0,69,9,0,9
2021,Rhyl South,W05001351,3455,33,0,5,7,6,15,3,3,0,0,16,11,1,0,4,3399,3321,16,1,2,59,4,0,4
2021,Rhyl South West,W05001352,5569,241,8,28,10,11,184,12,4,1,7,96,11,19,49,17,5179,5048,17,5,0,109,41,19,22
2021,Rhyl Trellewelyn,W05001353,4200,63,5,8,3,6,41,11,6,2,3,64,18,13,20,13,4045,3950,16,1,1,77,17,0,17
2021,Rhyl Ty Newydd,W05001354,4202,64,0,11,18,2,33,21,17,1,3,29,11,4,8,6,4072,3990,15,12,1,54,16,1,15
2021,Rhyl West,W05001355,4913,223,43,24,33,32,91,21,13,6,2,94,24,14,37,19,4526,4320,41,3,14,148,49,27,22
2021,Ruthin,W05001356,5701,191,0,113,43,7,28,11,4,1,6,50,26,6,11,7,5435,5299,25,0,0,111,14,6,8
2021,St Asaph East,W05001357,1846,32,0,5,18,1,8,1,0,1,0,19,11,1,0,7,1780,1755,11,0,0,14,14,5,9
2021,St Asaph West,W05001358,1639,11,0,1,6,0,4,9,4,4,1,16,5,6,2,3,1588,1553,1,0,1,33,15,15,0
2021,Trefnant,W05001359,1819,18,0,0,7,5,6,8,6,2,0,8,3,4,1,0,1778,1738,13,7,1,19,7,0,7
2021,Tremeirchion,W05001360,1653,19,0,1,7,3,8,4,2,0,2,2,0,0,0,2,1625,1603,5,0,0,17,3,0,3
2021,Abersychan,W05001361,6713,24,0,1,4,3,16,15,6,9,0,52,9,7,17,19,6608,6504,23,27,0,54,14,1,13
2021,Blaenavon,W05001362,6019,24,1,7,7,3,6,11,6,1,4,34,5,12,11,6,5944,5862,7,2,1,72,6,2,4
2021,Coed Eva,W05001363,2438,56,10,5,17,10,14,3,1,2,0,30,10,2,11,7,2340,2292,13,0,0,35,9,7,2
2021,Croesyceiliog,W05001364,5144,85,8,9,27,14,27,20,9,6,5,62,13,14,20,15,4960,4896,17,0,0,47,17,8,9
2021,Fairwater (Torfaen),W05001365,5038,47,0,3,21,7,16,11,8,3,0,63,29,1,13,20,4904,4842,13,1,1,47,13,2,11
2021,Greenmeadow,W05001366,2765,31,0,3,3,3,22,5,1,3,1,41,13,1,11,16,2672,2623,8,1,0,40,16,0,16
2021,Llanfrechfa and Ponthir,W05001367,2001,25,0,4,13,6,2,9,5,2,2,31,8,8,7,8,1933,1904,8,1,0,20,3,0,3
2021,Llantarnam,W05001368,6498,313,31,48,42,18,174,31,19,7,5,90,31,10,24,25,6018,5845,40,19,0,114,46,0,46
2021,Llanyrafon,W05001369,2492,46,0,10,5,4,27,4,4,0,0,29,11,3,12,3,2408,2350,9,4,0,45,5,1,4
2021,New Inn,W05001370,5896,34,0,4,7,6,17,13,5,3,5,74,20,13,23,18,5765,5696,13,4,3,49,10,1,9
2021,Panteg,W05001371,7481,64,0,14,11,3,36,9,1,6,2,68,31,4,17,16,7313,7213,24,6,0,70,27,8,19
2021,Pontnewydd,W05001372,7134,128,48,16,13,0,51,19,10,5,4,75,8,14,32,21,6904,6792,15,5,6,86,8,5,3
2021,Pontnewynydd and Snatchwood,W05001373,3789,21,0,11,3,0,7,14,2,9,3,42,12,1,18,11,3700,3620,18,0,3,59,12,1,11
2021,Pontypool Fawr,W05001374,7447,66,0,29,10,3,24,20,8,4,8,63,11,3,19,30,7285,6998,24,157,11,95,13,1,12
2021,St. Dials,W05001375,4357,75,1,4,28,8,34,17,15,1,1,45,16,9,11,9,4214,4125,15,15,0,59,6,2,4
2021,Trevethin and Penygarn,W05001376,5306,28,0,6,6,6,10,2,1,1,0,41,7,3,17,14,5226,5164,6,16,0,40,9,5,4
2021,Two Locks,W05001377,5919,120,1,29,33,0,57,12,5,6,1,68,17,7,38,6,5704,5605,25,4,3,67,15,2,13
2021,Upper Cwmbran,W05001378,5838,20,0,7,4,1,8,15,12,2,1,89,15,18,38,18,5698,5543,20,3,2,130,16,0,16
2021,Baruc,W05001379,8663,151,5,16,38,19,73,48,23,18,7,233,43,41,84,65,8185,7966,35,3,5,176,46,27,19
2021,Buttrills,W05001380,6188,151,37,17,26,35,36,39,21,10,8,176,32,27,82,35,5779,5660,25,13,1,80,43,20,23
2021,Cadoc,W05001381,9845,348,19,62,112,50,105,48,9,29,10,244,44,36,94,70,9141,8958,26,3,2,152,64,13,51
2021,Castleland,W05001382,4911,140,16,38,32,11,43,27,5,10,12,160,31,27,62,40,4531,4407,21,1,1,101,53,30,23
2021,Cornerswell,W05001383,5249,156,9,39,43,9,56,33,16,12,5,123,30,23,36,34,4905,4724,25,0,0,156,32,11,21
2021,Court (Vale of Glamorgan),W05001384,4831,113,11,14,50,9,29,31,6,15,10,150,32,39,48,31,4503,4423,11,10,0,59,34,3,31
2021,Cowbridge,W05001385,6557,62,0,15,11,17,19,10,6,3,1,88,38,10,21,19,6388,6210,48,0,0,130,9,5,4
2021,Dinas Powys,W05001386,8218,148,10,42,43,4,49,37,18,11,8,169,56,22,59,32,7830,7628,55,0,0,147,34,8,26
2021,Dyfan,W05001387,5505,98,0,21,21,25,31,11,3,6,2,113,25,14,54,20,5264,5181,19,1,0,63,19,8,11
2021,Gibbonsdown,W05001388,5490,126,3,65,27,7,24,18,6,12,0,147,12,27,64,44,5173,5076,13,0,0,84,26,14,12
2021,Illtyd,W05001389,7941,106,0,34,27,14,31,16,4,9,3,151,32,27,57,35,7630,7467,42,1,0,120,38,25,13
2021,Llandough,W05001390,2090,229,4,10,121,12,82,18,11,3,4,62,20,7,11,24,1748,1686,4,0,4,54,33,11,22
2021,Llandow,W05001391,2084,21,1,2,9,0,9,3,1,2,0,25,7,3,7,8,2028,1999,4,0,0,25,7,0,7
2021,Llantwit Major,W05001392,9938,71,0,14,19,7,31,27,10,9,8,107,19,16,40,32,9703,9497,54,1,2,149,30,3,27
2021,Peterston-super-Ely,W05001393,1926,16,0,1,4,0,11,4,4,0,0,29,8,9,3,9,1875,1844,9,0,0,22,2,1,1
2021,Plymouth (Vale of Glamorgan),W05001394,5645,137,6,34,27,34,36,32,17,6,9,136,55,15,26,40,5317,5125,50,0,0,142,23,5,18
2021,Rhoose,W05001395,6776,55,0,24,11,6,14,17,6,3,8,132,34,23,50,25,6554,6432,38,1,1,82,18,5,13
2021,St Athan,W05001396,4166,19,0,0,11,0,8,24,14,5,5,77,18,12,32,15,4029,3932,15,9,0,73,17,3,14
2021,St Bride's Major,W05001397,4610,73,8,16,9,1,39,22,14,7,1,80,38,8,9,25,4396,4195,16,0,0,185,39,16,23
2021,St Nicholas and Llancarfan,W05001398,2197,44,0,3,34,6,1,6,4,2,0,30,5,11,9,5,2105,2077,7,0,0,21,12,3,9
2021,St Augustine's,W05001399,6979,177,8,45,58,25,41,66,29,28,9,253,89,31,77,56,6426,6010,70,2,9,335,57,26,31
2021,Stanwell,W05001400,4665,118,3,28,52,6,29,41,28,8,5,129,28,27,34,40,4344,4170,37,0,1,136,33,7,26
2021,Sully,W05001401,4697,142,9,21,69,20,23,33,16,11,6,105,27,17,21,40,4385,4212,16,2,0,155,32,14,18
2021,Wenvoe,W05001402,2769,105,22,21,36,16,10,14,12,1,1,65,12,10,16,27,2564,2494,18,4,0,48,21,11,10
2021,Betws-yn-Rhos,W05001403,1954,5,0,2,0,1,2,2,0,1,1,13,6,0,4,3,1929,1913,5,0,0,11,5,0,5
2021,Betws-y-Coed and Trefriw,W05001404,1956,19,0,4,2,7,6,8,1,7,0,15,7,1,6,1,1910,1878,10,0,0,22,4,1,3
2021,Bryn (Conwy),W05001405,1746,9,0,4,3,0,2,5,2,1,2,25,1,12,6,6,1702,1655,8,1,0,38,5,3,2
2021,Caerhun,W05001406,2368,10,0,3,2,0,5,0,0,0,0,16,3,4,1,8,2340,2294,13,2,1,30,2,0,2
2021,Colwyn,W05001407,4558,47,2,7,10,5,23,7,6,0,1,49,15,5,11,18,4433,4342,29,0,1,61,22,6,16
2021,Conwy,W05001408,4271,32,4,8,8,5,7,11,7,2,2,16,4,5,1,6,4207,4084,41,1,1,80,5,0,5
2021,Craig-y-don,W05001409,3327,67,8,19,13,4,23,9,1,4,4,53,21,3,13,16,3178,3028,38,1,2,109,20,3,17
2021,Deganwy,W05001410,3763,43,6,7,15,4,11,8,5,0,3,46,20,3,13,10,3658,3559,26,2,3,68,8,4,4
2021,Eglwys-bach a Llangernyw,W05001411,2019,8,0,3,2,1,2,4,3,1,0,7,3,2,2,0,1999,1965,8,0,0,26,1,0,1
2021,Eirias,W05001412,3572,55,0,11,25,2,17,13,11,1,1,42,12,17,6,7,3448,3380,19,0,0,49,14,0,14
2021,Gele and Llanddulas,W05001413,6423,128,4,38,48,6,32,12,5,2,5,72,35,12,14,11,6199,6087,38,11,0,63,12,4,8
2021,Glyn (Conwy),W05001414,4549,185,53,31,17,35,49,15,12,3,0,71,20,16,25,10,4250,4137,37,0,0,76,28,5,23
2021,Glyn y Marl,W05001415,7688,83,3,36,14,4,26,33,23,3,7,83,27,16,22,18,7472,7252,41,12,1,166,17,2,15
2021,Gogarth Mostyn,W05001416,7114,137,19,40,29,3,46,10,7,2,1,121,50,14,14,43,6790,6235,94,3,0,458,56,16,40
2021,Kinmel Bay,W05001417,5902,105,28,29,11,18,19,3,0,1,2,72,22,10,21,19,5712,5600,27,26,0,59,10,0,10
2021,Llandrillo-yn-Rhos,W05001418,7772,127,6,39,20,20,42,25,16,7,2,104,46,9,27,22,7493,7270,73,0,0,150,23,8,15
2021,Llanrwst a Llanddoged,W05001419,3740,10,0,0,1,2,7,1,1,0,0,16,12,0,1,3,3710,3615,14,6,0,75,3,1,2
2021,Llansanffraid (Conwy),W05001420,2128,11,0,1,4,2,4,2,0,2,0,14,4,3,2,5,2099,2057,8,0,0,34,2,0,2
2021,Llansannan,W05001421,1820,5,1,1,2,0,1,4,2,1,1,18,6,5,5,2,1790,1760,8,0,0,22,3,2,1
2021,Llysfaen,W05001422,2735,25,2,9,6,1,7,2,1,1,0,39,9,4,19,7,2667,2640,8,1,0,18,2,0,2
2021,Mochdre,W05001423,2001,22,0,6,3,0,13,2,2,0,0,15,6,2,4,3,1945,1892,19,0,0,34,17,4,13
2021,Pandy,W05001424,1793,16,0,9,0,0,7,1,0,1,0,16,3,6,6,1,1757,1725,12,0,1,19,3,1,2
2021,Penmaenmawr,W05001425,4295,9,2,2,0,3,2,19,3,8,8,60,21,9,17,13,4204,4135,27,0,0,42,3,1,2
2021,Penrhyn,W05001426,4590,50,0,9,9,13,19,6,4,1,1,49,21,5,11,12,4449,4337,28,0,0,84,36,14,22
2021,Pen-sarn Pentre Mawr,W05001427,6461,95,4,34,25,7,25,25,17,7,1,61,19,10,24,8,6262,6132,51,2,0,77,18,12,6
2021,Rhiw,W05001428,6019,199,6,43,63,41,46,24,18,1,5,83,28,8,31,16,5667,5457,55,1,0,154,46,22,24
2021,Towyn,W05001429,2266,18,0,4,0,9,5,0,0,0,0,10,5,0,5,0,2228,2151,27,30,4,16,10,3,7
2021,Tudno,W05001430,4688,108,27,33,35,1,12,18,15,3,0,49,21,2,14,12,4496,4246,51,4,4,191,17,5,12
2021,Uwch Aled,W05001431,1736,6,0,0,0,1,5,0,0,0,0,9,5,0,1,3,1721,1691,12,2,1,15,0,0,0
2021,Uwch Conwy,W05001432,1469,7,0,0,4,0,3,0,0,0,0,5,2,1,1,1,1457,1410,10,0,1,36,0,0,0
2021,Amroth and Saundersfoot North,W05001433,2010,8,0,3,0,0,5,4,2,0,2,12,3,3,4,2,1985,1938,16,9,1,21,1,0,1
2021,Boncath and Clydau,W05001434,2006,7,0,1,1,0,5,0,0,0,0,12,4,2,3,3,1987,1946,7,0,0,34,0,0,0
2021,Burton (Pembrokeshire),W05001435,1857,2,0,0,1,0,1,6,3,0,3,12,0,1,5,6,1835,1813,5,1,1,15,2,0,2
2021,Bro Gwaun,W05001436,1953,12,2,3,0,0,7,0,0,0,0,16,6,2,7,1,1924,1873,17,2,1,31,1,0,1
2021,Camrose,W05001437,1843,17,5,1,5,0,6,2,0,2,0,22,13,0,0,9,1798,1751,15,0,0,32,4,2,2
2021,Carew and Jeffreyston,W05001438,2101,15,7,5,2,0,1,2,1,0,1,28,8,4,6,10,2055,2015,7,7,0,26,1,0,1
2021,Cilgerran and Eglwyswrw,W05001439,2332,3,1,0,1,0,1,1,1,0,0,18,14,2,0,2,2309,2259,9,3,0,38,1,0,1
2021,Crymych and Mynachlog-ddu,W05001440,2324,11,0,2,6,1,2,4,1,3,0,22,4,3,9,6,2281,2221,9,4,0,47,6,0,6
2021,East Williamston,W05001441,1857,24,0,0,5,0,19,7,7,0,0,14,8,1,1,4,1802,1751,5,9,0,37,10,0,10
2021,Fishguard: North East,W05001442,1833,13,1,4,4,0,4,6,0,5,1,8,4,1,3,0,1794,1750,25,0,1,18,12,5,7
2021,Fishguard: North West,W05001443,1588,19,4,3,2,1,9,0,0,0,0,11,4,3,0,4,1550,1509,15,1,1,24,8,0,8
2021,Goodwick,W05001444,2017,15,0,1,8,0,6,4,1,3,0,15,4,3,1,7,1981,1902,30,1,0,48,2,1,1
2021,Haverfordwest: Castle,W05001445,2300,85,12,27,22,4,20,18,12,0,6,53,12,3,20,18,2132,2032,14,6,3,77,12,1,11
2021,Haverfordwest: Garth,W05001446,2570,52,2,4,11,10,25,15,10,0,5,34,9,8,9,8,2449,2348,12,22,0,67,20,0,20
2021,Haverfordwest: Portfield,W05001447,2430,63,24,7,3,11,18,14,8,6,0,35,10,4,11,10,2293,2190,24,14,0,65,25,14,11
2021,Haverfordwest: Prendergast,W05001448,2138,146,20,12,50,16,48,21,17,0,4,24,10,2,9,3,1933,1873,9,15,0,36,14,3,11
2021,Haverfordwest: Priory,W05001449,2556,26,1,4,9,1,11,4,1,2,1,42,17,7,9,9,2475,2394,15,16,0,50,9,1,8
2021,Hundleton,W05001450,1720,9,1,1,2,0,5,1,0,1,0,7,5,1,0,1,1703,1669,6,3,1,24,0,0,0
2021,Johnston,W05001451,2215,14,0,0,1,0,13,2,1,1,0,11,2,4,4,1,2183,2140,11,3,0,29,5,2,3
2021,Kilgetty and Begelly,W05001452,2299,24,0,1,2,1,20,7,3,1,3,22,11,1,0,10,2243,2148,10,51,2,32,3,0,3
2021,Lampeter Velfrey,W05001453,1548,9,0,5,2,0,2,1,0,1,0,6,1,1,1,3,1527,1493,7,1,0,26,5,0,5
2021,Lamphey,W05001454,1725,9,2,0,1,1,5,1,0,1,0,13,9,0,3,1,1686,1641,14,3,0,28,16,1,15
2021,Letterston,W05001455,2374,2,0,1,0,0,1,4,3,1,0,15,3,1,6,5,2352,2315,14,0,0,23,1,0,1
2021,Llangwm,W05001456,2308,1,1,0,0,0,0,9,7,2,0,17,6,1,4,6,2274,2230,12,0,1,31,7,0,7
2021,Llanrhian,W05001457,1814,1,0,1,0,0,0,3,2,0,1,15,2,3,9,1,1792,1744,9,0,2,37,3,1,2
2021,Maenclochog,W05001458,2176,7,0,4,2,0,1,5,4,1,0,21,9,3,3,6,2136,2100,10,0,1,25,7,0,7
2021,Manorbier and Penally,W05001459,2072,6,0,1,3,0,2,4,4,0,0,18,8,8,2,0,2040,1987,16,4,1,32,4,0,4
2021,Martletwy,W05001460,1906,10,2,1,3,1,3,1,0,0,1,19,9,0,7,3,1875,1836,2,3,0,34,1,1,0
2021,Merlin's Bridge,W05001461,2221,11,1,0,0,4,6,2,2,0,0,19,5,4,6,4,2180,2117,8,26,0,29,9,4,5
2021,Milford: Central,W05001462,2004,41,21,2,3,4,11,2,1,0,1,17,2,2,6,7,1929,1857,18,12,1,41,15,6,9
2021,Milford: East,W05001463,2868,18,9,0,1,0,8,18,16,2,0,23,11,1,7,4,2793,2672,12,23,4,82,16,7,9
2021,Milford: Hakin,W05001464,2637,17,2,2,4,0,9,1,1,0,0,7,3,1,1,2,2609,2540,10,8,0,51,3,0,3
2021,Milford: Hubberston,W05001465,2620,15,0,1,0,0,14,0,0,0,0,14,1,4,1,8,2587,2502,12,8,0,65,4,0,4
2021,Milford: North,W05001466,2475,17,0,2,8,0,7,3,2,1,0,45,10,7,6,22,2409,2341,10,10,0,48,1,0,1
2021,Milford: West,W05001467,2192,25,5,7,2,0,11,2,1,0,1,21,10,3,4,4,2141,2077,4,5,1,54,3,1,2
2021,Narberth: Urban,W05001468,2770,35,4,5,4,0,22,2,1,1,0,40,19,4,8,9,2676,2591,15,10,0,60,17,6,11
2021,Narberth: Rural,W05001469,1308,14,0,10,0,0,4,1,1,0,0,2,1,1,0,0,1286,1253,2,3,0,28,5,0,5
2021,Newport and Dinas,W05001470,1816,12,0,3,1,0,8,2,1,0,1,17,7,1,4,5,1783,1723,12,0,0,48,2,0,2
2021,Neyland: East,W05001471,2175,9,1,3,0,0,5,6,4,1,1,11,5,3,0,3,2139,2087,13,7,0,32,10,1,9
2021,Neyland: West,W05001472,1991,11,0,5,5,0,1,4,0,4,0,19,6,3,4,6,1950,1925,4,0,0,21,7,0,7
2021,Pembroke Dock: Bufferland,W05001473,1669,9,0,4,4,0,1,1,1,0,0,10,0,2,2,6,1642,1600,14,7,0,21,7,1,6
2021,Pembroke Dock: Bush,W05001474,2175,38,4,7,11,3,13,0,0,0,0,30,9,5,10,6,2090,2022,11,25,2,30,17,6,11
2021,Pembroke Dock: Central,W05001475,2165,45,2,24,5,7,7,0,0,0,0,25,5,1,9,10,2079,2016,22,6,1,34,16,8,8
2021,Pembroke Dock: Market,W05001476,1804,8,0,1,5,0,2,6,5,0,1,34,11,5,12,6,1753,1699,13,12,0,29,3,2,1
2021,Pembroke Dock: Pennar,W05001477,1844,8,0,2,0,0,6,8,7,1,0,28,3,5,10,10,1791,1742,12,11,0,26,9,0,9
2021,Pembroke: Monkton and St Mary South,W05001478,3681,27,1,6,5,4,11,5,3,2,0,50,22,12,4,12,3581,3358,16,139,0,68,18,11,7
2021,Pembroke: St Mary North,W05001479,2458,24,0,7,4,0,13,1,0,1,0,28,8,7,9,4,2402,2298,18,47,0,39,3,0,3
2021,Pembroke: St Michael,W05001480,1829,5,0,3,1,1,0,1,1,0,0,11,6,4,1,0,1806,1781,5,3,0,17,6,0,6
2021,Rudbaxton and Spittal,W05001481,1732,27,3,3,9,0,12,3,0,2,1,7,3,0,2,2,1689,1640,7,8,0,34,6,0,6
2021,Saundersfoot South,W05001482,1571,30,6,8,7,1,8,1,0,1,0,12,3,1,4,4,1516,1453,7,11,1,44,12,1,11
2021,Solva,W05001483,1712,5,0,0,0,0,5,2,0,1,1,26,6,0,10,10,1675,1636,10,0,0,29,4,1,3
2021,St David's (Pembrokeshire),W05001484,1752,2,0,0,0,1,1,0,0,0,0,8,1,3,2,2,1737,1685,24,0,1,27,5,1,4
2021,St Dogmaels,W05001485,2058,13,0,1,5,0,7,6,4,1,1,31,13,4,7,7,2006,1936,13,1,0,56,2,0,2
2021,St Florence and St Mary Out Liberty,W05001486,1684,9,0,1,5,0,3,3,0,1,2,18,6,4,2,6,1651,1606,7,9,1,28,3,0,3
2021,St Ishmael's,W05001487,2276,5,0,0,1,0,4,4,3,1,0,2,1,0,1,0,2262,2220,14,0,1,27,3,0,3
2021,Tenby: North,W05001488,1997,8,0,4,2,0,2,3,0,3,0,21,7,3,6,5,1962,1906,12,3,0,41,3,0,3
2021,Tenby: South,W05001489,2095,40,0,13,2,0,25,3,2,0,1,18,5,3,8,2,2018,1922,14,3,1,78,16,3,13
2021,The Havens,W05001490,1943,10,0,2,1,3,4,4,3,0,1,22,13,1,2,6,1901,1857,9,0,0,35,6,0,6
2021,Wiston,W05001491,1963,5,0,1,2,0,2,2,0,2,0,16,7,0,3,6,1934,1888,4,0,1,41,6,0,6
2021,Aethwy,W05001492,6408,122,18,34,27,4,39,28,23,2,3,84,34,15,11,24,6134,5970,34,2,1,127,40,27,13
2021,Bodowyr,W05001493,3571,12,0,0,5,0,7,2,0,2,0,37,17,4,8,8,3518,3439,23,2,4,50,2,1,1
2021,Bro Aberffraw,W05001494,3750,8,1,0,3,0,4,4,2,1,1,32,23,1,1,7,3705,3644,8,2,0,51,1,0,1
2021,Bro'r Llynnoedd,W05001495,5258,24,0,1,2,6,15,7,3,3,1,48,13,3,12,20,5175,5103,29,2,12,29,4,2,2
2021,Canolbarth Mon,W05001496,5546,41,1,6,5,1,28,11,8,0,3,34,8,6,6,14,5450,5363,16,5,1,65,10,2,8
2021,Cefni,W05001497,3098,12,0,5,5,0,2,3,2,0,1,12,5,2,1,4,3057,2988,12,6,1,50,14,0,14
2021,Crigyll,W05001498,3369,18,0,1,9,0,8,2,0,1,1,34,13,1,7,13,3310,3231,13,11,5,50,5,0,5
2021,Lligwy,W05001499,5782,25,3,5,1,4,12,9,3,2,4,34,15,3,9,7,5703,5601,41,4,4,53,11,5,6
2021,Parc a'r Mynydd,W05001500,3710,31,0,8,9,0,14,11,10,0,1,42,10,1,17,14,3624,3567,28,2,0,27,2,0,2
2021,Seiriol,W05001501,5678,28,0,10,7,3,8,6,1,2,3,59,10,13,18,18,5570,5431,24,3,1,111,15,7,8
2021,Talybolion,W05001502,5141,17,0,4,10,0,3,3,1,2,0,26,10,4,7,5,5087,5030,17,2,0,38,8,1,7
2021,Tref Cybi,W05001503,4360,50,13,22,5,1,9,7,6,0,1,51,11,8,18,14,4247,4159,43,3,1,41,5,0,5
2021,Twrcelyn,W05001504,7184,28,3,10,4,1,10,8,5,2,1,50,15,3,17,15,7067,6970,35,7,1,54,31,12,19
2021,Ynys Gybi,W05001505,6029,13,0,2,2,2,7,4,4,0,0,59,10,13,24,12,5941,5842,59,3,2,35,12,1,11
2021,Aberdyfi,W05001506,1015,2,1,0,0,0,1,0,0,0,0,2,0,0,1,1,1006,982,6,0,2,16,5,1,4
2021,Abererch,W05001507,1270,7,0,0,0,1,6,2,0,2,0,10,6,2,1,1,1247,1236,5,0,0,6,4,4,0
2021,Abermaw,W05001508,2148,19,0,4,8,0,7,4,2,1,1,52,27,2,11,12,2071,2012,6,4,0,49,2,2,0
2021,Abersoch gyda Llanengan,W05001509,1128,7,1,1,2,0,3,0,0,0,0,23,10,3,6,4,1093,1081,5,0,0,7,5,2,3
2021,Arllechwedd,W05001510,1949,13,0,4,5,0,4,6,4,0,2,21,6,1,11,3,1871,1788,16,3,0,64,38,34,4
2021,Arthog a Llangelynnin,W05001511,1616,4,0,1,1,0,2,2,2,0,0,23,6,2,10,5,1584,1559,5,0,0,20,3,0,3
2021,Bethel a'r Felinheli,W05001512,3644,26,3,7,10,2,4,22,21,1,0,37,9,9,9,10,3555,3460,10,3,0,82,4,0,4
2021,Bowydd a'r Rhiw,W05001513,1776,18,5,9,2,1,1,3,3,0,0,28,12,1,6,9,1724,1691,6,1,1,25,3,2,1
2021,Brithdir and Llanfachreth/Ganllwyd/Llanelltyd,W05001514,1380,9,1,2,2,0,4,6,3,1,2,10,2,3,3,2,1352,1334,5,0,0,13,3,0,3
2021,Bro Dysynni,W05001515,1193,5,0,1,1,0,3,5,1,4,0,18,5,0,10,3,1162,1152,3,0,0,7,3,0,3
2021,Cadnant,W05001516,1657,5,2,0,1,1,1,1,1,0,0,7,1,0,2,4,1643,1625,7,1,0,10,1,1,0
2021,Canol Bangor,W05001517,6710,594,33,283,120,63,95,185,145,23,17,216,84,29,51,52,5564,4997,60,6,16,485,151,94,57
2021,Canol Bethesda,W05001518,1778,10,4,3,2,1,0,3,1,0,2,9,0,0,3,6,1736,1686,5,5,0,40,20,1,19
2021,Canol Tref Caernarfon,W05001519,1823,27,4,12,3,0,8,6,4,0,2,29,15,1,5,8,1754,1634,19,0,2,99,7,2,5
2021,Clynnog,W05001520,1299,1,1,0,0,0,0,2,0,2,0,13,2,1,3,7,1279,1251,3,0,0,25,4,3,1
2021,Corris a Mawddwy,W05001521,1254,4,2,1,0,0,1,2,1,1,0,11,1,1,8,1,1237,1198,6,0,1,32,0,0,0
2021,Criccieth,W05001522,1737,10,0,1,0,6,3,2,0,1,1,9,1,1,3,4,1714,1633,22,1,0,58,2,0,2
2021,Cwm-y-glo,W05001523,1267,1,0,0,1,0,0,1,0,1,0,4,2,0,1,1,1261,1222,5,2,0,32,0,0,0
2021,De Dolgellau,W05001524,1418,8,0,0,5,0,3,2,1,1,0,8,1,0,6,1,1399,1364,5,0,0,30,1,1,0
2021,De Pwllheli,W05001525,1861,10,1,0,3,0,6,4,4,0,0,4,0,2,1,1,1841,1755,3,0,5,78,2,0,2
2021,Deiniolen,W05001526,1894,4,0,0,0,1,3,2,2,0,0,21,1,4,8,8,1862,1826,6,0,0,30,5,2,3
2021,Dewi,W05001527,2003,221,30,49,89,14,39,15,10,5,0,38,17,4,11,6,1676,1589,4,1,0,82,53,45,8
2021,Diffwys a Maenofferen,W05001528,1624,3,1,1,1,0,0,1,0,0,1,13,3,0,7,3,1606,1544,5,8,4,45,1,0,1
2021,Dolbenmaen,W05001529,1172,6,0,0,4,0,2,0,0,0,0,12,6,1,2,3,1147,1129,4,1,0,13,7,0,7
2021,Dwyrain Bangor,W05001530,4678,277,46,78,42,25,86,111,98,5,8,108,26,27,19,36,4106,3846,31,21,6,202,76,51,25
2021,Dwyrain Porthmadog,W05001531,1730,15,4,0,2,4,5,2,1,0,1,17,2,9,2,4,1689,1627,3,5,0,54,7,0,7
2021,Dyffryn Ardudwy,W05001532,1467,3,0,2,1,0,0,0,0,0,0,10,2,5,1,2,1450,1437,10,0,0,3,4,1,3
2021,Efailnewydd a Buan,W05001533,1297,3,0,0,1,2,0,0,0,0,0,12,2,0,5,5,1282,1269,4,1,0,8,0,0,0
2021,Gerlan,W05001534,1654,10,0,0,5,0,5,8,5,1,2,8,1,0,1,6,1627,1582,11,1,0,33,1,0,1
2021,Glaslyn,W05001535,1633,5,0,1,1,0,3,1,0,0,1,24,9,2,6,7,1602,1539,13,2,0,48,1,0,1
2021,Glyder,W05001536,1673,105,7,21,29,11,37,12,11,1,0,32,19,1,5,7,1499,1417,8,11,1,62,25,18,7
2021,Gogledd Dolgellau,W05001537,1182,7,0,4,1,0,2,3,3,0,0,9,2,1,5,1,1162,1131,4,0,0,27,1,1,0
2021,Gogledd Pwllheli,W05001538,2087,18,7,1,3,0,7,5,2,3,0,27,5,8,4,10,2028,1928,8,6,1,85,9,1,8
2021,Gorllewin Porthmadog,W05001539,1510,25,0,9,2,2,12,3,1,2,0,18,7,1,7,3,1463,1424,9,0,0,30,1,0,1
2021,Gorllewin Tywyn,W05001540,1253,3,0,0,0,3,0,1,0,0,1,5,1,2,2,0,1243,1218,8,0,0,17,1,0,1
2021,Harlech a Llanbedr,W05001541,2714,16,0,3,6,0,7,10,3,3,4,18,6,4,6,2,2668,2614,23,1,0,30,2,1,1
2021,Hendre,W05001542,1844,7,0,2,0,0,5,2,2,0,0,15,0,4,10,1,1813,1790,4,0,0,19,7,0,7
2021,Llanbedrog gyda Mynytho,W05001543,1397,7,0,0,1,0,6,0,0,0,0,12,4,1,3,4,1375,1302,10,0,0,63,3,0,3
2021,Llanberis,W05001544,2008,19,3,6,2,1,7,2,1,0,1,35,19,1,7,8,1951,1903,13,4,0,31,1,0,1
2021,Llandderfel,W05001545,1375,10,0,3,1,0,6,0,0,0,0,6,1,0,1,4,1359,1335,3,0,0,21,0,0,0
2021,Llanllyfni,W05001546,1956,11,6,1,2,1,1,2,1,1,0,21,13,0,1,7,1921,1888,4,0,0,29,1,0,1
2021,Llanrug,W05001547,1825,2,0,0,1,0,1,0,0,0,0,3,1,0,0,2,1818,1798,6,1,0,13,2,0,2
2021,Llanuwchllyn,W05001548,1057,0,0,0,0,0,0,0,0,0,0,3,0,0,0,3,1054,1049,2,0,0,3,0,0,0
2021,Llanwnda,W05001549,1421,5,0,0,1,0,4,0,0,0,0,10,4,1,5,0,1404,1376,10,1,0,17,2,0,2
2021,Llanystumdwy,W05001550,1919,2,0,0,1,0,1,3,0,1,2,12,5,1,3,3,1900,1886,3,3,0,8,2,0,2
2021,Menai,W05001551,1990,20,0,6,9,0,5,10,6,4,0,25,8,3,13,1,1929,1887,13,0,0,29,6,4,2
2021,Morfa Nefyn a Thudweiliog,W05001552,2101,2,1,0,0,0,1,4,3,1,0,16,3,5,7,1,2076,2049,10,0,1,16,3,0,3
2021,Morfa Tywyn,W05001553,1880,21,4,6,9,0,2,4,2,2,0,14,8,0,2,4,1841,1816,7,0,0,18,0,0,0
2021,Nefyn,W05001554,1292,2,0,0,1,0,1,3,0,3,0,17,5,0,10,2,1261,1235,8,0,0,18,9,0,9
2021,Peblig,W05001555,2757,30,2,6,2,5,15,4,1,2,1,36,7,8,9,12,2675,2611,9,0,0,55,12,0,12
2021,Pen draw Llyn,W05001556,1875,8,0,3,0,1,4,4,4,0,0,4,1,2,0,1,1857,1824,4,0,0,29,2,1,1
2021,Penisa'r-waun,W05001557,1356,10,0,4,4,0,2,2,0,1,1,12,1,4,4,3,1330,1304,5,0,0,21,2,2,0
2021,Penrhyndeudraeth,W05001558,1988,7,0,2,2,0,3,2,1,0,1,12,3,5,3,1,1962,1919,5,11,0,27,5,5,0
2021,Pen-y-groes,W05001559,1793,11,0,5,1,0,5,2,1,1,0,16,4,2,10,0,1760,1732,4,0,3,21,4,0,4
2021,Rachub,W05001560,1219,7,0,1,1,0,5,3,1,2,0,20,7,3,7,3,1185,1159,11,0,0,15,4,1,3
2021,Teigl,W05001561,1263,4,0,1,1,0,2,2,0,0,2,1,1,0,0,0,1254,1234,3,4,0,13,2,0,2
2021,Trawsfynydd,W05001562,1416,4,0,0,0,1,3,0,0,0,0,4,1,1,0,2,1399,1391,1,0,0,7,9,2,7
2021,Tre-garth a Mynydd Llandygai,W05001563,2121,6,0,0,4,0,2,3,0,3,0,20,6,3,3,8,2091,2027,14,1,0,49,1,0,1
2021,Tryfan,W05001564,1523,2,0,0,0,0,2,1,0,1,0,13,5,1,3,4,1507,1491,7,0,0,9,0,0,0
2021,Waunfawr,W05001565,1461,5,0,1,1,0,3,2,0,2,0,11,5,0,2,4,1436,1405,8,0,1,22,7,1,6
2021,Y Bala,W05001566,1994,26,19,4,0,0,3,0,0,0,0,16,1,1,6,8,1948,1828,10,0,2,108,4,0,4
2021,Y Bontnewydd,W05001567,1251,9,0,1,1,1,6,1,0,1,0,7,2,0,3,2,1229,1216,7,0,0,6,5,4,1
2021,Y Faenol,W05001568,2590,223,13,24,84,59,43,24,20,1,3,38,13,7,8,10,2260,2182,7,0,0,71,45,27,18
2021,Y Groeslon,W05001569,1666,4,0,0,3,1,0,0,0,0,0,7,3,0,3,1,1655,1638,5,0,0,12,0,0,0
2021,Yr Eifl,W05001570,1554,7,0,6,0,1,0,0,0,0,0,14,3,0,6,5,1531,1491,6,6,0,28,2,0,2
2021,Argoed and New Brighton,W05001571,5626,28,0,9,11,2,6,5,0,3,2,26,6,0,11,9,5558,5467,20,4,1,66,9,3,6
2021,Bagillt,W05001572,3971,18,2,4,1,5,6,2,2,0,0,31,5,7,6,13,3907,3681,12,3,3,208,13,0,13
2021,Broughton North East,W05001573,2272,39,4,6,19,3,7,19,8,0,11,49,24,12,4,9,2163,2094,26,0,2,41,2,0,2
2021,Broughton South,W05001574,4262,79,4,14,37,1,23,13,8,2,3,67,25,10,21,11,4075,3909,21,0,0,145,28,11,17
2021,Brynford and Halkyn,W05001575,3822,11,0,4,0,1,6,2,0,1,1,32,14,3,10,5,3766,3711,18,3,1,33,11,2,9
2021,Buckley: Bistre East,W05001576,4256,36,4,7,10,5,10,9,4,1,4,31,13,4,5,9,4168,4070,17,1,1,79,12,4,8
2021,Buckley: Bistre West,W05001577,4177,33,1,12,5,5,10,8,6,1,1,46,23,4,11,8,4083,3968,16,7,0,92,7,0,7
2021,Buckley: Mountain,W05001578,2388,6,0,0,6,0,0,1,0,1,0,29,5,4,9,11,2349,2310,5,0,1,33,3,2,1
2021,Buckley: Pentrobin,W05001579,5302,37,1,8,11,1,16,6,3,3,0,48,23,4,8,13,5201,5096,31,0,1,73,10,3,7
2021,Caergwrle,W05001580,1560,19,1,6,2,1,9,4,3,0,1,19,11,2,2,4,1517,1485,4,0,1,27,1,0,1
2021,Caerwys,W05001581,2491,8,0,2,4,1,1,1,1,0,0,12,10,1,1,0,2468,2431,15,1,0,21,2,0,2
2021,Cilcain,W05001582,1789,4,0,1,0,0,3,1,0,1,0,17,9,1,4,3,1766,1733,13,0,0,20,1,0,1
2021,Connah's Quay Central,W05001583,4617,25,4,12,1,3,5,10,7,2,1,44,12,4,13,15,4501,3952,17,1,4,527,37,0,37
2021,Connah's Quay: Golftyn,W05001584,5244,36,0,19,0,0,17,12,9,1,2,32,11,9,3,9,5130,4690,10,17,4,409,34,6,28
2021,Connah's Quay South,W05001585,4572,20,0,6,3,0,11,5,2,1,2,21,3,4,4,10,4524,4409,19,1,0,95,2,0,2
2021,Connah's Quay: Wepre,W05001586,2340,42,4,21,7,0,10,6,4,0,2,23,9,5,5,4,2258,2042,2,8,0,206,11,2,9
2021,Flint: Castle,W05001587,2502,33,0,9,1,11,12,8,1,5,2,35,12,5,7,11,2410,2118,9,1,8,274,16,0,16
2021,Flint: Coleshill and Trelawny,W05001588,8056,55,0,14,18,1,22,8,4,3,1,70,25,15,13,17,7900,7440,29,18,9,404,23,3,20
2021,Flint: Oakenholt,W05001589,3184,47,0,10,14,0,23,7,4,2,1,26,9,5,6,6,3097,2910,6,0,1,180,7,1,6
2021,Greenfield (Flintshire),W05001590,2778,13,0,3,3,3,4,3,2,1,0,19,5,1,9,4,2733,2667,3,4,0,59,10,0,10
2021,Gwernaffield and Gwernymynydd,W05001591,3511,12,0,3,1,2,6,5,2,0,3,18,4,4,5,5,3471,3439,14,3,0,15,5,0,5
2021,Hawarden: Aston,W05001592,4202,35,2,0,15,3,15,6,1,5,0,37,17,2,7,11,4119,4020,12,1,0,86,5,0,5
2021,Hawarden: Ewloe,W05001593,5505,134,0,46,43,10,35,6,1,3,2,46,20,5,12,9,5306,5155,25,1,1,124,13,2,11
2021,Hawarden: Mancot,W05001594,4181,37,0,13,10,1,13,18,10,2,6,41,14,10,5,12,4055,3805,21,10,1,218,30,2,28
2021,Higher Kinnerton,W05001595,1729,15,0,6,4,0,5,3,3,0,0,8,4,1,1,2,1700,1663,9,0,0,28,3,0,3
2021,Holywell Central,W05001596,2085,24,0,9,6,1,8,7,5,1,1,32,2,12,10,8,2011,1898,10,0,3,100,11,0,11
2021,Holywell East,W05001597,1922,7,0,1,1,0,5,2,1,1,0,22,4,5,3,10,1883,1814,8,1,0,60,8,6,2
2021,Holywell West,W05001598,2443,34,0,6,6,12,10,6,5,1,0,31,12,7,8,4,2370,2281,3,0,0,86,2,0,2
2021,Hope,W05001599,2604,17,0,0,12,0,5,2,1,1,0,26,9,5,3,9,2558,2515,11,0,1,31,1,1,0
2021,Leeswood,W05001600,2123,11,0,3,2,0,6,2,1,1,0,40,13,9,9,9,2060,2015,5,0,0,40,10,0,10
2021,Llanasa and Trelawnyd,W05001601,5131,21,0,8,3,6,4,4,2,1,1,52,19,9,18,6,5040,4919,32,17,0,72,14,11,3
2021,Llanfynydd,W05001602,1878,6,0,1,1,0,4,3,3,0,0,4,2,0,0,2,1862,1831,6,0,0,25,3,1,2
2021,Mold: Broncoed,W05001603,2726,22,0,11,2,0,9,8,6,1,1,43,16,8,11,8,2646,2561,11,3,0,71,7,7,0
2021,Mold East,W05001604,2420,34,0,3,17,0,14,1,1,0,0,17,6,2,6,3,2358,2285,19,0,0,54,10,1,9
2021,Mold South,W05001605,2830,22,0,3,6,0,13,2,1,1,0,10,2,3,1,4,2794,2753,9,0,0,32,2,0,2
2021,Mold West,W05001606,2173,21,1,8,0,8,4,2,0,2,0,16,5,3,3,5,2133,2061,7,1,0,64,1,0,1
2021,Mostyn,W05001607,1892,11,0,1,2,6,2,3,1,2,0,4,1,1,2,0,1872,1841,6,0,0,25,2,0,2
2021,Northop,W05001608,4886,23,2,5,0,6,10,5,2,2,1,24,11,4,2,7,4816,4726,25,1,0,64,18,0,18
2021,Pen-y-ffordd,W05001609,4709,51,0,4,35,3,9,7,4,3,0,49,25,10,4,10,4584,4511,20,0,0,53,18,1,17
2021,Queensferry and Sealand,W05001610,5254,110,47,15,19,12,17,10,7,1,2,56,18,16,9,13,5046,4372,28,9,12,625,32,13,19
2021,Saltney Ferry,W05001611,5133,107,12,21,35,11,28,27,22,1,4,104,25,14,38,27,4863,4457,32,2,0,372,32,7,25
2021,Shotton East and Shotton Higher,W05001612,4350,56,0,29,9,5,13,9,7,2,0,51,13,3,18,17,4194,3675,1,3,15,500,40,1,39
2021,Shotton West,W05001613,2148,40,18,12,2,0,8,21,19,2,0,19,5,5,4,5,2040,1743,0,1,7,289,28,0,28
2021,Treuddyn,W05001614,1687,4,1,1,1,0,1,3,1,1,1,10,5,0,0,5,1668,1647,8,0,0,13,2,0,2
2021,Whitford,W05001615,2245,12,1,1,6,1,3,2,2,0,0,13,5,1,2,5,2214,2188,14,0,0,12,4,1,3
2021,Bedlinog and Trelewis,W05001616,3767,19,0,5,6,5,3,3,3,0,0,30,5,3,8,14,3709,3670,8,1,1,29,6,0,6
2021,Cyfarthfa,W05001617,7268,112,3,11,53,8,37,17,11,0,6,73,22,13,22,16,7034,6784,13,8,2,227,32,4,28
2021,Dowlais and Pant,W05001618,6634,94,0,12,22,8,52,12,11,0,1,42,11,8,8,15,6469,6096,6,3,9,355,17,0,17
2021,Gurnos,W05001619,5341,150,0,9,86,8,47,10,4,4,2,60,7,11,15,27,5081,4683,4,11,0,383,40,4,36
2021,Merthyr Vale,W05001620,3774,38,4,5,7,2,20,3,1,1,1,34,3,4,2,25,3695,3652,11,0,0,32,4,1,3
2021,Park (Merthyr Tydfil),W05001621,4163,72,1,15,19,21,16,13,10,1,2,33,12,4,12,5,4019,3787,5,3,6,218,26,2,24
2021,Penydarren,W05001622,5277,70,3,16,23,4,24,9,4,2,3,44,10,8,11,15,5140,4852,9,11,5,263,14,0,14
2021,Plymouth (Merthyr Tydfil),W05001623,5048,50,11,8,17,0,14,6,2,2,2,31,11,1,9,10,4938,4839,17,7,0,75,23,2,21
2021,Town (Merthyr Tydfil),W05001624,7899,173,21,32,51,24,45,12,8,2,2,71,27,15,13,16,7598,7250,15,5,4,324,45,6,39
2021,Treharris,W05001625,6271,60,1,29,12,9,9,5,4,1,0,54,13,8,17,16,6143,6068,20,3,0,52,9,0,9
2021,Vaynor,W05001626,3396,32,0,11,11,5,5,1,1,0,0,35,9,8,14,4,3315,3235,4,4,1,71,13,0,13
2021,Allt-yr-yn,W05001627,9500,967,323,44,262,272,66,168,111,34,23,267,79,26,86,76,7960,7619,54,11,9,267,138,41,97
2021,Alway,W05001628,8552,490,153,34,68,161,74,220,151,38,31,239,50,33,110,46,7452,6893,19,7,18,515,151,50,101
2021,Beechwood,W05001629,7659,457,127,20,31,223,56,76,54,10,12,195,62,25,60,48,6816,6421,25,10,19,341,115,29,86
2021,Bettws,W05001630,8295,105,5,6,38,16,40,170,122,25,23,158,27,24,85,22,7786,7459,34,1,4,288,76,36,40
2021,Bishton and Langstone,W05001631,6947,268,3,48,57,135,25,39,16,5,18,241,182,19,19,21,6360,6190,26,5,2,137,39,12,27
2021,Caerleon,W05001632,7971,102,0,11,24,46,21,39,20,6,13,114,34,16,40,24,7671,7455,40,4,3,169,45,21,24
2021,Gaer,W05001633,8985,487,81,29,129,95,153,188,122,36,30,270,46,56,105,63,7906,7589,41,11,1,264,134,30,104
2021,Graig,W05001634,5254,104,5,13,24,31,31,47,20,11,16,115,46,6,33,30,4975,4870,14,1,0,90,13,3,10
2021,Lliswerry,W05001635,13580,795,145,52,96,332,170,406,295,42,69,406,81,94,143,88,11752,10752,42,5,21,932,221,43,178
2021,Llanwern,W05001636,3274,128,13,17,49,32,17,63,47,10,6,82,17,13,29,23,2970,2836,11,0,2,121,31,7,24
2021,Malpas (Newport),W05001637,7600,139,13,30,30,34,32,76,31,38,7,169,36,19,76,38,7171,6953,37,0,2,179,45,18,27
2021,Pillgwenlly,W05001638,8119,2352,812,45,288,803,404,575,435,84,56,386,73,46,130,137,4063,3339,31,44,79,570,743,464,279
2021,Ringland,W05001639,8296,214,36,18,29,78,53,138,76,32,30,220,40,46,87,47,7632,7247,31,1,21,332,92,17,75
2021,Rogerstone East,W05001640,2951,82,6,17,14,31,14,41,19,15,7,83,19,8,39,17,2724,2627,13,1,4,79,21,6,15
2021,Rogerstone North,W05001641,2983,86,20,15,21,20,10,57,33,2,22,37,10,10,7,10,2795,2743,10,2,0,40,8,0,8
2021,Rogerstone West,W05001642,7966,447,11,71,156,152,57,104,66,6,32,172,52,20,56,44,7182,6946,24,1,0,211,61,33,28
2021,Shaftesbury,W05001643,5243,168,27,22,41,38,40,104,70,18,16,153,30,24,57,42,4670,4371,42,4,6,247,148,10,138
2021,St Julians,W05001644,8882,553,148,23,48,296,38,142,104,29,9,246,76,29,81,60,7846,7311,44,7,89,395,95,25,70
2021,Stow Hill,W05001645,6498,1009,93,73,227,368,248,237,173,34,30,193,37,31,61,64,4889,4369,44,11,37,428,170,61,109
2021,Tredegar Park and Marshfield,W05001646,11874,541,16,77,241,103,104,225,170,34,21,410,131,40,146,93,10589,10023,77,1,2,486,109,45,64
2021,Victoria (Newport),W05001647,9148,2697,818,44,151,1536,148,616,552,37,27,295,62,53,74,106,5259,4230,23,41,88,877,281,49,232
2021,Aber Valley,W05001648,6506,56,1,21,14,0,20,11,3,5,3,62,14,12,24,12,6370,6280,14,2,0,74,7,1,6
2021,Aberbargoed and Bargoed,W05001649,9867,99,5,16,27,10,41,12,6,5,1,68,20,8,19,21,9673,9565,20,1,3,84,15,7,8
2021,Abercarn,W05001650,5442,42,0,6,20,0,16,16,7,5,4,89,25,20,26,18,5286,5210,17,1,0,58,9,0,9
2021,Argoed,W05001651,2708,5,1,1,2,0,1,1,0,0,1,20,13,1,3,3,2674,2632,4,1,0,37,8,6,2
2021,Bedwas and Trethomas,W05001652,6464,63,1,20,25,1,16,5,1,1,3,67,20,6,16,25,6321,6218,19,1,0,83,8,1,7
2021,Blackwood,W05001653,8103,91,0,35,11,18,27,15,6,6,3,52,19,7,13,13,7934,7785,12,0,6,131,11,0,11
2021,Cefn Fforest and Pengam,W05001654,7396,69,6,9,20,12,22,3,1,0,2,83,32,11,25,15,7217,7129,11,0,0,77,24,0,24
2021,Crosskeys,W05001655,3196,43,4,3,17,0,19,6,2,3,1,30,10,0,10,10,3101,3047,8,2,0,44,16,5,11
2021,Crumlin,W05001656,5796,15,1,0,3,1,10,7,6,0,1,56,19,8,14,15,5711,5657,11,2,1,40,7,1,6
2021,Darran Valley,W05001657,2438,10,0,1,3,0,6,4,3,1,0,12,6,0,4,2,2411,2401,1,0,0,9,1,0,1
2021,Gilfach,W05001658,1995,17,0,11,2,2,2,7,5,2,0,16,3,5,5,3,1950,1935,1,0,0,14,5,0,5
2021,Hengoed (Caerphilly),W05001659,5510,38,0,7,18,3,10,13,3,7,3,76,20,5,25,26,5369,5297,8,1,4,59,14,2,12
2021,Llanbradach,W05001660,4089,19,0,9,4,3,3,9,5,2,2,45,10,12,15,8,4012,3956,8,0,4,44,4,1,3
2021,Machen and Rudry,W05001661,5125,85,1,6,57,9,12,7,1,4,2,71,15,7,24,25,4946,4847,23,1,0,75,16,1,15
2021,Maesycwmmer,W05001662,2422,18,0,2,9,1,6,3,3,0,0,24,8,8,3,5,2363,2338,10,0,1,14,14,1,13
2021,Morgan Jones,W05001663,7480,114,1,51,28,1,33,23,14,6,3,88,34,17,19,18,7238,7100,12,0,1,125,17,3,14
2021,Moriah and Pontlottyn,W05001664,5446,33,1,3,12,4,13,13,1,3,9,32,13,3,8,8,5345,5310,8,0,0,27,23,12,11
2021,Nelson (Caerphilly),W05001665,4472,53,0,14,6,17,16,10,5,3,2,17,6,5,2,4,4382,4337,14,3,0,28,10,2,8
2021,New Tredegar,W05001666,4648,22,0,9,8,1,4,8,4,4,0,32,5,5,14,8,4583,4548,6,2,0,27,3,0,3
2021,Newbridge (Caerphilly),W05001667,6240,37,0,13,10,1,13,7,4,3,0,66,20,6,26,14,6115,6043,10,0,0,62,15,7,8
2021,Penmaen,W05001668,5657,38,0,16,10,4,8,6,1,5,0,34,7,1,13,13,5575,5521,10,0,0,44,4,2,2
2021,Penyrheol,W05001669,12213,137,1,50,26,13,47,18,11,5,2,143,41,28,41,33,11879,11632,37,0,9,201,36,12,24
2021,Pontllanfraith,W05001670,8381,35,0,7,10,1,17,6,2,1,3,62,18,6,26,12,8257,8132,17,0,1,107,21,9,12
2021,Risca East,W05001671,6145,22,0,9,4,2,7,22,14,6,2,79,22,9,31,17,5998,5837,16,1,1,143,24,9,15
2021,Risca West,W05001672,5085,48,0,18,13,6,11,16,8,7,1,58,17,12,19,10,4955,4855,6,7,3,84,8,0,8
2021,St Cattwg,W05001673,7488,40,1,11,8,5,15,4,3,0,1,59,17,6,21,15,7378,7313,13,0,1,51,7,1,6
2021,St Martins (Caerphilly),W05001674,8491,137,0,44,47,5,41,9,4,3,2,124,35,15,44,30,8203,8006,34,5,6,152,18,1,17
2021,Twyn Carno,W05001675,3098,32,3,7,13,8,1,7,2,2,3,10,1,3,5,1,3042,3014,7,3,0,18,7,2,5
2021,Van,W05001676,4598,57,2,16,15,9,15,6,0,2,4,80,23,11,24,22,4454,4344,12,1,3,94,1,0,1
2021,Ynysddu,W05001677,3969,31,0,9,2,10,10,2,0,0,2,38,12,7,12,7,3893,3818,13,3,1,58,5,0,5
2021,Ystrad Mynach,W05001678,5486,76,9,22,14,8,23,6,4,2,0,62,28,5,5,24,5320,5247,8,0,3,62,22,1,21
2021,Aberavon,W05001679,5672,187,12,16,35,35,89,32,17,13,2,97,36,6,33,22,5317,5135,26,18,10,128,39,2,37
2021,Aberdulais,W05001680,2373,12,0,8,1,0,3,17,14,1,2,23,1,4,10,8,2320,2263,7,3,0,47,1,0,1
2021,Allt-wen,W05001681,2720,15,2,0,4,6,3,6,4,2,0,22,4,11,5,2,2673,2648,7,1,0,17,4,1,3
2021,Baglan,W05001682,6753,53,0,12,6,16,19,24,9,7,8,65,14,16,24,11,6602,6451,32,5,0,114,9,0,9
2021,Blaengwrach and Glynneath West,W05001683,3139,9,0,1,3,1,4,3,0,2,1,25,6,7,10,2,3097,3068,7,0,2,20,5,1,4
2021,Briton Ferry East,W05001684,2946,56,3,22,10,5,16,4,2,2,0,28,13,4,3,8,2846,2777,13,0,1,55,12,6,6
2021,Briton Ferry West,W05001685,2930,40,11,5,7,5,12,8,3,5,0,48,10,7,15,16,2829,2734,4,56,3,32,5,1,4
2021,Bryn and Cwmavon,W05001686,6582,30,6,8,6,0,10,8,4,3,1,77,22,6,41,8,6461,6414,19,0,2,26,6,4,2
2021,Bryn-coch North,W05001687,2053,7,0,3,2,1,1,2,0,1,1,14,6,5,1,2,2023,2002,8,1,0,12,7,1,6
2021,Bryn-coch South,W05001688,5407,44,0,17,7,4,16,16,0,16,0,64,28,5,21,10,5275,5216,16,0,0,43,8,2,6
2021,Cadoxton,W05001689,1582,1,0,0,0,0,1,1,0,1,0,11,5,0,1,5,1563,1547,3,1,0,12,6,1,5
2021,Cimla and Pelenna,W05001690,4850,65,27,7,17,0,14,6,2,0,4,39,26,1,8,4,4732,4689,13,0,0,30,8,1,7
2021,Coedffranc Central,W05001691,5170,93,45,6,24,3,15,11,2,4,5,35,16,3,7,9,5020,4918,1,4,1,96,11,0,11
2021,Coedffranc North,W05001692,2297,28,2,0,14,5,7,7,4,2,1,13,3,0,4,6,2245,2208,8,0,0,29,4,3,1
2021,Coedffranc West,W05001693,5250,368,9,90,147,51,71,152,124,13,15,116,52,26,9,29,4545,4336,30,2,2,175,69,20,49
2021,"Crynant, Onllwyn and Seven Sisters",W05001694,5128,33,2,6,4,9,12,8,5,2,1,35,11,3,17,4,5049,4991,17,11,1,29,3,0,3
2021,Cwmllynfell and Ystalyfera,W05001695,3885,30,0,12,6,0,12,7,2,4,1,46,16,11,14,5,3798,3742,11,0,0,45,4,2,2
2021,Cymer and Glyncorrwg,W05001696,2136,14,2,2,7,0,3,6,5,1,0,8,0,4,4,0,2106,2089,6,0,1,10,2,2,0
2021,Dyffryn,W05001697,3290,16,0,1,4,0,11,7,4,0,3,18,10,1,6,1,3237,3178,13,0,0,46,12,10,2
2021,Glynneath Central and East,W05001698,2146,13,1,7,1,0,4,5,0,0,5,7,2,0,1,4,2118,2099,6,0,1,12,3,0,3
2021,Godre'r Graig,W05001699,2078,8,0,0,8,0,0,7,4,0,3,9,1,1,5,2,2051,2020,0,3,0,28,3,1,2
2021,Gwaun-Cae-Gurwen and Lower Brynamman,W05001700,4216,26,0,11,5,2,8,7,3,4,0,41,17,6,7,11,4139,4088,6,1,0,44,3,0,3
2021,Gwynfi and Croeserw,W05001701,2595,11,0,0,6,2,3,13,7,1,5,18,6,4,8,0,2549,2509,12,3,0,25,4,0,4
2021,Margam and Tai-bach,W05001702,7834,119,14,32,38,10,25,11,3,4,4,98,37,8,36,17,7584,7447,17,39,0,81,22,0,22
2021,Neath East,W05001703,6123,100,28,21,18,4,29,18,6,6,6,69,16,4,34,15,5919,5748,25,2,1,143,17,4,13
2021,Neath North,W05001704,3802,71,11,14,18,7,21,28,15,4,9,51,8,2,23,18,3635,3584,17,0,0,34,17,7,10
2021,Neath South,W05001705,4805,74,24,9,6,6,29,24,4,16,4,52,12,6,14,20,4631,4586,7,0,0,38,24,17,7
2021,Pontardawe,W05001706,5460,56,3,17,12,0,24,8,2,5,1,70,20,15,17,18,5309,5221,18,0,1,69,17,4,13
2021,Port Talbot,W05001707,5753,407,270,23,64,24,26,19,6,11,2,96,28,8,36,24,5191,5104,22,2,2,61,40,8,32
2021,Resolven and Tonna,W05001708,5598,46,6,9,8,8,15,8,3,4,1,52,21,7,13,11,5481,5422,14,8,0,37,11,1,10
2021,Rhos (Neath Port Talbot),W05001709,2560,2,0,1,1,0,0,9,1,8,0,23,3,1,16,3,2520,2494,3,1,1,21,6,0,6
2021,Sandfields East,W05001710,6661,133,20,11,26,11,65,21,11,1,9,80,22,6,43,9,6412,6305,22,0,2,83,15,4,11
2021,Sandfields West,W05001711,6790,73,7,10,11,4,41,13,6,4,3,114,20,15,48,31,6566,6433,22,9,2,100,24,1,23
2021,Trebanos,W05001712,1713,21,3,6,2,4,6,3,1,1,1,19,2,3,1,13,1669,1646,3,1,0,19,1,1,0
2021,Acrefair North,W05001713,2123,12,5,1,1,2,3,44,36,0,8,33,6,17,2,8,2020,1970,5,0,5,40,14,12,2
2021,Acton and Maesydre,W05001714,5022,125,25,29,13,10,48,36,22,3,11,62,18,19,11,14,4776,4412,17,5,0,342,23,4,19
2021,Bangor Is-y-Coed,W05001715,1938,3,0,0,0,2,1,15,7,2,6,5,4,0,0,1,1913,1879,4,0,0,30,2,1,1
2021,Borras Park,W05001716,2267,15,0,0,3,7,5,8,2,1,5,8,1,2,2,3,2231,2185,7,0,0,39,5,2,3
2021,Bronington and Hanmer,W05001717,1724,5,0,1,2,0,2,1,1,0,0,12,5,2,1,4,1705,1688,7,0,0,10,1,0,1
2021,Brymbo,W05001718,4262,26,2,6,6,1,11,19,16,3,0,57,15,9,19,14,4147,3980,11,2,0,154,13,2,11
2021,Bryn Cefn,W05001719,2615,16,0,5,0,5,6,9,6,1,2,31,9,9,9,4,2550,2471,6,2,0,71,9,7,2
2021,Brynyffynnon,W05001720,3690,385,39,15,105,51,175,91,78,2,11,91,24,34,13,20,3040,2445,12,4,14,565,83,22,61
2021,Cartrefle,W05001721,2261,49,7,0,16,11,15,28,13,5,10,35,5,19,8,3,2144,1955,10,0,0,179,5,1,4
2021,Cefn East,W05001722,2166,7,0,1,0,2,4,3,0,2,1,6,0,1,2,3,2147,2121,7,4,0,15,3,0,3
2021,Cefn West,W05001723,2610,28,0,11,8,2,7,5,2,1,2,23,5,5,8,5,2550,2496,12,1,0,41,4,1,3
2021,Chirk North,W05001724,2426,3,0,1,1,0,1,4,3,0,1,24,8,9,3,4,2389,2341,9,0,1,38,6,2,4
2021,Chirk South,W05001725,1975,24,6,3,6,1,8,2,1,0,1,22,1,12,5,4,1919,1894,7,2,0,16,8,0,8
2021,Coedpoeth,W05001726,4427,47,3,5,8,4,27,2,2,0,0,33,6,8,16,3,4330,4239,11,2,1,77,15,2,13
2021,Dyffryn Ceiriog,W05001727,2064,8,0,2,3,1,2,2,1,0,1,13,6,1,5,1,2038,1991,7,0,0,40,3,1,2
2021,Erddig,W05001728,2027,53,16,4,12,1,20,12,11,1,0,29,12,4,6,7,1903,1686,6,0,1,210,30,9,21
2021,Esclusham,W05001729,2761,40,0,4,3,4,29,8,7,0,1,25,6,5,7,7,2661,2550,13,0,0,98,27,15,12
2021,Garden Village,W05001730,1976,16,1,1,8,1,5,2,0,2,0,18,12,1,4,1,1930,1909,5,2,0,14,10,7,3
2021,Gresford East and West,W05001731,2793,20,0,10,7,0,3,0,0,0,0,14,9,0,2,3,2752,2689,12,2,2,47,7,0,7
2021,Grosvenor,W05001732,2580,150,22,37,36,11,44,33,31,2,0,31,7,16,3,5,2297,2002,4,0,12,279,69,29,40
2021,Gwenfro,W05001733,2564,24,4,0,4,2,14,26,20,2,4,33,8,6,14,5,2467,2345,6,17,0,99,14,4,10
2021,Gwersyllt East,W05001734,2354,14,0,3,7,1,3,11,9,2,0,38,6,8,18,6,2281,2218,5,0,1,57,10,6,4
2021,Gwersyllt North,W05001735,2862,44,0,1,14,7,22,12,12,0,0,31,12,7,7,5,2764,2666,9,0,0,89,11,0,11
2021,Gwersyllt South,W05001736,2464,45,0,8,16,1,20,17,14,0,3,35,15,5,7,8,2358,2288,7,0,0,63,9,2,7
2021,Gwersyllt West,W05001737,3096,53,2,10,21,6,14,12,12,0,0,30,5,1,15,9,2988,2905,1,11,1,70,13,7,6
2021,Hermitage (Wrexham),W05001738,2505,77,14,14,7,7,35,26,23,2,1,50,14,15,4,17,2317,1931,8,0,0,378,35,3,32
2021,Holt (Wrexham),W05001739,4458,102,10,12,25,50,5,51,15,23,13,136,29,14,50,43,4148,3988,20,21,5,114,21,6,15
2021,Little Acton,W05001740,2228,10,1,6,2,0,1,4,2,0,2,19,8,3,4,4,2188,2149,7,0,0,32,7,2,5
2021,Llangollen Rural,W05001741,1995,15,0,3,5,0,7,3,1,2,0,16,12,2,2,0,1956,1935,8,0,0,13,5,2,3
2021,Llay,W05001742,4789,54,5,5,17,2,25,9,6,3,0,40,17,6,13,4,4678,4570,6,1,1,100,8,1,7
2021,Marchwiel,W05001743,2204,10,0,1,6,1,2,4,4,0,0,16,8,4,2,2,2173,2138,6,3,1,25,1,0,1
2021,Marford and Hoseley,W05001744,2150,28,5,4,15,0,4,3,1,2,0,35,18,5,1,11,2076,2022,14,2,0,38,8,6,2
2021,Minera,W05001745,2297,16,0,0,0,0,16,3,1,1,1,14,4,3,6,1,2256,2210,20,0,0,26,8,1,7
2021,New Broughton,W05001746,2496,48,0,11,8,8,21,17,13,1,3,20,5,8,4,3,2398,2304,8,0,0,86,13,0,13
2021,Offa,W05001747,2964,184,49,13,31,16,75,54,42,4,8,45,9,16,11,9,2616,2100,6,5,3,502,65,18,47
2021,Overton and Maelor South,W05001748,2724,12,0,0,2,4,6,7,6,1,0,19,8,2,3,6,2678,2631,7,3,0,37,8,0,8
2021,Pant and Johnstown,W05001749,5455,40,8,10,7,2,13,21,20,1,0,42,12,5,8,17,5341,5152,18,19,0,152,11,4,7
2021,Penycae,W05001750,2188,6,0,0,3,0,3,17,11,1,5,23,8,12,2,1,2136,2053,11,0,0,72,6,5,1
2021,Penycae and Ruabon South,W05001751,2605,15,0,1,9,1,4,9,6,1,2,22,5,7,6,4,2556,2510,8,0,0,38,3,1,2
2021,Ponciau,W05001752,2515,5,1,0,3,0,1,9,6,1,2,13,4,3,4,2,2487,2412,11,0,1,63,1,0,1
2021,Queensway,W05001753,2553,17,0,4,10,1,2,43,30,1,12,62,13,22,13,14,2418,2167,7,2,0,242,13,0,13
2021,Rhos (Wrexham),W05001754,2198,15,0,3,1,0,11,7,7,0,0,18,3,7,4,4,2138,2020,5,0,1,112,20,16,4
2021,Rhosnesni,W05001755,3552,65,3,6,24,22,10,8,4,0,4,19,8,3,4,4,3444,3306,11,6,0,121,16,1,15
2021,Rossett,W05001756,3288,60,6,14,16,6,18,12,12,0,0,50,16,10,13,11,3159,3051,23,1,0,84,7,1,6
2021,Ruabon,W05001757,2966,34,15,3,5,2,9,25,20,5,0,37,14,9,6,8,2839,2728,4,1,0,106,31,10,21
2021,Smithfield,W05001758,2908,103,16,21,16,14,36,48,41,2,5,53,8,24,11,10,2668,1950,2,0,12,704,36,0,36
2021,Stansty,W05001759,2141,19,0,5,1,3,10,20,19,0,1,14,4,4,0,6,2079,1928,10,0,0,141,9,1,8
2021,Whitegate,W05001760,2501,57,0,5,13,8,31,29,19,3,7,24,5,2,12,5,2371,2004,6,0,0,361,20,3,17
2021,Wynnstay,W05001761,2388,36,6,8,14,0,8,42,37,3,2,34,9,6,12,7,2261,1961,2,3,3,292,15,1,14
2021,Bulwark and Thornwell,W05001762,5022,47,3,8,17,7,12,34,14,12,8,77,18,20,17,22,4850,4589,24,2,0,235,14,0,14
2021,Caerwent,W05001763,2124,13,0,2,1,5,5,1,0,1,0,26,7,1,7,11,2076,2024,9,0,0,43,8,4,4
2021,Caldicot Castle,W05001764,1779,17,1,6,7,0,3,0,0,0,0,20,8,2,5,5,1739,1697,4,0,0,38,3,1,2
2021,Caldicot Cross,W05001765,1560,25,2,22,0,0,1,2,1,1,0,30,8,8,7,7,1498,1467,2,0,1,28,5,0,5
2021,Cantref,W05001766,2248,43,1,4,20,9,9,7,3,4,0,30,15,1,11,3,2156,2090,13,0,0,53,12,3,9
2021,Chepstow Castle and Larkfield,W05001767,3150,57,0,19,10,1,27,6,2,3,1,61,17,14,11,19,2996,2838,28,1,2,127,30,8,22
2021,Croesonen,W05001768,1964,38,0,5,6,3,24,14,6,5,3,35,11,9,9,6,1869,1836,5,0,0,28,8,0,8
2021,Crucorney,W05001769,2086,12,0,1,4,2,5,1,0,0,1,15,7,1,4,3,2057,2023,8,1,0,25,1,0,1
2021,Devauden,W05001770,1390,2,0,1,1,0,0,1,1,0,0,10,2,2,3,3,1377,1332,9,0,1,35,0,0,0
2021,Dewstow,W05001771,2343,25,0,5,8,4,8,5,5,0,0,26,5,5,10,6,2282,2252,6,0,0,24,5,0,5
2021,Drybridge,W05001772,2364,30,0,15,6,1,8,7,3,3,1,18,10,1,0,7,2305,2227,21,0,0,57,4,1,3
2021,Gobion Fawr,W05001773,1865,12,0,1,4,1,6,2,0,0,2,13,8,1,0,4,1838,1790,11,0,2,35,0,0,0
2021,Goetre Fawr,W05001774,2274,16,0,5,5,1,5,4,2,1,1,28,13,1,8,6,2223,2186,6,0,0,31,3,0,3
2021,Grofield,W05001775,2129,107,0,24,37,4,42,19,14,4,1,44,4,7,6,27,1907,1778,16,5,2,106,52,12,40
2021,Lansdown (Monmouthshire),W05001776,2306,64,8,6,4,0,46,12,7,0,5,32,10,6,7,9,2193,2131,8,0,2,52,5,2,3
2021,Llanbadoc and Usk,W05001777,4057,55,4,10,14,15,12,18,11,6,1,37,19,3,7,8,3943,3854,14,10,0,65,4,1,3
2021,Llanelly,W05001778,4110,31,0,3,17,1,10,3,0,3,0,37,9,9,12,7,4031,3959,16,2,0,54,8,0,8
2021,Llanfoist Fawr and Govilon,W05001779,3845,63,0,0,28,7,28,7,4,2,1,46,20,10,8,8,3716,3635,24,8,2,47,13,5,8
2021,Llangybi Fawr,W05001780,1814,2,0,0,1,1,0,2,1,1,0,13,6,3,1,3,1796,1753,15,0,0,28,1,0,1
2021,Llantilio Crossenny,W05001781,1781,7,0,4,2,0,1,3,2,1,0,22,8,2,10,2,1748,1707,6,0,0,35,1,0,1
2021,Magor East with Undy,W05001782,4132,30,0,9,7,3,11,4,2,1,1,46,20,5,13,8,4044,3966,15,0,0,63,8,3,5
2021,Magor West,W05001783,1819,19,1,5,8,1,4,6,3,1,2,25,3,12,5,5,1766,1741,5,0,1,19,3,1,2
2021,Mardy,W05001784,2024,18,0,7,2,1,8,3,3,0,0,25,1,13,4,7,1957,1910,12,0,1,34,21,17,4
2021,Mitchel Troy and Trellech United,W05001785,3676,28,0,5,16,0,7,4,2,1,1,41,22,4,5,10,3595,3490,27,0,2,76,8,2,6
2021,Mount Pleasant,W05001786,1795,17,0,3,2,0,12,2,1,1,0,22,7,3,4,8,1749,1697,7,0,0,45,5,1,4
2021,Osbaston,W05001787,2286,84,6,54,5,0,19,2,1,1,0,24,5,3,2,14,2169,2103,19,1,0,46,7,1,6
2021,Overmonnow,W05001788,2260,18,7,2,0,1,8,3,3,0,0,31,14,3,9,5,2192,2114,8,0,0,70,16,1,15
2021,Park (Monmouthshire),W05001789,2055,52,2,3,14,0,33,8,5,0,3,28,11,2,5,10,1948,1897,11,0,0,40,19,14,5
2021,Pen Y Fal,W05001790,1877,19,0,2,10,4,3,4,1,1,2,20,6,3,3,8,1825,1768,14,0,0,43,9,4,5
2021,Portskewett,W05001791,2483,21,0,3,3,7,8,3,2,1,0,42,10,10,13,9,2413,2355,5,2,0,51,4,0,4
2021,Raglan,W05001792,2432,16,0,1,9,0,6,12,7,3,2,14,8,1,1,4,2389,2349,5,0,0,35,1,1,0
2021,Rogiet,W05001793,1787,22,0,1,3,7,11,0,0,0,0,20,2,2,13,3,1744,1710,10,0,0,24,1,0,1
2021,Severn (Monmouthshire),W05001794,2191,28,6,3,10,0,9,0,0,0,0,21,5,7,4,5,2136,2088,5,0,1,42,6,1,5
2021,Shirenewton,W05001795,2122,24,0,3,11,1,9,2,1,0,1,17,9,2,0,6,2077,2019,13,3,0,42,2,0,2
2021,St Arvans,W05001796,1770,12,0,2,5,0,5,1,0,1,0,19,10,2,4,3,1736,1683,4,0,0,49,2,0,2
2021,St Kingsmark,W05001797,1970,16,0,5,1,4,6,7,5,2,0,30,17,3,6,4,1910,1833,18,2,0,57,7,1,6
2021,Town (Monmouthshire),W05001798,2014,50,8,22,8,0,12,8,8,0,0,42,7,4,11,20,1901,1820,18,0,0,63,13,1,12
2021,West End (Monmouthshire),W05001799,1936,26,0,7,7,0,12,7,6,1,0,30,9,4,15,2,1866,1823,3,0,0,40,7,1,6
2021,Wyesham,W05001800,2123,16,0,1,4,3,8,2,1,1,0,9,4,0,3,2,2088,2033,8,0,0,47,8,1,7
